Period,Dataset,Field,Month,Source column,Source description,Mapping note
2023/2024,users,total_active_members,Annual,Total Active Members,Total Active Members,
2023/2024,users,active_members_11_under,Annual,Active Members - Children (≤11),Active Members - Children (≤11),
2023/2024,users,active_members_adults,Annual,Active Members - Adults (18+),Active Members - Adults (18+),
2023/2024,users,active_members_12_17,Annual,Active Members - Teens (12-17),Active Members - Teens (12-17),
2023/2024,events,total_physical_events,april,Total Number Of Physical Events - April 2023,Total Number Of Physical Events - April 2023,
2023/2024,events,total_physical_events,may,Total Number Of Physical Events - May 2023,Total Number Of Physical Events - May 2023,
2023/2024,events,total_physical_events,june,Total Number Of Physical Events - June 2023,Total Number Of Physical Events - June 2023,
2023/2024,events,total_physical_events,july,Total Number Of Physical Events - July 2023,Total Number Of Physical Events - July 2023,
2023/2024,events,total_physical_events,august,Total Number Of Physical Events - August 2023,Total Number Of Physical Events - August 2023,
2023/2024,events,total_physical_events,september,Total Number Of Physical Events - Sept 2023,Total Number Of Physical Events - Sept 2023,
2023/2024,events,total_physical_events,october,Total Number Of Physical Events - Oct 2023,Total Number Of Physical Events - Oct 2023,
2023/2024,events,total_physical_events,november,Total Number Of Physical Events - Nov 2023,Total Number Of Physical Events - Nov 2023,
2023/2024,events,total_physical_events,december,Total Number Of Physical Events - Dec 2023,Total Number Of Physical Events - Dec 2023,
2023/2024,events,total_physical_events,january,Total Number Of Physical Events - Jan 2024,Total Number Of Physical Events - Jan 2024,
2023/2024,events,total_physical_events,february,Total Number Of Physical Events - Feb 2024,Total Number Of Physical Events - Feb 2024,
2023/2024,events,total_physical_events,march,Total Number Of Physical Events - March 2024,Total Number Of Physical Events - March 2024,
2023/2024,events,physical_events_adults,april,Physical Events Adults Age 18 - April 2023,Physical Events Adults Age 18 - April 2023,
2023/2024,events,physical_events_adults,may,Physical Events Adults Age 18 - May 2023,Physical Events Adults Age 18 - May 2023,
2023/2024,events,physical_events_adults,june,Physical Events Adults Age 18 - June 2023,Physical Events Adults Age 18 - June 2023,
2023/2024,events,physical_events_adults,july,Physical Events Adults Age 18 - July 2023,Physical Events Adults Age 18 - July 2023,
2023/2024,events,physical_events_adults,august,Physical Events Adults Age 18 - August 2023,Physical Events Adults Age 18 - August 2023,
2023/2024,events,physical_events_adults,september,Physical Events Adults Age 18 - Sept 2023,Physical Events Adults Age 18 - Sept 2023,
2023/2024,events,physical_events_adults,october,Physical Events Adults Age 18 - Oct 2023,Physical Events Adults Age 18 - Oct 2023,
2023/2024,events,physical_events_adults,november,Physical Events Adults Age 18 - Nov 2023,Physical Events Adults Age 18 - Nov 2023,
2023/2024,events,physical_events_adults,december,Physical Events Adults Age 18 - Dec 2023,Physical Events Adults Age 18 - Dec 2023,
2023/2024,events,physical_events_adults,january,Physical Events Adults Age 18 - Jan 2024,Physical Events Adults Age 18 - Jan 2024,
2023/2024,events,physical_events_adults,february,Physical Events Adults Age 18 - Feb 2024,Physical Events Adults Age 18 - Feb 2024,
2023/2024,events,physical_events_adults,march,Physical Events Adults Age 18 - March 2024,Physical Events Adults Age 18 - March 2024,
2023/2024,events,physical_events_11_under,april,Physical Events Children 11 And Under - April 2023,Physical Events Children 11 And Under - April 2023,
2023/2024,events,physical_events_11_under,may,Physical Events Children 11 And Under - May 2023,Physical Events Children 11 And Under - May 2023,
2023/2024,events,physical_events_11_under,june,Physical Events Children 11 And Under - June 2023,Physical Events Children 11 And Under - June 2023,
2023/2024,events,physical_events_11_under,july,Physical Events Children 11 And Under - July 2023,Physical Events Children 11 And Under - July 2023,
2023/2024,events,physical_events_11_under,august,Physical Events Children 11 And Under - August 2023,Physical Events Children 11 And Under - August 2023,
2023/2024,events,physical_events_11_under,september,Physical Events Children 11 And Under - Sept 2023,Physical Events Children 11 And Under - Sept 2023,
2023/2024,events,physical_events_11_under,october,Physical Events Children 11 And Under - Oct 2023,Physical Events Children 11 And Under - Oct 2023,
2023/2024,events,physical_events_11_under,november,Physical Events Children 11 And Under - Nov 2023,Physical Events Children 11 And Under - Nov 2023,
2023/2024,events,physical_events_11_under,december,Physical Events Children 11 And Under - Dec 2023,Physical Events Children 11 And Under - Dec 2023,
2023/2024,events,physical_events_11_under,january,Physical Events Children 11 And Under - Jan 2024,Physical Events Children 11 And Under - Jan 2024,
2023/2024,events,physical_events_11_under,february,Physical Events Children 11 And Under - Feb 2024,Physical Events Children 11 And Under - Feb 2024,
2023/2024,events,physical_events_11_under,march,Physical Events Children 11 And Under - March 2024,Physical Events Children 11 And Under - March 2024,
2023/2024,events,physical_events_12_17,april,Physical Events Young People Between 12 And 17 - April 2023,Physical Events Young People Between 12 And 17 - April 2023,
2023/2024,events,physical_events_12_17,may,Physical Events Young People Between 12 And 17 - May 2023,Physical Events Young People Between 12 And 17 - May 2023,
2023/2024,events,physical_events_12_17,june,Physical Events Young People Between 12 And 17 - June 2023,Physical Events Young People Between 12 And 17 - June 2023,
2023/2024,events,physical_events_12_17,july,Physical Events Young People Between 12 And 17 - July 2023,Physical Events Young People Between 12 And 17 - July 2023,
2023/2024,events,physical_events_12_17,august,Physical Events Young People Between 12 And 17 - August 2023,Physical Events Young People Between 12 And 17 - August 2023,
2023/2024,events,physical_events_12_17,september,Physical Events Young People Between 12 And 17 - Sept 2023,Physical Events Young People Between 12 And 17 - Sept 2023,
2023/2024,events,physical_events_12_17,october,Physical Events Young People Between 12 And 17 - Oct 2023,Physical Events Young People Between 12 And 17 - Oct 2023,
2023/2024,events,physical_events_12_17,november,Physical Events Young People Between 12 And 17 - Nov 2023,Physical Events Young People Between 12 And 17 - Nov 2023,
2023/2024,events,physical_events_12_17,december,Physical Events Young People Between 12 And 17 - Dec 2023,Physical Events Young People Between 12 And 17 - Dec 2023,
2023/2024,events,physical_events_12_17,january,Physical Events Young People Between 12 And 17 - Jan 2024,Physical Events Young People Between 12 And 17 - Jan 2024,
2023/2024,events,physical_events_12_17,february,Physical Events Young People Between 12 And 17 - Feb 2024,Physical Events Young People Between 12 And 17 - Feb 2024,
2023/2024,events,physical_events_12_17,march,Physical Events Young People Between 12 And 17 - March 2024,Physical Events Young People Between 12 And 17 - March 2024,
2023/2024,events,physical_events_all_ages,april,Physical Events All Age Groups - April 2023,Physical Events All Age Groups - April 2023,
2023/2024,events,physical_events_all_ages,may,Physical Events All Age Groups - May 2023,Physical Events All Age Groups - May 2023,
2023/2024,events,physical_events_all_ages,june,Physical Events All Age Groups - June 2023,Physical Events All Age Groups - June 2023,
2023/2024,events,physical_events_all_ages,july,Physical Events All Age Groups - July 2023,Physical Events All Age Groups - July 2023,
2023/2024,events,physical_events_all_ages,august,Physical Events All Age Groups - August 2023,Physical Events All Age Groups - August 2023,
2023/2024,events,physical_events_all_ages,september,Physical Events All Age Groups - Sept 2023,Physical Events All Age Groups - Sept 2023,
2023/2024,events,physical_events_all_ages,october,Physical Events All Age Groups - Oct 2023,Physical Events All Age Groups - Oct 2023,
2023/2024,events,physical_events_all_ages,november,Physical Events All Age Groups - Nov 2023,Physical Events All Age Groups - Nov 2023,
2023/2024,events,physical_events_all_ages,december,Physical Events All Age Groups - Dec 2023,Physical Events All Age Groups - Dec 2023,
2023/2024,events,physical_events_all_ages,january,Physical Events All Age Groups - Jan 2024,Physical Events All Age Groups - Jan 2024,
2023/2024,events,physical_events_all_ages,february,Physical Events All Age Groups - Feb 2024,Physical Events All Age Groups - Feb 2024,
2023/2024,events,physical_events_all_ages,march,Physical Events All Age Groups - March 2024,Physical Events All Age Groups - March 2024,
2023/2024,events,total_digital_events,april,Total Number Of Digital Events - April 2023,Total Number Of Digital Events - April 2023,
2023/2024,events,total_digital_events,may,Total Number Of Digital Events - May 2023,Total Number Of Digital Events - May 2023,
2023/2024,events,total_digital_events,june,Total Number Of Digital Events - June 2023,Total Number Of Digital Events - June 2023,
2023/2024,events,total_digital_events,july,Total Number Of Digital Events - July 2023,Total Number Of Digital Events - July 2023,
2023/2024,events,total_digital_events,august,Total Number Of Digital Events - August 2023,Total Number Of Digital Events - August 2023,
2023/2024,events,total_digital_events,september,Total Number Of Digital Events - Sept 2023,Total Number Of Digital Events - Sept 2023,
2023/2024,events,total_digital_events,october,Total Number Of Digital Events - Oct 2023,Total Number Of Digital Events - Oct 2023,
2023/2024,events,total_digital_events,november,Total Number Of Digital Events - Nov 2023,Total Number Of Digital Events - Nov 2023,
2023/2024,events,total_digital_events,december,Total Number Of Digital Events - Dec 2023,Total Number Of Digital Events - Dec 2023,
2023/2024,events,total_digital_events,january,Total Number Of Digital Events - Jan 2024,Total Number Of Digital Events - Jan 2024,
2023/2024,events,total_digital_events,february,Total Number Of Digital Events - Feb 2024,Total Number Of Digital Events - Feb 2024,
2023/2024,events,total_digital_events,march,Total Number Of Digital Events - March 2024,Total Number Of Digital Events - March 2024,
2023/2024,events,digital_events_adults,april,Digital Events Adults Age 18 - April 2023,Digital Events Adults Age 18 - April 2023,
2023/2024,events,digital_events_adults,may,Digital Events Adults Age 18 - May 2023,Digital Events Adults Age 18 - May 2023,
2023/2024,events,digital_events_adults,june,Digital Events Adults Age 18 - June 2023,Digital Events Adults Age 18 - June 2023,
2023/2024,events,digital_events_adults,july,Digital Events Adults Age 18 - July 2023,Digital Events Adults Age 18 - July 2023,
2023/2024,events,digital_events_adults,august,Digital Events Adults Age 18 - August 2023,Digital Events Adults Age 18 - August 2023,
2023/2024,events,digital_events_adults,september,Digital Events Adults Age 18 - Sept 2023,Digital Events Adults Age 18 - Sept 2023,
2023/2024,events,digital_events_adults,october,Digital Events Adults Age 18 - Oct 2023,Digital Events Adults Age 18 - Oct 2023,
2023/2024,events,digital_events_adults,november,Digital Events Adults Age 18 - Nov 2023,Digital Events Adults Age 18 - Nov 2023,
2023/2024,events,digital_events_adults,december,Digital Events Adults Age 18 - Dec 2023,Digital Events Adults Age 18 - Dec 2023,
2023/2024,events,digital_events_adults,january,Digital Events Adults Age 18 - Jan 2024,Digital Events Adults Age 18 - Jan 2024,
2023/2024,events,digital_events_adults,february,Digital Events Adults Age 18 - Feb 2024,Digital Events Adults Age 18 - Feb 2024,
2023/2024,events,digital_events_adults,march,Digital Events Adults Age 18 - March 2024,Digital Events Adults Age 18 - March 2024,
2023/2024,events,digital_events_11_under,april,Digital Events Children 11 And Under - April 2023,Digital Events Children 11 And Under - April 2023,
2023/2024,events,digital_events_11_under,may,Digital Events Children 11 And Under - May 2023,Digital Events Children 11 And Under - May 2023,
2023/2024,events,digital_events_11_under,june,Digital Events Children 11 And Under - June 2023,Digital Events Children 11 And Under - June 2023,
2023/2024,events,digital_events_11_under,july,Digital Events Children 11 And Under - July 2023,Digital Events Children 11 And Under - July 2023,
2023/2024,events,digital_events_11_under,august,Digital Events Children 11 And Under - August 2023,Digital Events Children 11 And Under - August 2023,
2023/2024,events,digital_events_11_under,september,Digital Events Children 11 And Under - Sept 2023,Digital Events Children 11 And Under - Sept 2023,
2023/2024,events,digital_events_11_under,october,Digital Events Children 11 And Under - Oct 2023,Digital Events Children 11 And Under - Oct 2023,
2023/2024,events,digital_events_11_under,november,Digital Events Children 11 And Under - Nov 2023,Digital Events Children 11 And Under - Nov 2023,
2023/2024,events,digital_events_11_under,december,Digital Events Children 11 And Under - Dec 2023,Digital Events Children 11 And Under - Dec 2023,
2023/2024,events,digital_events_11_under,january,Digital Events Children 11 And Under - Jan 2024,Digital Events Children 11 And Under - Jan 2024,
2023/2024,events,digital_events_11_under,february,Digital Events Children 11 And Under - Feb 2024,Digital Events Children 11 And Under - Feb 2024,
2023/2024,events,digital_events_11_under,march,Digital Events Children 11 And Under - March 2024,Digital Events Children 11 And Under - March 2024,
2023/2024,events,digital_events_12_17,april,Digital Events Young People Between 12 And 17 - April 2023,Digital Events Young People Between 12 And 17 - April 2023,
2023/2024,events,digital_events_12_17,may,Digital Events Young People Between 12 And 17 - May 2023,Digital Events Young People Between 12 And 17 - May 2023,
2023/2024,events,digital_events_12_17,june,Digital Events Young People Between 12 And 17 - June 2023,Digital Events Young People Between 12 And 17 - June 2023,
2023/2024,events,digital_events_12_17,july,Digital Events Young People Between 12 And 17 - July 2023,Digital Events Young People Between 12 And 17 - July 2023,
2023/2024,events,digital_events_12_17,august,Digital Events Young People Between 12 And 17 - August 2023,Digital Events Young People Between 12 And 17 - August 2023,
2023/2024,events,digital_events_12_17,september,Digital Events Young People Between 12 And 17 - Sept 2023,Digital Events Young People Between 12 And 17 - Sept 2023,
2023/2024,events,digital_events_12_17,october,Digital Events Young People Between 12 And 17 - Oct 2023,Digital Events Young People Between 12 And 17 - Oct 2023,
2023/2024,events,digital_events_12_17,november,Digital Events Young People Between 12 And 17 - Nov 2023,Digital Events Young People Between 12 And 17 - Nov 2023,
2023/2024,events,digital_events_12_17,december,Digital Events Young People Between 12 And 17 - Dec 2023,Digital Events Young People Between 12 And 17 - Dec 2023,
2023/2024,events,digital_events_12_17,january,Digital Events Young People Between 12 And 17 - Jan 2024,Digital Events Young People Between 12 And 17 - Jan 2024,
2023/2024,events,digital_events_12_17,february,Digital Events Young People Between 12 And 17 - Feb 2024,Digital Events Young People Between 12 And 17 - Feb 2024,
2023/2024,events,digital_events_12_17,march,Digital Events Young People Between 12 And 17 - March 2024,Digital Events Young People Between 12 And 17 - March 2024,
2023/2024,events,digital_events_all_ages,april,Digital Events All Age Groups - April 2023,Digital Events All Age Groups - April 2023,
2023/2024,events,digital_events_all_ages,may,Digital Events All Age Groups - May 2023,Digital Events All Age Groups - May 2023,
2023/2024,events,digital_events_all_ages,june,Digital Events All Age Groups - June 2023,Digital Events All Age Groups - June 2023,
2023/2024,events,digital_events_all_ages,july,Digital Events All Age Groups - July 2023,Digital Events All Age Groups - July 2023,
2023/2024,events,digital_events_all_ages,august,Digital Events All Age Groups - August 2023,Digital Events All Age Groups - August 2023,
2023/2024,events,digital_events_all_ages,september,Digital Events All Age Groups - Sept 2023,Digital Events All Age Groups - Sept 2023,
2023/2024,events,digital_events_all_ages,october,Digital Events All Age Groups - Oct 2023,Digital Events All Age Groups - Oct 2023,
2023/2024,events,digital_events_all_ages,november,Digital Events All Age Groups - Nov 2023,Digital Events All Age Groups - Nov 2023,
2023/2024,events,digital_events_all_ages,december,Digital Events All Age Groups - Dec 2023,Digital Events All Age Groups - Dec 2023,
2023/2024,events,digital_events_all_ages,january,Digital Events All Age Groups - Jan 2024,Digital Events All Age Groups - Jan 2024,
2023/2024,events,digital_events_all_ages,february,Digital Events All Age Groups - Feb 2024,Digital Events All Age Groups - Feb 2024,
2023/2024,events,digital_events_all_ages,march,Digital Events All Age Groups - March 2024,Digital Events All Age Groups - March 2024,
2023/2024,attendance,total_attendees_physical_events,april,Total Attendees At Physical Events - April 2023,Total Attendees At Physical Events - April 2023,
2023/2024,attendance,total_attendees_physical_events,may,Total Attendees At Physical Events - May 2023,Total Attendees At Physical Events - May 2023,
2023/2024,attendance,total_attendees_physical_events,june,Total Attendees At Physical Events - June 2023,Total Attendees At Physical Events - June 2023,
2023/2024,attendance,total_attendees_physical_events,july,Total Attendees At Physical Events - July 2023,Total Attendees At Physical Events - July 2023,
2023/2024,attendance,total_attendees_physical_events,august,Total Attendees At Physical Events - August 2023,Total Attendees At Physical Events - August 2023,
2023/2024,attendance,total_attendees_physical_events,september,Total Attendees At Physical Events - Sept 2023,Total Attendees At Physical Events - Sept 2023,
2023/2024,attendance,total_attendees_physical_events,october,Total Attendees At Physical Events - Oct 2023,Total Attendees At Physical Events - Oct 2023,
2023/2024,attendance,total_attendees_physical_events,november,Total Attendees At Physical Events - Nov 2023,Total Attendees At Physical Events - Nov 2023,
2023/2024,attendance,total_attendees_physical_events,december,Total Attendees At Physical Events - Dec 2023,Total Attendees At Physical Events - Dec 2023,
2023/2024,attendance,total_attendees_physical_events,january,Total Attendees At Physical Events - Jan 2024,Total Attendees At Physical Events - Jan 2024,
2023/2024,attendance,total_attendees_physical_events,february,Total Attendees At Physical Events - Feb 2024,Total Attendees At Physical Events - Feb 2024,
2023/2024,attendance,total_attendees_physical_events,march,Total Attendees At Physical Events - March 2024,Total Attendees At Physical Events - March 2024,
2023/2024,attendance,physical_attendees_adults,april,Physical Attendees Adults - April 2023,Physical Attendees Adults - April 2023,
2023/2024,attendance,physical_attendees_adults,may,Physical Attendees Adults - May 2023,Physical Attendees Adults - May 2023,
2023/2024,attendance,physical_attendees_adults,june,Physical Attendees Adults - June 2023,Physical Attendees Adults - June 2023,
2023/2024,attendance,physical_attendees_adults,july,Physical Attendees Adults - July 2023,Physical Attendees Adults - July 2023,
2023/2024,attendance,physical_attendees_adults,august,Physical Attendees Adults - August 2023,Physical Attendees Adults - August 2023,
2023/2024,attendance,physical_attendees_adults,september,Physical Attendees Adults - Sept 2023,Physical Attendees Adults - Sept 2023,
2023/2024,attendance,physical_attendees_adults,october,Physical Attendees Adults - Oct 2023,Physical Attendees Adults - Oct 2023,
2023/2024,attendance,physical_attendees_adults,november,Physical Attendees Adults - Nov 2023,Physical Attendees Adults - Nov 2023,
2023/2024,attendance,physical_attendees_adults,december,Physical Attendees Adults - Dec 2023,Physical Attendees Adults - Dec 2023,
2023/2024,attendance,physical_attendees_adults,january,Physical Attendees Adults - Jan 2024,Physical Attendees Adults - Jan 2024,
2023/2024,attendance,physical_attendees_adults,february,Physical Attendees Adults - Feb 2024,Physical Attendees Adults - Feb 2024,
2023/2024,attendance,physical_attendees_adults,march,Physical Attendees Adults - March 2024,Physical Attendees Adults - March 2024,
2023/2024,attendance,physical_attendees_11_under,april,Physical Attendees Children 11 And Under - April 2023,Physical Attendees Children 11 And Under - April 2023,
2023/2024,attendance,physical_attendees_11_under,may,Physical Attendees Children 11 And Under - May 2023,Physical Attendees Children 11 And Under - May 2023,
2023/2024,attendance,physical_attendees_11_under,june,Physical Attendees Children 11 And Under - June 2023,Physical Attendees Children 11 And Under - June 2023,
2023/2024,attendance,physical_attendees_11_under,july,Physical Attendees Children 11 And Under - July 2023,Physical Attendees Children 11 And Under - July 2023,
2023/2024,attendance,physical_attendees_11_under,august,Physical Attendees Children 11 And Under - August 2023,Physical Attendees Children 11 And Under - August 2023,
2023/2024,attendance,physical_attendees_11_under,september,Physical Attendees Children 11 And Under - Sept 2023,Physical Attendees Children 11 And Under - Sept 2023,
2023/2024,attendance,physical_attendees_11_under,october,Physical Attendees Children 11 And Under - Oct 2023,Physical Attendees Children 11 And Under - Oct 2023,
2023/2024,attendance,physical_attendees_11_under,november,Physical Attendees Children 11 And Under - Nov 2023,Physical Attendees Children 11 And Under - Nov 2023,
2023/2024,attendance,physical_attendees_11_under,december,Physical Attendees Children 11 And Under - Dec 2023,Physical Attendees Children 11 And Under - Dec 2023,
2023/2024,attendance,physical_attendees_11_under,january,Physical Attendees Children 11 And Under - Jan 2024,Physical Attendees Children 11 And Under - Jan 2024,
2023/2024,attendance,physical_attendees_11_under,february,Physical Attendees Children 11 And Under - Feb 2024,Physical Attendees Children 11 And Under - Feb 2024,
2023/2024,attendance,physical_attendees_11_under,march,Physical Attendees Children 11 And Under - March 2024,Physical Attendees Children 11 And Under - March 2024,
2023/2024,attendance,physical_attendees_12_17,april,Physical Attendees Young People Between 12 And 17 - April 2023,Physical Attendees Young People Between 12 And 17 - April 2023,
2023/2024,attendance,physical_attendees_12_17,may,Physical Attendees Young People Between 12 And 17 - May 2023,Physical Attendees Young People Between 12 And 17 - May 2023,
2023/2024,attendance,physical_attendees_12_17,june,Physical Attendees Young People Between 12 And 17 - June 2023,Physical Attendees Young People Between 12 And 17 - June 2023,
2023/2024,attendance,physical_attendees_12_17,july,Physical Attendees Young People Between 12 And 17 - July 2023,Physical Attendees Young People Between 12 And 17 - July 2023,
2023/2024,attendance,physical_attendees_12_17,august,Physical Attendees Young People Between 12 And 17 - August 2023,Physical Attendees Young People Between 12 And 17 - August 2023,
2023/2024,attendance,physical_attendees_12_17,september,Physical Attendees Young People Between 12 And 17 - Sept 2023,Physical Attendees Young People Between 12 And 17 - Sept 2023,
2023/2024,attendance,physical_attendees_12_17,october,Physical Attendees Young People Between 12 And 17 - Oct 2023,Physical Attendees Young People Between 12 And 17 - Oct 2023,
2023/2024,attendance,physical_attendees_12_17,november,Physical Attendees Young People Between 12 And 17 - Nov 2023,Physical Attendees Young People Between 12 And 17 - Nov 2023,
2023/2024,attendance,physical_attendees_12_17,december,Physical Attendees Young People Between 12 And 17 - Dec 2023,Physical Attendees Young People Between 12 And 17 - Dec 2023,
2023/2024,attendance,physical_attendees_12_17,january,Physical Attendees Young People Between 12 And 17 - Jan 2024,Physical Attendees Young People Between 12 And 17 - Jan 2024,
2023/2024,attendance,physical_attendees_12_17,february,Physical Attendees Young People Between 12 And 17 - Feb 2024,Physical Attendees Young People Between 12 And 17 - Feb 2024,
2023/2024,attendance,physical_attendees_12_17,march,Physical Attendees Young People Between 12 And 17 - March 2024,Physical Attendees Young People Between 12 And 17 - March 2024,
2023/2024,attendance,total_attendees_digital_events,april,Total Attendees At Digital Events - April 2023,Total Attendees At Digital Events - April 2023,
2023/2024,attendance,total_attendees_digital_events,may,Total Attendees At Digital Events - May 2023,Total Attendees At Digital Events - May 2023,
2023/2024,attendance,total_attendees_digital_events,june,Total Attendees At Digital Events - June 2023,Total Attendees At Digital Events - June 2023,
2023/2024,attendance,total_attendees_digital_events,july,Total Attendees At Digital Events - July 2023,Total Attendees At Digital Events - July 2023,
2023/2024,attendance,total_attendees_digital_events,august,Total Attendees At Digital Events - August 2023,Total Attendees At Digital Events - August 2023,
2023/2024,attendance,total_attendees_digital_events,september,Total Attendees At Digital Events - Sept 2023,Total Attendees At Digital Events - Sept 2023,
2023/2024,attendance,total_attendees_digital_events,october,Total Attendees At Digital Events - Oct 2023,Total Attendees At Digital Events - Oct 2023,
2023/2024,attendance,total_attendees_digital_events,november,Total Attendees At Digital Events - Nov 2023,Total Attendees At Digital Events - Nov 2023,
2023/2024,attendance,total_attendees_digital_events,december,Total Attendees At Digital Events - Dec 2023,Total Attendees At Digital Events - Dec 2023,
2023/2024,attendance,total_attendees_digital_events,january,Total Attendees At Digital Events - Jan 2024,Total Attendees At Digital Events - Jan 2024,
2023/2024,attendance,total_attendees_digital_events,february,Total Attendees At Digital Events - Feb 2024,Total Attendees At Digital Events - Feb 2024,
2023/2024,attendance,total_attendees_digital_events,march,Total Attendees At Digital Events - March 2024,Total Attendees At Digital Events - March 2024,
2023/2024,attendance,digital_attendees_adults,april,Digital Attendees Adults - April 2023,Digital Attendees Adults - April 2023,
2023/2024,attendance,digital_attendees_adults,may,Digital Attendees Adults - May 2023,Digital Attendees Adults - May 2023,
2023/2024,attendance,digital_attendees_adults,june,Digital Attendees Adults - June 2023,Digital Attendees Adults - June 2023,
2023/2024,attendance,digital_attendees_adults,july,Digital Attendees Adults - July 2023,Digital Attendees Adults - July 2023,
2023/2024,attendance,digital_attendees_adults,august,Digital Attendees Adults - August 2023,Digital Attendees Adults - August 2023,
2023/2024,attendance,digital_attendees_adults,september,Digital Attendees Adults - Sept 2023,Digital Attendees Adults - Sept 2023,
2023/2024,attendance,digital_attendees_adults,october,Digital Attendees Adults - Oct 2023,Digital Attendees Adults - Oct 2023,
2023/2024,attendance,digital_attendees_adults,november,Digital Attendees Adults - Nov 2023,Digital Attendees Adults - Nov 2023,
2023/2024,attendance,digital_attendees_adults,december,Digital Attendees Adults - Dec 2023,Digital Attendees Adults - Dec 2023,
2023/2024,attendance,digital_attendees_adults,january,Digital Attendees Adults - Jan 2024,Digital Attendees Adults - Jan 2024,
2023/2024,attendance,digital_attendees_adults,february,Digital Attendees Adults - Feb 2024,Digital Attendees Adults - Feb 2024,
2023/2024,attendance,digital_attendees_adults,march,Digital Attendees Adults - March 2024,Digital Attendees Adults - March 2024,
2023/2024,attendance,digital_attendees_11_under,april,Digital Attendees Children 11 And Under - April 2023,Digital Attendees Children 11 And Under - April 2023,
2023/2024,attendance,digital_attendees_11_under,may,Digital Attendees Children 11 And Under - May 2023,Digital Attendees Children 11 And Under - May 2023,
2023/2024,attendance,digital_attendees_11_under,june,Digital Attendees Children 11 And Under - June 2023,Digital Attendees Children 11 And Under - June 2023,
2023/2024,attendance,digital_attendees_11_under,july,Digital Attendees Children 11 And Under - July 2023,Digital Attendees Children 11 And Under - July 2023,
2023/2024,attendance,digital_attendees_11_under,august,Digital Attendees Children 11 And Under - August 2023,Digital Attendees Children 11 And Under - August 2023,
2023/2024,attendance,digital_attendees_11_under,september,Digital Attendees Children 11 And Under - Sept 2023,Digital Attendees Children 11 And Under - Sept 2023,
2023/2024,attendance,digital_attendees_11_under,october,Digital Attendees Children 11 And Under - Oct 2023,Digital Attendees Children 11 And Under - Oct 2023,
2023/2024,attendance,digital_attendees_11_under,november,Digital Attendees Children 11 And Under - Nov 2023,Digital Attendees Children 11 And Under - Nov 2023,
2023/2024,attendance,digital_attendees_11_under,december,Digital Attendees Children 11 And Under - Dec 2023,Digital Attendees Children 11 And Under - Dec 2023,
2023/2024,attendance,digital_attendees_11_under,january,Digital Attendees Children 11 And Under - Jan 2024,Digital Attendees Children 11 And Under - Jan 2024,
2023/2024,attendance,digital_attendees_11_under,february,Digital Attendees Children 11 And Under - Feb 2024,Digital Attendees Children 11 And Under - Feb 2024,
2023/2024,attendance,digital_attendees_11_under,march,Digital Attendees Children 11 And Under - March 2024,Digital Attendees Children 11 And Under - March 2024,
2023/2024,attendance,digital_attendees_12_17,april,Digital Attendees Young People Between 12 And 17 - April 2023,Digital Attendees Young People Between 12 And 17 - April 2023,
2023/2024,attendance,digital_attendees_12_17,may,Digital Attendees Young People Between 12 And 17 - May 2023,Digital Attendees Young People Between 12 And 17 - May 2023,
2023/2024,attendance,digital_attendees_12_17,june,Digital Attendees Young People Between 12 And 17 - June 2023,Digital Attendees Young People Between 12 And 17 - June 2023,
2023/2024,attendance,digital_attendees_12_17,july,Digital Attendees Young People Between 12 And 17 - July 2023,Digital Attendees Young People Between 12 And 17 - July 2023,
2023/2024,attendance,digital_attendees_12_17,august,Digital Attendees Young People Between 12 And 17 - August 2023,Digital Attendees Young People Between 12 And 17 - August 2023,
2023/2024,attendance,digital_attendees_12_17,september,Digital Attendees Young People Between 12 And 17 - Sept 2023,Digital Attendees Young People Between 12 And 17 - Sept 2023,
2023/2024,attendance,digital_attendees_12_17,october,Digital Attendees Young People Between 12 And 17 - Oct 2023,Digital Attendees Young People Between 12 And 17 - Oct 2023,
2023/2024,attendance,digital_attendees_12_17,november,Digital Attendees Young People Between 12 And 17 - Nov 2023,Digital Attendees Young People Between 12 And 17 - Nov 2023,
2023/2024,attendance,digital_attendees_12_17,december,Digital Attendees Young People Between 12 And 17 - Dec 2023,Digital Attendees Young People Between 12 And 17 - Dec 2023,
2023/2024,attendance,digital_attendees_12_17,january,Digital Attendees Young People Between 12 And 17 - Jan 2024,Digital Attendees Young People Between 12 And 17 - Jan 2024,
2023/2024,attendance,digital_attendees_12_17,february,Digital Attendees Young People Between 12 And 17 - Feb 2024,Digital Attendees Young People Between 12 And 17 - Feb 2024,
2023/2024,attendance,digital_attendees_12_17,march,Digital Attendees Young People Between 12 And 17 - March 2024,Digital Attendees Young People Between 12 And 17 - March 2024,
2023/2024,loans,total_physical_book_issues,april,Total Number Of Physical Book Issues - April 2023,Total Number Of Physical Book Issues - April 2023,
2023/2024,loans,total_physical_book_issues,may,Total Number Of Physical Book Issues - May 2023,Total Number Of Physical Book Issues - May 2023,
2023/2024,loans,total_physical_book_issues,june,Total Number Of Physical Book Issues - June 2023,Total Number Of Physical Book Issues - June 2023,
2023/2024,loans,total_physical_book_issues,july,Total Number Of Physical Book Issues - July 2023,Total Number Of Physical Book Issues - July 2023,
2023/2024,loans,total_physical_book_issues,august,Total Number Of Physical Book Issues - August 2023,Total Number Of Physical Book Issues - August 2023,
2023/2024,loans,total_physical_book_issues,september,Total Number Of Physical Book Issues - Sept 2023,Total Number Of Physical Book Issues - Sept 2023,
2023/2024,loans,total_physical_book_issues,october,Total Number Of Physical Book Issues - Oct 2023,Total Number Of Physical Book Issues - Oct 2023,
2023/2024,loans,total_physical_book_issues,november,Total Number Of Physical Book Issues - Nov 2023,Total Number Of Physical Book Issues - Nov 2023,
2023/2024,loans,total_physical_book_issues,december,Total Number Of Physical Book Issues - Dec 2023,Total Number Of Physical Book Issues - Dec 2023,
2023/2024,loans,total_physical_book_issues,january,Total Number Of Physical Book Issues - Jan 2024,Total Number Of Physical Book Issues - Jan 2024,
2023/2024,loans,total_physical_book_issues,february,Total Number Of Physical Book Issues - Feb 2024,Total Number Of Physical Book Issues - Feb 2024,
2023/2024,loans,total_physical_book_issues,march,Total Number Of Physical Book Issues - March 2024,Total Number Of Physical Book Issues - March 2024,
2023/2024,loans,loans_adult,april,Loans And Lending Adult 18 - April 2023,Loans And Lending Adult 18 - April 2023,
2023/2024,loans,loans_adult_digital,april,Loans And Lending Adult 18 - April 2023_digital,Loans And Lending Adult 18 - April 2023_digital,
2023/2024,loans,loans_adult,may,Loans And Lending Adult 18 - May 2023,Loans And Lending Adult 18 - May 2023,
2023/2024,loans,loans_adult_digital,may,Loans And Lending Adult 18 - May 2023_digital,Loans And Lending Adult 18 - May 2023_digital,
2023/2024,loans,loans_adult,june,Loans And Lending Adult 18 - June 2023,Loans And Lending Adult 18 - June 2023,
2023/2024,loans,loans_adult_digital,june,Loans And Lending Adult 18 - June 2023_digital,Loans And Lending Adult 18 - June 2023_digital,
2023/2024,loans,loans_adult,july,Loans And Lending Adult 18 - July 2023,Loans And Lending Adult 18 - July 2023,
2023/2024,loans,loans_adult_digital,july,Loans And Lending Adult 18 - July 2023_digital,Loans And Lending Adult 18 - July 2023_digital,
2023/2024,loans,loans_adult,august,Loans And Lending Adult 18 - August 2023,Loans And Lending Adult 18 - August 2023,
2023/2024,loans,loans_adult_digital,august,Loans And Lending Adult 18 - August 2023_digital,Loans And Lending Adult 18 - August 2023_digital,
2023/2024,loans,loans_adult,september,Loans And Lending Adult 18 - Sept 2023,Loans And Lending Adult 18 - Sept 2023,
2023/2024,loans,loans_adult_digital,september,Loans And Lending Adult 18 - Sept 2023_digital,Loans And Lending Adult 18 - Sept 2023_digital,
2023/2024,loans,loans_adult,october,Loans And Lending Adult 18 - Oct 2023,Loans And Lending Adult 18 - Oct 2023,
2023/2024,loans,loans_adult_digital,october,Loans And Lending Adult 18 - Oct 2023_digital,Loans And Lending Adult 18 - Oct 2023_digital,
2023/2024,loans,loans_adult,november,Loans And Lending Adult 18 - Nov 2023,Loans And Lending Adult 18 - Nov 2023,
2023/2024,loans,loans_adult_digital,november,Loans And Lending Adult 18 - Nov 2023_digital,Loans And Lending Adult 18 - Nov 2023_digital,
2023/2024,loans,loans_adult,december,Loans And Lending Adult 18 - Dec 2023,Loans And Lending Adult 18 - Dec 2023,
2023/2024,loans,loans_adult_digital,december,Loans And Lending Adult 18 - Dec 2023_digital,Loans And Lending Adult 18 - Dec 2023_digital,
2023/2024,loans,loans_adult,january,Loans And Lending Adult 18 - Jan 2024,Loans And Lending Adult 18 - Jan 2024,
2023/2024,loans,loans_adult_digital,january,Loans And Lending Adult 18 - Jan 2024_digital,Loans And Lending Adult 18 - Jan 2024_digital,
2023/2024,loans,loans_adult,february,Loans And Lending Adult 18 - Feb 2024,Loans And Lending Adult 18 - Feb 2024,
2023/2024,loans,loans_adult_digital,february,Loans And Lending Adult 18 - Feb 2024_digital,Loans And Lending Adult 18 - Feb 2024_digital,
2023/2024,loans,loans_adult,march,Loans And Lending Adult 18 - March 2024,Loans And Lending Adult 18 - March 2024,
2023/2024,loans,loans_adult_digital,march,Loans And Lending Adult 18 - March 2024_digital,Loans And Lending Adult 18 - March 2024_digital,
2023/2024,loans,loans_11_under,april,Loans And Lending Children Under 12 - April 2023,Loans And Lending Children Under 12 - April 2023,
2023/2024,loans,loans_11_under_digital,april,Loans And Lending Children Under 12 - April 2023_digital,Loans And Lending Children Under 12 - April 2023_digital,
2023/2024,loans,loans_11_under,may,Loans And Lending Children Under 12 - May 2023,Loans And Lending Children Under 12 - May 2023,
2023/2024,loans,loans_11_under_digital,may,Loans And Lending Children Under 12 - May 2023_digital,Loans And Lending Children Under 12 - May 2023_digital,
2023/2024,loans,loans_11_under,june,Loans And Lending Children Under 12 - June 2023,Loans And Lending Children Under 12 - June 2023,
2023/2024,loans,loans_11_under_digital,june,Loans And Lending Children Under 12 - June 2023_digital,Loans And Lending Children Under 12 - June 2023_digital,
2023/2024,loans,loans_11_under,july,Loans And Lending Children Under 12 - July 2023,Loans And Lending Children Under 12 - July 2023,
2023/2024,loans,loans_11_under_digital,july,Loans And Lending Children Under 12 - July 2023_digital,Loans And Lending Children Under 12 - July 2023_digital,
2023/2024,loans,loans_11_under,august,Loans And Lending Children Under 12 - August 2023,Loans And Lending Children Under 12 - August 2023,
2023/2024,loans,loans_11_under_digital,august,Loans And Lending Children Under 12 - August 2023_digital,Loans And Lending Children Under 12 - August 2023_digital,
2023/2024,loans,loans_11_under,september,Loans And Lending Children Under 12 - Sept 2023,Loans And Lending Children Under 12 - Sept 2023,
2023/2024,loans,loans_11_under_digital,september,Loans And Lending Children Under 12 - Sept 2023_digital,Loans And Lending Children Under 12 - Sept 2023_digital,
2023/2024,loans,loans_11_under,october,Loans And Lending Children Under 12 - Oct 2023,Loans And Lending Children Under 12 - Oct 2023,
2023/2024,loans,loans_11_under_digital,october,Loans And Lending Children Under 12 - Oct 2023_digital,Loans And Lending Children Under 12 - Oct 2023_digital,
2023/2024,loans,loans_11_under,november,Loans And Lending Children Under 12 - Nov 2023,Loans And Lending Children Under 12 - Nov 2023,
2023/2024,loans,loans_11_under_digital,november,Loans And Lending Children Under 12 - Nov 2023_digital,Loans And Lending Children Under 12 - Nov 2023_digital,
2023/2024,loans,loans_11_under,december,Loans And Lending Children Under 12 - Dec 2023,Loans And Lending Children Under 12 - Dec 2023,
2023/2024,loans,loans_11_under_digital,december,Loans And Lending Children Under 12 - Dec 2023_digital,Loans And Lending Children Under 12 - Dec 2023_digital,
2023/2024,loans,loans_11_under,january,Loans And Lending Children Under 12 - Jan 2024,Loans And Lending Children Under 12 - Jan 2024,
2023/2024,loans,loans_11_under_digital,january,Loans And Lending Children Under 12 - Jan 2024_digital,Loans And Lending Children Under 12 - Jan 2024_digital,
2023/2024,loans,loans_11_under,february,Loans And Lending Children Under 12 - Feb 2024,Loans And Lending Children Under 12 - Feb 2024,
2023/2024,loans,loans_11_under_digital,february,Loans And Lending Children Under 12 - Feb 2024_digital,Loans And Lending Children Under 12 - Feb 2024_digital,
2023/2024,loans,loans_11_under,march,Loans And Lending Children Under 12 - March 2024,Loans And Lending Children Under 12 - March 2024,
2023/2024,loans,loans_11_under_digital,march,Loans And Lending Children Under 12 - March 2024_digital,Loans And Lending Children Under 12 - March 2024_digital,
2023/2024,loans,loans_12_17,april,Loans And Lending Young People Under 12 17 - April 2023,Loans And Lending Young People Under 12 17 - April 2023,
2023/2024,loans,loans_12_17_digital,april,Loans And Lending Young People Under 12 17 - April 2023_digital,Loans And Lending Young People Under 12 17 - April 2023_digital,
2023/2024,loans,loans_12_17,may,Loans And Lending Young People Under 12 17 - May 2023,Loans And Lending Young People Under 12 17 - May 2023,
2023/2024,loans,loans_12_17_digital,may,Loans And Lending Young People Under 12 17 - May 2023_digital,Loans And Lending Young People Under 12 17 - May 2023_digital,
2023/2024,loans,loans_12_17,june,Loans And Lending Young People Under 12 17 - June 2023,Loans And Lending Young People Under 12 17 - June 2023,
2023/2024,loans,loans_12_17_digital,june,Loans And Lending Young People Under 12 17 - June 2023_digital,Loans And Lending Young People Under 12 17 - June 2023_digital,
2023/2024,loans,loans_12_17,july,Loans And Lending Young People Under 12 17 - July 2023,Loans And Lending Young People Under 12 17 - July 2023,
2023/2024,loans,loans_12_17_digital,july,Loans And Lending Young People Under 12 17 - July 2023_digital,Loans And Lending Young People Under 12 17 - July 2023_digital,
2023/2024,loans,loans_12_17,august,Loans And Lending Young People Under 12 17 - August 2023,Loans And Lending Young People Under 12 17 - August 2023,
2023/2024,loans,loans_12_17_digital,august,Loans And Lending Young People Under 12 17 - August 2023_digital,Loans And Lending Young People Under 12 17 - August 2023_digital,
2023/2024,loans,loans_12_17,september,Loans And Lending Young People Under 12 17 - Sept 2023,Loans And Lending Young People Under 12 17 - Sept 2023,
2023/2024,loans,loans_12_17_digital,september,Loans And Lending Young People Under 12 17 - Sept 2023_digital,Loans And Lending Young People Under 12 17 - Sept 2023_digital,
2023/2024,loans,loans_12_17,october,Loans And Lending Young People Under 12 17 - Oct 2023,Loans And Lending Young People Under 12 17 - Oct 2023,
2023/2024,loans,loans_12_17_digital,october,Loans And Lending Young People Under 12 17 - Oct 2023_digital,Loans And Lending Young People Under 12 17 - Oct 2023_digital,
2023/2024,loans,loans_12_17,november,Loans And Lending Young People Under 12 17 - Nov 2023,Loans And Lending Young People Under 12 17 - Nov 2023,
2023/2024,loans,loans_12_17_digital,november,Loans And Lending Young People Under 12 17 - Nov 2023_digital,Loans And Lending Young People Under 12 17 - Nov 2023_digital,
2023/2024,loans,loans_12_17,december,Loans And Lending Young People Under 12 17 - Dec 2023,Loans And Lending Young People Under 12 17 - Dec 2023,
2023/2024,loans,loans_12_17_digital,december,Loans And Lending Young People Under 12 17 - Dec 2023_digital,Loans And Lending Young People Under 12 17 - Dec 2023_digital,
2023/2024,loans,loans_12_17,january,Loans And Lending Young People Under 12 17 - Jan 2024,Loans And Lending Young People Under 12 17 - Jan 2024,
2023/2024,loans,loans_12_17_digital,january,Loans And Lending Young People Under 12 17 - Jan 2024_digital,Loans And Lending Young People Under 12 17 - Jan 2024_digital,
2023/2024,loans,loans_12_17,february,Loans And Lending Young People Under 12 17 - Feb 2024,Loans And Lending Young People Under 12 17 - Feb 2024,
2023/2024,loans,loans_12_17_digital,february,Loans And Lending Young People Under 12 17 - Feb 2024_digital,Loans And Lending Young People Under 12 17 - Feb 2024_digital,
2023/2024,loans,loans_12_17,march,Loans And Lending Young People Under 12 17 - March 2024,Loans And Lending Young People Under 12 17 - March 2024,
2023/2024,loans,loans_12_17_digital,march,Loans And Lending Young People Under 12 17 - March 2024_digital,Loans And Lending Young People Under 12 17 - March 2024_digital,
2023/2024,loans,total_physical_audiobook_issues,april,Total Number Of Physical Audio Book Issues - April 2023,Total Number Of Physical Audio Book Issues - April 2023,
2023/2024,loans,total_physical_audiobook_issues,may,Total Number Of Physical Audio Book Issues - May 2023,Total Number Of Physical Audio Book Issues - May 2023,
2023/2024,loans,total_physical_audiobook_issues,june,Total Number Of Physical Audio Book Issues - June 2023,Total Number Of Physical Audio Book Issues - June 2023,
2023/2024,loans,total_physical_audiobook_issues,july,Total Number Of Physical Audio Book Issues - July 2023,Total Number Of Physical Audio Book Issues - July 2023,
2023/2024,loans,total_physical_audiobook_issues,august,Total Number Of Physical Audio Book Issues - August 2023,Total Number Of Physical Audio Book Issues - August 2023,
2023/2024,loans,total_physical_audiobook_issues,september,Total Number Of Physical Audio Book Issues - Sept 2023,Total Number Of Physical Audio Book Issues - Sept 2023,
2023/2024,loans,total_physical_audiobook_issues,october,Total Number Of Physical Audio Book Issues - Oct 2023,Total Number Of Physical Audio Book Issues - Oct 2023,
2023/2024,loans,total_physical_audiobook_issues,november,Total Number Of Physical Audio Book Issues - Nov 2023,Total Number Of Physical Audio Book Issues - Nov 2023,
2023/2024,loans,total_physical_audiobook_issues,december,Total Number Of Physical Audio Book Issues - Dec 2023,Total Number Of Physical Audio Book Issues - Dec 2023,
2023/2024,loans,total_physical_audiobook_issues,january,Total Number Of Physical Audio Book Issues - Jan 2024,Total Number Of Physical Audio Book Issues - Jan 2024,
2023/2024,loans,total_physical_audiobook_issues,february,Total Number Of Physical Audio Book Issues - Feb 2024,Total Number Of Physical Audio Book Issues - Feb 2024,
2023/2024,loans,total_physical_audiobook_issues,march,Total Number Of Physical Audio Book Issues - March 2024,Total Number Of Physical Audio Book Issues - March 2024,
2023/2024,loans,total_ebook_issues,april,Total Number Of Ebooks Issues - April 2023,Total Number Of Ebooks Issues - April 2023,
2023/2024,loans,total_ebook_issues,may,Total Number Of Ebooks Issues - May 2023,Total Number Of Ebooks Issues - May 2023,
2023/2024,loans,total_ebook_issues,june,Total Number Of Ebooks Issues - June 2023,Total Number Of Ebooks Issues - June 2023,
2023/2024,loans,total_ebook_issues,july,Total Number Of Ebooks Issues - July 2023,Total Number Of Ebooks Issues - July 2023,
2023/2024,loans,total_ebook_issues,august,Total Number Of Ebooks Issues - August 2023,Total Number Of Ebooks Issues - August 2023,
2023/2024,loans,total_ebook_issues,september,Total Number Of Ebooks Issues - Sept 2023,Total Number Of Ebooks Issues - Sept 2023,
2023/2024,loans,total_ebook_issues,october,Total Number Of Ebooks Issues - Oct 2023,Total Number Of Ebooks Issues - Oct 2023,
2023/2024,loans,total_ebook_issues,november,Total Number Of Ebooks Issues - Nov 2023,Total Number Of Ebooks Issues - Nov 2023,
2023/2024,loans,total_ebook_issues,december,Total Number Of Ebooks Issues - Dec 2023,Total Number Of Ebooks Issues - Dec 2023,
2023/2024,loans,total_ebook_issues,january,Total Number Of Ebooks Issues - Jan 2024,Total Number Of Ebooks Issues - Jan 2024,
2023/2024,loans,total_ebook_issues,february,Total Number Of Ebooks Issues - Feb 2024,Total Number Of Ebooks Issues - Feb 2024,
2023/2024,loans,total_ebook_issues,march,Total Number Of Ebooks Issues - March 2024,Total Number Of Ebooks Issues - March 2024,
2023/2024,loans,ebooks_adult,april,Ebooks Adult 18 - April 2023,Ebooks Adult 18 - April 2023,
2023/2024,loans,ebooks_adult,may,Ebooks Adult 18 - May 2023,Ebooks Adult 18 - May 2023,
2023/2024,loans,ebooks_adult,june,Ebooks Adult 18 - June 2023,Ebooks Adult 18 - June 2023,
2023/2024,loans,ebooks_adult,july,Ebooks Adult 18 - July 2023,Ebooks Adult 18 - July 2023,
2023/2024,loans,ebooks_adult,august,Ebooks Adult 18 - August 2023,Ebooks Adult 18 - August 2023,
2023/2024,loans,ebooks_adult,september,Ebooks Adult 18 - Sept 2023,Ebooks Adult 18 - Sept 2023,
2023/2024,loans,ebooks_adult,october,Ebooks Adult 18 - Oct 2023,Ebooks Adult 18 - Oct 2023,
2023/2024,loans,ebooks_adult,november,Ebooks Adult 18 - Nov 2023,Ebooks Adult 18 - Nov 2023,
2023/2024,loans,ebooks_adult,december,Ebooks Adult 18 - Dec 2023,Ebooks Adult 18 - Dec 2023,
2023/2024,loans,ebooks_adult,january,Ebooks Adult 18 - Jan 2024,Ebooks Adult 18 - Jan 2024,
2023/2024,loans,ebooks_adult,february,Ebooks Adult 18 - Feb 2024,Ebooks Adult 18 - Feb 2024,
2023/2024,loans,ebooks_adult,march,Ebooks Adult 18 - March 2024,Ebooks Adult 18 - March 2024,
2023/2024,loans,ebooks_11_under,april,Ebooks Children Under 12 - April 2023,Ebooks Children Under 12 - April 2023,
2023/2024,loans,ebooks_11_under,may,Ebooks Children Under 12 - May 2023,Ebooks Children Under 12 - May 2023,
2023/2024,loans,ebooks_11_under,june,Ebooks Children Under 12 - June 2023,Ebooks Children Under 12 - June 2023,
2023/2024,loans,ebooks_11_under,july,Ebooks Children Under 12 - July 2023,Ebooks Children Under 12 - July 2023,
2023/2024,loans,ebooks_11_under,august,Ebooks Children Under 12 - August 2023,Ebooks Children Under 12 - August 2023,
2023/2024,loans,ebooks_11_under,september,Ebooks Children Under 12 - Sept 2023,Ebooks Children Under 12 - Sept 2023,
2023/2024,loans,ebooks_11_under,october,Ebooks Children Under 12 - Oct 2023,Ebooks Children Under 12 - Oct 2023,
2023/2024,loans,ebooks_11_under,november,Ebooks Children Under 12 - Nov 2023,Ebooks Children Under 12 - Nov 2023,
2023/2024,loans,ebooks_11_under,december,Ebooks Children Under 12 - Dec 2023,Ebooks Children Under 12 - Dec 2023,
2023/2024,loans,ebooks_11_under,january,Ebooks Children Under 12 - Jan 2024,Ebooks Children Under 12 - Jan 2024,
2023/2024,loans,ebooks_11_under,february,Ebooks Children Under 12 - Feb 2024,Ebooks Children Under 12 - Feb 2024,
2023/2024,loans,ebooks_11_under,march,Ebooks Children Under 12 - March 2024,Ebooks Children Under 12 - March 2024,
2023/2024,loans,ebooks_12_17,april,Ebooks Young People Under 12 17 - April 2023,Ebooks Young People Under 12 17 - April 2023,
2023/2024,loans,ebooks_12_17,may,Ebooks Young People Under 12 17 - May 2023,Ebooks Young People Under 12 17 - May 2023,
2023/2024,loans,ebooks_12_17,june,Ebooks Young People Under 12 17 - June 2023,Ebooks Young People Under 12 17 - June 2023,
2023/2024,loans,ebooks_12_17,july,Ebooks Young People Under 12 17 - July 2023,Ebooks Young People Under 12 17 - July 2023,
2023/2024,loans,ebooks_12_17,august,Ebooks Young People Under 12 17 - August 2023,Ebooks Young People Under 12 17 - August 2023,
2023/2024,loans,ebooks_12_17,september,Ebooks Young People Under 12 17 - Sept 2023,Ebooks Young People Under 12 17 - Sept 2023,
2023/2024,loans,ebooks_12_17,october,Ebooks Young People Under 12 17 - Oct 2023,Ebooks Young People Under 12 17 - Oct 2023,
2023/2024,loans,ebooks_12_17,november,Ebooks Young People Under 12 17 - Nov 2023,Ebooks Young People Under 12 17 - Nov 2023,
2023/2024,loans,ebooks_12_17,december,Ebooks Young People Under 12 17 - Dec 2023,Ebooks Young People Under 12 17 - Dec 2023,
2023/2024,loans,ebooks_12_17,january,Ebooks Young People Under 12 17 - Jan 2024,Ebooks Young People Under 12 17 - Jan 2024,
2023/2024,loans,ebooks_12_17,february,Ebooks Young People Under 12 17 - Feb 2024,Ebooks Young People Under 12 17 - Feb 2024,
2023/2024,loans,ebooks_12_17,march,Ebooks Young People Under 12 17 - March 2024,Ebooks Young People Under 12 17 - March 2024,
2023/2024,loans,total_digital_audiobook_issues,april,Total Number Of Digital Audio Book Issues - April 2023,Total Number Of Digital Audio Book Issues - April 2023,
2023/2024,loans,total_digital_audiobook_issues,may,Total Number Of Digital Audio Book Issues - May 2023,Total Number Of Digital Audio Book Issues - May 2023,
2023/2024,loans,total_digital_audiobook_issues,june,Total Number Of Digital Audio Book Issues - June 2023,Total Number Of Digital Audio Book Issues - June 2023,
2023/2024,loans,total_digital_audiobook_issues,july,Total Number Of Digital Audio Book Issues - July 2023,Total Number Of Digital Audio Book Issues - July 2023,
2023/2024,loans,total_digital_audiobook_issues,august,Total Number Of Digital Audio Book Issues - August 2023,Total Number Of Digital Audio Book Issues - August 2023,
2023/2024,loans,total_digital_audiobook_issues,september,Total Number Of Digital Audio Book Issues - Sept 2023,Total Number Of Digital Audio Book Issues - Sept 2023,
2023/2024,loans,total_digital_audiobook_issues,october,Total Number Of Digital Audio Book Issues - Oct 2023,Total Number Of Digital Audio Book Issues - Oct 2023,
2023/2024,loans,total_digital_audiobook_issues,november,Total Number Of Digital Audio Book Issues - Nov 2023,Total Number Of Digital Audio Book Issues - Nov 2023,
2023/2024,loans,total_digital_audiobook_issues,december,Total Number Of Digital Audio Book Issues - Dec 2023,Total Number Of Digital Audio Book Issues - Dec 2023,
2023/2024,loans,total_digital_audiobook_issues,january,Total Number Of Digital Audio Book Issues - Jan 2024,Total Number Of Digital Audio Book Issues - Jan 2024,
2023/2024,loans,total_digital_audiobook_issues,february,Total Number Of Digital Audio Book Issues - Feb 2024,Total Number Of Digital Audio Book Issues - Feb 2024,
2023/2024,loans,total_digital_audiobook_issues,march,Total Number Of Digital Audio Book Issues - March 2024,Total Number Of Digital Audio Book Issues - March 2024,
2023/2024,loans,digital_audiobook_issues_adult,april,Digital Audio Book Issues Adult 18 - April 2023,Digital Audio Book Issues Adult 18 - April 2023,
2023/2024,loans,digital_audiobook_issues_adult,may,Digital Audio Book Issues Adult 18 - May 2023,Digital Audio Book Issues Adult 18 - May 2023,
2023/2024,loans,digital_audiobook_issues_adult,june,Digital Audio Book Issues Adult 18 - June 2023,Digital Audio Book Issues Adult 18 - June 2023,
2023/2024,loans,digital_audiobook_issues_adult,july,Digital Audio Book Issues Adult 18 - July 2023,Digital Audio Book Issues Adult 18 - July 2023,
2023/2024,loans,digital_audiobook_issues_adult,august,Digital Audio Book Issues Adult 18 - August 2023,Digital Audio Book Issues Adult 18 - August 2023,
2023/2024,loans,digital_audiobook_issues_adult,september,Digital Audio Book Issues Adult 18 - Sept 2023,Digital Audio Book Issues Adult 18 - Sept 2023,
2023/2024,loans,digital_audiobook_issues_adult,october,Digital Audio Book Issues Adult 18 - Oct 2023,Digital Audio Book Issues Adult 18 - Oct 2023,
2023/2024,loans,digital_audiobook_issues_adult,november,Digital Audio Book Issues Adult 18 - Nov 2023,Digital Audio Book Issues Adult 18 - Nov 2023,
2023/2024,loans,digital_audiobook_issues_adult,december,Digital Audio Book Issues Adult 18 - Dec 2023,Digital Audio Book Issues Adult 18 - Dec 2023,
2023/2024,loans,digital_audiobook_issues_adult,january,Digital Audio Book Issues Adult 18 - Jan 2024,Digital Audio Book Issues Adult 18 - Jan 2024,
2023/2024,loans,digital_audiobook_issues_adult,february,Digital Audio Book Issues Adult 18 - Feb 2024,Digital Audio Book Issues Adult 18 - Feb 2024,
2023/2024,loans,digital_audiobook_issues_adult,march,Digital Audio Book Issues Adult 18 - March 2024,Digital Audio Book Issues Adult 18 - March 2024,
2023/2024,loans,digital_audiobook_issues_11_under,april,Digital Audio Book Issues Children Under 12 - April 2023,Digital Audio Book Issues Children Under 12 - April 2023,
2023/2024,loans,digital_audiobook_issues_11_under,may,Digital Audio Book Issues Children Under 12 - May 2023,Digital Audio Book Issues Children Under 12 - May 2023,
2023/2024,loans,digital_audiobook_issues_11_under,june,Digital Audio Book Issues Children Under 12 - June 2023,Digital Audio Book Issues Children Under 12 - June 2023,
2023/2024,loans,digital_audiobook_issues_11_under,july,Digital Audio Book Issues Children Under 12 - July 2023,Digital Audio Book Issues Children Under 12 - July 2023,
2023/2024,loans,digital_audiobook_issues_11_under,august,Digital Audio Book Issues Children Under 12 - August 2023,Digital Audio Book Issues Children Under 12 - August 2023,
2023/2024,loans,digital_audiobook_issues_11_under,september,Digital Audio Book Issues Children Under 12 - Sept 2023,Digital Audio Book Issues Children Under 12 - Sept 2023,
2023/2024,loans,digital_audiobook_issues_11_under,october,Digital Audio Book Issues Children Under 12 - Oct 2023,Digital Audio Book Issues Children Under 12 - Oct 2023,
2023/2024,loans,digital_audiobook_issues_11_under,november,Digital Audio Book Issues Children Under 12 - Nov 2023,Digital Audio Book Issues Children Under 12 - Nov 2023,
2023/2024,loans,digital_audiobook_issues_11_under,december,Digital Audio Book Issues Children Under 12 - Dec 2023,Digital Audio Book Issues Children Under 12 - Dec 2023,
2023/2024,loans,digital_audiobook_issues_11_under,january,Digital Audio Book Issues Children Under 12 - Jan 2024,Digital Audio Book Issues Children Under 12 - Jan 2024,
2023/2024,loans,digital_audiobook_issues_11_under,february,Digital Audio Book Issues Children Under 12 - Feb 2024,Digital Audio Book Issues Children Under 12 - Feb 2024,
2023/2024,loans,digital_audiobook_issues_11_under,march,Digital Audio Book Issues Children Under 12 - March 2024,Digital Audio Book Issues Children Under 12 - March 2024,
2023/2024,loans,digital_audiobook_issues_12_17,april,Digital Audio Book Issues Young People Under 12 17 - April 2023,Digital Audio Book Issues Young People Under 12 17 - April 2023,
2023/2024,loans,digital_audiobook_issues_12_17,may,Digital Audio Book Issues Young People Under 12 17 - May 2023,Digital Audio Book Issues Young People Under 12 17 - May 2023,
2023/2024,loans,digital_audiobook_issues_12_17,june,Digital Audio Book Issues Young People Under 12 17 - June 2023,Digital Audio Book Issues Young People Under 12 17 - June 2023,
2023/2024,loans,digital_audiobook_issues_12_17,july,Digital Audio Book Issues Young People Under 12 17 - July 2023,Digital Audio Book Issues Young People Under 12 17 - July 2023,
2023/2024,loans,digital_audiobook_issues_12_17,august,Digital Audio Book Issues Young People Under 12 17 - August 2023,Digital Audio Book Issues Young People Under 12 17 - August 2023,
2023/2024,loans,digital_audiobook_issues_12_17,september,Digital Audio Book Issues Young People Under 12 17 - Sept 2023,Digital Audio Book Issues Young People Under 12 17 - Sept 2023,
2023/2024,loans,digital_audiobook_issues_12_17,october,Digital Audio Book Issues Young People Under 12 17 - Oct 2023,Digital Audio Book Issues Young People Under 12 17 - Oct 2023,
2023/2024,loans,digital_audiobook_issues_12_17,november,Digital Audio Book Issues Young People Under 12 17 - Nov 2023,Digital Audio Book Issues Young People Under 12 17 - Nov 2023,
2023/2024,loans,digital_audiobook_issues_12_17,december,Digital Audio Book Issues Young People Under 12 17 - Dec 2023,Digital Audio Book Issues Young People Under 12 17 - Dec 2023,
2023/2024,loans,digital_audiobook_issues_12_17,january,Digital Audio Book Issues Young People Under 12 17 - Jan 2024,Digital Audio Book Issues Young People Under 12 17 - Jan 2024,
2023/2024,loans,digital_audiobook_issues_12_17,february,Digital Audio Book Issues Young People Under 12 17 - Feb 2024,Digital Audio Book Issues Young People Under 12 17 - Feb 2024,
2023/2024,loans,digital_audiobook_issues_12_17,march,Digital Audio Book Issues Young People Under 12 17 - March 2024,Digital Audio Book Issues Young People Under 12 17 - March 2024,
2023/2024,visits,physical_visits,april,Physical Visitors To Library Sites Where There Is No Co Location - April 2023,Physical Visitors To Library Sites Where There Is No Co Location - April 2023,
2023/2024,visits,physical_visits,may,Physical Visitors To Library Sites Where There Is No Co Location - May 2023,Physical Visitors To Library Sites Where There Is No Co Location - May 2023,
2023/2024,visits,physical_visits,june,Physical Visitors To Library Sites Where There Is No Co Location - June 2023,Physical Visitors To Library Sites Where There Is No Co Location - June 2023,
2023/2024,visits,physical_visits,july,Physical Visitors To Library Sites Where There Is No Co Location - July 2023,Physical Visitors To Library Sites Where There Is No Co Location - July 2023,
2023/2024,visits,physical_visits,august,Physical Visitors To Library Sites Where There Is No Co Location - August 2023,Physical Visitors To Library Sites Where There Is No Co Location - August 2023,
2023/2024,visits,physical_visits,september,Physical Visitors To Library Sites Where There Is No Co Location - Sept 2023,Physical Visitors To Library Sites Where There Is No Co Location - Sept 2023,
2023/2024,visits,physical_visits,october,Physical Visitors To Library Sites Where There Is No Co Location - Oct 2023,Physical Visitors To Library Sites Where There Is No Co Location - Oct 2023,
2023/2024,visits,physical_visits,november,Physical Visitors To Library Sites Where There Is No Co Location - Nov 2023,Physical Visitors To Library Sites Where There Is No Co Location - Nov 2023,
2023/2024,visits,physical_visits,december,Physical Visitors To Library Sites Where There Is No Co Location - Dec 2023,Physical Visitors To Library Sites Where There Is No Co Location - Dec 2023,
2023/2024,visits,physical_visits,january,Physical Visitors To Library Sites Where There Is No Co Location - Jan 2024,Physical Visitors To Library Sites Where There Is No Co Location - Jan 2024,
2023/2024,visits,physical_visits,february,Physical Visitors To Library Sites Where There Is No Co Location - Feb 2024,Physical Visitors To Library Sites Where There Is No Co Location - Feb 2024,
2023/2024,visits,physical_visits,march,Physical Visitors To Library Sites Where There Is No Co Location - March 2024,Physical Visitors To Library Sites Where There Is No Co Location - March 2024,
2023/2024,visits,physical_visits_no_colocation,april,Physical Visitors Co Location - April 2023,Physical Visitors Co Location - April 2023,
2023/2024,visits,physical_visits_no_colocation,may,Physical Visitors Co Location - May 2023,Physical Visitors Co Location - May 2023,
2023/2024,visits,physical_visits_no_colocation,june,Physical Visitors Co Location - June 2023,Physical Visitors Co Location - June 2023,
2023/2024,visits,physical_visits_no_colocation,july,Physical Visitors Co Location - July 2023,Physical Visitors Co Location - July 2023,
2023/2024,visits,physical_visits_no_colocation,august,Physical Visitors Co Location - August 2023,Physical Visitors Co Location - August 2023,
2023/2024,visits,physical_visits_no_colocation,september,Physical Visitors Co Location - Sept 2023,Physical Visitors Co Location - Sept 2023,
2023/2024,visits,physical_visits_no_colocation,october,Physical Visitors Co Location - Oct 2023,Physical Visitors Co Location - Oct 2023,
2023/2024,visits,physical_visits_no_colocation,november,Physical Visitors Co Location - Nov 2023,Physical Visitors Co Location - Nov 2023,
2023/2024,visits,physical_visits_no_colocation,december,Physical Visitors Co Location - Dec 2023,Physical Visitors Co Location - Dec 2023,
2023/2024,visits,physical_visits_no_colocation,january,Physical Visitors Co Location - Jan 2024,Physical Visitors Co Location - Jan 2024,
2023/2024,visits,physical_visits_no_colocation,february,Physical Visitors Co Location - Feb 2024,Physical Visitors Co Location - Feb 2024,
2023/2024,visits,physical_visits_no_colocation,march,Physical Visitors Co Location - March 2024,Physical Visitors Co Location - March 2024,
2023/2024,visits,mobile_libraries,april,Mobile Libraries - April 2023,Mobile Libraries - April 2023,
2023/2024,visits,mobile_libraries,may,Mobile Libraries - May 2023,Mobile Libraries - May 2023,
2023/2024,visits,mobile_libraries,june,Mobile Libraries - June 2023,Mobile Libraries - June 2023,
2023/2024,visits,mobile_libraries,july,Mobile Libraries - July 2023,Mobile Libraries - July 2023,
2023/2024,visits,mobile_libraries,august,Mobile Libraries - August 2023,Mobile Libraries - August 2023,
2023/2024,visits,mobile_libraries,september,Mobile Libraries - Sept 2023,Mobile Libraries - Sept 2023,
2023/2024,visits,mobile_libraries,october,Mobile Libraries - Oct 2023,Mobile Libraries - Oct 2023,
2023/2024,visits,mobile_libraries,november,Mobile Libraries - Nov 2023,Mobile Libraries - Nov 2023,
2023/2024,visits,mobile_libraries,december,Mobile Libraries - Dec 2023,Mobile Libraries - Dec 2023,
2023/2024,visits,mobile_libraries,january,Mobile Libraries - Jan 2024,Mobile Libraries - Jan 2024,
2023/2024,visits,mobile_libraries,february,Mobile Libraries - Feb 2024,Mobile Libraries - Feb 2024,
2023/2024,visits,mobile_libraries,march,Mobile Libraries - March 2024,Mobile Libraries - March 2024,
2023/2024,visits,home_delivery,april,Home Delivery - April 2023,Home Delivery - April 2023,
2023/2024,visits,home_delivery,may,Home Delivery - May 2023,Home Delivery - May 2023,
2023/2024,visits,home_delivery,june,Home Delivery - June 2023,Home Delivery - June 2023,
2023/2024,visits,home_delivery,july,Home Delivery - July 2023,Home Delivery - July 2023,
2023/2024,visits,home_delivery,august,Home Delivery - August 2023,Home Delivery - August 2023,
2023/2024,visits,home_delivery,september,Home Delivery - Sept 2023,Home Delivery - Sept 2023,
2023/2024,visits,home_delivery,october,Home Delivery - Oct 2023,Home Delivery - Oct 2023,
2023/2024,visits,home_delivery,november,Home Delivery - Nov 2023,Home Delivery - Nov 2023,
2023/2024,visits,home_delivery,december,Home Delivery - Dec 2023,Home Delivery - Dec 2023,
2023/2024,visits,home_delivery,january,Home Delivery - Jan 2024,Home Delivery - Jan 2024,
2023/2024,visits,home_delivery,february,Home Delivery - Feb 2024,Home Delivery - Feb 2024,
2023/2024,visits,home_delivery,march,Home Delivery - March 2024,Home Delivery - March 2024,
2023/2024,click_and_collect,click_and_collect,april,Click And Collect - April 2023,Click And Collect - April 2023,
2023/2024,click_and_collect,click_and_collect,may,Click And Collect - May 2023,Click And Collect - May 2023,
2023/2024,click_and_collect,click_and_collect,june,Click And Collect - June 2023,Click And Collect - June 2023,
2023/2024,click_and_collect,click_and_collect,july,Click And Collect - July 2023,Click And Collect - July 2023,
2023/2024,click_and_collect,click_and_collect,august,Click And Collect - August 2023,Click And Collect - August 2023,
2023/2024,click_and_collect,click_and_collect,september,Click And Collect - Sept 2023,Click And Collect - Sept 2023,
2023/2024,click_and_collect,click_and_collect,october,Click And Collect - Oct 2023,Click And Collect - Oct 2023,
2023/2024,click_and_collect,click_and_collect,november,Click And Collect - Nov 2023,Click And Collect - Nov 2023,
2023/2024,click_and_collect,click_and_collect,december,Click And Collect - Dec 2023,Click And Collect - Dec 2023,
2023/2024,click_and_collect,click_and_collect,january,Click And Collect - Jan 2024,Click And Collect - Jan 2024,
2023/2024,click_and_collect,click_and_collect,february,Click And Collect - Feb 2024,Click And Collect - Feb 2024,
2023/2024,click_and_collect,click_and_collect,march,Click And Collect - March 2024,Click And Collect - March 2024,
2023/2024,computer_usage,hours_public_computers,april,Number Of Hours Physical Public Pcs Library Issues Devices - April 2023,Number Of Hours Physical Public Pcs Library Issues Devices - April 2023,
2023/2024,computer_usage,hours_public_computers,may,Number Of Hours Physical Public Pcs Library Issues Devices - May 2023,Number Of Hours Physical Public Pcs Library Issues Devices - May 2023,
2023/2024,computer_usage,hours_public_computers,june,Number Of Hours Physical Public Pcs Library Issues Devices - June 2023,Number Of Hours Physical Public Pcs Library Issues Devices - June 2023,
2023/2024,computer_usage,hours_public_computers,july,Number Of Hours Physical Public Pcs Library Issues Devices - July 2023,Number Of Hours Physical Public Pcs Library Issues Devices - July 2023,
2023/2024,computer_usage,hours_public_computers,august,Number Of Hours Physical Public Pcs Library Issues Devices - August 2023,Number Of Hours Physical Public Pcs Library Issues Devices - August 2023,
2023/2024,computer_usage,hours_public_computers,september,Number Of Hours Physical Public Pcs Library Issues Devices - Sept 2023,Number Of Hours Physical Public Pcs Library Issues Devices - Sept 2023,
2023/2024,computer_usage,hours_public_computers,october,Number Of Hours Physical Public Pcs Library Issues Devices - Oct 2023,Number Of Hours Physical Public Pcs Library Issues Devices - Oct 2023,
2023/2024,computer_usage,hours_public_computers,november,Number Of Hours Physical Public Pcs Library Issues Devices - Nov 2023,Number Of Hours Physical Public Pcs Library Issues Devices - Nov 2023,
2023/2024,computer_usage,hours_public_computers,december,Number Of Hours Physical Public Pcs Library Issues Devices - Dec 2023,Number Of Hours Physical Public Pcs Library Issues Devices - Dec 2023,
2023/2024,computer_usage,hours_public_computers,january,Number Of Hours Physical Public Pcs Library Issues Devices - Jan 2024,Number Of Hours Physical Public Pcs Library Issues Devices - Jan 2024,
2023/2024,computer_usage,hours_public_computers,february,Number Of Hours Physical Public Pcs Library Issues Devices - Feb 2024,Number Of Hours Physical Public Pcs Library Issues Devices - Feb 2024,
2023/2024,computer_usage,hours_public_computers,march,Number Of Hours Physical Public Pcs Library Issues Devices - March 2024,Number Of Hours Physical Public Pcs Library Issues Devices - March 2024,
2023/2024,wifi_sessions,wifi_sessions,april,Number Of Sessions Of Wifi Access - April 2023,Number Of Sessions Of Wifi Access - April 2023,
2023/2024,wifi_sessions,wifi_sessions,may,Number Of Sessions Of Wifi Access - May 2023,Number Of Sessions Of Wifi Access - May 2023,
2023/2024,wifi_sessions,wifi_sessions,june,Number Of Sessions Of Wifi Access - June 2023,Number Of Sessions Of Wifi Access - June 2023,
2023/2024,wifi_sessions,wifi_sessions,july,Number Of Sessions Of Wifi Access - July 2023,Number Of Sessions Of Wifi Access - July 2023,
2023/2024,wifi_sessions,wifi_sessions,august,Number Of Sessions Of Wifi Access - August 2023,Number Of Sessions Of Wifi Access - August 2023,
2023/2024,wifi_sessions,wifi_sessions,september,Number Of Sessions Of Wifi Access - Sept 2023,Number Of Sessions Of Wifi Access - Sept 2023,
2023/2024,wifi_sessions,wifi_sessions,october,Number Of Sessions Of Wifi Access - Oct 2023,Number Of Sessions Of Wifi Access - Oct 2023,
2023/2024,wifi_sessions,wifi_sessions,november,Number Of Sessions Of Wifi Access - Nov 2023,Number Of Sessions Of Wifi Access - Nov 2023,
2023/2024,wifi_sessions,wifi_sessions,december,Number Of Sessions Of Wifi Access - Dec 2023,Number Of Sessions Of Wifi Access - Dec 2023,
2023/2024,wifi_sessions,wifi_sessions,january,Number Of Sessions Of Wifi Access - Jan 2024,Number Of Sessions Of Wifi Access - Jan 2024,
2023/2024,wifi_sessions,wifi_sessions,february,Number Of Sessions Of Wifi Access - Feb 2024,Number Of Sessions Of Wifi Access - Feb 2024,
2023/2024,wifi_sessions,wifi_sessions,march,Number Of Sessions Of Wifi Access - March 2024,Number Of Sessions Of Wifi Access - March 2024,
2023/2024,computer_inventory,inventory_computers_in_service,Annual,Pcs & Devices In Service (31/03),Pcs & Devices In Service (31/03),
2023/2024,computer_inventory,inventory_devices_for_loan,Annual,Devices Loan (31/03),Devices Loan (31/03),
2023/2024,computer_inventory,inventory_device_loan_issues,Annual,Device Loan Issues (31/03),Device Loan Issues (31/03),
2024/2025,users,total_active_members,Annual,Q7_1_1,"Please enter the number of active members that were in your system on 31st March 2025. 



This is the number of people who have borrowed at least one piece of physical or digital content in the period April 2024 - March 2025. Please only count each active member once. Please enter whole numbers only.



Please give the total number of members, and then the breakdown only if you use these categories. If you don't, we'll ask for a bit more detail about your collection methods so we can assess the best way to collect this data in future. - Total active members - Active members",
2024/2025,users,active_members_11_under,Annual,Q7_2_1,"Please enter the number of active members that were in your system on 31st March 2025. 



This is the number of people who have borrowed at least one piece of physical or digital content in the period April 2024 - March 2025. Please only count each active member once. Please enter whole numbers only.



Please give the total number of members, and then the breakdown only if you use these categories. If you don't, we'll ask for a bit more detail about your collection methods so we can assess the best way to collect this data in future. - Of which -  children 11 and under - Active members",
2024/2025,users,active_members_adults,Annual,Q7_3_1,"Please enter the number of active members that were in your system on 31st March 2025. 



This is the number of people who have borrowed at least one piece of physical or digital content in the period April 2024 - March 2025. Please only count each active member once. Please enter whole numbers only.



Please give the total number of members, and then the breakdown only if you use these categories. If you don't, we'll ask for a bit more detail about your collection methods so we can assess the best way to collect this data in future. - Of which -  Adult - 18+ - Active members",
2024/2025,users,active_members_12_17,Annual,Q7_4_1,"Please enter the number of active members that were in your system on 31st March 2025. 



This is the number of people who have borrowed at least one piece of physical or digital content in the period April 2024 - March 2025. Please only count each active member once. Please enter whole numbers only.



Please give the total number of members, and then the breakdown only if you use these categories. If you don't, we'll ask for a bit more detail about your collection methods so we can assess the best way to collect this data in future. - Of which -  Young person - aged 12-17 - Active members",
2024/2025,events,total_physical_events,april,Q4_1_1,"Events and attendances



Please complete the table to show the number of events held in each month. Please split the data into physical and digital events.



An event is any scheduled activity session run by the library services which people attend through booking a place, or by 'drop-in', and at least one person attends. The focus is on events that the library services is organising and running. These could be either library generated or using external programming (e.g. summer reading challenge). They donâ€™t need to be in the library building. They can be regular activities e.g. weekly, or they can be 'one off' activities.



Please give the total number of events, and then the breakdown only if you use these categories. If you don't, we'll ask for a bit more detail about your collection methods so we can assess the best way to collect this data in future. If you collect your data quarterly please enter the total in the last month of that quarter (eg Total Q1 in June, Total Q2 in September etc) - Total number of physical events - April 2024",
2024/2025,events,total_physical_events,may,Q4_1_2,"Events and attendances



Please complete the table to show the number of events held in each month. Please split the data into physical and digital events.



An event is any scheduled activity session run by the library services which people attend through booking a place, or by 'drop-in', and at least one person attends. The focus is on events that the library services is organising and running. These could be either library generated or using external programming (e.g. summer reading challenge). They donâ€™t need to be in the library building. They can be regular activities e.g. weekly, or they can be 'one off' activities.



Please give the total number of events, and then the breakdown only if you use these categories. If you don't, we'll ask for a bit more detail about your collection methods so we can assess the best way to collect this data in future. If you collect your data quarterly please enter the total in the last month of that quarter (eg Total Q1 in June, Total Q2 in September etc) - Total number of physical events - May 2024",
2024/2025,events,total_physical_events,june,Q4_1_3,"Events and attendances



Please complete the table to show the number of events held in each month. Please split the data into physical and digital events.



An event is any scheduled activity session run by the library services which people attend through booking a place, or by 'drop-in', and at least one person attends. The focus is on events that the library services is organising and running. These could be either library generated or using external programming (e.g. summer reading challenge). They donâ€™t need to be in the library building. They can be regular activities e.g. weekly, or they can be 'one off' activities.



Please give the total number of events, and then the breakdown only if you use these categories. If you don't, we'll ask for a bit more detail about your collection methods so we can assess the best way to collect this data in future. If you collect your data quarterly please enter the total in the last month of that quarter (eg Total Q1 in June, Total Q2 in September etc) - Total number of physical events - June 2024/Q1",
2024/2025,events,total_physical_events,july,Q4_1_4,"Events and attendances



Please complete the table to show the number of events held in each month. Please split the data into physical and digital events.



An event is any scheduled activity session run by the library services which people attend through booking a place, or by 'drop-in', and at least one person attends. The focus is on events that the library services is organising and running. These could be either library generated or using external programming (e.g. summer reading challenge). They donâ€™t need to be in the library building. They can be regular activities e.g. weekly, or they can be 'one off' activities.



Please give the total number of events, and then the breakdown only if you use these categories. If you don't, we'll ask for a bit more detail about your collection methods so we can assess the best way to collect this data in future. If you collect your data quarterly please enter the total in the last month of that quarter (eg Total Q1 in June, Total Q2 in September etc) - Total number of physical events - July 2024",
2024/2025,events,total_physical_events,august,Q4_1_5,"Events and attendances



Please complete the table to show the number of events held in each month. Please split the data into physical and digital events.



An event is any scheduled activity session run by the library services which people attend through booking a place, or by 'drop-in', and at least one person attends. The focus is on events that the library services is organising and running. These could be either library generated or using external programming (e.g. summer reading challenge). They donâ€™t need to be in the library building. They can be regular activities e.g. weekly, or they can be 'one off' activities.



Please give the total number of events, and then the breakdown only if you use these categories. If you don't, we'll ask for a bit more detail about your collection methods so we can assess the best way to collect this data in future. If you collect your data quarterly please enter the total in the last month of that quarter (eg Total Q1 in June, Total Q2 in September etc) - Total number of physical events - August 2024",
2024/2025,events,total_physical_events,september,Q4_1_6,"Events and attendances



Please complete the table to show the number of events held in each month. Please split the data into physical and digital events.



An event is any scheduled activity session run by the library services which people attend through booking a place, or by 'drop-in', and at least one person attends. The focus is on events that the library services is organising and running. These could be either library generated or using external programming (e.g. summer reading challenge). They donâ€™t need to be in the library building. They can be regular activities e.g. weekly, or they can be 'one off' activities.



Please give the total number of events, and then the breakdown only if you use these categories. If you don't, we'll ask for a bit more detail about your collection methods so we can assess the best way to collect this data in future. If you collect your data quarterly please enter the total in the last month of that quarter (eg Total Q1 in June, Total Q2 in September etc) - Total number of physical events - Sept 2024/Q1",
2024/2025,events,total_physical_events,october,Q4_1_7,"Events and attendances



Please complete the table to show the number of events held in each month. Please split the data into physical and digital events.



An event is any scheduled activity session run by the library services which people attend through booking a place, or by 'drop-in', and at least one person attends. The focus is on events that the library services is organising and running. These could be either library generated or using external programming (e.g. summer reading challenge). They donâ€™t need to be in the library building. They can be regular activities e.g. weekly, or they can be 'one off' activities.



Please give the total number of events, and then the breakdown only if you use these categories. If you don't, we'll ask for a bit more detail about your collection methods so we can assess the best way to collect this data in future. If you collect your data quarterly please enter the total in the last month of that quarter (eg Total Q1 in June, Total Q2 in September etc) - Total number of physical events - Oct 2024",
2024/2025,events,total_physical_events,november,Q4_1_8,"Events and attendances



Please complete the table to show the number of events held in each month. Please split the data into physical and digital events.



An event is any scheduled activity session run by the library services which people attend through booking a place, or by 'drop-in', and at least one person attends. The focus is on events that the library services is organising and running. These could be either library generated or using external programming (e.g. summer reading challenge). They donâ€™t need to be in the library building. They can be regular activities e.g. weekly, or they can be 'one off' activities.



Please give the total number of events, and then the breakdown only if you use these categories. If you don't, we'll ask for a bit more detail about your collection methods so we can assess the best way to collect this data in future. If you collect your data quarterly please enter the total in the last month of that quarter (eg Total Q1 in June, Total Q2 in September etc) - Total number of physical events - Nov 2024",
2024/2025,events,total_physical_events,december,Q4_1_9,"Events and attendances



Please complete the table to show the number of events held in each month. Please split the data into physical and digital events.



An event is any scheduled activity session run by the library services which people attend through booking a place, or by 'drop-in', and at least one person attends. The focus is on events that the library services is organising and running. These could be either library generated or using external programming (e.g. summer reading challenge). They donâ€™t need to be in the library building. They can be regular activities e.g. weekly, or they can be 'one off' activities.



Please give the total number of events, and then the breakdown only if you use these categories. If you don't, we'll ask for a bit more detail about your collection methods so we can assess the best way to collect this data in future. If you collect your data quarterly please enter the total in the last month of that quarter (eg Total Q1 in June, Total Q2 in September etc) - Total number of physical events - Dec 2024/Q3",
2024/2025,events,total_physical_events,january,Q4_1_10,"Events and attendances



Please complete the table to show the number of events held in each month. Please split the data into physical and digital events.



An event is any scheduled activity session run by the library services which people attend through booking a place, or by 'drop-in', and at least one person attends. The focus is on events that the library services is organising and running. These could be either library generated or using external programming (e.g. summer reading challenge). They donâ€™t need to be in the library building. They can be regular activities e.g. weekly, or they can be 'one off' activities.



Please give the total number of events, and then the breakdown only if you use these categories. If you don't, we'll ask for a bit more detail about your collection methods so we can assess the best way to collect this data in future. If you collect your data quarterly please enter the total in the last month of that quarter (eg Total Q1 in June, Total Q2 in September etc) - Total number of physical events - Jan 2025",
2024/2025,events,total_physical_events,february,Q4_1_11,"Events and attendances



Please complete the table to show the number of events held in each month. Please split the data into physical and digital events.



An event is any scheduled activity session run by the library services which people attend through booking a place, or by 'drop-in', and at least one person attends. The focus is on events that the library services is organising and running. These could be either library generated or using external programming (e.g. summer reading challenge). They donâ€™t need to be in the library building. They can be regular activities e.g. weekly, or they can be 'one off' activities.



Please give the total number of events, and then the breakdown only if you use these categories. If you don't, we'll ask for a bit more detail about your collection methods so we can assess the best way to collect this data in future. If you collect your data quarterly please enter the total in the last month of that quarter (eg Total Q1 in June, Total Q2 in September etc) - Total number of physical events - Feb 2025",
2024/2025,events,total_physical_events,march,Q4_1_12,"Events and attendances



Please complete the table to show the number of events held in each month. Please split the data into physical and digital events.



An event is any scheduled activity session run by the library services which people attend through booking a place, or by 'drop-in', and at least one person attends. The focus is on events that the library services is organising and running. These could be either library generated or using external programming (e.g. summer reading challenge). They donâ€™t need to be in the library building. They can be regular activities e.g. weekly, or they can be 'one off' activities.



Please give the total number of events, and then the breakdown only if you use these categories. If you don't, we'll ask for a bit more detail about your collection methods so we can assess the best way to collect this data in future. If you collect your data quarterly please enter the total in the last month of that quarter (eg Total Q1 in June, Total Q2 in September etc) - Total number of physical events - March 2025",
2024/2025,events,total_physical_events,Annual,Q4_1_Total,Total PHYSICAL events - Total 2024/25,
2024/2025,events,physical_events_adults,april,Q4_2_1,"Events and attendances



Please complete the table to show the number of events held in each month. Please split the data into physical and digital events.



An event is any scheduled activity session run by the library services which people attend through booking a place, or by 'drop-in', and at least one person attends. The focus is on events that the library services is organising and running. These could be either library generated or using external programming (e.g. summer reading challenge). They donâ€™t need to be in the library building. They can be regular activities e.g. weekly, or they can be 'one off' activities.



Please give the total number of events, and then the breakdown only if you use these categories. If you don't, we'll ask for a bit more detail about your collection methods so we can assess the best way to collect this data in future. If you collect your data quarterly please enter the total in the last month of that quarter (eg Total Q1 in June, Total Q2 in September etc) - Physical events aimed at adults age 18+ - April 2024",
2024/2025,events,physical_events_adults,may,Q4_2_2,"Events and attendances



Please complete the table to show the number of events held in each month. Please split the data into physical and digital events.



An event is any scheduled activity session run by the library services which people attend through booking a place, or by 'drop-in', and at least one person attends. The focus is on events that the library services is organising and running. These could be either library generated or using external programming (e.g. summer reading challenge). They donâ€™t need to be in the library building. They can be regular activities e.g. weekly, or they can be 'one off' activities.



Please give the total number of events, and then the breakdown only if you use these categories. If you don't, we'll ask for a bit more detail about your collection methods so we can assess the best way to collect this data in future. If you collect your data quarterly please enter the total in the last month of that quarter (eg Total Q1 in June, Total Q2 in September etc) - Physical events aimed at adults age 18+ - May 2024",
2024/2025,events,physical_events_adults,june,Q4_2_3,"Events and attendances



Please complete the table to show the number of events held in each month. Please split the data into physical and digital events.



An event is any scheduled activity session run by the library services which people attend through booking a place, or by 'drop-in', and at least one person attends. The focus is on events that the library services is organising and running. These could be either library generated or using external programming (e.g. summer reading challenge). They donâ€™t need to be in the library building. They can be regular activities e.g. weekly, or they can be 'one off' activities.



Please give the total number of events, and then the breakdown only if you use these categories. If you don't, we'll ask for a bit more detail about your collection methods so we can assess the best way to collect this data in future. If you collect your data quarterly please enter the total in the last month of that quarter (eg Total Q1 in June, Total Q2 in September etc) - Physical events aimed at adults age 18+ - June 2024/Q1",
2024/2025,events,physical_events_adults,july,Q4_2_4,"Events and attendances



Please complete the table to show the number of events held in each month. Please split the data into physical and digital events.



An event is any scheduled activity session run by the library services which people attend through booking a place, or by 'drop-in', and at least one person attends. The focus is on events that the library services is organising and running. These could be either library generated or using external programming (e.g. summer reading challenge). They donâ€™t need to be in the library building. They can be regular activities e.g. weekly, or they can be 'one off' activities.



Please give the total number of events, and then the breakdown only if you use these categories. If you don't, we'll ask for a bit more detail about your collection methods so we can assess the best way to collect this data in future. If you collect your data quarterly please enter the total in the last month of that quarter (eg Total Q1 in June, Total Q2 in September etc) - Physical events aimed at adults age 18+ - July 2024",
2024/2025,events,physical_events_adults,august,Q4_2_5,"Events and attendances



Please complete the table to show the number of events held in each month. Please split the data into physical and digital events.



An event is any scheduled activity session run by the library services which people attend through booking a place, or by 'drop-in', and at least one person attends. The focus is on events that the library services is organising and running. These could be either library generated or using external programming (e.g. summer reading challenge). They donâ€™t need to be in the library building. They can be regular activities e.g. weekly, or they can be 'one off' activities.



Please give the total number of events, and then the breakdown only if you use these categories. If you don't, we'll ask for a bit more detail about your collection methods so we can assess the best way to collect this data in future. If you collect your data quarterly please enter the total in the last month of that quarter (eg Total Q1 in June, Total Q2 in September etc) - Physical events aimed at adults age 18+ - August 2024",
2024/2025,events,physical_events_adults,september,Q4_2_6,"Events and attendances



Please complete the table to show the number of events held in each month. Please split the data into physical and digital events.



An event is any scheduled activity session run by the library services which people attend through booking a place, or by 'drop-in', and at least one person attends. The focus is on events that the library services is organising and running. These could be either library generated or using external programming (e.g. summer reading challenge). They donâ€™t need to be in the library building. They can be regular activities e.g. weekly, or they can be 'one off' activities.



Please give the total number of events, and then the breakdown only if you use these categories. If you don't, we'll ask for a bit more detail about your collection methods so we can assess the best way to collect this data in future. If you collect your data quarterly please enter the total in the last month of that quarter (eg Total Q1 in June, Total Q2 in September etc) - Physical events aimed at adults age 18+ - Sept 2024/Q1",
2024/2025,events,physical_events_adults,october,Q4_2_7,"Events and attendances



Please complete the table to show the number of events held in each month. Please split the data into physical and digital events.



An event is any scheduled activity session run by the library services which people attend through booking a place, or by 'drop-in', and at least one person attends. The focus is on events that the library services is organising and running. These could be either library generated or using external programming (e.g. summer reading challenge). They donâ€™t need to be in the library building. They can be regular activities e.g. weekly, or they can be 'one off' activities.



Please give the total number of events, and then the breakdown only if you use these categories. If you don't, we'll ask for a bit more detail about your collection methods so we can assess the best way to collect this data in future. If you collect your data quarterly please enter the total in the last month of that quarter (eg Total Q1 in June, Total Q2 in September etc) - Physical events aimed at adults age 18+ - Oct 2024",
2024/2025,events,physical_events_adults,november,Q4_2_8,"Events and attendances



Please complete the table to show the number of events held in each month. Please split the data into physical and digital events.



An event is any scheduled activity session run by the library services which people attend through booking a place, or by 'drop-in', and at least one person attends. The focus is on events that the library services is organising and running. These could be either library generated or using external programming (e.g. summer reading challenge). They donâ€™t need to be in the library building. They can be regular activities e.g. weekly, or they can be 'one off' activities.



Please give the total number of events, and then the breakdown only if you use these categories. If you don't, we'll ask for a bit more detail about your collection methods so we can assess the best way to collect this data in future. If you collect your data quarterly please enter the total in the last month of that quarter (eg Total Q1 in June, Total Q2 in September etc) - Physical events aimed at adults age 18+ - Nov 2024",
2024/2025,events,physical_events_adults,december,Q4_2_9,"Events and attendances



Please complete the table to show the number of events held in each month. Please split the data into physical and digital events.



An event is any scheduled activity session run by the library services which people attend through booking a place, or by 'drop-in', and at least one person attends. The focus is on events that the library services is organising and running. These could be either library generated or using external programming (e.g. summer reading challenge). They donâ€™t need to be in the library building. They can be regular activities e.g. weekly, or they can be 'one off' activities.



Please give the total number of events, and then the breakdown only if you use these categories. If you don't, we'll ask for a bit more detail about your collection methods so we can assess the best way to collect this data in future. If you collect your data quarterly please enter the total in the last month of that quarter (eg Total Q1 in June, Total Q2 in September etc) - Physical events aimed at adults age 18+ - Dec 2024/Q3",
2024/2025,events,physical_events_adults,january,Q4_2_10,"Events and attendances



Please complete the table to show the number of events held in each month. Please split the data into physical and digital events.



An event is any scheduled activity session run by the library services which people attend through booking a place, or by 'drop-in', and at least one person attends. The focus is on events that the library services is organising and running. These could be either library generated or using external programming (e.g. summer reading challenge). They donâ€™t need to be in the library building. They can be regular activities e.g. weekly, or they can be 'one off' activities.



Please give the total number of events, and then the breakdown only if you use these categories. If you don't, we'll ask for a bit more detail about your collection methods so we can assess the best way to collect this data in future. If you collect your data quarterly please enter the total in the last month of that quarter (eg Total Q1 in June, Total Q2 in September etc) - Physical events aimed at adults age 18+ - Jan 2025",
2024/2025,events,physical_events_adults,february,Q4_2_11,"Events and attendances



Please complete the table to show the number of events held in each month. Please split the data into physical and digital events.



An event is any scheduled activity session run by the library services which people attend through booking a place, or by 'drop-in', and at least one person attends. The focus is on events that the library services is organising and running. These could be either library generated or using external programming (e.g. summer reading challenge). They donâ€™t need to be in the library building. They can be regular activities e.g. weekly, or they can be 'one off' activities.



Please give the total number of events, and then the breakdown only if you use these categories. If you don't, we'll ask for a bit more detail about your collection methods so we can assess the best way to collect this data in future. If you collect your data quarterly please enter the total in the last month of that quarter (eg Total Q1 in June, Total Q2 in September etc) - Physical events aimed at adults age 18+ - Feb 2025",
2024/2025,events,physical_events_adults,march,Q4_2_12,"Events and attendances



Please complete the table to show the number of events held in each month. Please split the data into physical and digital events.



An event is any scheduled activity session run by the library services which people attend through booking a place, or by 'drop-in', and at least one person attends. The focus is on events that the library services is organising and running. These could be either library generated or using external programming (e.g. summer reading challenge). They donâ€™t need to be in the library building. They can be regular activities e.g. weekly, or they can be 'one off' activities.



Please give the total number of events, and then the breakdown only if you use these categories. If you don't, we'll ask for a bit more detail about your collection methods so we can assess the best way to collect this data in future. If you collect your data quarterly please enter the total in the last month of that quarter (eg Total Q1 in June, Total Q2 in September etc) - Physical events aimed at adults age 18+ - March 2025",
2024/2025,events,physical_events_adults,Annual,Q4_2_Total,PHYSICAL events - Children (11 and under) - Total 2024/25,"Annual label uses the 2025/26 demographic order; use the verified monthly question group and formula, not this label."
2024/2025,events,physical_events_11_under,april,Q4_3_1,"Events and attendances



Please complete the table to show the number of events held in each month. Please split the data into physical and digital events.



An event is any scheduled activity session run by the library services which people attend through booking a place, or by 'drop-in', and at least one person attends. The focus is on events that the library services is organising and running. These could be either library generated or using external programming (e.g. summer reading challenge). They donâ€™t need to be in the library building. They can be regular activities e.g. weekly, or they can be 'one off' activities.



Please give the total number of events, and then the breakdown only if you use these categories. If you don't, we'll ask for a bit more detail about your collection methods so we can assess the best way to collect this data in future. If you collect your data quarterly please enter the total in the last month of that quarter (eg Total Q1 in June, Total Q2 in September etc) - Physical events aimed at children 11 and under - April 2024",
2024/2025,events,physical_events_11_under,may,Q4_3_2,"Events and attendances



Please complete the table to show the number of events held in each month. Please split the data into physical and digital events.



An event is any scheduled activity session run by the library services which people attend through booking a place, or by 'drop-in', and at least one person attends. The focus is on events that the library services is organising and running. These could be either library generated or using external programming (e.g. summer reading challenge). They donâ€™t need to be in the library building. They can be regular activities e.g. weekly, or they can be 'one off' activities.



Please give the total number of events, and then the breakdown only if you use these categories. If you don't, we'll ask for a bit more detail about your collection methods so we can assess the best way to collect this data in future. If you collect your data quarterly please enter the total in the last month of that quarter (eg Total Q1 in June, Total Q2 in September etc) - Physical events aimed at children 11 and under - May 2024",
2024/2025,events,physical_events_11_under,june,Q4_3_3,"Events and attendances



Please complete the table to show the number of events held in each month. Please split the data into physical and digital events.



An event is any scheduled activity session run by the library services which people attend through booking a place, or by 'drop-in', and at least one person attends. The focus is on events that the library services is organising and running. These could be either library generated or using external programming (e.g. summer reading challenge). They donâ€™t need to be in the library building. They can be regular activities e.g. weekly, or they can be 'one off' activities.



Please give the total number of events, and then the breakdown only if you use these categories. If you don't, we'll ask for a bit more detail about your collection methods so we can assess the best way to collect this data in future. If you collect your data quarterly please enter the total in the last month of that quarter (eg Total Q1 in June, Total Q2 in September etc) - Physical events aimed at children 11 and under - June 2024/Q1",
2024/2025,events,physical_events_11_under,july,Q4_3_4,"Events and attendances



Please complete the table to show the number of events held in each month. Please split the data into physical and digital events.



An event is any scheduled activity session run by the library services which people attend through booking a place, or by 'drop-in', and at least one person attends. The focus is on events that the library services is organising and running. These could be either library generated or using external programming (e.g. summer reading challenge). They donâ€™t need to be in the library building. They can be regular activities e.g. weekly, or they can be 'one off' activities.



Please give the total number of events, and then the breakdown only if you use these categories. If you don't, we'll ask for a bit more detail about your collection methods so we can assess the best way to collect this data in future. If you collect your data quarterly please enter the total in the last month of that quarter (eg Total Q1 in June, Total Q2 in September etc) - Physical events aimed at children 11 and under - July 2024",
2024/2025,events,physical_events_11_under,august,Q4_3_5,"Events and attendances



Please complete the table to show the number of events held in each month. Please split the data into physical and digital events.



An event is any scheduled activity session run by the library services which people attend through booking a place, or by 'drop-in', and at least one person attends. The focus is on events that the library services is organising and running. These could be either library generated or using external programming (e.g. summer reading challenge). They donâ€™t need to be in the library building. They can be regular activities e.g. weekly, or they can be 'one off' activities.



Please give the total number of events, and then the breakdown only if you use these categories. If you don't, we'll ask for a bit more detail about your collection methods so we can assess the best way to collect this data in future. If you collect your data quarterly please enter the total in the last month of that quarter (eg Total Q1 in June, Total Q2 in September etc) - Physical events aimed at children 11 and under - August 2024",
2024/2025,events,physical_events_11_under,september,Q4_3_6,"Events and attendances



Please complete the table to show the number of events held in each month. Please split the data into physical and digital events.



An event is any scheduled activity session run by the library services which people attend through booking a place, or by 'drop-in', and at least one person attends. The focus is on events that the library services is organising and running. These could be either library generated or using external programming (e.g. summer reading challenge). They donâ€™t need to be in the library building. They can be regular activities e.g. weekly, or they can be 'one off' activities.



Please give the total number of events, and then the breakdown only if you use these categories. If you don't, we'll ask for a bit more detail about your collection methods so we can assess the best way to collect this data in future. If you collect your data quarterly please enter the total in the last month of that quarter (eg Total Q1 in June, Total Q2 in September etc) - Physical events aimed at children 11 and under - Sept 2024/Q1",
2024/2025,events,physical_events_11_under,october,Q4_3_7,"Events and attendances



Please complete the table to show the number of events held in each month. Please split the data into physical and digital events.



An event is any scheduled activity session run by the library services which people attend through booking a place, or by 'drop-in', and at least one person attends. The focus is on events that the library services is organising and running. These could be either library generated or using external programming (e.g. summer reading challenge). They donâ€™t need to be in the library building. They can be regular activities e.g. weekly, or they can be 'one off' activities.



Please give the total number of events, and then the breakdown only if you use these categories. If you don't, we'll ask for a bit more detail about your collection methods so we can assess the best way to collect this data in future. If you collect your data quarterly please enter the total in the last month of that quarter (eg Total Q1 in June, Total Q2 in September etc) - Physical events aimed at children 11 and under - Oct 2024",
2024/2025,events,physical_events_11_under,november,Q4_3_8,"Events and attendances



Please complete the table to show the number of events held in each month. Please split the data into physical and digital events.



An event is any scheduled activity session run by the library services which people attend through booking a place, or by 'drop-in', and at least one person attends. The focus is on events that the library services is organising and running. These could be either library generated or using external programming (e.g. summer reading challenge). They donâ€™t need to be in the library building. They can be regular activities e.g. weekly, or they can be 'one off' activities.



Please give the total number of events, and then the breakdown only if you use these categories. If you don't, we'll ask for a bit more detail about your collection methods so we can assess the best way to collect this data in future. If you collect your data quarterly please enter the total in the last month of that quarter (eg Total Q1 in June, Total Q2 in September etc) - Physical events aimed at children 11 and under - Nov 2024",
2024/2025,events,physical_events_11_under,december,Q4_3_9,"Events and attendances



Please complete the table to show the number of events held in each month. Please split the data into physical and digital events.



An event is any scheduled activity session run by the library services which people attend through booking a place, or by 'drop-in', and at least one person attends. The focus is on events that the library services is organising and running. These could be either library generated or using external programming (e.g. summer reading challenge). They donâ€™t need to be in the library building. They can be regular activities e.g. weekly, or they can be 'one off' activities.



Please give the total number of events, and then the breakdown only if you use these categories. If you don't, we'll ask for a bit more detail about your collection methods so we can assess the best way to collect this data in future. If you collect your data quarterly please enter the total in the last month of that quarter (eg Total Q1 in June, Total Q2 in September etc) - Physical events aimed at children 11 and under - Dec 2024/Q3",
2024/2025,events,physical_events_11_under,january,Q4_3_10,"Events and attendances



Please complete the table to show the number of events held in each month. Please split the data into physical and digital events.



An event is any scheduled activity session run by the library services which people attend through booking a place, or by 'drop-in', and at least one person attends. The focus is on events that the library services is organising and running. These could be either library generated or using external programming (e.g. summer reading challenge). They donâ€™t need to be in the library building. They can be regular activities e.g. weekly, or they can be 'one off' activities.



Please give the total number of events, and then the breakdown only if you use these categories. If you don't, we'll ask for a bit more detail about your collection methods so we can assess the best way to collect this data in future. If you collect your data quarterly please enter the total in the last month of that quarter (eg Total Q1 in June, Total Q2 in September etc) - Physical events aimed at children 11 and under - Jan 2025",
2024/2025,events,physical_events_11_under,february,Q4_3_11,"Events and attendances



Please complete the table to show the number of events held in each month. Please split the data into physical and digital events.



An event is any scheduled activity session run by the library services which people attend through booking a place, or by 'drop-in', and at least one person attends. The focus is on events that the library services is organising and running. These could be either library generated or using external programming (e.g. summer reading challenge). They donâ€™t need to be in the library building. They can be regular activities e.g. weekly, or they can be 'one off' activities.



Please give the total number of events, and then the breakdown only if you use these categories. If you don't, we'll ask for a bit more detail about your collection methods so we can assess the best way to collect this data in future. If you collect your data quarterly please enter the total in the last month of that quarter (eg Total Q1 in June, Total Q2 in September etc) - Physical events aimed at children 11 and under - Feb 2025",
2024/2025,events,physical_events_11_under,march,Q4_3_12,"Events and attendances



Please complete the table to show the number of events held in each month. Please split the data into physical and digital events.



An event is any scheduled activity session run by the library services which people attend through booking a place, or by 'drop-in', and at least one person attends. The focus is on events that the library services is organising and running. These could be either library generated or using external programming (e.g. summer reading challenge). They donâ€™t need to be in the library building. They can be regular activities e.g. weekly, or they can be 'one off' activities.



Please give the total number of events, and then the breakdown only if you use these categories. If you don't, we'll ask for a bit more detail about your collection methods so we can assess the best way to collect this data in future. If you collect your data quarterly please enter the total in the last month of that quarter (eg Total Q1 in June, Total Q2 in September etc) - Physical events aimed at children 11 and under - March 2025",
2024/2025,events,physical_events_11_under,Annual,Q4_3_Total,PHYSICAL events - Young people (12-17) - Total 2024/25,"Annual label uses the 2025/26 demographic order; use the verified monthly question group and formula, not this label."
2024/2025,events,physical_events_12_17,april,Q4_4_1,"Events and attendances



Please complete the table to show the number of events held in each month. Please split the data into physical and digital events.



An event is any scheduled activity session run by the library services which people attend through booking a place, or by 'drop-in', and at least one person attends. The focus is on events that the library services is organising and running. These could be either library generated or using external programming (e.g. summer reading challenge). They donâ€™t need to be in the library building. They can be regular activities e.g. weekly, or they can be 'one off' activities.



Please give the total number of events, and then the breakdown only if you use these categories. If you don't, we'll ask for a bit more detail about your collection methods so we can assess the best way to collect this data in future. If you collect your data quarterly please enter the total in the last month of that quarter (eg Total Q1 in June, Total Q2 in September etc) - Physical events aimed at young people between 12 and 17 - April 2024",
2024/2025,events,physical_events_12_17,may,Q4_4_2,"Events and attendances



Please complete the table to show the number of events held in each month. Please split the data into physical and digital events.



An event is any scheduled activity session run by the library services which people attend through booking a place, or by 'drop-in', and at least one person attends. The focus is on events that the library services is organising and running. These could be either library generated or using external programming (e.g. summer reading challenge). They donâ€™t need to be in the library building. They can be regular activities e.g. weekly, or they can be 'one off' activities.



Please give the total number of events, and then the breakdown only if you use these categories. If you don't, we'll ask for a bit more detail about your collection methods so we can assess the best way to collect this data in future. If you collect your data quarterly please enter the total in the last month of that quarter (eg Total Q1 in June, Total Q2 in September etc) - Physical events aimed at young people between 12 and 17 - May 2024",
2024/2025,events,physical_events_12_17,june,Q4_4_3,"Events and attendances



Please complete the table to show the number of events held in each month. Please split the data into physical and digital events.



An event is any scheduled activity session run by the library services which people attend through booking a place, or by 'drop-in', and at least one person attends. The focus is on events that the library services is organising and running. These could be either library generated or using external programming (e.g. summer reading challenge). They donâ€™t need to be in the library building. They can be regular activities e.g. weekly, or they can be 'one off' activities.



Please give the total number of events, and then the breakdown only if you use these categories. If you don't, we'll ask for a bit more detail about your collection methods so we can assess the best way to collect this data in future. If you collect your data quarterly please enter the total in the last month of that quarter (eg Total Q1 in June, Total Q2 in September etc) - Physical events aimed at young people between 12 and 17 - June 2024/Q1",
2024/2025,events,physical_events_12_17,july,Q4_4_4,"Events and attendances



Please complete the table to show the number of events held in each month. Please split the data into physical and digital events.



An event is any scheduled activity session run by the library services which people attend through booking a place, or by 'drop-in', and at least one person attends. The focus is on events that the library services is organising and running. These could be either library generated or using external programming (e.g. summer reading challenge). They donâ€™t need to be in the library building. They can be regular activities e.g. weekly, or they can be 'one off' activities.



Please give the total number of events, and then the breakdown only if you use these categories. If you don't, we'll ask for a bit more detail about your collection methods so we can assess the best way to collect this data in future. If you collect your data quarterly please enter the total in the last month of that quarter (eg Total Q1 in June, Total Q2 in September etc) - Physical events aimed at young people between 12 and 17 - July 2024",
2024/2025,events,physical_events_12_17,august,Q4_4_5,"Events and attendances



Please complete the table to show the number of events held in each month. Please split the data into physical and digital events.



An event is any scheduled activity session run by the library services which people attend through booking a place, or by 'drop-in', and at least one person attends. The focus is on events that the library services is organising and running. These could be either library generated or using external programming (e.g. summer reading challenge). They donâ€™t need to be in the library building. They can be regular activities e.g. weekly, or they can be 'one off' activities.



Please give the total number of events, and then the breakdown only if you use these categories. If you don't, we'll ask for a bit more detail about your collection methods so we can assess the best way to collect this data in future. If you collect your data quarterly please enter the total in the last month of that quarter (eg Total Q1 in June, Total Q2 in September etc) - Physical events aimed at young people between 12 and 17 - August 2024",
2024/2025,events,physical_events_12_17,september,Q4_4_6,"Events and attendances



Please complete the table to show the number of events held in each month. Please split the data into physical and digital events.



An event is any scheduled activity session run by the library services which people attend through booking a place, or by 'drop-in', and at least one person attends. The focus is on events that the library services is organising and running. These could be either library generated or using external programming (e.g. summer reading challenge). They donâ€™t need to be in the library building. They can be regular activities e.g. weekly, or they can be 'one off' activities.



Please give the total number of events, and then the breakdown only if you use these categories. If you don't, we'll ask for a bit more detail about your collection methods so we can assess the best way to collect this data in future. If you collect your data quarterly please enter the total in the last month of that quarter (eg Total Q1 in June, Total Q2 in September etc) - Physical events aimed at young people between 12 and 17 - Sept 2024/Q1",
2024/2025,events,physical_events_12_17,october,Q4_4_7,"Events and attendances



Please complete the table to show the number of events held in each month. Please split the data into physical and digital events.



An event is any scheduled activity session run by the library services which people attend through booking a place, or by 'drop-in', and at least one person attends. The focus is on events that the library services is organising and running. These could be either library generated or using external programming (e.g. summer reading challenge). They donâ€™t need to be in the library building. They can be regular activities e.g. weekly, or they can be 'one off' activities.



Please give the total number of events, and then the breakdown only if you use these categories. If you don't, we'll ask for a bit more detail about your collection methods so we can assess the best way to collect this data in future. If you collect your data quarterly please enter the total in the last month of that quarter (eg Total Q1 in June, Total Q2 in September etc) - Physical events aimed at young people between 12 and 17 - Oct 2024",
2024/2025,events,physical_events_12_17,november,Q4_4_8,"Events and attendances



Please complete the table to show the number of events held in each month. Please split the data into physical and digital events.



An event is any scheduled activity session run by the library services which people attend through booking a place, or by 'drop-in', and at least one person attends. The focus is on events that the library services is organising and running. These could be either library generated or using external programming (e.g. summer reading challenge). They donâ€™t need to be in the library building. They can be regular activities e.g. weekly, or they can be 'one off' activities.



Please give the total number of events, and then the breakdown only if you use these categories. If you don't, we'll ask for a bit more detail about your collection methods so we can assess the best way to collect this data in future. If you collect your data quarterly please enter the total in the last month of that quarter (eg Total Q1 in June, Total Q2 in September etc) - Physical events aimed at young people between 12 and 17 - Nov 2024",
2024/2025,events,physical_events_12_17,december,Q4_4_9,"Events and attendances



Please complete the table to show the number of events held in each month. Please split the data into physical and digital events.



An event is any scheduled activity session run by the library services which people attend through booking a place, or by 'drop-in', and at least one person attends. The focus is on events that the library services is organising and running. These could be either library generated or using external programming (e.g. summer reading challenge). They donâ€™t need to be in the library building. They can be regular activities e.g. weekly, or they can be 'one off' activities.



Please give the total number of events, and then the breakdown only if you use these categories. If you don't, we'll ask for a bit more detail about your collection methods so we can assess the best way to collect this data in future. If you collect your data quarterly please enter the total in the last month of that quarter (eg Total Q1 in June, Total Q2 in September etc) - Physical events aimed at young people between 12 and 17 - Dec 2024/Q3",
2024/2025,events,physical_events_12_17,january,Q4_4_10,"Events and attendances



Please complete the table to show the number of events held in each month. Please split the data into physical and digital events.



An event is any scheduled activity session run by the library services which people attend through booking a place, or by 'drop-in', and at least one person attends. The focus is on events that the library services is organising and running. These could be either library generated or using external programming (e.g. summer reading challenge). They donâ€™t need to be in the library building. They can be regular activities e.g. weekly, or they can be 'one off' activities.



Please give the total number of events, and then the breakdown only if you use these categories. If you don't, we'll ask for a bit more detail about your collection methods so we can assess the best way to collect this data in future. If you collect your data quarterly please enter the total in the last month of that quarter (eg Total Q1 in June, Total Q2 in September etc) - Physical events aimed at young people between 12 and 17 - Jan 2025",
2024/2025,events,physical_events_12_17,february,Q4_4_11,"Events and attendances



Please complete the table to show the number of events held in each month. Please split the data into physical and digital events.



An event is any scheduled activity session run by the library services which people attend through booking a place, or by 'drop-in', and at least one person attends. The focus is on events that the library services is organising and running. These could be either library generated or using external programming (e.g. summer reading challenge). They donâ€™t need to be in the library building. They can be regular activities e.g. weekly, or they can be 'one off' activities.



Please give the total number of events, and then the breakdown only if you use these categories. If you don't, we'll ask for a bit more detail about your collection methods so we can assess the best way to collect this data in future. If you collect your data quarterly please enter the total in the last month of that quarter (eg Total Q1 in June, Total Q2 in September etc) - Physical events aimed at young people between 12 and 17 - Feb 2025",
2024/2025,events,physical_events_12_17,march,Q4_4_12,"Events and attendances



Please complete the table to show the number of events held in each month. Please split the data into physical and digital events.



An event is any scheduled activity session run by the library services which people attend through booking a place, or by 'drop-in', and at least one person attends. The focus is on events that the library services is organising and running. These could be either library generated or using external programming (e.g. summer reading challenge). They donâ€™t need to be in the library building. They can be regular activities e.g. weekly, or they can be 'one off' activities.



Please give the total number of events, and then the breakdown only if you use these categories. If you don't, we'll ask for a bit more detail about your collection methods so we can assess the best way to collect this data in future. If you collect your data quarterly please enter the total in the last month of that quarter (eg Total Q1 in June, Total Q2 in September etc) - Physical events aimed at young people between 12 and 17 - March 2025",
2024/2025,events,physical_events_12_17,Annual,Q4_4_Total,PHYSICAL events - Adult (18+) or unclassified - Total 2024/25,"Annual label uses the 2025/26 demographic order; use the verified monthly question group and formula, not this label."
2024/2025,events,physical_events_all_ages,april,Q4_5_1,"Events and attendances



Please complete the table to show the number of events held in each month. Please split the data into physical and digital events.



An event is any scheduled activity session run by the library services which people attend through booking a place, or by 'drop-in', and at least one person attends. The focus is on events that the library services is organising and running. These could be either library generated or using external programming (e.g. summer reading challenge). They donâ€™t need to be in the library building. They can be regular activities e.g. weekly, or they can be 'one off' activities.



Please give the total number of events, and then the breakdown only if you use these categories. If you don't, we'll ask for a bit more detail about your collection methods so we can assess the best way to collect this data in future. If you collect your data quarterly please enter the total in the last month of that quarter (eg Total Q1 in June, Total Q2 in September etc) - Physical events aimed at all age groups - April 2024",
2024/2025,events,physical_events_all_ages,may,Q4_5_2,"Events and attendances



Please complete the table to show the number of events held in each month. Please split the data into physical and digital events.



An event is any scheduled activity session run by the library services which people attend through booking a place, or by 'drop-in', and at least one person attends. The focus is on events that the library services is organising and running. These could be either library generated or using external programming (e.g. summer reading challenge). They donâ€™t need to be in the library building. They can be regular activities e.g. weekly, or they can be 'one off' activities.



Please give the total number of events, and then the breakdown only if you use these categories. If you don't, we'll ask for a bit more detail about your collection methods so we can assess the best way to collect this data in future. If you collect your data quarterly please enter the total in the last month of that quarter (eg Total Q1 in June, Total Q2 in September etc) - Physical events aimed at all age groups - May 2024",
2024/2025,events,physical_events_all_ages,june,Q4_5_3,"Events and attendances



Please complete the table to show the number of events held in each month. Please split the data into physical and digital events.



An event is any scheduled activity session run by the library services which people attend through booking a place, or by 'drop-in', and at least one person attends. The focus is on events that the library services is organising and running. These could be either library generated or using external programming (e.g. summer reading challenge). They donâ€™t need to be in the library building. They can be regular activities e.g. weekly, or they can be 'one off' activities.



Please give the total number of events, and then the breakdown only if you use these categories. If you don't, we'll ask for a bit more detail about your collection methods so we can assess the best way to collect this data in future. If you collect your data quarterly please enter the total in the last month of that quarter (eg Total Q1 in June, Total Q2 in September etc) - Physical events aimed at all age groups - June 2024/Q1",
2024/2025,events,physical_events_all_ages,july,Q4_5_4,"Events and attendances



Please complete the table to show the number of events held in each month. Please split the data into physical and digital events.



An event is any scheduled activity session run by the library services which people attend through booking a place, or by 'drop-in', and at least one person attends. The focus is on events that the library services is organising and running. These could be either library generated or using external programming (e.g. summer reading challenge). They donâ€™t need to be in the library building. They can be regular activities e.g. weekly, or they can be 'one off' activities.



Please give the total number of events, and then the breakdown only if you use these categories. If you don't, we'll ask for a bit more detail about your collection methods so we can assess the best way to collect this data in future. If you collect your data quarterly please enter the total in the last month of that quarter (eg Total Q1 in June, Total Q2 in September etc) - Physical events aimed at all age groups - July 2024",
2024/2025,events,physical_events_all_ages,august,Q4_5_5,"Events and attendances



Please complete the table to show the number of events held in each month. Please split the data into physical and digital events.



An event is any scheduled activity session run by the library services which people attend through booking a place, or by 'drop-in', and at least one person attends. The focus is on events that the library services is organising and running. These could be either library generated or using external programming (e.g. summer reading challenge). They donâ€™t need to be in the library building. They can be regular activities e.g. weekly, or they can be 'one off' activities.



Please give the total number of events, and then the breakdown only if you use these categories. If you don't, we'll ask for a bit more detail about your collection methods so we can assess the best way to collect this data in future. If you collect your data quarterly please enter the total in the last month of that quarter (eg Total Q1 in June, Total Q2 in September etc) - Physical events aimed at all age groups - August 2024",
2024/2025,events,physical_events_all_ages,september,Q4_5_6,"Events and attendances



Please complete the table to show the number of events held in each month. Please split the data into physical and digital events.



An event is any scheduled activity session run by the library services which people attend through booking a place, or by 'drop-in', and at least one person attends. The focus is on events that the library services is organising and running. These could be either library generated or using external programming (e.g. summer reading challenge). They donâ€™t need to be in the library building. They can be regular activities e.g. weekly, or they can be 'one off' activities.



Please give the total number of events, and then the breakdown only if you use these categories. If you don't, we'll ask for a bit more detail about your collection methods so we can assess the best way to collect this data in future. If you collect your data quarterly please enter the total in the last month of that quarter (eg Total Q1 in June, Total Q2 in September etc) - Physical events aimed at all age groups - Sept 2024/Q1",
2024/2025,events,physical_events_all_ages,october,Q4_5_7,"Events and attendances



Please complete the table to show the number of events held in each month. Please split the data into physical and digital events.



An event is any scheduled activity session run by the library services which people attend through booking a place, or by 'drop-in', and at least one person attends. The focus is on events that the library services is organising and running. These could be either library generated or using external programming (e.g. summer reading challenge). They donâ€™t need to be in the library building. They can be regular activities e.g. weekly, or they can be 'one off' activities.



Please give the total number of events, and then the breakdown only if you use these categories. If you don't, we'll ask for a bit more detail about your collection methods so we can assess the best way to collect this data in future. If you collect your data quarterly please enter the total in the last month of that quarter (eg Total Q1 in June, Total Q2 in September etc) - Physical events aimed at all age groups - Oct 2024",
2024/2025,events,physical_events_all_ages,november,Q4_5_8,"Events and attendances



Please complete the table to show the number of events held in each month. Please split the data into physical and digital events.



An event is any scheduled activity session run by the library services which people attend through booking a place, or by 'drop-in', and at least one person attends. The focus is on events that the library services is organising and running. These could be either library generated or using external programming (e.g. summer reading challenge). They donâ€™t need to be in the library building. They can be regular activities e.g. weekly, or they can be 'one off' activities.



Please give the total number of events, and then the breakdown only if you use these categories. If you don't, we'll ask for a bit more detail about your collection methods so we can assess the best way to collect this data in future. If you collect your data quarterly please enter the total in the last month of that quarter (eg Total Q1 in June, Total Q2 in September etc) - Physical events aimed at all age groups - Nov 2024",
2024/2025,events,physical_events_all_ages,december,Q4_5_9,"Events and attendances



Please complete the table to show the number of events held in each month. Please split the data into physical and digital events.



An event is any scheduled activity session run by the library services which people attend through booking a place, or by 'drop-in', and at least one person attends. The focus is on events that the library services is organising and running. These could be either library generated or using external programming (e.g. summer reading challenge). They donâ€™t need to be in the library building. They can be regular activities e.g. weekly, or they can be 'one off' activities.



Please give the total number of events, and then the breakdown only if you use these categories. If you don't, we'll ask for a bit more detail about your collection methods so we can assess the best way to collect this data in future. If you collect your data quarterly please enter the total in the last month of that quarter (eg Total Q1 in June, Total Q2 in September etc) - Physical events aimed at all age groups - Dec 2024/Q3",
2024/2025,events,physical_events_all_ages,january,Q4_5_10,"Events and attendances



Please complete the table to show the number of events held in each month. Please split the data into physical and digital events.



An event is any scheduled activity session run by the library services which people attend through booking a place, or by 'drop-in', and at least one person attends. The focus is on events that the library services is organising and running. These could be either library generated or using external programming (e.g. summer reading challenge). They donâ€™t need to be in the library building. They can be regular activities e.g. weekly, or they can be 'one off' activities.



Please give the total number of events, and then the breakdown only if you use these categories. If you don't, we'll ask for a bit more detail about your collection methods so we can assess the best way to collect this data in future. If you collect your data quarterly please enter the total in the last month of that quarter (eg Total Q1 in June, Total Q2 in September etc) - Physical events aimed at all age groups - Jan 2025",
2024/2025,events,physical_events_all_ages,february,Q4_5_11,"Events and attendances



Please complete the table to show the number of events held in each month. Please split the data into physical and digital events.



An event is any scheduled activity session run by the library services which people attend through booking a place, or by 'drop-in', and at least one person attends. The focus is on events that the library services is organising and running. These could be either library generated or using external programming (e.g. summer reading challenge). They donâ€™t need to be in the library building. They can be regular activities e.g. weekly, or they can be 'one off' activities.



Please give the total number of events, and then the breakdown only if you use these categories. If you don't, we'll ask for a bit more detail about your collection methods so we can assess the best way to collect this data in future. If you collect your data quarterly please enter the total in the last month of that quarter (eg Total Q1 in June, Total Q2 in September etc) - Physical events aimed at all age groups - Feb 2025",
2024/2025,events,physical_events_all_ages,march,Q4_5_12,"Events and attendances



Please complete the table to show the number of events held in each month. Please split the data into physical and digital events.



An event is any scheduled activity session run by the library services which people attend through booking a place, or by 'drop-in', and at least one person attends. The focus is on events that the library services is organising and running. These could be either library generated or using external programming (e.g. summer reading challenge). They donâ€™t need to be in the library building. They can be regular activities e.g. weekly, or they can be 'one off' activities.



Please give the total number of events, and then the breakdown only if you use these categories. If you don't, we'll ask for a bit more detail about your collection methods so we can assess the best way to collect this data in future. If you collect your data quarterly please enter the total in the last month of that quarter (eg Total Q1 in June, Total Q2 in September etc) - Physical events aimed at all age groups - March 2025",
2024/2025,events,physical_events_all_ages,Annual,Q4_5_Total,PHYSICAL events - All age groups - Total 2024/25,
2024/2025,events,total_digital_events,april,Q4_6_1,"Events and attendances



Please complete the table to show the number of events held in each month. Please split the data into physical and digital events.



An event is any scheduled activity session run by the library services which people attend through booking a place, or by 'drop-in', and at least one person attends. The focus is on events that the library services is organising and running. These could be either library generated or using external programming (e.g. summer reading challenge). They donâ€™t need to be in the library building. They can be regular activities e.g. weekly, or they can be 'one off' activities.



Please give the total number of events, and then the breakdown only if you use these categories. If you don't, we'll ask for a bit more detail about your collection methods so we can assess the best way to collect this data in future. If you collect your data quarterly please enter the total in the last month of that quarter (eg Total Q1 in June, Total Q2 in September etc) - Total number of digital events - April 2024",
2024/2025,events,total_digital_events,may,Q4_6_2,"Events and attendances



Please complete the table to show the number of events held in each month. Please split the data into physical and digital events.



An event is any scheduled activity session run by the library services which people attend through booking a place, or by 'drop-in', and at least one person attends. The focus is on events that the library services is organising and running. These could be either library generated or using external programming (e.g. summer reading challenge). They donâ€™t need to be in the library building. They can be regular activities e.g. weekly, or they can be 'one off' activities.



Please give the total number of events, and then the breakdown only if you use these categories. If you don't, we'll ask for a bit more detail about your collection methods so we can assess the best way to collect this data in future. If you collect your data quarterly please enter the total in the last month of that quarter (eg Total Q1 in June, Total Q2 in September etc) - Total number of digital events - May 2024",
2024/2025,events,total_digital_events,june,Q4_6_3,"Events and attendances



Please complete the table to show the number of events held in each month. Please split the data into physical and digital events.



An event is any scheduled activity session run by the library services which people attend through booking a place, or by 'drop-in', and at least one person attends. The focus is on events that the library services is organising and running. These could be either library generated or using external programming (e.g. summer reading challenge). They donâ€™t need to be in the library building. They can be regular activities e.g. weekly, or they can be 'one off' activities.



Please give the total number of events, and then the breakdown only if you use these categories. If you don't, we'll ask for a bit more detail about your collection methods so we can assess the best way to collect this data in future. If you collect your data quarterly please enter the total in the last month of that quarter (eg Total Q1 in June, Total Q2 in September etc) - Total number of digital events - June 2024/Q1",
2024/2025,events,total_digital_events,july,Q4_6_4,"Events and attendances



Please complete the table to show the number of events held in each month. Please split the data into physical and digital events.



An event is any scheduled activity session run by the library services which people attend through booking a place, or by 'drop-in', and at least one person attends. The focus is on events that the library services is organising and running. These could be either library generated or using external programming (e.g. summer reading challenge). They donâ€™t need to be in the library building. They can be regular activities e.g. weekly, or they can be 'one off' activities.



Please give the total number of events, and then the breakdown only if you use these categories. If you don't, we'll ask for a bit more detail about your collection methods so we can assess the best way to collect this data in future. If you collect your data quarterly please enter the total in the last month of that quarter (eg Total Q1 in June, Total Q2 in September etc) - Total number of digital events - July 2024",
2024/2025,events,total_digital_events,august,Q4_6_5,"Events and attendances



Please complete the table to show the number of events held in each month. Please split the data into physical and digital events.



An event is any scheduled activity session run by the library services which people attend through booking a place, or by 'drop-in', and at least one person attends. The focus is on events that the library services is organising and running. These could be either library generated or using external programming (e.g. summer reading challenge). They donâ€™t need to be in the library building. They can be regular activities e.g. weekly, or they can be 'one off' activities.



Please give the total number of events, and then the breakdown only if you use these categories. If you don't, we'll ask for a bit more detail about your collection methods so we can assess the best way to collect this data in future. If you collect your data quarterly please enter the total in the last month of that quarter (eg Total Q1 in June, Total Q2 in September etc) - Total number of digital events - August 2024",
2024/2025,events,total_digital_events,september,Q4_6_6,"Events and attendances



Please complete the table to show the number of events held in each month. Please split the data into physical and digital events.



An event is any scheduled activity session run by the library services which people attend through booking a place, or by 'drop-in', and at least one person attends. The focus is on events that the library services is organising and running. These could be either library generated or using external programming (e.g. summer reading challenge). They donâ€™t need to be in the library building. They can be regular activities e.g. weekly, or they can be 'one off' activities.



Please give the total number of events, and then the breakdown only if you use these categories. If you don't, we'll ask for a bit more detail about your collection methods so we can assess the best way to collect this data in future. If you collect your data quarterly please enter the total in the last month of that quarter (eg Total Q1 in June, Total Q2 in September etc) - Total number of digital events - Sept 2024/Q1",
2024/2025,events,total_digital_events,october,Q4_6_7,"Events and attendances



Please complete the table to show the number of events held in each month. Please split the data into physical and digital events.



An event is any scheduled activity session run by the library services which people attend through booking a place, or by 'drop-in', and at least one person attends. The focus is on events that the library services is organising and running. These could be either library generated or using external programming (e.g. summer reading challenge). They donâ€™t need to be in the library building. They can be regular activities e.g. weekly, or they can be 'one off' activities.



Please give the total number of events, and then the breakdown only if you use these categories. If you don't, we'll ask for a bit more detail about your collection methods so we can assess the best way to collect this data in future. If you collect your data quarterly please enter the total in the last month of that quarter (eg Total Q1 in June, Total Q2 in September etc) - Total number of digital events - Oct 2024",
2024/2025,events,total_digital_events,november,Q4_6_8,"Events and attendances



Please complete the table to show the number of events held in each month. Please split the data into physical and digital events.



An event is any scheduled activity session run by the library services which people attend through booking a place, or by 'drop-in', and at least one person attends. The focus is on events that the library services is organising and running. These could be either library generated or using external programming (e.g. summer reading challenge). They donâ€™t need to be in the library building. They can be regular activities e.g. weekly, or they can be 'one off' activities.



Please give the total number of events, and then the breakdown only if you use these categories. If you don't, we'll ask for a bit more detail about your collection methods so we can assess the best way to collect this data in future. If you collect your data quarterly please enter the total in the last month of that quarter (eg Total Q1 in June, Total Q2 in September etc) - Total number of digital events - Nov 2024",
2024/2025,events,total_digital_events,december,Q4_6_9,"Events and attendances



Please complete the table to show the number of events held in each month. Please split the data into physical and digital events.



An event is any scheduled activity session run by the library services which people attend through booking a place, or by 'drop-in', and at least one person attends. The focus is on events that the library services is organising and running. These could be either library generated or using external programming (e.g. summer reading challenge). They donâ€™t need to be in the library building. They can be regular activities e.g. weekly, or they can be 'one off' activities.



Please give the total number of events, and then the breakdown only if you use these categories. If you don't, we'll ask for a bit more detail about your collection methods so we can assess the best way to collect this data in future. If you collect your data quarterly please enter the total in the last month of that quarter (eg Total Q1 in June, Total Q2 in September etc) - Total number of digital events - Dec 2024/Q3",
2024/2025,events,total_digital_events,january,Q4_6_10,"Events and attendances



Please complete the table to show the number of events held in each month. Please split the data into physical and digital events.



An event is any scheduled activity session run by the library services which people attend through booking a place, or by 'drop-in', and at least one person attends. The focus is on events that the library services is organising and running. These could be either library generated or using external programming (e.g. summer reading challenge). They donâ€™t need to be in the library building. They can be regular activities e.g. weekly, or they can be 'one off' activities.



Please give the total number of events, and then the breakdown only if you use these categories. If you don't, we'll ask for a bit more detail about your collection methods so we can assess the best way to collect this data in future. If you collect your data quarterly please enter the total in the last month of that quarter (eg Total Q1 in June, Total Q2 in September etc) - Total number of digital events - Jan 2025",
2024/2025,events,total_digital_events,february,Q4_6_11,"Events and attendances



Please complete the table to show the number of events held in each month. Please split the data into physical and digital events.



An event is any scheduled activity session run by the library services which people attend through booking a place, or by 'drop-in', and at least one person attends. The focus is on events that the library services is organising and running. These could be either library generated or using external programming (e.g. summer reading challenge). They donâ€™t need to be in the library building. They can be regular activities e.g. weekly, or they can be 'one off' activities.



Please give the total number of events, and then the breakdown only if you use these categories. If you don't, we'll ask for a bit more detail about your collection methods so we can assess the best way to collect this data in future. If you collect your data quarterly please enter the total in the last month of that quarter (eg Total Q1 in June, Total Q2 in September etc) - Total number of digital events - Feb 2025",
2024/2025,events,total_digital_events,march,Q4_6_12,"Events and attendances



Please complete the table to show the number of events held in each month. Please split the data into physical and digital events.



An event is any scheduled activity session run by the library services which people attend through booking a place, or by 'drop-in', and at least one person attends. The focus is on events that the library services is organising and running. These could be either library generated or using external programming (e.g. summer reading challenge). They donâ€™t need to be in the library building. They can be regular activities e.g. weekly, or they can be 'one off' activities.



Please give the total number of events, and then the breakdown only if you use these categories. If you don't, we'll ask for a bit more detail about your collection methods so we can assess the best way to collect this data in future. If you collect your data quarterly please enter the total in the last month of that quarter (eg Total Q1 in June, Total Q2 in September etc) - Total number of digital events - March 2025",
2024/2025,events,total_digital_events,Annual,Q4_6_Total,Total DIGITAL events - Total 2024/25,
2024/2025,events,digital_events_adults,april,Q4_7_1,"Events and attendances



Please complete the table to show the number of events held in each month. Please split the data into physical and digital events.



An event is any scheduled activity session run by the library services which people attend through booking a place, or by 'drop-in', and at least one person attends. The focus is on events that the library services is organising and running. These could be either library generated or using external programming (e.g. summer reading challenge). They donâ€™t need to be in the library building. They can be regular activities e.g. weekly, or they can be 'one off' activities.



Please give the total number of events, and then the breakdown only if you use these categories. If you don't, we'll ask for a bit more detail about your collection methods so we can assess the best way to collect this data in future. If you collect your data quarterly please enter the total in the last month of that quarter (eg Total Q1 in June, Total Q2 in September etc) - Digital events aimed at adults age 18+ - April 2024",
2024/2025,events,digital_events_adults,may,Q4_7_2,"Events and attendances



Please complete the table to show the number of events held in each month. Please split the data into physical and digital events.



An event is any scheduled activity session run by the library services which people attend through booking a place, or by 'drop-in', and at least one person attends. The focus is on events that the library services is organising and running. These could be either library generated or using external programming (e.g. summer reading challenge). They donâ€™t need to be in the library building. They can be regular activities e.g. weekly, or they can be 'one off' activities.



Please give the total number of events, and then the breakdown only if you use these categories. If you don't, we'll ask for a bit more detail about your collection methods so we can assess the best way to collect this data in future. If you collect your data quarterly please enter the total in the last month of that quarter (eg Total Q1 in June, Total Q2 in September etc) - Digital events aimed at adults age 18+ - May 2024",
2024/2025,events,digital_events_adults,june,Q4_7_3,"Events and attendances



Please complete the table to show the number of events held in each month. Please split the data into physical and digital events.



An event is any scheduled activity session run by the library services which people attend through booking a place, or by 'drop-in', and at least one person attends. The focus is on events that the library services is organising and running. These could be either library generated or using external programming (e.g. summer reading challenge). They donâ€™t need to be in the library building. They can be regular activities e.g. weekly, or they can be 'one off' activities.



Please give the total number of events, and then the breakdown only if you use these categories. If you don't, we'll ask for a bit more detail about your collection methods so we can assess the best way to collect this data in future. If you collect your data quarterly please enter the total in the last month of that quarter (eg Total Q1 in June, Total Q2 in September etc) - Digital events aimed at adults age 18+ - June 2024/Q1",
2024/2025,events,digital_events_adults,july,Q4_7_4,"Events and attendances



Please complete the table to show the number of events held in each month. Please split the data into physical and digital events.



An event is any scheduled activity session run by the library services which people attend through booking a place, or by 'drop-in', and at least one person attends. The focus is on events that the library services is organising and running. These could be either library generated or using external programming (e.g. summer reading challenge). They donâ€™t need to be in the library building. They can be regular activities e.g. weekly, or they can be 'one off' activities.



Please give the total number of events, and then the breakdown only if you use these categories. If you don't, we'll ask for a bit more detail about your collection methods so we can assess the best way to collect this data in future. If you collect your data quarterly please enter the total in the last month of that quarter (eg Total Q1 in June, Total Q2 in September etc) - Digital events aimed at adults age 18+ - July 2024",
2024/2025,events,digital_events_adults,august,Q4_7_5,"Events and attendances



Please complete the table to show the number of events held in each month. Please split the data into physical and digital events.



An event is any scheduled activity session run by the library services which people attend through booking a place, or by 'drop-in', and at least one person attends. The focus is on events that the library services is organising and running. These could be either library generated or using external programming (e.g. summer reading challenge). They donâ€™t need to be in the library building. They can be regular activities e.g. weekly, or they can be 'one off' activities.



Please give the total number of events, and then the breakdown only if you use these categories. If you don't, we'll ask for a bit more detail about your collection methods so we can assess the best way to collect this data in future. If you collect your data quarterly please enter the total in the last month of that quarter (eg Total Q1 in June, Total Q2 in September etc) - Digital events aimed at adults age 18+ - August 2024",
2024/2025,events,digital_events_adults,september,Q4_7_6,"Events and attendances



Please complete the table to show the number of events held in each month. Please split the data into physical and digital events.



An event is any scheduled activity session run by the library services which people attend through booking a place, or by 'drop-in', and at least one person attends. The focus is on events that the library services is organising and running. These could be either library generated or using external programming (e.g. summer reading challenge). They donâ€™t need to be in the library building. They can be regular activities e.g. weekly, or they can be 'one off' activities.



Please give the total number of events, and then the breakdown only if you use these categories. If you don't, we'll ask for a bit more detail about your collection methods so we can assess the best way to collect this data in future. If you collect your data quarterly please enter the total in the last month of that quarter (eg Total Q1 in June, Total Q2 in September etc) - Digital events aimed at adults age 18+ - Sept 2024/Q1",
2024/2025,events,digital_events_adults,october,Q4_7_7,"Events and attendances



Please complete the table to show the number of events held in each month. Please split the data into physical and digital events.



An event is any scheduled activity session run by the library services which people attend through booking a place, or by 'drop-in', and at least one person attends. The focus is on events that the library services is organising and running. These could be either library generated or using external programming (e.g. summer reading challenge). They donâ€™t need to be in the library building. They can be regular activities e.g. weekly, or they can be 'one off' activities.



Please give the total number of events, and then the breakdown only if you use these categories. If you don't, we'll ask for a bit more detail about your collection methods so we can assess the best way to collect this data in future. If you collect your data quarterly please enter the total in the last month of that quarter (eg Total Q1 in June, Total Q2 in September etc) - Digital events aimed at adults age 18+ - Oct 2024",
2024/2025,events,digital_events_adults,november,Q4_7_8,"Events and attendances



Please complete the table to show the number of events held in each month. Please split the data into physical and digital events.



An event is any scheduled activity session run by the library services which people attend through booking a place, or by 'drop-in', and at least one person attends. The focus is on events that the library services is organising and running. These could be either library generated or using external programming (e.g. summer reading challenge). They donâ€™t need to be in the library building. They can be regular activities e.g. weekly, or they can be 'one off' activities.



Please give the total number of events, and then the breakdown only if you use these categories. If you don't, we'll ask for a bit more detail about your collection methods so we can assess the best way to collect this data in future. If you collect your data quarterly please enter the total in the last month of that quarter (eg Total Q1 in June, Total Q2 in September etc) - Digital events aimed at adults age 18+ - Nov 2024",
2024/2025,events,digital_events_adults,december,Q4_7_9,"Events and attendances



Please complete the table to show the number of events held in each month. Please split the data into physical and digital events.



An event is any scheduled activity session run by the library services which people attend through booking a place, or by 'drop-in', and at least one person attends. The focus is on events that the library services is organising and running. These could be either library generated or using external programming (e.g. summer reading challenge). They donâ€™t need to be in the library building. They can be regular activities e.g. weekly, or they can be 'one off' activities.



Please give the total number of events, and then the breakdown only if you use these categories. If you don't, we'll ask for a bit more detail about your collection methods so we can assess the best way to collect this data in future. If you collect your data quarterly please enter the total in the last month of that quarter (eg Total Q1 in June, Total Q2 in September etc) - Digital events aimed at adults age 18+ - Dec 2024/Q3",
2024/2025,events,digital_events_adults,january,Q4_7_10,"Events and attendances



Please complete the table to show the number of events held in each month. Please split the data into physical and digital events.



An event is any scheduled activity session run by the library services which people attend through booking a place, or by 'drop-in', and at least one person attends. The focus is on events that the library services is organising and running. These could be either library generated or using external programming (e.g. summer reading challenge). They donâ€™t need to be in the library building. They can be regular activities e.g. weekly, or they can be 'one off' activities.



Please give the total number of events, and then the breakdown only if you use these categories. If you don't, we'll ask for a bit more detail about your collection methods so we can assess the best way to collect this data in future. If you collect your data quarterly please enter the total in the last month of that quarter (eg Total Q1 in June, Total Q2 in September etc) - Digital events aimed at adults age 18+ - Jan 2025",
2024/2025,events,digital_events_adults,february,Q4_7_11,"Events and attendances



Please complete the table to show the number of events held in each month. Please split the data into physical and digital events.



An event is any scheduled activity session run by the library services which people attend through booking a place, or by 'drop-in', and at least one person attends. The focus is on events that the library services is organising and running. These could be either library generated or using external programming (e.g. summer reading challenge). They donâ€™t need to be in the library building. They can be regular activities e.g. weekly, or they can be 'one off' activities.



Please give the total number of events, and then the breakdown only if you use these categories. If you don't, we'll ask for a bit more detail about your collection methods so we can assess the best way to collect this data in future. If you collect your data quarterly please enter the total in the last month of that quarter (eg Total Q1 in June, Total Q2 in September etc) - Digital events aimed at adults age 18+ - Feb 2025",
2024/2025,events,digital_events_adults,march,Q4_7_12,"Events and attendances



Please complete the table to show the number of events held in each month. Please split the data into physical and digital events.



An event is any scheduled activity session run by the library services which people attend through booking a place, or by 'drop-in', and at least one person attends. The focus is on events that the library services is organising and running. These could be either library generated or using external programming (e.g. summer reading challenge). They donâ€™t need to be in the library building. They can be regular activities e.g. weekly, or they can be 'one off' activities.



Please give the total number of events, and then the breakdown only if you use these categories. If you don't, we'll ask for a bit more detail about your collection methods so we can assess the best way to collect this data in future. If you collect your data quarterly please enter the total in the last month of that quarter (eg Total Q1 in June, Total Q2 in September etc) - Digital events aimed at adults age 18+ - March 2025",
2024/2025,events,digital_events_adults,Annual,Q4_7_Total,DIGITAL events - Children (11 and under) - Total 2024/25,"Annual label uses the 2025/26 demographic order; use the verified monthly question group and formula, not this label."
2024/2025,events,digital_events_11_under,april,Q4_8_1,"Events and attendances



Please complete the table to show the number of events held in each month. Please split the data into physical and digital events.



An event is any scheduled activity session run by the library services which people attend through booking a place, or by 'drop-in', and at least one person attends. The focus is on events that the library services is organising and running. These could be either library generated or using external programming (e.g. summer reading challenge). They donâ€™t need to be in the library building. They can be regular activities e.g. weekly, or they can be 'one off' activities.



Please give the total number of events, and then the breakdown only if you use these categories. If you don't, we'll ask for a bit more detail about your collection methods so we can assess the best way to collect this data in future. If you collect your data quarterly please enter the total in the last month of that quarter (eg Total Q1 in June, Total Q2 in September etc) - Digital events aimed at children 11 and under - April 2024",
2024/2025,events,digital_events_11_under,may,Q4_8_2,"Events and attendances



Please complete the table to show the number of events held in each month. Please split the data into physical and digital events.



An event is any scheduled activity session run by the library services which people attend through booking a place, or by 'drop-in', and at least one person attends. The focus is on events that the library services is organising and running. These could be either library generated or using external programming (e.g. summer reading challenge). They donâ€™t need to be in the library building. They can be regular activities e.g. weekly, or they can be 'one off' activities.



Please give the total number of events, and then the breakdown only if you use these categories. If you don't, we'll ask for a bit more detail about your collection methods so we can assess the best way to collect this data in future. If you collect your data quarterly please enter the total in the last month of that quarter (eg Total Q1 in June, Total Q2 in September etc) - Digital events aimed at children 11 and under - May 2024",
2024/2025,events,digital_events_11_under,june,Q4_8_3,"Events and attendances



Please complete the table to show the number of events held in each month. Please split the data into physical and digital events.



An event is any scheduled activity session run by the library services which people attend through booking a place, or by 'drop-in', and at least one person attends. The focus is on events that the library services is organising and running. These could be either library generated or using external programming (e.g. summer reading challenge). They donâ€™t need to be in the library building. They can be regular activities e.g. weekly, or they can be 'one off' activities.



Please give the total number of events, and then the breakdown only if you use these categories. If you don't, we'll ask for a bit more detail about your collection methods so we can assess the best way to collect this data in future. If you collect your data quarterly please enter the total in the last month of that quarter (eg Total Q1 in June, Total Q2 in September etc) - Digital events aimed at children 11 and under - June 2024/Q1",
2024/2025,events,digital_events_11_under,july,Q4_8_4,"Events and attendances



Please complete the table to show the number of events held in each month. Please split the data into physical and digital events.



An event is any scheduled activity session run by the library services which people attend through booking a place, or by 'drop-in', and at least one person attends. The focus is on events that the library services is organising and running. These could be either library generated or using external programming (e.g. summer reading challenge). They donâ€™t need to be in the library building. They can be regular activities e.g. weekly, or they can be 'one off' activities.



Please give the total number of events, and then the breakdown only if you use these categories. If you don't, we'll ask for a bit more detail about your collection methods so we can assess the best way to collect this data in future. If you collect your data quarterly please enter the total in the last month of that quarter (eg Total Q1 in June, Total Q2 in September etc) - Digital events aimed at children 11 and under - July 2024",
2024/2025,events,digital_events_11_under,august,Q4_8_5,"Events and attendances



Please complete the table to show the number of events held in each month. Please split the data into physical and digital events.



An event is any scheduled activity session run by the library services which people attend through booking a place, or by 'drop-in', and at least one person attends. The focus is on events that the library services is organising and running. These could be either library generated or using external programming (e.g. summer reading challenge). They donâ€™t need to be in the library building. They can be regular activities e.g. weekly, or they can be 'one off' activities.



Please give the total number of events, and then the breakdown only if you use these categories. If you don't, we'll ask for a bit more detail about your collection methods so we can assess the best way to collect this data in future. If you collect your data quarterly please enter the total in the last month of that quarter (eg Total Q1 in June, Total Q2 in September etc) - Digital events aimed at children 11 and under - August 2024",
2024/2025,events,digital_events_11_under,september,Q4_8_6,"Events and attendances



Please complete the table to show the number of events held in each month. Please split the data into physical and digital events.



An event is any scheduled activity session run by the library services which people attend through booking a place, or by 'drop-in', and at least one person attends. The focus is on events that the library services is organising and running. These could be either library generated or using external programming (e.g. summer reading challenge). They donâ€™t need to be in the library building. They can be regular activities e.g. weekly, or they can be 'one off' activities.



Please give the total number of events, and then the breakdown only if you use these categories. If you don't, we'll ask for a bit more detail about your collection methods so we can assess the best way to collect this data in future. If you collect your data quarterly please enter the total in the last month of that quarter (eg Total Q1 in June, Total Q2 in September etc) - Digital events aimed at children 11 and under - Sept 2024/Q1",
2024/2025,events,digital_events_11_under,october,Q4_8_7,"Events and attendances



Please complete the table to show the number of events held in each month. Please split the data into physical and digital events.



An event is any scheduled activity session run by the library services which people attend through booking a place, or by 'drop-in', and at least one person attends. The focus is on events that the library services is organising and running. These could be either library generated or using external programming (e.g. summer reading challenge). They donâ€™t need to be in the library building. They can be regular activities e.g. weekly, or they can be 'one off' activities.



Please give the total number of events, and then the breakdown only if you use these categories. If you don't, we'll ask for a bit more detail about your collection methods so we can assess the best way to collect this data in future. If you collect your data quarterly please enter the total in the last month of that quarter (eg Total Q1 in June, Total Q2 in September etc) - Digital events aimed at children 11 and under - Oct 2024",
2024/2025,events,digital_events_11_under,november,Q4_8_8,"Events and attendances



Please complete the table to show the number of events held in each month. Please split the data into physical and digital events.



An event is any scheduled activity session run by the library services which people attend through booking a place, or by 'drop-in', and at least one person attends. The focus is on events that the library services is organising and running. These could be either library generated or using external programming (e.g. summer reading challenge). They donâ€™t need to be in the library building. They can be regular activities e.g. weekly, or they can be 'one off' activities.



Please give the total number of events, and then the breakdown only if you use these categories. If you don't, we'll ask for a bit more detail about your collection methods so we can assess the best way to collect this data in future. If you collect your data quarterly please enter the total in the last month of that quarter (eg Total Q1 in June, Total Q2 in September etc) - Digital events aimed at children 11 and under - Nov 2024",
2024/2025,events,digital_events_11_under,december,Q4_8_9,"Events and attendances



Please complete the table to show the number of events held in each month. Please split the data into physical and digital events.



An event is any scheduled activity session run by the library services which people attend through booking a place, or by 'drop-in', and at least one person attends. The focus is on events that the library services is organising and running. These could be either library generated or using external programming (e.g. summer reading challenge). They donâ€™t need to be in the library building. They can be regular activities e.g. weekly, or they can be 'one off' activities.



Please give the total number of events, and then the breakdown only if you use these categories. If you don't, we'll ask for a bit more detail about your collection methods so we can assess the best way to collect this data in future. If you collect your data quarterly please enter the total in the last month of that quarter (eg Total Q1 in June, Total Q2 in September etc) - Digital events aimed at children 11 and under - Dec 2024/Q3",
2024/2025,events,digital_events_11_under,january,Q4_8_10,"Events and attendances



Please complete the table to show the number of events held in each month. Please split the data into physical and digital events.



An event is any scheduled activity session run by the library services which people attend through booking a place, or by 'drop-in', and at least one person attends. The focus is on events that the library services is organising and running. These could be either library generated or using external programming (e.g. summer reading challenge). They donâ€™t need to be in the library building. They can be regular activities e.g. weekly, or they can be 'one off' activities.



Please give the total number of events, and then the breakdown only if you use these categories. If you don't, we'll ask for a bit more detail about your collection methods so we can assess the best way to collect this data in future. If you collect your data quarterly please enter the total in the last month of that quarter (eg Total Q1 in June, Total Q2 in September etc) - Digital events aimed at children 11 and under - Jan 2025",
2024/2025,events,digital_events_11_under,february,Q4_8_11,"Events and attendances



Please complete the table to show the number of events held in each month. Please split the data into physical and digital events.



An event is any scheduled activity session run by the library services which people attend through booking a place, or by 'drop-in', and at least one person attends. The focus is on events that the library services is organising and running. These could be either library generated or using external programming (e.g. summer reading challenge). They donâ€™t need to be in the library building. They can be regular activities e.g. weekly, or they can be 'one off' activities.



Please give the total number of events, and then the breakdown only if you use these categories. If you don't, we'll ask for a bit more detail about your collection methods so we can assess the best way to collect this data in future. If you collect your data quarterly please enter the total in the last month of that quarter (eg Total Q1 in June, Total Q2 in September etc) - Digital events aimed at children 11 and under - Feb 2025",
2024/2025,events,digital_events_11_under,march,Q4_8_12,"Events and attendances



Please complete the table to show the number of events held in each month. Please split the data into physical and digital events.



An event is any scheduled activity session run by the library services which people attend through booking a place, or by 'drop-in', and at least one person attends. The focus is on events that the library services is organising and running. These could be either library generated or using external programming (e.g. summer reading challenge). They donâ€™t need to be in the library building. They can be regular activities e.g. weekly, or they can be 'one off' activities.



Please give the total number of events, and then the breakdown only if you use these categories. If you don't, we'll ask for a bit more detail about your collection methods so we can assess the best way to collect this data in future. If you collect your data quarterly please enter the total in the last month of that quarter (eg Total Q1 in June, Total Q2 in September etc) - Digital events aimed at children 11 and under - March 2025",
2024/2025,events,digital_events_11_under,Annual,Q4_8_Total,DIGITAL events - Young people (12-17) - Total 2024/25,"Annual label uses the 2025/26 demographic order; use the verified monthly question group and formula, not this label."
2024/2025,events,digital_events_12_17,april,Q4_9_1,"Events and attendances



Please complete the table to show the number of events held in each month. Please split the data into physical and digital events.



An event is any scheduled activity session run by the library services which people attend through booking a place, or by 'drop-in', and at least one person attends. The focus is on events that the library services is organising and running. These could be either library generated or using external programming (e.g. summer reading challenge). They donâ€™t need to be in the library building. They can be regular activities e.g. weekly, or they can be 'one off' activities.



Please give the total number of events, and then the breakdown only if you use these categories. If you don't, we'll ask for a bit more detail about your collection methods so we can assess the best way to collect this data in future. If you collect your data quarterly please enter the total in the last month of that quarter (eg Total Q1 in June, Total Q2 in September etc) - Digital events aimed at young people between 12 and 17 - April 2024",
2024/2025,events,digital_events_12_17,may,Q4_9_2,"Events and attendances



Please complete the table to show the number of events held in each month. Please split the data into physical and digital events.



An event is any scheduled activity session run by the library services which people attend through booking a place, or by 'drop-in', and at least one person attends. The focus is on events that the library services is organising and running. These could be either library generated or using external programming (e.g. summer reading challenge). They donâ€™t need to be in the library building. They can be regular activities e.g. weekly, or they can be 'one off' activities.



Please give the total number of events, and then the breakdown only if you use these categories. If you don't, we'll ask for a bit more detail about your collection methods so we can assess the best way to collect this data in future. If you collect your data quarterly please enter the total in the last month of that quarter (eg Total Q1 in June, Total Q2 in September etc) - Digital events aimed at young people between 12 and 17 - May 2024",
2024/2025,events,digital_events_12_17,june,Q4_9_3,"Events and attendances



Please complete the table to show the number of events held in each month. Please split the data into physical and digital events.



An event is any scheduled activity session run by the library services which people attend through booking a place, or by 'drop-in', and at least one person attends. The focus is on events that the library services is organising and running. These could be either library generated or using external programming (e.g. summer reading challenge). They donâ€™t need to be in the library building. They can be regular activities e.g. weekly, or they can be 'one off' activities.



Please give the total number of events, and then the breakdown only if you use these categories. If you don't, we'll ask for a bit more detail about your collection methods so we can assess the best way to collect this data in future. If you collect your data quarterly please enter the total in the last month of that quarter (eg Total Q1 in June, Total Q2 in September etc) - Digital events aimed at young people between 12 and 17 - June 2024/Q1",
2024/2025,events,digital_events_12_17,july,Q4_9_4,"Events and attendances



Please complete the table to show the number of events held in each month. Please split the data into physical and digital events.



An event is any scheduled activity session run by the library services which people attend through booking a place, or by 'drop-in', and at least one person attends. The focus is on events that the library services is organising and running. These could be either library generated or using external programming (e.g. summer reading challenge). They donâ€™t need to be in the library building. They can be regular activities e.g. weekly, or they can be 'one off' activities.



Please give the total number of events, and then the breakdown only if you use these categories. If you don't, we'll ask for a bit more detail about your collection methods so we can assess the best way to collect this data in future. If you collect your data quarterly please enter the total in the last month of that quarter (eg Total Q1 in June, Total Q2 in September etc) - Digital events aimed at young people between 12 and 17 - July 2024",
2024/2025,events,digital_events_12_17,august,Q4_9_5,"Events and attendances



Please complete the table to show the number of events held in each month. Please split the data into physical and digital events.



An event is any scheduled activity session run by the library services which people attend through booking a place, or by 'drop-in', and at least one person attends. The focus is on events that the library services is organising and running. These could be either library generated or using external programming (e.g. summer reading challenge). They donâ€™t need to be in the library building. They can be regular activities e.g. weekly, or they can be 'one off' activities.



Please give the total number of events, and then the breakdown only if you use these categories. If you don't, we'll ask for a bit more detail about your collection methods so we can assess the best way to collect this data in future. If you collect your data quarterly please enter the total in the last month of that quarter (eg Total Q1 in June, Total Q2 in September etc) - Digital events aimed at young people between 12 and 17 - August 2024",
2024/2025,events,digital_events_12_17,september,Q4_9_6,"Events and attendances



Please complete the table to show the number of events held in each month. Please split the data into physical and digital events.



An event is any scheduled activity session run by the library services which people attend through booking a place, or by 'drop-in', and at least one person attends. The focus is on events that the library services is organising and running. These could be either library generated or using external programming (e.g. summer reading challenge). They donâ€™t need to be in the library building. They can be regular activities e.g. weekly, or they can be 'one off' activities.



Please give the total number of events, and then the breakdown only if you use these categories. If you don't, we'll ask for a bit more detail about your collection methods so we can assess the best way to collect this data in future. If you collect your data quarterly please enter the total in the last month of that quarter (eg Total Q1 in June, Total Q2 in September etc) - Digital events aimed at young people between 12 and 17 - Sept 2024/Q1",
2024/2025,events,digital_events_12_17,october,Q4_9_7,"Events and attendances



Please complete the table to show the number of events held in each month. Please split the data into physical and digital events.



An event is any scheduled activity session run by the library services which people attend through booking a place, or by 'drop-in', and at least one person attends. The focus is on events that the library services is organising and running. These could be either library generated or using external programming (e.g. summer reading challenge). They donâ€™t need to be in the library building. They can be regular activities e.g. weekly, or they can be 'one off' activities.



Please give the total number of events, and then the breakdown only if you use these categories. If you don't, we'll ask for a bit more detail about your collection methods so we can assess the best way to collect this data in future. If you collect your data quarterly please enter the total in the last month of that quarter (eg Total Q1 in June, Total Q2 in September etc) - Digital events aimed at young people between 12 and 17 - Oct 2024",
2024/2025,events,digital_events_12_17,november,Q4_9_8,"Events and attendances



Please complete the table to show the number of events held in each month. Please split the data into physical and digital events.



An event is any scheduled activity session run by the library services which people attend through booking a place, or by 'drop-in', and at least one person attends. The focus is on events that the library services is organising and running. These could be either library generated or using external programming (e.g. summer reading challenge). They donâ€™t need to be in the library building. They can be regular activities e.g. weekly, or they can be 'one off' activities.



Please give the total number of events, and then the breakdown only if you use these categories. If you don't, we'll ask for a bit more detail about your collection methods so we can assess the best way to collect this data in future. If you collect your data quarterly please enter the total in the last month of that quarter (eg Total Q1 in June, Total Q2 in September etc) - Digital events aimed at young people between 12 and 17 - Nov 2024",
2024/2025,events,digital_events_12_17,december,Q4_9_9,"Events and attendances



Please complete the table to show the number of events held in each month. Please split the data into physical and digital events.



An event is any scheduled activity session run by the library services which people attend through booking a place, or by 'drop-in', and at least one person attends. The focus is on events that the library services is organising and running. These could be either library generated or using external programming (e.g. summer reading challenge). They donâ€™t need to be in the library building. They can be regular activities e.g. weekly, or they can be 'one off' activities.



Please give the total number of events, and then the breakdown only if you use these categories. If you don't, we'll ask for a bit more detail about your collection methods so we can assess the best way to collect this data in future. If you collect your data quarterly please enter the total in the last month of that quarter (eg Total Q1 in June, Total Q2 in September etc) - Digital events aimed at young people between 12 and 17 - Dec 2024/Q3",
2024/2025,events,digital_events_12_17,january,Q4_9_10,"Events and attendances



Please complete the table to show the number of events held in each month. Please split the data into physical and digital events.



An event is any scheduled activity session run by the library services which people attend through booking a place, or by 'drop-in', and at least one person attends. The focus is on events that the library services is organising and running. These could be either library generated or using external programming (e.g. summer reading challenge). They donâ€™t need to be in the library building. They can be regular activities e.g. weekly, or they can be 'one off' activities.



Please give the total number of events, and then the breakdown only if you use these categories. If you don't, we'll ask for a bit more detail about your collection methods so we can assess the best way to collect this data in future. If you collect your data quarterly please enter the total in the last month of that quarter (eg Total Q1 in June, Total Q2 in September etc) - Digital events aimed at young people between 12 and 17 - Jan 2025",
2024/2025,events,digital_events_12_17,february,Q4_9_11,"Events and attendances



Please complete the table to show the number of events held in each month. Please split the data into physical and digital events.



An event is any scheduled activity session run by the library services which people attend through booking a place, or by 'drop-in', and at least one person attends. The focus is on events that the library services is organising and running. These could be either library generated or using external programming (e.g. summer reading challenge). They donâ€™t need to be in the library building. They can be regular activities e.g. weekly, or they can be 'one off' activities.



Please give the total number of events, and then the breakdown only if you use these categories. If you don't, we'll ask for a bit more detail about your collection methods so we can assess the best way to collect this data in future. If you collect your data quarterly please enter the total in the last month of that quarter (eg Total Q1 in June, Total Q2 in September etc) - Digital events aimed at young people between 12 and 17 - Feb 2025",
2024/2025,events,digital_events_12_17,march,Q4_9_12,"Events and attendances



Please complete the table to show the number of events held in each month. Please split the data into physical and digital events.



An event is any scheduled activity session run by the library services which people attend through booking a place, or by 'drop-in', and at least one person attends. The focus is on events that the library services is organising and running. These could be either library generated or using external programming (e.g. summer reading challenge). They donâ€™t need to be in the library building. They can be regular activities e.g. weekly, or they can be 'one off' activities.



Please give the total number of events, and then the breakdown only if you use these categories. If you don't, we'll ask for a bit more detail about your collection methods so we can assess the best way to collect this data in future. If you collect your data quarterly please enter the total in the last month of that quarter (eg Total Q1 in June, Total Q2 in September etc) - Digital events aimed at young people between 12 and 17 - March 2025",
2024/2025,events,digital_events_12_17,Annual,Q4_9_Total,DIGITAL events - Adult (18+) or unclassified - Total 2024/25,"Annual label uses the 2025/26 demographic order; use the verified monthly question group and formula, not this label."
2024/2025,events,digital_events_all_ages,april,Q4_10_1,"Events and attendances



Please complete the table to show the number of events held in each month. Please split the data into physical and digital events.



An event is any scheduled activity session run by the library services which people attend through booking a place, or by 'drop-in', and at least one person attends. The focus is on events that the library services is organising and running. These could be either library generated or using external programming (e.g. summer reading challenge). They donâ€™t need to be in the library building. They can be regular activities e.g. weekly, or they can be 'one off' activities.



Please give the total number of events, and then the breakdown only if you use these categories. If you don't, we'll ask for a bit more detail about your collection methods so we can assess the best way to collect this data in future. If you collect your data quarterly please enter the total in the last month of that quarter (eg Total Q1 in June, Total Q2 in September etc) - Digital events aimed at all age groups - April 2024",
2024/2025,events,digital_events_all_ages,may,Q4_10_2,"Events and attendances



Please complete the table to show the number of events held in each month. Please split the data into physical and digital events.



An event is any scheduled activity session run by the library services which people attend through booking a place, or by 'drop-in', and at least one person attends. The focus is on events that the library services is organising and running. These could be either library generated or using external programming (e.g. summer reading challenge). They donâ€™t need to be in the library building. They can be regular activities e.g. weekly, or they can be 'one off' activities.



Please give the total number of events, and then the breakdown only if you use these categories. If you don't, we'll ask for a bit more detail about your collection methods so we can assess the best way to collect this data in future. If you collect your data quarterly please enter the total in the last month of that quarter (eg Total Q1 in June, Total Q2 in September etc) - Digital events aimed at all age groups - May 2024",
2024/2025,events,digital_events_all_ages,june,Q4_10_3,"Events and attendances



Please complete the table to show the number of events held in each month. Please split the data into physical and digital events.



An event is any scheduled activity session run by the library services which people attend through booking a place, or by 'drop-in', and at least one person attends. The focus is on events that the library services is organising and running. These could be either library generated or using external programming (e.g. summer reading challenge). They donâ€™t need to be in the library building. They can be regular activities e.g. weekly, or they can be 'one off' activities.



Please give the total number of events, and then the breakdown only if you use these categories. If you don't, we'll ask for a bit more detail about your collection methods so we can assess the best way to collect this data in future. If you collect your data quarterly please enter the total in the last month of that quarter (eg Total Q1 in June, Total Q2 in September etc) - Digital events aimed at all age groups - June 2024/Q1",
2024/2025,events,digital_events_all_ages,july,Q4_10_4,"Events and attendances



Please complete the table to show the number of events held in each month. Please split the data into physical and digital events.



An event is any scheduled activity session run by the library services which people attend through booking a place, or by 'drop-in', and at least one person attends. The focus is on events that the library services is organising and running. These could be either library generated or using external programming (e.g. summer reading challenge). They donâ€™t need to be in the library building. They can be regular activities e.g. weekly, or they can be 'one off' activities.



Please give the total number of events, and then the breakdown only if you use these categories. If you don't, we'll ask for a bit more detail about your collection methods so we can assess the best way to collect this data in future. If you collect your data quarterly please enter the total in the last month of that quarter (eg Total Q1 in June, Total Q2 in September etc) - Digital events aimed at all age groups - July 2024",
2024/2025,events,digital_events_all_ages,august,Q4_10_5,"Events and attendances



Please complete the table to show the number of events held in each month. Please split the data into physical and digital events.



An event is any scheduled activity session run by the library services which people attend through booking a place, or by 'drop-in', and at least one person attends. The focus is on events that the library services is organising and running. These could be either library generated or using external programming (e.g. summer reading challenge). They donâ€™t need to be in the library building. They can be regular activities e.g. weekly, or they can be 'one off' activities.



Please give the total number of events, and then the breakdown only if you use these categories. If you don't, we'll ask for a bit more detail about your collection methods so we can assess the best way to collect this data in future. If you collect your data quarterly please enter the total in the last month of that quarter (eg Total Q1 in June, Total Q2 in September etc) - Digital events aimed at all age groups - August 2024",
2024/2025,events,digital_events_all_ages,september,Q4_10_6,"Events and attendances



Please complete the table to show the number of events held in each month. Please split the data into physical and digital events.



An event is any scheduled activity session run by the library services which people attend through booking a place, or by 'drop-in', and at least one person attends. The focus is on events that the library services is organising and running. These could be either library generated or using external programming (e.g. summer reading challenge). They donâ€™t need to be in the library building. They can be regular activities e.g. weekly, or they can be 'one off' activities.



Please give the total number of events, and then the breakdown only if you use these categories. If you don't, we'll ask for a bit more detail about your collection methods so we can assess the best way to collect this data in future. If you collect your data quarterly please enter the total in the last month of that quarter (eg Total Q1 in June, Total Q2 in September etc) - Digital events aimed at all age groups - Sept 2024/Q1",
2024/2025,events,digital_events_all_ages,october,Q4_10_7,"Events and attendances



Please complete the table to show the number of events held in each month. Please split the data into physical and digital events.



An event is any scheduled activity session run by the library services which people attend through booking a place, or by 'drop-in', and at least one person attends. The focus is on events that the library services is organising and running. These could be either library generated or using external programming (e.g. summer reading challenge). They donâ€™t need to be in the library building. They can be regular activities e.g. weekly, or they can be 'one off' activities.



Please give the total number of events, and then the breakdown only if you use these categories. If you don't, we'll ask for a bit more detail about your collection methods so we can assess the best way to collect this data in future. If you collect your data quarterly please enter the total in the last month of that quarter (eg Total Q1 in June, Total Q2 in September etc) - Digital events aimed at all age groups - Oct 2024",
2024/2025,events,digital_events_all_ages,november,Q4_10_8,"Events and attendances



Please complete the table to show the number of events held in each month. Please split the data into physical and digital events.



An event is any scheduled activity session run by the library services which people attend through booking a place, or by 'drop-in', and at least one person attends. The focus is on events that the library services is organising and running. These could be either library generated or using external programming (e.g. summer reading challenge). They donâ€™t need to be in the library building. They can be regular activities e.g. weekly, or they can be 'one off' activities.



Please give the total number of events, and then the breakdown only if you use these categories. If you don't, we'll ask for a bit more detail about your collection methods so we can assess the best way to collect this data in future. If you collect your data quarterly please enter the total in the last month of that quarter (eg Total Q1 in June, Total Q2 in September etc) - Digital events aimed at all age groups - Nov 2024",
2024/2025,events,digital_events_all_ages,december,Q4_10_9,"Events and attendances



Please complete the table to show the number of events held in each month. Please split the data into physical and digital events.



An event is any scheduled activity session run by the library services which people attend through booking a place, or by 'drop-in', and at least one person attends. The focus is on events that the library services is organising and running. These could be either library generated or using external programming (e.g. summer reading challenge). They donâ€™t need to be in the library building. They can be regular activities e.g. weekly, or they can be 'one off' activities.



Please give the total number of events, and then the breakdown only if you use these categories. If you don't, we'll ask for a bit more detail about your collection methods so we can assess the best way to collect this data in future. If you collect your data quarterly please enter the total in the last month of that quarter (eg Total Q1 in June, Total Q2 in September etc) - Digital events aimed at all age groups - Dec 2024/Q3",
2024/2025,events,digital_events_all_ages,january,Q4_10_10,"Events and attendances



Please complete the table to show the number of events held in each month. Please split the data into physical and digital events.



An event is any scheduled activity session run by the library services which people attend through booking a place, or by 'drop-in', and at least one person attends. The focus is on events that the library services is organising and running. These could be either library generated or using external programming (e.g. summer reading challenge). They donâ€™t need to be in the library building. They can be regular activities e.g. weekly, or they can be 'one off' activities.



Please give the total number of events, and then the breakdown only if you use these categories. If you don't, we'll ask for a bit more detail about your collection methods so we can assess the best way to collect this data in future. If you collect your data quarterly please enter the total in the last month of that quarter (eg Total Q1 in June, Total Q2 in September etc) - Digital events aimed at all age groups - Jan 2025",
2024/2025,events,digital_events_all_ages,february,Q4_10_11,"Events and attendances



Please complete the table to show the number of events held in each month. Please split the data into physical and digital events.



An event is any scheduled activity session run by the library services which people attend through booking a place, or by 'drop-in', and at least one person attends. The focus is on events that the library services is organising and running. These could be either library generated or using external programming (e.g. summer reading challenge). They donâ€™t need to be in the library building. They can be regular activities e.g. weekly, or they can be 'one off' activities.



Please give the total number of events, and then the breakdown only if you use these categories. If you don't, we'll ask for a bit more detail about your collection methods so we can assess the best way to collect this data in future. If you collect your data quarterly please enter the total in the last month of that quarter (eg Total Q1 in June, Total Q2 in September etc) - Digital events aimed at all age groups - Feb 2025",
2024/2025,events,digital_events_all_ages,march,Q4_10_12,"Events and attendances



Please complete the table to show the number of events held in each month. Please split the data into physical and digital events.



An event is any scheduled activity session run by the library services which people attend through booking a place, or by 'drop-in', and at least one person attends. The focus is on events that the library services is organising and running. These could be either library generated or using external programming (e.g. summer reading challenge). They donâ€™t need to be in the library building. They can be regular activities e.g. weekly, or they can be 'one off' activities.



Please give the total number of events, and then the breakdown only if you use these categories. If you don't, we'll ask for a bit more detail about your collection methods so we can assess the best way to collect this data in future. If you collect your data quarterly please enter the total in the last month of that quarter (eg Total Q1 in June, Total Q2 in September etc) - Digital events aimed at all age groups - March 2025",
2024/2025,events,digital_events_all_ages,Annual,Q4_10_Total,DIGITAL events - All age groups - Total 2024/25,
2024/2025,attendance,total_attendees_physical_events,april,Q12_1_1,"Please complete the table to show the number of attendees at those events. Please split the data into physical and digital events.



Total number of people attending - please record the actual attendees, rather than the number booked.



Please give the total number of attendees, and then the breakdown only if you use these categories.  If you collect your data quarterly please enter the total in the last month of that quarter (eg Total Q1 in June, Total Q2 in September etc) - Total attendees at physical events - April 2024",
2024/2025,attendance,total_attendees_physical_events,may,Q12_1_2,"Please complete the table to show the number of attendees at those events. Please split the data into physical and digital events.



Total number of people attending - please record the actual attendees, rather than the number booked.



Please give the total number of attendees, and then the breakdown only if you use these categories.  If you collect your data quarterly please enter the total in the last month of that quarter (eg Total Q1 in June, Total Q2 in September etc) - Total attendees at physical events - May 2024",
2024/2025,attendance,total_attendees_physical_events,june,Q12_1_3,"Please complete the table to show the number of attendees at those events. Please split the data into physical and digital events.



Total number of people attending - please record the actual attendees, rather than the number booked.



Please give the total number of attendees, and then the breakdown only if you use these categories.  If you collect your data quarterly please enter the total in the last month of that quarter (eg Total Q1 in June, Total Q2 in September etc) - Total attendees at physical events - June 2024/Q1",
2024/2025,attendance,total_attendees_physical_events,july,Q12_1_4,"Please complete the table to show the number of attendees at those events. Please split the data into physical and digital events.



Total number of people attending - please record the actual attendees, rather than the number booked.



Please give the total number of attendees, and then the breakdown only if you use these categories.  If you collect your data quarterly please enter the total in the last month of that quarter (eg Total Q1 in June, Total Q2 in September etc) - Total attendees at physical events - July 2024",
2024/2025,attendance,total_attendees_physical_events,august,Q12_1_13,"Please complete the table to show the number of attendees at those events. Please split the data into physical and digital events.



Total number of people attending - please record the actual attendees, rather than the number booked.



Please give the total number of attendees, and then the breakdown only if you use these categories.  If you collect your data quarterly please enter the total in the last month of that quarter (eg Total Q1 in June, Total Q2 in September etc) - Total attendees at physical events - August 2024",
2024/2025,attendance,total_attendees_physical_events,september,Q12_1_14,"Please complete the table to show the number of attendees at those events. Please split the data into physical and digital events.



Total number of people attending - please record the actual attendees, rather than the number booked.



Please give the total number of attendees, and then the breakdown only if you use these categories.  If you collect your data quarterly please enter the total in the last month of that quarter (eg Total Q1 in June, Total Q2 in September etc) - Total attendees at physical events - Sept 2024/Q2",
2024/2025,attendance,total_attendees_physical_events,october,Q12_1_15,"Please complete the table to show the number of attendees at those events. Please split the data into physical and digital events.



Total number of people attending - please record the actual attendees, rather than the number booked.



Please give the total number of attendees, and then the breakdown only if you use these categories.  If you collect your data quarterly please enter the total in the last month of that quarter (eg Total Q1 in June, Total Q2 in September etc) - Total attendees at physical events - Oct 2024",
2024/2025,attendance,total_attendees_physical_events,november,Q12_1_16,"Please complete the table to show the number of attendees at those events. Please split the data into physical and digital events.



Total number of people attending - please record the actual attendees, rather than the number booked.



Please give the total number of attendees, and then the breakdown only if you use these categories.  If you collect your data quarterly please enter the total in the last month of that quarter (eg Total Q1 in June, Total Q2 in September etc) - Total attendees at physical events - Nov 2024",
2024/2025,attendance,total_attendees_physical_events,december,Q12_1_17,"Please complete the table to show the number of attendees at those events. Please split the data into physical and digital events.



Total number of people attending - please record the actual attendees, rather than the number booked.



Please give the total number of attendees, and then the breakdown only if you use these categories.  If you collect your data quarterly please enter the total in the last month of that quarter (eg Total Q1 in June, Total Q2 in September etc) - Total attendees at physical events - Dec 2024/Q3",
2024/2025,attendance,total_attendees_physical_events,january,Q12_1_18,"Please complete the table to show the number of attendees at those events. Please split the data into physical and digital events.



Total number of people attending - please record the actual attendees, rather than the number booked.



Please give the total number of attendees, and then the breakdown only if you use these categories.  If you collect your data quarterly please enter the total in the last month of that quarter (eg Total Q1 in June, Total Q2 in September etc) - Total attendees at physical events - Jan 2025",
2024/2025,attendance,total_attendees_physical_events,february,Q12_1_19,"Please complete the table to show the number of attendees at those events. Please split the data into physical and digital events.



Total number of people attending - please record the actual attendees, rather than the number booked.



Please give the total number of attendees, and then the breakdown only if you use these categories.  If you collect your data quarterly please enter the total in the last month of that quarter (eg Total Q1 in June, Total Q2 in September etc) - Total attendees at physical events - Feb 2025",
2024/2025,attendance,total_attendees_physical_events,march,Q12_1_20,"Please complete the table to show the number of attendees at those events. Please split the data into physical and digital events.



Total number of people attending - please record the actual attendees, rather than the number booked.



Please give the total number of attendees, and then the breakdown only if you use these categories.  If you collect your data quarterly please enter the total in the last month of that quarter (eg Total Q1 in June, Total Q2 in September etc) - Total attendees at physical events - March 2025/Q4",
2024/2025,attendance,total_attendees_physical_events,Annual,Q12_1_Total,Total attendees at PHYSICAL events - Total 2024/25,
2024/2025,attendance,physical_attendees_adults,april,Q12_2_1,"Please complete the table to show the number of attendees at those events. Please split the data into physical and digital events.



Total number of people attending - please record the actual attendees, rather than the number booked.



Please give the total number of attendees, and then the breakdown only if you use these categories.  If you collect your data quarterly please enter the total in the last month of that quarter (eg Total Q1 in June, Total Q2 in September etc) - Physical attendees - Adults - April 2024",
2024/2025,attendance,physical_attendees_adults,may,Q12_2_2,"Please complete the table to show the number of attendees at those events. Please split the data into physical and digital events.



Total number of people attending - please record the actual attendees, rather than the number booked.



Please give the total number of attendees, and then the breakdown only if you use these categories.  If you collect your data quarterly please enter the total in the last month of that quarter (eg Total Q1 in June, Total Q2 in September etc) - Physical attendees - Adults - May 2024",
2024/2025,attendance,physical_attendees_adults,june,Q12_2_3,"Please complete the table to show the number of attendees at those events. Please split the data into physical and digital events.



Total number of people attending - please record the actual attendees, rather than the number booked.



Please give the total number of attendees, and then the breakdown only if you use these categories.  If you collect your data quarterly please enter the total in the last month of that quarter (eg Total Q1 in June, Total Q2 in September etc) - Physical attendees - Adults - June 2024/Q1",
2024/2025,attendance,physical_attendees_adults,july,Q12_2_4,"Please complete the table to show the number of attendees at those events. Please split the data into physical and digital events.



Total number of people attending - please record the actual attendees, rather than the number booked.



Please give the total number of attendees, and then the breakdown only if you use these categories.  If you collect your data quarterly please enter the total in the last month of that quarter (eg Total Q1 in June, Total Q2 in September etc) - Physical attendees - Adults - July 2024",
2024/2025,attendance,physical_attendees_adults,august,Q12_2_13,"Please complete the table to show the number of attendees at those events. Please split the data into physical and digital events.



Total number of people attending - please record the actual attendees, rather than the number booked.



Please give the total number of attendees, and then the breakdown only if you use these categories.  If you collect your data quarterly please enter the total in the last month of that quarter (eg Total Q1 in June, Total Q2 in September etc) - Physical attendees - Adults - August 2024",
2024/2025,attendance,physical_attendees_adults,september,Q12_2_14,"Please complete the table to show the number of attendees at those events. Please split the data into physical and digital events.



Total number of people attending - please record the actual attendees, rather than the number booked.



Please give the total number of attendees, and then the breakdown only if you use these categories.  If you collect your data quarterly please enter the total in the last month of that quarter (eg Total Q1 in June, Total Q2 in September etc) - Physical attendees - Adults - Sept 2024/Q2",
2024/2025,attendance,physical_attendees_adults,october,Q12_2_15,"Please complete the table to show the number of attendees at those events. Please split the data into physical and digital events.



Total number of people attending - please record the actual attendees, rather than the number booked.



Please give the total number of attendees, and then the breakdown only if you use these categories.  If you collect your data quarterly please enter the total in the last month of that quarter (eg Total Q1 in June, Total Q2 in September etc) - Physical attendees - Adults - Oct 2024",
2024/2025,attendance,physical_attendees_adults,november,Q12_2_16,"Please complete the table to show the number of attendees at those events. Please split the data into physical and digital events.



Total number of people attending - please record the actual attendees, rather than the number booked.



Please give the total number of attendees, and then the breakdown only if you use these categories.  If you collect your data quarterly please enter the total in the last month of that quarter (eg Total Q1 in June, Total Q2 in September etc) - Physical attendees - Adults - Nov 2024",
2024/2025,attendance,physical_attendees_adults,december,Q12_2_17,"Please complete the table to show the number of attendees at those events. Please split the data into physical and digital events.



Total number of people attending - please record the actual attendees, rather than the number booked.



Please give the total number of attendees, and then the breakdown only if you use these categories.  If you collect your data quarterly please enter the total in the last month of that quarter (eg Total Q1 in June, Total Q2 in September etc) - Physical attendees - Adults - Dec 2024/Q3",
2024/2025,attendance,physical_attendees_adults,january,Q12_2_18,"Please complete the table to show the number of attendees at those events. Please split the data into physical and digital events.



Total number of people attending - please record the actual attendees, rather than the number booked.



Please give the total number of attendees, and then the breakdown only if you use these categories.  If you collect your data quarterly please enter the total in the last month of that quarter (eg Total Q1 in June, Total Q2 in September etc) - Physical attendees - Adults - Jan 2025",
2024/2025,attendance,physical_attendees_adults,february,Q12_2_19,"Please complete the table to show the number of attendees at those events. Please split the data into physical and digital events.



Total number of people attending - please record the actual attendees, rather than the number booked.



Please give the total number of attendees, and then the breakdown only if you use these categories.  If you collect your data quarterly please enter the total in the last month of that quarter (eg Total Q1 in June, Total Q2 in September etc) - Physical attendees - Adults - Feb 2025",
2024/2025,attendance,physical_attendees_adults,march,Q12_2_20,"Please complete the table to show the number of attendees at those events. Please split the data into physical and digital events.



Total number of people attending - please record the actual attendees, rather than the number booked.



Please give the total number of attendees, and then the breakdown only if you use these categories.  If you collect your data quarterly please enter the total in the last month of that quarter (eg Total Q1 in June, Total Q2 in September etc) - Physical attendees - Adults - March 2025/Q4",
2024/2025,attendance,physical_attendees_adults,Annual,Q12_2_Total,PHYSICAL attendees - Children (11 and under) - Total 2024/25,"Annual label uses the 2025/26 demographic order; use the verified monthly question group and formula, not this label."
2024/2025,attendance,physical_attendees_11_under,april,Q12_3_1,"Please complete the table to show the number of attendees at those events. Please split the data into physical and digital events.



Total number of people attending - please record the actual attendees, rather than the number booked.



Please give the total number of attendees, and then the breakdown only if you use these categories.  If you collect your data quarterly please enter the total in the last month of that quarter (eg Total Q1 in June, Total Q2 in September etc) - Physical attendees - Children 11 and under - April 2024",
2024/2025,attendance,physical_attendees_11_under,may,Q12_3_2,"Please complete the table to show the number of attendees at those events. Please split the data into physical and digital events.



Total number of people attending - please record the actual attendees, rather than the number booked.



Please give the total number of attendees, and then the breakdown only if you use these categories.  If you collect your data quarterly please enter the total in the last month of that quarter (eg Total Q1 in June, Total Q2 in September etc) - Physical attendees - Children 11 and under - May 2024",
2024/2025,attendance,physical_attendees_11_under,june,Q12_3_3,"Please complete the table to show the number of attendees at those events. Please split the data into physical and digital events.



Total number of people attending - please record the actual attendees, rather than the number booked.



Please give the total number of attendees, and then the breakdown only if you use these categories.  If you collect your data quarterly please enter the total in the last month of that quarter (eg Total Q1 in June, Total Q2 in September etc) - Physical attendees - Children 11 and under - June 2024/Q1",
2024/2025,attendance,physical_attendees_11_under,july,Q12_3_4,"Please complete the table to show the number of attendees at those events. Please split the data into physical and digital events.



Total number of people attending - please record the actual attendees, rather than the number booked.



Please give the total number of attendees, and then the breakdown only if you use these categories.  If you collect your data quarterly please enter the total in the last month of that quarter (eg Total Q1 in June, Total Q2 in September etc) - Physical attendees - Children 11 and under - July 2024",
2024/2025,attendance,physical_attendees_11_under,august,Q12_3_13,"Please complete the table to show the number of attendees at those events. Please split the data into physical and digital events.



Total number of people attending - please record the actual attendees, rather than the number booked.



Please give the total number of attendees, and then the breakdown only if you use these categories.  If you collect your data quarterly please enter the total in the last month of that quarter (eg Total Q1 in June, Total Q2 in September etc) - Physical attendees - Children 11 and under - August 2024",
2024/2025,attendance,physical_attendees_11_under,september,Q12_3_14,"Please complete the table to show the number of attendees at those events. Please split the data into physical and digital events.



Total number of people attending - please record the actual attendees, rather than the number booked.



Please give the total number of attendees, and then the breakdown only if you use these categories.  If you collect your data quarterly please enter the total in the last month of that quarter (eg Total Q1 in June, Total Q2 in September etc) - Physical attendees - Children 11 and under - Sept 2024/Q2",
2024/2025,attendance,physical_attendees_11_under,october,Q12_3_15,"Please complete the table to show the number of attendees at those events. Please split the data into physical and digital events.



Total number of people attending - please record the actual attendees, rather than the number booked.



Please give the total number of attendees, and then the breakdown only if you use these categories.  If you collect your data quarterly please enter the total in the last month of that quarter (eg Total Q1 in June, Total Q2 in September etc) - Physical attendees - Children 11 and under - Oct 2024",
2024/2025,attendance,physical_attendees_11_under,november,Q12_3_16,"Please complete the table to show the number of attendees at those events. Please split the data into physical and digital events.



Total number of people attending - please record the actual attendees, rather than the number booked.



Please give the total number of attendees, and then the breakdown only if you use these categories.  If you collect your data quarterly please enter the total in the last month of that quarter (eg Total Q1 in June, Total Q2 in September etc) - Physical attendees - Children 11 and under - Nov 2024",
2024/2025,attendance,physical_attendees_11_under,december,Q12_3_17,"Please complete the table to show the number of attendees at those events. Please split the data into physical and digital events.



Total number of people attending - please record the actual attendees, rather than the number booked.



Please give the total number of attendees, and then the breakdown only if you use these categories.  If you collect your data quarterly please enter the total in the last month of that quarter (eg Total Q1 in June, Total Q2 in September etc) - Physical attendees - Children 11 and under - Dec 2024/Q3",
2024/2025,attendance,physical_attendees_11_under,january,Q12_3_18,"Please complete the table to show the number of attendees at those events. Please split the data into physical and digital events.



Total number of people attending - please record the actual attendees, rather than the number booked.



Please give the total number of attendees, and then the breakdown only if you use these categories.  If you collect your data quarterly please enter the total in the last month of that quarter (eg Total Q1 in June, Total Q2 in September etc) - Physical attendees - Children 11 and under - Jan 2025",
2024/2025,attendance,physical_attendees_11_under,february,Q12_3_19,"Please complete the table to show the number of attendees at those events. Please split the data into physical and digital events.



Total number of people attending - please record the actual attendees, rather than the number booked.



Please give the total number of attendees, and then the breakdown only if you use these categories.  If you collect your data quarterly please enter the total in the last month of that quarter (eg Total Q1 in June, Total Q2 in September etc) - Physical attendees - Children 11 and under - Feb 2025",
2024/2025,attendance,physical_attendees_11_under,march,Q12_3_20,"Please complete the table to show the number of attendees at those events. Please split the data into physical and digital events.



Total number of people attending - please record the actual attendees, rather than the number booked.



Please give the total number of attendees, and then the breakdown only if you use these categories.  If you collect your data quarterly please enter the total in the last month of that quarter (eg Total Q1 in June, Total Q2 in September etc) - Physical attendees - Children 11 and under - March 2025/Q4",
2024/2025,attendance,physical_attendees_11_under,Annual,Q12_3_Total,PHYSICAL attendees - Young people (12-17) - Total 2024/25,"Annual label uses the 2025/26 demographic order; use the verified monthly question group and formula, not this label."
2024/2025,attendance,physical_attendees_12_17,april,Q12_4_1,"Please complete the table to show the number of attendees at those events. Please split the data into physical and digital events.



Total number of people attending - please record the actual attendees, rather than the number booked.



Please give the total number of attendees, and then the breakdown only if you use these categories.  If you collect your data quarterly please enter the total in the last month of that quarter (eg Total Q1 in June, Total Q2 in September etc) - Physical attendees - Young people between 12 and 17 - April 2024",
2024/2025,attendance,physical_attendees_12_17,may,Q12_4_2,"Please complete the table to show the number of attendees at those events. Please split the data into physical and digital events.



Total number of people attending - please record the actual attendees, rather than the number booked.



Please give the total number of attendees, and then the breakdown only if you use these categories.  If you collect your data quarterly please enter the total in the last month of that quarter (eg Total Q1 in June, Total Q2 in September etc) - Physical attendees - Young people between 12 and 17 - May 2024",
2024/2025,attendance,physical_attendees_12_17,june,Q12_4_3,"Please complete the table to show the number of attendees at those events. Please split the data into physical and digital events.



Total number of people attending - please record the actual attendees, rather than the number booked.



Please give the total number of attendees, and then the breakdown only if you use these categories.  If you collect your data quarterly please enter the total in the last month of that quarter (eg Total Q1 in June, Total Q2 in September etc) - Physical attendees - Young people between 12 and 17 - June 2024/Q1",
2024/2025,attendance,physical_attendees_12_17,july,Q12_4_4,"Please complete the table to show the number of attendees at those events. Please split the data into physical and digital events.



Total number of people attending - please record the actual attendees, rather than the number booked.



Please give the total number of attendees, and then the breakdown only if you use these categories.  If you collect your data quarterly please enter the total in the last month of that quarter (eg Total Q1 in June, Total Q2 in September etc) - Physical attendees - Young people between 12 and 17 - July 2024",
2024/2025,attendance,physical_attendees_12_17,august,Q12_4_13,"Please complete the table to show the number of attendees at those events. Please split the data into physical and digital events.



Total number of people attending - please record the actual attendees, rather than the number booked.



Please give the total number of attendees, and then the breakdown only if you use these categories.  If you collect your data quarterly please enter the total in the last month of that quarter (eg Total Q1 in June, Total Q2 in September etc) - Physical attendees - Young people between 12 and 17 - August 2024",
2024/2025,attendance,physical_attendees_12_17,september,Q12_4_14,"Please complete the table to show the number of attendees at those events. Please split the data into physical and digital events.



Total number of people attending - please record the actual attendees, rather than the number booked.



Please give the total number of attendees, and then the breakdown only if you use these categories.  If you collect your data quarterly please enter the total in the last month of that quarter (eg Total Q1 in June, Total Q2 in September etc) - Physical attendees - Young people between 12 and 17 - Sept 2024/Q2",
2024/2025,attendance,physical_attendees_12_17,october,Q12_4_15,"Please complete the table to show the number of attendees at those events. Please split the data into physical and digital events.



Total number of people attending - please record the actual attendees, rather than the number booked.



Please give the total number of attendees, and then the breakdown only if you use these categories.  If you collect your data quarterly please enter the total in the last month of that quarter (eg Total Q1 in June, Total Q2 in September etc) - Physical attendees - Young people between 12 and 17 - Oct 2024",
2024/2025,attendance,physical_attendees_12_17,november,Q12_4_16,"Please complete the table to show the number of attendees at those events. Please split the data into physical and digital events.



Total number of people attending - please record the actual attendees, rather than the number booked.



Please give the total number of attendees, and then the breakdown only if you use these categories.  If you collect your data quarterly please enter the total in the last month of that quarter (eg Total Q1 in June, Total Q2 in September etc) - Physical attendees - Young people between 12 and 17 - Nov 2024",
2024/2025,attendance,physical_attendees_12_17,december,Q12_4_17,"Please complete the table to show the number of attendees at those events. Please split the data into physical and digital events.



Total number of people attending - please record the actual attendees, rather than the number booked.



Please give the total number of attendees, and then the breakdown only if you use these categories.  If you collect your data quarterly please enter the total in the last month of that quarter (eg Total Q1 in June, Total Q2 in September etc) - Physical attendees - Young people between 12 and 17 - Dec 2024/Q3",
2024/2025,attendance,physical_attendees_12_17,january,Q12_4_18,"Please complete the table to show the number of attendees at those events. Please split the data into physical and digital events.



Total number of people attending - please record the actual attendees, rather than the number booked.



Please give the total number of attendees, and then the breakdown only if you use these categories.  If you collect your data quarterly please enter the total in the last month of that quarter (eg Total Q1 in June, Total Q2 in September etc) - Physical attendees - Young people between 12 and 17 - Jan 2025",
2024/2025,attendance,physical_attendees_12_17,february,Q12_4_19,"Please complete the table to show the number of attendees at those events. Please split the data into physical and digital events.



Total number of people attending - please record the actual attendees, rather than the number booked.



Please give the total number of attendees, and then the breakdown only if you use these categories.  If you collect your data quarterly please enter the total in the last month of that quarter (eg Total Q1 in June, Total Q2 in September etc) - Physical attendees - Young people between 12 and 17 - Feb 2025",
2024/2025,attendance,physical_attendees_12_17,march,Q12_4_20,"Please complete the table to show the number of attendees at those events. Please split the data into physical and digital events.



Total number of people attending - please record the actual attendees, rather than the number booked.



Please give the total number of attendees, and then the breakdown only if you use these categories.  If you collect your data quarterly please enter the total in the last month of that quarter (eg Total Q1 in June, Total Q2 in September etc) - Physical attendees - Young people between 12 and 17 - March 2025/Q4",
2024/2025,attendance,physical_attendees_12_17,Annual,Q12_4_Total,PHYSICAL attendees - Adult (18+) or unclassified - Total 2024/25,"Annual label uses the 2025/26 demographic order; use the verified monthly question group and formula, not this label."
2024/2025,attendance,total_attendees_digital_events,april,Q12_5_1,"Please complete the table to show the number of attendees at those events. Please split the data into physical and digital events.



Total number of people attending - please record the actual attendees, rather than the number booked.



Please give the total number of attendees, and then the breakdown only if you use these categories.  If you collect your data quarterly please enter the total in the last month of that quarter (eg Total Q1 in June, Total Q2 in September etc) - Total attendees at digital events - April 2024",
2024/2025,attendance,total_attendees_digital_events,may,Q12_5_2,"Please complete the table to show the number of attendees at those events. Please split the data into physical and digital events.



Total number of people attending - please record the actual attendees, rather than the number booked.



Please give the total number of attendees, and then the breakdown only if you use these categories.  If you collect your data quarterly please enter the total in the last month of that quarter (eg Total Q1 in June, Total Q2 in September etc) - Total attendees at digital events - May 2024",
2024/2025,attendance,total_attendees_digital_events,june,Q12_5_3,"Please complete the table to show the number of attendees at those events. Please split the data into physical and digital events.



Total number of people attending - please record the actual attendees, rather than the number booked.



Please give the total number of attendees, and then the breakdown only if you use these categories.  If you collect your data quarterly please enter the total in the last month of that quarter (eg Total Q1 in June, Total Q2 in September etc) - Total attendees at digital events - June 2024/Q1",
2024/2025,attendance,total_attendees_digital_events,july,Q12_5_4,"Please complete the table to show the number of attendees at those events. Please split the data into physical and digital events.



Total number of people attending - please record the actual attendees, rather than the number booked.



Please give the total number of attendees, and then the breakdown only if you use these categories.  If you collect your data quarterly please enter the total in the last month of that quarter (eg Total Q1 in June, Total Q2 in September etc) - Total attendees at digital events - July 2024",
2024/2025,attendance,total_attendees_digital_events,august,Q12_5_13,"Please complete the table to show the number of attendees at those events. Please split the data into physical and digital events.



Total number of people attending - please record the actual attendees, rather than the number booked.



Please give the total number of attendees, and then the breakdown only if you use these categories.  If you collect your data quarterly please enter the total in the last month of that quarter (eg Total Q1 in June, Total Q2 in September etc) - Total attendees at digital events - August 2024",
2024/2025,attendance,total_attendees_digital_events,september,Q12_5_14,"Please complete the table to show the number of attendees at those events. Please split the data into physical and digital events.



Total number of people attending - please record the actual attendees, rather than the number booked.



Please give the total number of attendees, and then the breakdown only if you use these categories.  If you collect your data quarterly please enter the total in the last month of that quarter (eg Total Q1 in June, Total Q2 in September etc) - Total attendees at digital events - Sept 2024/Q2",
2024/2025,attendance,total_attendees_digital_events,october,Q12_5_15,"Please complete the table to show the number of attendees at those events. Please split the data into physical and digital events.



Total number of people attending - please record the actual attendees, rather than the number booked.



Please give the total number of attendees, and then the breakdown only if you use these categories.  If you collect your data quarterly please enter the total in the last month of that quarter (eg Total Q1 in June, Total Q2 in September etc) - Total attendees at digital events - Oct 2024",
2024/2025,attendance,total_attendees_digital_events,november,Q12_5_16,"Please complete the table to show the number of attendees at those events. Please split the data into physical and digital events.



Total number of people attending - please record the actual attendees, rather than the number booked.



Please give the total number of attendees, and then the breakdown only if you use these categories.  If you collect your data quarterly please enter the total in the last month of that quarter (eg Total Q1 in June, Total Q2 in September etc) - Total attendees at digital events - Nov 2024",
2024/2025,attendance,total_attendees_digital_events,december,Q12_5_17,"Please complete the table to show the number of attendees at those events. Please split the data into physical and digital events.



Total number of people attending - please record the actual attendees, rather than the number booked.



Please give the total number of attendees, and then the breakdown only if you use these categories.  If you collect your data quarterly please enter the total in the last month of that quarter (eg Total Q1 in June, Total Q2 in September etc) - Total attendees at digital events - Dec 2024/Q3",
2024/2025,attendance,total_attendees_digital_events,january,Q12_5_18,"Please complete the table to show the number of attendees at those events. Please split the data into physical and digital events.



Total number of people attending - please record the actual attendees, rather than the number booked.



Please give the total number of attendees, and then the breakdown only if you use these categories.  If you collect your data quarterly please enter the total in the last month of that quarter (eg Total Q1 in June, Total Q2 in September etc) - Total attendees at digital events - Jan 2025",
2024/2025,attendance,total_attendees_digital_events,february,Q12_5_19,"Please complete the table to show the number of attendees at those events. Please split the data into physical and digital events.



Total number of people attending - please record the actual attendees, rather than the number booked.



Please give the total number of attendees, and then the breakdown only if you use these categories.  If you collect your data quarterly please enter the total in the last month of that quarter (eg Total Q1 in June, Total Q2 in September etc) - Total attendees at digital events - Feb 2025",
2024/2025,attendance,total_attendees_digital_events,march,Q12_5_20,"Please complete the table to show the number of attendees at those events. Please split the data into physical and digital events.



Total number of people attending - please record the actual attendees, rather than the number booked.



Please give the total number of attendees, and then the breakdown only if you use these categories.  If you collect your data quarterly please enter the total in the last month of that quarter (eg Total Q1 in June, Total Q2 in September etc) - Total attendees at digital events - March 2025/Q4",
2024/2025,attendance,total_attendees_digital_events,Annual,Q12_5_Total,Total attendees at DIGITAL events - Total 2024/25,
2024/2025,attendance,digital_attendees_adults,april,Q12_6_1,"Please complete the table to show the number of attendees at those events. Please split the data into physical and digital events.



Total number of people attending - please record the actual attendees, rather than the number booked.



Please give the total number of attendees, and then the breakdown only if you use these categories.  If you collect your data quarterly please enter the total in the last month of that quarter (eg Total Q1 in June, Total Q2 in September etc) - Digital attendees - Adults - April 2024",
2024/2025,attendance,digital_attendees_adults,may,Q12_6_2,"Please complete the table to show the number of attendees at those events. Please split the data into physical and digital events.



Total number of people attending - please record the actual attendees, rather than the number booked.



Please give the total number of attendees, and then the breakdown only if you use these categories.  If you collect your data quarterly please enter the total in the last month of that quarter (eg Total Q1 in June, Total Q2 in September etc) - Digital attendees - Adults - May 2024",
2024/2025,attendance,digital_attendees_adults,june,Q12_6_3,"Please complete the table to show the number of attendees at those events. Please split the data into physical and digital events.



Total number of people attending - please record the actual attendees, rather than the number booked.



Please give the total number of attendees, and then the breakdown only if you use these categories.  If you collect your data quarterly please enter the total in the last month of that quarter (eg Total Q1 in June, Total Q2 in September etc) - Digital attendees - Adults - June 2024/Q1",
2024/2025,attendance,digital_attendees_adults,july,Q12_6_4,"Please complete the table to show the number of attendees at those events. Please split the data into physical and digital events.



Total number of people attending - please record the actual attendees, rather than the number booked.



Please give the total number of attendees, and then the breakdown only if you use these categories.  If you collect your data quarterly please enter the total in the last month of that quarter (eg Total Q1 in June, Total Q2 in September etc) - Digital attendees - Adults - July 2024",
2024/2025,attendance,digital_attendees_adults,august,Q12_6_13,"Please complete the table to show the number of attendees at those events. Please split the data into physical and digital events.



Total number of people attending - please record the actual attendees, rather than the number booked.



Please give the total number of attendees, and then the breakdown only if you use these categories.  If you collect your data quarterly please enter the total in the last month of that quarter (eg Total Q1 in June, Total Q2 in September etc) - Digital attendees - Adults - August 2024",
2024/2025,attendance,digital_attendees_adults,september,Q12_6_14,"Please complete the table to show the number of attendees at those events. Please split the data into physical and digital events.



Total number of people attending - please record the actual attendees, rather than the number booked.



Please give the total number of attendees, and then the breakdown only if you use these categories.  If you collect your data quarterly please enter the total in the last month of that quarter (eg Total Q1 in June, Total Q2 in September etc) - Digital attendees - Adults - Sept 2024/Q2",
2024/2025,attendance,digital_attendees_adults,october,Q12_6_15,"Please complete the table to show the number of attendees at those events. Please split the data into physical and digital events.



Total number of people attending - please record the actual attendees, rather than the number booked.



Please give the total number of attendees, and then the breakdown only if you use these categories.  If you collect your data quarterly please enter the total in the last month of that quarter (eg Total Q1 in June, Total Q2 in September etc) - Digital attendees - Adults - Oct 2024",
2024/2025,attendance,digital_attendees_adults,november,Q12_6_16,"Please complete the table to show the number of attendees at those events. Please split the data into physical and digital events.



Total number of people attending - please record the actual attendees, rather than the number booked.



Please give the total number of attendees, and then the breakdown only if you use these categories.  If you collect your data quarterly please enter the total in the last month of that quarter (eg Total Q1 in June, Total Q2 in September etc) - Digital attendees - Adults - Nov 2024",
2024/2025,attendance,digital_attendees_adults,december,Q12_6_17,"Please complete the table to show the number of attendees at those events. Please split the data into physical and digital events.



Total number of people attending - please record the actual attendees, rather than the number booked.



Please give the total number of attendees, and then the breakdown only if you use these categories.  If you collect your data quarterly please enter the total in the last month of that quarter (eg Total Q1 in June, Total Q2 in September etc) - Digital attendees - Adults - Dec 2024/Q3",
2024/2025,attendance,digital_attendees_adults,january,Q12_6_18,"Please complete the table to show the number of attendees at those events. Please split the data into physical and digital events.



Total number of people attending - please record the actual attendees, rather than the number booked.



Please give the total number of attendees, and then the breakdown only if you use these categories.  If you collect your data quarterly please enter the total in the last month of that quarter (eg Total Q1 in June, Total Q2 in September etc) - Digital attendees - Adults - Jan 2025",
2024/2025,attendance,digital_attendees_adults,february,Q12_6_19,"Please complete the table to show the number of attendees at those events. Please split the data into physical and digital events.



Total number of people attending - please record the actual attendees, rather than the number booked.



Please give the total number of attendees, and then the breakdown only if you use these categories.  If you collect your data quarterly please enter the total in the last month of that quarter (eg Total Q1 in June, Total Q2 in September etc) - Digital attendees - Adults - Feb 2025",
2024/2025,attendance,digital_attendees_adults,march,Q12_6_20,"Please complete the table to show the number of attendees at those events. Please split the data into physical and digital events.



Total number of people attending - please record the actual attendees, rather than the number booked.



Please give the total number of attendees, and then the breakdown only if you use these categories.  If you collect your data quarterly please enter the total in the last month of that quarter (eg Total Q1 in June, Total Q2 in September etc) - Digital attendees - Adults - March 2025/Q4",
2024/2025,attendance,digital_attendees_adults,Annual,Q12_6_Total,DIGITAL attendees - Children (11 and under) - Total 2024/25,"Annual label uses the 2025/26 demographic order; use the verified monthly question group and formula, not this label."
2024/2025,attendance,digital_attendees_11_under,april,Q12_7_1,"Please complete the table to show the number of attendees at those events. Please split the data into physical and digital events.



Total number of people attending - please record the actual attendees, rather than the number booked.



Please give the total number of attendees, and then the breakdown only if you use these categories.  If you collect your data quarterly please enter the total in the last month of that quarter (eg Total Q1 in June, Total Q2 in September etc) - Digital attendees - Children 11 and under - April 2024",
2024/2025,attendance,digital_attendees_11_under,may,Q12_7_2,"Please complete the table to show the number of attendees at those events. Please split the data into physical and digital events.



Total number of people attending - please record the actual attendees, rather than the number booked.



Please give the total number of attendees, and then the breakdown only if you use these categories.  If you collect your data quarterly please enter the total in the last month of that quarter (eg Total Q1 in June, Total Q2 in September etc) - Digital attendees - Children 11 and under - May 2024",
2024/2025,attendance,digital_attendees_11_under,june,Q12_7_3,"Please complete the table to show the number of attendees at those events. Please split the data into physical and digital events.



Total number of people attending - please record the actual attendees, rather than the number booked.



Please give the total number of attendees, and then the breakdown only if you use these categories.  If you collect your data quarterly please enter the total in the last month of that quarter (eg Total Q1 in June, Total Q2 in September etc) - Digital attendees - Children 11 and under - June 2024/Q1",
2024/2025,attendance,digital_attendees_11_under,july,Q12_7_4,"Please complete the table to show the number of attendees at those events. Please split the data into physical and digital events.



Total number of people attending - please record the actual attendees, rather than the number booked.



Please give the total number of attendees, and then the breakdown only if you use these categories.  If you collect your data quarterly please enter the total in the last month of that quarter (eg Total Q1 in June, Total Q2 in September etc) - Digital attendees - Children 11 and under - July 2024",
2024/2025,attendance,digital_attendees_11_under,august,Q12_7_13,"Please complete the table to show the number of attendees at those events. Please split the data into physical and digital events.



Total number of people attending - please record the actual attendees, rather than the number booked.



Please give the total number of attendees, and then the breakdown only if you use these categories.  If you collect your data quarterly please enter the total in the last month of that quarter (eg Total Q1 in June, Total Q2 in September etc) - Digital attendees - Children 11 and under - August 2024",
2024/2025,attendance,digital_attendees_11_under,september,Q12_7_14,"Please complete the table to show the number of attendees at those events. Please split the data into physical and digital events.



Total number of people attending - please record the actual attendees, rather than the number booked.



Please give the total number of attendees, and then the breakdown only if you use these categories.  If you collect your data quarterly please enter the total in the last month of that quarter (eg Total Q1 in June, Total Q2 in September etc) - Digital attendees - Children 11 and under - Sept 2024/Q2",
2024/2025,attendance,digital_attendees_11_under,october,Q12_7_15,"Please complete the table to show the number of attendees at those events. Please split the data into physical and digital events.



Total number of people attending - please record the actual attendees, rather than the number booked.



Please give the total number of attendees, and then the breakdown only if you use these categories.  If you collect your data quarterly please enter the total in the last month of that quarter (eg Total Q1 in June, Total Q2 in September etc) - Digital attendees - Children 11 and under - Oct 2024",
2024/2025,attendance,digital_attendees_11_under,november,Q12_7_16,"Please complete the table to show the number of attendees at those events. Please split the data into physical and digital events.



Total number of people attending - please record the actual attendees, rather than the number booked.



Please give the total number of attendees, and then the breakdown only if you use these categories.  If you collect your data quarterly please enter the total in the last month of that quarter (eg Total Q1 in June, Total Q2 in September etc) - Digital attendees - Children 11 and under - Nov 2024",
2024/2025,attendance,digital_attendees_11_under,december,Q12_7_17,"Please complete the table to show the number of attendees at those events. Please split the data into physical and digital events.



Total number of people attending - please record the actual attendees, rather than the number booked.



Please give the total number of attendees, and then the breakdown only if you use these categories.  If you collect your data quarterly please enter the total in the last month of that quarter (eg Total Q1 in June, Total Q2 in September etc) - Digital attendees - Children 11 and under - Dec 2024/Q3",
2024/2025,attendance,digital_attendees_11_under,january,Q12_7_18,"Please complete the table to show the number of attendees at those events. Please split the data into physical and digital events.



Total number of people attending - please record the actual attendees, rather than the number booked.



Please give the total number of attendees, and then the breakdown only if you use these categories.  If you collect your data quarterly please enter the total in the last month of that quarter (eg Total Q1 in June, Total Q2 in September etc) - Digital attendees - Children 11 and under - Jan 2025",
2024/2025,attendance,digital_attendees_11_under,february,Q12_7_19,"Please complete the table to show the number of attendees at those events. Please split the data into physical and digital events.



Total number of people attending - please record the actual attendees, rather than the number booked.



Please give the total number of attendees, and then the breakdown only if you use these categories.  If you collect your data quarterly please enter the total in the last month of that quarter (eg Total Q1 in June, Total Q2 in September etc) - Digital attendees - Children 11 and under - Feb 2025",
2024/2025,attendance,digital_attendees_11_under,march,Q12_7_20,"Please complete the table to show the number of attendees at those events. Please split the data into physical and digital events.



Total number of people attending - please record the actual attendees, rather than the number booked.



Please give the total number of attendees, and then the breakdown only if you use these categories.  If you collect your data quarterly please enter the total in the last month of that quarter (eg Total Q1 in June, Total Q2 in September etc) - Digital attendees - Children 11 and under - March 2025/Q4",
2024/2025,attendance,digital_attendees_11_under,Annual,Q12_7_Total,DIGITAL attendees - Young people (12-17) - Total 2024/25,"Annual label uses the 2025/26 demographic order; use the verified monthly question group and formula, not this label."
2024/2025,attendance,digital_attendees_12_17,april,Q12_8_1,"Please complete the table to show the number of attendees at those events. Please split the data into physical and digital events.



Total number of people attending - please record the actual attendees, rather than the number booked.



Please give the total number of attendees, and then the breakdown only if you use these categories.  If you collect your data quarterly please enter the total in the last month of that quarter (eg Total Q1 in June, Total Q2 in September etc) - Digital attendees - Young people between 12 and 17 - April 2024",
2024/2025,attendance,digital_attendees_12_17,may,Q12_8_2,"Please complete the table to show the number of attendees at those events. Please split the data into physical and digital events.



Total number of people attending - please record the actual attendees, rather than the number booked.



Please give the total number of attendees, and then the breakdown only if you use these categories.  If you collect your data quarterly please enter the total in the last month of that quarter (eg Total Q1 in June, Total Q2 in September etc) - Digital attendees - Young people between 12 and 17 - May 2024",
2024/2025,attendance,digital_attendees_12_17,june,Q12_8_3,"Please complete the table to show the number of attendees at those events. Please split the data into physical and digital events.



Total number of people attending - please record the actual attendees, rather than the number booked.



Please give the total number of attendees, and then the breakdown only if you use these categories.  If you collect your data quarterly please enter the total in the last month of that quarter (eg Total Q1 in June, Total Q2 in September etc) - Digital attendees - Young people between 12 and 17 - June 2024/Q1",
2024/2025,attendance,digital_attendees_12_17,july,Q12_8_4,"Please complete the table to show the number of attendees at those events. Please split the data into physical and digital events.



Total number of people attending - please record the actual attendees, rather than the number booked.



Please give the total number of attendees, and then the breakdown only if you use these categories.  If you collect your data quarterly please enter the total in the last month of that quarter (eg Total Q1 in June, Total Q2 in September etc) - Digital attendees - Young people between 12 and 17 - July 2024",
2024/2025,attendance,digital_attendees_12_17,august,Q12_8_13,"Please complete the table to show the number of attendees at those events. Please split the data into physical and digital events.



Total number of people attending - please record the actual attendees, rather than the number booked.



Please give the total number of attendees, and then the breakdown only if you use these categories.  If you collect your data quarterly please enter the total in the last month of that quarter (eg Total Q1 in June, Total Q2 in September etc) - Digital attendees - Young people between 12 and 17 - August 2024",
2024/2025,attendance,digital_attendees_12_17,september,Q12_8_14,"Please complete the table to show the number of attendees at those events. Please split the data into physical and digital events.



Total number of people attending - please record the actual attendees, rather than the number booked.



Please give the total number of attendees, and then the breakdown only if you use these categories.  If you collect your data quarterly please enter the total in the last month of that quarter (eg Total Q1 in June, Total Q2 in September etc) - Digital attendees - Young people between 12 and 17 - Sept 2024/Q2",
2024/2025,attendance,digital_attendees_12_17,october,Q12_8_15,"Please complete the table to show the number of attendees at those events. Please split the data into physical and digital events.



Total number of people attending - please record the actual attendees, rather than the number booked.



Please give the total number of attendees, and then the breakdown only if you use these categories.  If you collect your data quarterly please enter the total in the last month of that quarter (eg Total Q1 in June, Total Q2 in September etc) - Digital attendees - Young people between 12 and 17 - Oct 2024",
2024/2025,attendance,digital_attendees_12_17,november,Q12_8_16,"Please complete the table to show the number of attendees at those events. Please split the data into physical and digital events.



Total number of people attending - please record the actual attendees, rather than the number booked.



Please give the total number of attendees, and then the breakdown only if you use these categories.  If you collect your data quarterly please enter the total in the last month of that quarter (eg Total Q1 in June, Total Q2 in September etc) - Digital attendees - Young people between 12 and 17 - Nov 2024",
2024/2025,attendance,digital_attendees_12_17,december,Q12_8_17,"Please complete the table to show the number of attendees at those events. Please split the data into physical and digital events.



Total number of people attending - please record the actual attendees, rather than the number booked.



Please give the total number of attendees, and then the breakdown only if you use these categories.  If you collect your data quarterly please enter the total in the last month of that quarter (eg Total Q1 in June, Total Q2 in September etc) - Digital attendees - Young people between 12 and 17 - Dec 2024/Q3",
2024/2025,attendance,digital_attendees_12_17,january,Q12_8_18,"Please complete the table to show the number of attendees at those events. Please split the data into physical and digital events.



Total number of people attending - please record the actual attendees, rather than the number booked.



Please give the total number of attendees, and then the breakdown only if you use these categories.  If you collect your data quarterly please enter the total in the last month of that quarter (eg Total Q1 in June, Total Q2 in September etc) - Digital attendees - Young people between 12 and 17 - Jan 2025",
2024/2025,attendance,digital_attendees_12_17,february,Q12_8_19,"Please complete the table to show the number of attendees at those events. Please split the data into physical and digital events.



Total number of people attending - please record the actual attendees, rather than the number booked.



Please give the total number of attendees, and then the breakdown only if you use these categories.  If you collect your data quarterly please enter the total in the last month of that quarter (eg Total Q1 in June, Total Q2 in September etc) - Digital attendees - Young people between 12 and 17 - Feb 2025",
2024/2025,attendance,digital_attendees_12_17,march,Q12_8_20,"Please complete the table to show the number of attendees at those events. Please split the data into physical and digital events.



Total number of people attending - please record the actual attendees, rather than the number booked.



Please give the total number of attendees, and then the breakdown only if you use these categories.  If you collect your data quarterly please enter the total in the last month of that quarter (eg Total Q1 in June, Total Q2 in September etc) - Digital attendees - Young people between 12 and 17 - March 2025/Q4",
2024/2025,attendance,digital_attendees_12_17,Annual,Q12_8_Total,DIGITAL attendees - Adult (18+) or unclassified - Total 2024/25,"Annual label uses the 2025/26 demographic order; use the verified monthly question group and formula, not this label."
2024/2025,loans,total_physical_book_issues,april,Q17_1_1,"Loans and lending of library items



Please complete the table to show the number of issues by format in each month. Please split the data into adult and children/young people's books. 



Note, reissue/renewal counts as an additional loan.



For all these categories, this is the number of books in the identified format issued to library members' tickets.



Where we are asking for adult books, we are looking for any books that are categorised on your Library Management System as books targeted at (not restricted to) adults. Please include any books that are not given an age range - so essentially we are looking for any books that are not categorised on your Library Management System as children's/young people books.



Where we are asking for childrenâ€™s books, we are looking for any books that that are categorised on your Library Management System as targeted at children - so where targeted at an age group of under 12 years.



 Where we are asking for young peopleâ€™s books, we are looking for any books that that are categorised on your Library Management System as targeted at young people or young adults - so where targeted at an age group that includes those between 12 and 18 years.



We are seeking data on the content that has been borrowed - so if an adult borrows a childrenâ€™s / young adult book, please count it with the childrenâ€™s books. We appreciate there is a rich strand of data around who is borrowing (adult or child) , but we are not seeking that data this time as we wanted to keep it as simple as possible.



If you collect your data quarterly please enter the total in the last month of that quarter (eg Total Q1 in June, Total Q2 in September etc) - Total number of physical book issues - April 2024",
2024/2025,loans,total_physical_book_issues,may,Q17_1_2,"Loans and lending of library items



Please complete the table to show the number of issues by format in each month. Please split the data into adult and children/young people's books. 



Note, reissue/renewal counts as an additional loan.



For all these categories, this is the number of books in the identified format issued to library members' tickets.



Where we are asking for adult books, we are looking for any books that are categorised on your Library Management System as books targeted at (not restricted to) adults. Please include any books that are not given an age range - so essentially we are looking for any books that are not categorised on your Library Management System as children's/young people books.



Where we are asking for childrenâ€™s books, we are looking for any books that that are categorised on your Library Management System as targeted at children - so where targeted at an age group of under 12 years.



 Where we are asking for young peopleâ€™s books, we are looking for any books that that are categorised on your Library Management System as targeted at young people or young adults - so where targeted at an age group that includes those between 12 and 18 years.



We are seeking data on the content that has been borrowed - so if an adult borrows a childrenâ€™s / young adult book, please count it with the childrenâ€™s books. We appreciate there is a rich strand of data around who is borrowing (adult or child) , but we are not seeking that data this time as we wanted to keep it as simple as possible.



If you collect your data quarterly please enter the total in the last month of that quarter (eg Total Q1 in June, Total Q2 in September etc) - Total number of physical book issues - May 2024",
2024/2025,loans,total_physical_book_issues,june,Q17_1_3,"Loans and lending of library items



Please complete the table to show the number of issues by format in each month. Please split the data into adult and children/young people's books. 



Note, reissue/renewal counts as an additional loan.



For all these categories, this is the number of books in the identified format issued to library members' tickets.



Where we are asking for adult books, we are looking for any books that are categorised on your Library Management System as books targeted at (not restricted to) adults. Please include any books that are not given an age range - so essentially we are looking for any books that are not categorised on your Library Management System as children's/young people books.



Where we are asking for childrenâ€™s books, we are looking for any books that that are categorised on your Library Management System as targeted at children - so where targeted at an age group of under 12 years.



 Where we are asking for young peopleâ€™s books, we are looking for any books that that are categorised on your Library Management System as targeted at young people or young adults - so where targeted at an age group that includes those between 12 and 18 years.



We are seeking data on the content that has been borrowed - so if an adult borrows a childrenâ€™s / young adult book, please count it with the childrenâ€™s books. We appreciate there is a rich strand of data around who is borrowing (adult or child) , but we are not seeking that data this time as we wanted to keep it as simple as possible.



If you collect your data quarterly please enter the total in the last month of that quarter (eg Total Q1 in June, Total Q2 in September etc) - Total number of physical book issues - June 2024/Q1",
2024/2025,loans,total_physical_book_issues,july,Q17_1_5,"Loans and lending of library items



Please complete the table to show the number of issues by format in each month. Please split the data into adult and children/young people's books. 



Note, reissue/renewal counts as an additional loan.



For all these categories, this is the number of books in the identified format issued to library members' tickets.



Where we are asking for adult books, we are looking for any books that are categorised on your Library Management System as books targeted at (not restricted to) adults. Please include any books that are not given an age range - so essentially we are looking for any books that are not categorised on your Library Management System as children's/young people books.



Where we are asking for childrenâ€™s books, we are looking for any books that that are categorised on your Library Management System as targeted at children - so where targeted at an age group of under 12 years.



 Where we are asking for young peopleâ€™s books, we are looking for any books that that are categorised on your Library Management System as targeted at young people or young adults - so where targeted at an age group that includes those between 12 and 18 years.



We are seeking data on the content that has been borrowed - so if an adult borrows a childrenâ€™s / young adult book, please count it with the childrenâ€™s books. We appreciate there is a rich strand of data around who is borrowing (adult or child) , but we are not seeking that data this time as we wanted to keep it as simple as possible.



If you collect your data quarterly please enter the total in the last month of that quarter (eg Total Q1 in June, Total Q2 in September etc) - Total number of physical book issues - July 2024",
2024/2025,loans,total_physical_book_issues,august,Q17_1_6,"Loans and lending of library items



Please complete the table to show the number of issues by format in each month. Please split the data into adult and children/young people's books. 



Note, reissue/renewal counts as an additional loan.



For all these categories, this is the number of books in the identified format issued to library members' tickets.



Where we are asking for adult books, we are looking for any books that are categorised on your Library Management System as books targeted at (not restricted to) adults. Please include any books that are not given an age range - so essentially we are looking for any books that are not categorised on your Library Management System as children's/young people books.



Where we are asking for childrenâ€™s books, we are looking for any books that that are categorised on your Library Management System as targeted at children - so where targeted at an age group of under 12 years.



 Where we are asking for young peopleâ€™s books, we are looking for any books that that are categorised on your Library Management System as targeted at young people or young adults - so where targeted at an age group that includes those between 12 and 18 years.



We are seeking data on the content that has been borrowed - so if an adult borrows a childrenâ€™s / young adult book, please count it with the childrenâ€™s books. We appreciate there is a rich strand of data around who is borrowing (adult or child) , but we are not seeking that data this time as we wanted to keep it as simple as possible.



If you collect your data quarterly please enter the total in the last month of that quarter (eg Total Q1 in June, Total Q2 in September etc) - Total number of physical book issues - August 2024",
2024/2025,loans,total_physical_book_issues,september,Q17_1_7,"Loans and lending of library items



Please complete the table to show the number of issues by format in each month. Please split the data into adult and children/young people's books. 



Note, reissue/renewal counts as an additional loan.



For all these categories, this is the number of books in the identified format issued to library members' tickets.



Where we are asking for adult books, we are looking for any books that are categorised on your Library Management System as books targeted at (not restricted to) adults. Please include any books that are not given an age range - so essentially we are looking for any books that are not categorised on your Library Management System as children's/young people books.



Where we are asking for childrenâ€™s books, we are looking for any books that that are categorised on your Library Management System as targeted at children - so where targeted at an age group of under 12 years.



 Where we are asking for young peopleâ€™s books, we are looking for any books that that are categorised on your Library Management System as targeted at young people or young adults - so where targeted at an age group that includes those between 12 and 18 years.



We are seeking data on the content that has been borrowed - so if an adult borrows a childrenâ€™s / young adult book, please count it with the childrenâ€™s books. We appreciate there is a rich strand of data around who is borrowing (adult or child) , but we are not seeking that data this time as we wanted to keep it as simple as possible.



If you collect your data quarterly please enter the total in the last month of that quarter (eg Total Q1 in June, Total Q2 in September etc) - Total number of physical book issues - Sept 2024/Q2",
2024/2025,loans,total_physical_book_issues,october,Q17_1_8,"Loans and lending of library items



Please complete the table to show the number of issues by format in each month. Please split the data into adult and children/young people's books. 



Note, reissue/renewal counts as an additional loan.



For all these categories, this is the number of books in the identified format issued to library members' tickets.



Where we are asking for adult books, we are looking for any books that are categorised on your Library Management System as books targeted at (not restricted to) adults. Please include any books that are not given an age range - so essentially we are looking for any books that are not categorised on your Library Management System as children's/young people books.



Where we are asking for childrenâ€™s books, we are looking for any books that that are categorised on your Library Management System as targeted at children - so where targeted at an age group of under 12 years.



 Where we are asking for young peopleâ€™s books, we are looking for any books that that are categorised on your Library Management System as targeted at young people or young adults - so where targeted at an age group that includes those between 12 and 18 years.



We are seeking data on the content that has been borrowed - so if an adult borrows a childrenâ€™s / young adult book, please count it with the childrenâ€™s books. We appreciate there is a rich strand of data around who is borrowing (adult or child) , but we are not seeking that data this time as we wanted to keep it as simple as possible.



If you collect your data quarterly please enter the total in the last month of that quarter (eg Total Q1 in June, Total Q2 in September etc) - Total number of physical book issues - Oct 2024",
2024/2025,loans,total_physical_book_issues,november,Q17_1_9,"Loans and lending of library items



Please complete the table to show the number of issues by format in each month. Please split the data into adult and children/young people's books. 



Note, reissue/renewal counts as an additional loan.



For all these categories, this is the number of books in the identified format issued to library members' tickets.



Where we are asking for adult books, we are looking for any books that are categorised on your Library Management System as books targeted at (not restricted to) adults. Please include any books that are not given an age range - so essentially we are looking for any books that are not categorised on your Library Management System as children's/young people books.



Where we are asking for childrenâ€™s books, we are looking for any books that that are categorised on your Library Management System as targeted at children - so where targeted at an age group of under 12 years.



 Where we are asking for young peopleâ€™s books, we are looking for any books that that are categorised on your Library Management System as targeted at young people or young adults - so where targeted at an age group that includes those between 12 and 18 years.



We are seeking data on the content that has been borrowed - so if an adult borrows a childrenâ€™s / young adult book, please count it with the childrenâ€™s books. We appreciate there is a rich strand of data around who is borrowing (adult or child) , but we are not seeking that data this time as we wanted to keep it as simple as possible.



If you collect your data quarterly please enter the total in the last month of that quarter (eg Total Q1 in June, Total Q2 in September etc) - Total number of physical book issues - Nov 2024",
2024/2025,loans,total_physical_book_issues,december,Q17_1_10,"Loans and lending of library items



Please complete the table to show the number of issues by format in each month. Please split the data into adult and children/young people's books. 



Note, reissue/renewal counts as an additional loan.



For all these categories, this is the number of books in the identified format issued to library members' tickets.



Where we are asking for adult books, we are looking for any books that are categorised on your Library Management System as books targeted at (not restricted to) adults. Please include any books that are not given an age range - so essentially we are looking for any books that are not categorised on your Library Management System as children's/young people books.



Where we are asking for childrenâ€™s books, we are looking for any books that that are categorised on your Library Management System as targeted at children - so where targeted at an age group of under 12 years.



 Where we are asking for young peopleâ€™s books, we are looking for any books that that are categorised on your Library Management System as targeted at young people or young adults - so where targeted at an age group that includes those between 12 and 18 years.



We are seeking data on the content that has been borrowed - so if an adult borrows a childrenâ€™s / young adult book, please count it with the childrenâ€™s books. We appreciate there is a rich strand of data around who is borrowing (adult or child) , but we are not seeking that data this time as we wanted to keep it as simple as possible.



If you collect your data quarterly please enter the total in the last month of that quarter (eg Total Q1 in June, Total Q2 in September etc) - Total number of physical book issues - Dec 2024/Q3",
2024/2025,loans,total_physical_book_issues,january,Q17_1_11,"Loans and lending of library items



Please complete the table to show the number of issues by format in each month. Please split the data into adult and children/young people's books. 



Note, reissue/renewal counts as an additional loan.



For all these categories, this is the number of books in the identified format issued to library members' tickets.



Where we are asking for adult books, we are looking for any books that are categorised on your Library Management System as books targeted at (not restricted to) adults. Please include any books that are not given an age range - so essentially we are looking for any books that are not categorised on your Library Management System as children's/young people books.



Where we are asking for childrenâ€™s books, we are looking for any books that that are categorised on your Library Management System as targeted at children - so where targeted at an age group of under 12 years.



 Where we are asking for young peopleâ€™s books, we are looking for any books that that are categorised on your Library Management System as targeted at young people or young adults - so where targeted at an age group that includes those between 12 and 18 years.



We are seeking data on the content that has been borrowed - so if an adult borrows a childrenâ€™s / young adult book, please count it with the childrenâ€™s books. We appreciate there is a rich strand of data around who is borrowing (adult or child) , but we are not seeking that data this time as we wanted to keep it as simple as possible.



If you collect your data quarterly please enter the total in the last month of that quarter (eg Total Q1 in June, Total Q2 in September etc) - Total number of physical book issues - Jan 2025",
2024/2025,loans,total_physical_book_issues,february,Q17_1_12,"Loans and lending of library items



Please complete the table to show the number of issues by format in each month. Please split the data into adult and children/young people's books. 



Note, reissue/renewal counts as an additional loan.



For all these categories, this is the number of books in the identified format issued to library members' tickets.



Where we are asking for adult books, we are looking for any books that are categorised on your Library Management System as books targeted at (not restricted to) adults. Please include any books that are not given an age range - so essentially we are looking for any books that are not categorised on your Library Management System as children's/young people books.



Where we are asking for childrenâ€™s books, we are looking for any books that that are categorised on your Library Management System as targeted at children - so where targeted at an age group of under 12 years.



 Where we are asking for young peopleâ€™s books, we are looking for any books that that are categorised on your Library Management System as targeted at young people or young adults - so where targeted at an age group that includes those between 12 and 18 years.



We are seeking data on the content that has been borrowed - so if an adult borrows a childrenâ€™s / young adult book, please count it with the childrenâ€™s books. We appreciate there is a rich strand of data around who is borrowing (adult or child) , but we are not seeking that data this time as we wanted to keep it as simple as possible.



If you collect your data quarterly please enter the total in the last month of that quarter (eg Total Q1 in June, Total Q2 in September etc) - Total number of physical book issues - Feb 2025",
2024/2025,loans,total_physical_book_issues,march,Q17_1_13,"Loans and lending of library items



Please complete the table to show the number of issues by format in each month. Please split the data into adult and children/young people's books. 



Note, reissue/renewal counts as an additional loan.



For all these categories, this is the number of books in the identified format issued to library members' tickets.



Where we are asking for adult books, we are looking for any books that are categorised on your Library Management System as books targeted at (not restricted to) adults. Please include any books that are not given an age range - so essentially we are looking for any books that are not categorised on your Library Management System as children's/young people books.



Where we are asking for childrenâ€™s books, we are looking for any books that that are categorised on your Library Management System as targeted at children - so where targeted at an age group of under 12 years.



 Where we are asking for young peopleâ€™s books, we are looking for any books that that are categorised on your Library Management System as targeted at young people or young adults - so where targeted at an age group that includes those between 12 and 18 years.



We are seeking data on the content that has been borrowed - so if an adult borrows a childrenâ€™s / young adult book, please count it with the childrenâ€™s books. We appreciate there is a rich strand of data around who is borrowing (adult or child) , but we are not seeking that data this time as we wanted to keep it as simple as possible.



If you collect your data quarterly please enter the total in the last month of that quarter (eg Total Q1 in June, Total Q2 in September etc) - Total number of physical book issues - March 2025/Q4",
2024/2025,loans,total_physical_book_issues,Annual,Q17_1_Total,Total PHYSICAL book issues - Total 2024/25,
2024/2025,loans,loans_adult,april,Q17_2_1,"Loans and lending of library items



Please complete the table to show the number of issues by format in each month. Please split the data into adult and children/young people's books. 



Note, reissue/renewal counts as an additional loan.



For all these categories, this is the number of books in the identified format issued to library members' tickets.



Where we are asking for adult books, we are looking for any books that are categorised on your Library Management System as books targeted at (not restricted to) adults. Please include any books that are not given an age range - so essentially we are looking for any books that are not categorised on your Library Management System as children's/young people books.



Where we are asking for childrenâ€™s books, we are looking for any books that that are categorised on your Library Management System as targeted at children - so where targeted at an age group of under 12 years.



 Where we are asking for young peopleâ€™s books, we are looking for any books that that are categorised on your Library Management System as targeted at young people or young adults - so where targeted at an age group that includes those between 12 and 18 years.



We are seeking data on the content that has been borrowed - so if an adult borrows a childrenâ€™s / young adult book, please count it with the childrenâ€™s books. We appreciate there is a rich strand of data around who is borrowing (adult or child) , but we are not seeking that data this time as we wanted to keep it as simple as possible.



If you collect your data quarterly please enter the total in the last month of that quarter (eg Total Q1 in June, Total Q2 in September etc) - Of which - Adult (target audience 18+) OR unclassified - April 2024",
2024/2025,loans,loans_adult,may,Q17_2_2,"Loans and lending of library items



Please complete the table to show the number of issues by format in each month. Please split the data into adult and children/young people's books. 



Note, reissue/renewal counts as an additional loan.



For all these categories, this is the number of books in the identified format issued to library members' tickets.



Where we are asking for adult books, we are looking for any books that are categorised on your Library Management System as books targeted at (not restricted to) adults. Please include any books that are not given an age range - so essentially we are looking for any books that are not categorised on your Library Management System as children's/young people books.



Where we are asking for childrenâ€™s books, we are looking for any books that that are categorised on your Library Management System as targeted at children - so where targeted at an age group of under 12 years.



 Where we are asking for young peopleâ€™s books, we are looking for any books that that are categorised on your Library Management System as targeted at young people or young adults - so where targeted at an age group that includes those between 12 and 18 years.



We are seeking data on the content that has been borrowed - so if an adult borrows a childrenâ€™s / young adult book, please count it with the childrenâ€™s books. We appreciate there is a rich strand of data around who is borrowing (adult or child) , but we are not seeking that data this time as we wanted to keep it as simple as possible.



If you collect your data quarterly please enter the total in the last month of that quarter (eg Total Q1 in June, Total Q2 in September etc) - Of which - Adult (target audience 18+) OR unclassified - May 2024",
2024/2025,loans,loans_adult,june,Q17_2_3,"Loans and lending of library items



Please complete the table to show the number of issues by format in each month. Please split the data into adult and children/young people's books. 



Note, reissue/renewal counts as an additional loan.



For all these categories, this is the number of books in the identified format issued to library members' tickets.



Where we are asking for adult books, we are looking for any books that are categorised on your Library Management System as books targeted at (not restricted to) adults. Please include any books that are not given an age range - so essentially we are looking for any books that are not categorised on your Library Management System as children's/young people books.



Where we are asking for childrenâ€™s books, we are looking for any books that that are categorised on your Library Management System as targeted at children - so where targeted at an age group of under 12 years.



 Where we are asking for young peopleâ€™s books, we are looking for any books that that are categorised on your Library Management System as targeted at young people or young adults - so where targeted at an age group that includes those between 12 and 18 years.



We are seeking data on the content that has been borrowed - so if an adult borrows a childrenâ€™s / young adult book, please count it with the childrenâ€™s books. We appreciate there is a rich strand of data around who is borrowing (adult or child) , but we are not seeking that data this time as we wanted to keep it as simple as possible.



If you collect your data quarterly please enter the total in the last month of that quarter (eg Total Q1 in June, Total Q2 in September etc) - Of which - Adult (target audience 18+) OR unclassified - June 2024/Q1",
2024/2025,loans,loans_adult,july,Q17_2_5,"Loans and lending of library items



Please complete the table to show the number of issues by format in each month. Please split the data into adult and children/young people's books. 



Note, reissue/renewal counts as an additional loan.



For all these categories, this is the number of books in the identified format issued to library members' tickets.



Where we are asking for adult books, we are looking for any books that are categorised on your Library Management System as books targeted at (not restricted to) adults. Please include any books that are not given an age range - so essentially we are looking for any books that are not categorised on your Library Management System as children's/young people books.



Where we are asking for childrenâ€™s books, we are looking for any books that that are categorised on your Library Management System as targeted at children - so where targeted at an age group of under 12 years.



 Where we are asking for young peopleâ€™s books, we are looking for any books that that are categorised on your Library Management System as targeted at young people or young adults - so where targeted at an age group that includes those between 12 and 18 years.



We are seeking data on the content that has been borrowed - so if an adult borrows a childrenâ€™s / young adult book, please count it with the childrenâ€™s books. We appreciate there is a rich strand of data around who is borrowing (adult or child) , but we are not seeking that data this time as we wanted to keep it as simple as possible.



If you collect your data quarterly please enter the total in the last month of that quarter (eg Total Q1 in June, Total Q2 in September etc) - Of which - Adult (target audience 18+) OR unclassified - July 2024",
2024/2025,loans,loans_adult,august,Q17_2_6,"Loans and lending of library items



Please complete the table to show the number of issues by format in each month. Please split the data into adult and children/young people's books. 



Note, reissue/renewal counts as an additional loan.



For all these categories, this is the number of books in the identified format issued to library members' tickets.



Where we are asking for adult books, we are looking for any books that are categorised on your Library Management System as books targeted at (not restricted to) adults. Please include any books that are not given an age range - so essentially we are looking for any books that are not categorised on your Library Management System as children's/young people books.



Where we are asking for childrenâ€™s books, we are looking for any books that that are categorised on your Library Management System as targeted at children - so where targeted at an age group of under 12 years.



 Where we are asking for young peopleâ€™s books, we are looking for any books that that are categorised on your Library Management System as targeted at young people or young adults - so where targeted at an age group that includes those between 12 and 18 years.



We are seeking data on the content that has been borrowed - so if an adult borrows a childrenâ€™s / young adult book, please count it with the childrenâ€™s books. We appreciate there is a rich strand of data around who is borrowing (adult or child) , but we are not seeking that data this time as we wanted to keep it as simple as possible.



If you collect your data quarterly please enter the total in the last month of that quarter (eg Total Q1 in June, Total Q2 in September etc) - Of which - Adult (target audience 18+) OR unclassified - August 2024",
2024/2025,loans,loans_adult,september,Q17_2_7,"Loans and lending of library items



Please complete the table to show the number of issues by format in each month. Please split the data into adult and children/young people's books. 



Note, reissue/renewal counts as an additional loan.



For all these categories, this is the number of books in the identified format issued to library members' tickets.



Where we are asking for adult books, we are looking for any books that are categorised on your Library Management System as books targeted at (not restricted to) adults. Please include any books that are not given an age range - so essentially we are looking for any books that are not categorised on your Library Management System as children's/young people books.



Where we are asking for childrenâ€™s books, we are looking for any books that that are categorised on your Library Management System as targeted at children - so where targeted at an age group of under 12 years.



 Where we are asking for young peopleâ€™s books, we are looking for any books that that are categorised on your Library Management System as targeted at young people or young adults - so where targeted at an age group that includes those between 12 and 18 years.



We are seeking data on the content that has been borrowed - so if an adult borrows a childrenâ€™s / young adult book, please count it with the childrenâ€™s books. We appreciate there is a rich strand of data around who is borrowing (adult or child) , but we are not seeking that data this time as we wanted to keep it as simple as possible.



If you collect your data quarterly please enter the total in the last month of that quarter (eg Total Q1 in June, Total Q2 in September etc) - Of which - Adult (target audience 18+) OR unclassified - Sept 2024/Q2",
2024/2025,loans,loans_adult,october,Q17_2_8,"Loans and lending of library items



Please complete the table to show the number of issues by format in each month. Please split the data into adult and children/young people's books. 



Note, reissue/renewal counts as an additional loan.



For all these categories, this is the number of books in the identified format issued to library members' tickets.



Where we are asking for adult books, we are looking for any books that are categorised on your Library Management System as books targeted at (not restricted to) adults. Please include any books that are not given an age range - so essentially we are looking for any books that are not categorised on your Library Management System as children's/young people books.



Where we are asking for childrenâ€™s books, we are looking for any books that that are categorised on your Library Management System as targeted at children - so where targeted at an age group of under 12 years.



 Where we are asking for young peopleâ€™s books, we are looking for any books that that are categorised on your Library Management System as targeted at young people or young adults - so where targeted at an age group that includes those between 12 and 18 years.



We are seeking data on the content that has been borrowed - so if an adult borrows a childrenâ€™s / young adult book, please count it with the childrenâ€™s books. We appreciate there is a rich strand of data around who is borrowing (adult or child) , but we are not seeking that data this time as we wanted to keep it as simple as possible.



If you collect your data quarterly please enter the total in the last month of that quarter (eg Total Q1 in June, Total Q2 in September etc) - Of which - Adult (target audience 18+) OR unclassified - Oct 2024",
2024/2025,loans,loans_adult,november,Q17_2_9,"Loans and lending of library items



Please complete the table to show the number of issues by format in each month. Please split the data into adult and children/young people's books. 



Note, reissue/renewal counts as an additional loan.



For all these categories, this is the number of books in the identified format issued to library members' tickets.



Where we are asking for adult books, we are looking for any books that are categorised on your Library Management System as books targeted at (not restricted to) adults. Please include any books that are not given an age range - so essentially we are looking for any books that are not categorised on your Library Management System as children's/young people books.



Where we are asking for childrenâ€™s books, we are looking for any books that that are categorised on your Library Management System as targeted at children - so where targeted at an age group of under 12 years.



 Where we are asking for young peopleâ€™s books, we are looking for any books that that are categorised on your Library Management System as targeted at young people or young adults - so where targeted at an age group that includes those between 12 and 18 years.



We are seeking data on the content that has been borrowed - so if an adult borrows a childrenâ€™s / young adult book, please count it with the childrenâ€™s books. We appreciate there is a rich strand of data around who is borrowing (adult or child) , but we are not seeking that data this time as we wanted to keep it as simple as possible.



If you collect your data quarterly please enter the total in the last month of that quarter (eg Total Q1 in June, Total Q2 in September etc) - Of which - Adult (target audience 18+) OR unclassified - Nov 2024",
2024/2025,loans,loans_adult,december,Q17_2_10,"Loans and lending of library items



Please complete the table to show the number of issues by format in each month. Please split the data into adult and children/young people's books. 



Note, reissue/renewal counts as an additional loan.



For all these categories, this is the number of books in the identified format issued to library members' tickets.



Where we are asking for adult books, we are looking for any books that are categorised on your Library Management System as books targeted at (not restricted to) adults. Please include any books that are not given an age range - so essentially we are looking for any books that are not categorised on your Library Management System as children's/young people books.



Where we are asking for childrenâ€™s books, we are looking for any books that that are categorised on your Library Management System as targeted at children - so where targeted at an age group of under 12 years.



 Where we are asking for young peopleâ€™s books, we are looking for any books that that are categorised on your Library Management System as targeted at young people or young adults - so where targeted at an age group that includes those between 12 and 18 years.



We are seeking data on the content that has been borrowed - so if an adult borrows a childrenâ€™s / young adult book, please count it with the childrenâ€™s books. We appreciate there is a rich strand of data around who is borrowing (adult or child) , but we are not seeking that data this time as we wanted to keep it as simple as possible.



If you collect your data quarterly please enter the total in the last month of that quarter (eg Total Q1 in June, Total Q2 in September etc) - Of which - Adult (target audience 18+) OR unclassified - Dec 2024/Q3",
2024/2025,loans,loans_adult,january,Q17_2_11,"Loans and lending of library items



Please complete the table to show the number of issues by format in each month. Please split the data into adult and children/young people's books. 



Note, reissue/renewal counts as an additional loan.



For all these categories, this is the number of books in the identified format issued to library members' tickets.



Where we are asking for adult books, we are looking for any books that are categorised on your Library Management System as books targeted at (not restricted to) adults. Please include any books that are not given an age range - so essentially we are looking for any books that are not categorised on your Library Management System as children's/young people books.



Where we are asking for childrenâ€™s books, we are looking for any books that that are categorised on your Library Management System as targeted at children - so where targeted at an age group of under 12 years.



 Where we are asking for young peopleâ€™s books, we are looking for any books that that are categorised on your Library Management System as targeted at young people or young adults - so where targeted at an age group that includes those between 12 and 18 years.



We are seeking data on the content that has been borrowed - so if an adult borrows a childrenâ€™s / young adult book, please count it with the childrenâ€™s books. We appreciate there is a rich strand of data around who is borrowing (adult or child) , but we are not seeking that data this time as we wanted to keep it as simple as possible.



If you collect your data quarterly please enter the total in the last month of that quarter (eg Total Q1 in June, Total Q2 in September etc) - Of which - Adult (target audience 18+) OR unclassified - Jan 2025",
2024/2025,loans,loans_adult,february,Q17_2_12,"Loans and lending of library items



Please complete the table to show the number of issues by format in each month. Please split the data into adult and children/young people's books. 



Note, reissue/renewal counts as an additional loan.



For all these categories, this is the number of books in the identified format issued to library members' tickets.



Where we are asking for adult books, we are looking for any books that are categorised on your Library Management System as books targeted at (not restricted to) adults. Please include any books that are not given an age range - so essentially we are looking for any books that are not categorised on your Library Management System as children's/young people books.



Where we are asking for childrenâ€™s books, we are looking for any books that that are categorised on your Library Management System as targeted at children - so where targeted at an age group of under 12 years.



 Where we are asking for young peopleâ€™s books, we are looking for any books that that are categorised on your Library Management System as targeted at young people or young adults - so where targeted at an age group that includes those between 12 and 18 years.



We are seeking data on the content that has been borrowed - so if an adult borrows a childrenâ€™s / young adult book, please count it with the childrenâ€™s books. We appreciate there is a rich strand of data around who is borrowing (adult or child) , but we are not seeking that data this time as we wanted to keep it as simple as possible.



If you collect your data quarterly please enter the total in the last month of that quarter (eg Total Q1 in June, Total Q2 in September etc) - Of which - Adult (target audience 18+) OR unclassified - Feb 2025",
2024/2025,loans,loans_adult,march,Q17_2_13,"Loans and lending of library items



Please complete the table to show the number of issues by format in each month. Please split the data into adult and children/young people's books. 



Note, reissue/renewal counts as an additional loan.



For all these categories, this is the number of books in the identified format issued to library members' tickets.



Where we are asking for adult books, we are looking for any books that are categorised on your Library Management System as books targeted at (not restricted to) adults. Please include any books that are not given an age range - so essentially we are looking for any books that are not categorised on your Library Management System as children's/young people books.



Where we are asking for childrenâ€™s books, we are looking for any books that that are categorised on your Library Management System as targeted at children - so where targeted at an age group of under 12 years.



 Where we are asking for young peopleâ€™s books, we are looking for any books that that are categorised on your Library Management System as targeted at young people or young adults - so where targeted at an age group that includes those between 12 and 18 years.



We are seeking data on the content that has been borrowed - so if an adult borrows a childrenâ€™s / young adult book, please count it with the childrenâ€™s books. We appreciate there is a rich strand of data around who is borrowing (adult or child) , but we are not seeking that data this time as we wanted to keep it as simple as possible.



If you collect your data quarterly please enter the total in the last month of that quarter (eg Total Q1 in June, Total Q2 in September etc) - Of which - Adult (target audience 18+) OR unclassified - March 2025/Q4",
2024/2025,loans,loans_adult,Annual,Q17_2_Total,PHYSICAL book issues - Children (11 and under) - Total 2024/25,"Annual label uses the 2025/26 demographic order; use the verified monthly question group and formula, not this label."
2024/2025,loans,loans_11_under,april,Q17_3_1,"Loans and lending of library items



Please complete the table to show the number of issues by format in each month. Please split the data into adult and children/young people's books. 



Note, reissue/renewal counts as an additional loan.



For all these categories, this is the number of books in the identified format issued to library members' tickets.



Where we are asking for adult books, we are looking for any books that are categorised on your Library Management System as books targeted at (not restricted to) adults. Please include any books that are not given an age range - so essentially we are looking for any books that are not categorised on your Library Management System as children's/young people books.



Where we are asking for childrenâ€™s books, we are looking for any books that that are categorised on your Library Management System as targeted at children - so where targeted at an age group of under 12 years.



 Where we are asking for young peopleâ€™s books, we are looking for any books that that are categorised on your Library Management System as targeted at young people or young adults - so where targeted at an age group that includes those between 12 and 18 years.



We are seeking data on the content that has been borrowed - so if an adult borrows a childrenâ€™s / young adult book, please count it with the childrenâ€™s books. We appreciate there is a rich strand of data around who is borrowing (adult or child) , but we are not seeking that data this time as we wanted to keep it as simple as possible.



If you collect your data quarterly please enter the total in the last month of that quarter (eg Total Q1 in June, Total Q2 in September etc) - Of which - Children (target audience under 12)  - April 2024",
2024/2025,loans,loans_11_under,may,Q17_3_2,"Loans and lending of library items



Please complete the table to show the number of issues by format in each month. Please split the data into adult and children/young people's books. 



Note, reissue/renewal counts as an additional loan.



For all these categories, this is the number of books in the identified format issued to library members' tickets.



Where we are asking for adult books, we are looking for any books that are categorised on your Library Management System as books targeted at (not restricted to) adults. Please include any books that are not given an age range - so essentially we are looking for any books that are not categorised on your Library Management System as children's/young people books.



Where we are asking for childrenâ€™s books, we are looking for any books that that are categorised on your Library Management System as targeted at children - so where targeted at an age group of under 12 years.



 Where we are asking for young peopleâ€™s books, we are looking for any books that that are categorised on your Library Management System as targeted at young people or young adults - so where targeted at an age group that includes those between 12 and 18 years.



We are seeking data on the content that has been borrowed - so if an adult borrows a childrenâ€™s / young adult book, please count it with the childrenâ€™s books. We appreciate there is a rich strand of data around who is borrowing (adult or child) , but we are not seeking that data this time as we wanted to keep it as simple as possible.



If you collect your data quarterly please enter the total in the last month of that quarter (eg Total Q1 in June, Total Q2 in September etc) - Of which - Children (target audience under 12)  - May 2024",
2024/2025,loans,loans_11_under,june,Q17_3_3,"Loans and lending of library items



Please complete the table to show the number of issues by format in each month. Please split the data into adult and children/young people's books. 



Note, reissue/renewal counts as an additional loan.



For all these categories, this is the number of books in the identified format issued to library members' tickets.



Where we are asking for adult books, we are looking for any books that are categorised on your Library Management System as books targeted at (not restricted to) adults. Please include any books that are not given an age range - so essentially we are looking for any books that are not categorised on your Library Management System as children's/young people books.



Where we are asking for childrenâ€™s books, we are looking for any books that that are categorised on your Library Management System as targeted at children - so where targeted at an age group of under 12 years.



 Where we are asking for young peopleâ€™s books, we are looking for any books that that are categorised on your Library Management System as targeted at young people or young adults - so where targeted at an age group that includes those between 12 and 18 years.



We are seeking data on the content that has been borrowed - so if an adult borrows a childrenâ€™s / young adult book, please count it with the childrenâ€™s books. We appreciate there is a rich strand of data around who is borrowing (adult or child) , but we are not seeking that data this time as we wanted to keep it as simple as possible.



If you collect your data quarterly please enter the total in the last month of that quarter (eg Total Q1 in June, Total Q2 in September etc) - Of which - Children (target audience under 12)  - June 2024/Q1",
2024/2025,loans,loans_11_under,july,Q17_3_5,"Loans and lending of library items



Please complete the table to show the number of issues by format in each month. Please split the data into adult and children/young people's books. 



Note, reissue/renewal counts as an additional loan.



For all these categories, this is the number of books in the identified format issued to library members' tickets.



Where we are asking for adult books, we are looking for any books that are categorised on your Library Management System as books targeted at (not restricted to) adults. Please include any books that are not given an age range - so essentially we are looking for any books that are not categorised on your Library Management System as children's/young people books.



Where we are asking for childrenâ€™s books, we are looking for any books that that are categorised on your Library Management System as targeted at children - so where targeted at an age group of under 12 years.



 Where we are asking for young peopleâ€™s books, we are looking for any books that that are categorised on your Library Management System as targeted at young people or young adults - so where targeted at an age group that includes those between 12 and 18 years.



We are seeking data on the content that has been borrowed - so if an adult borrows a childrenâ€™s / young adult book, please count it with the childrenâ€™s books. We appreciate there is a rich strand of data around who is borrowing (adult or child) , but we are not seeking that data this time as we wanted to keep it as simple as possible.



If you collect your data quarterly please enter the total in the last month of that quarter (eg Total Q1 in June, Total Q2 in September etc) - Of which - Children (target audience under 12)  - July 2024",
2024/2025,loans,loans_11_under,august,Q17_3_6,"Loans and lending of library items



Please complete the table to show the number of issues by format in each month. Please split the data into adult and children/young people's books. 



Note, reissue/renewal counts as an additional loan.



For all these categories, this is the number of books in the identified format issued to library members' tickets.



Where we are asking for adult books, we are looking for any books that are categorised on your Library Management System as books targeted at (not restricted to) adults. Please include any books that are not given an age range - so essentially we are looking for any books that are not categorised on your Library Management System as children's/young people books.



Where we are asking for childrenâ€™s books, we are looking for any books that that are categorised on your Library Management System as targeted at children - so where targeted at an age group of under 12 years.



 Where we are asking for young peopleâ€™s books, we are looking for any books that that are categorised on your Library Management System as targeted at young people or young adults - so where targeted at an age group that includes those between 12 and 18 years.



We are seeking data on the content that has been borrowed - so if an adult borrows a childrenâ€™s / young adult book, please count it with the childrenâ€™s books. We appreciate there is a rich strand of data around who is borrowing (adult or child) , but we are not seeking that data this time as we wanted to keep it as simple as possible.



If you collect your data quarterly please enter the total in the last month of that quarter (eg Total Q1 in June, Total Q2 in September etc) - Of which - Children (target audience under 12)  - August 2024",
2024/2025,loans,loans_11_under,september,Q17_3_7,"Loans and lending of library items



Please complete the table to show the number of issues by format in each month. Please split the data into adult and children/young people's books. 



Note, reissue/renewal counts as an additional loan.



For all these categories, this is the number of books in the identified format issued to library members' tickets.



Where we are asking for adult books, we are looking for any books that are categorised on your Library Management System as books targeted at (not restricted to) adults. Please include any books that are not given an age range - so essentially we are looking for any books that are not categorised on your Library Management System as children's/young people books.



Where we are asking for childrenâ€™s books, we are looking for any books that that are categorised on your Library Management System as targeted at children - so where targeted at an age group of under 12 years.



 Where we are asking for young peopleâ€™s books, we are looking for any books that that are categorised on your Library Management System as targeted at young people or young adults - so where targeted at an age group that includes those between 12 and 18 years.



We are seeking data on the content that has been borrowed - so if an adult borrows a childrenâ€™s / young adult book, please count it with the childrenâ€™s books. We appreciate there is a rich strand of data around who is borrowing (adult or child) , but we are not seeking that data this time as we wanted to keep it as simple as possible.



If you collect your data quarterly please enter the total in the last month of that quarter (eg Total Q1 in June, Total Q2 in September etc) - Of which - Children (target audience under 12)  - Sept 2024/Q2",
2024/2025,loans,loans_11_under,october,Q17_3_8,"Loans and lending of library items



Please complete the table to show the number of issues by format in each month. Please split the data into adult and children/young people's books. 



Note, reissue/renewal counts as an additional loan.



For all these categories, this is the number of books in the identified format issued to library members' tickets.



Where we are asking for adult books, we are looking for any books that are categorised on your Library Management System as books targeted at (not restricted to) adults. Please include any books that are not given an age range - so essentially we are looking for any books that are not categorised on your Library Management System as children's/young people books.



Where we are asking for childrenâ€™s books, we are looking for any books that that are categorised on your Library Management System as targeted at children - so where targeted at an age group of under 12 years.



 Where we are asking for young peopleâ€™s books, we are looking for any books that that are categorised on your Library Management System as targeted at young people or young adults - so where targeted at an age group that includes those between 12 and 18 years.



We are seeking data on the content that has been borrowed - so if an adult borrows a childrenâ€™s / young adult book, please count it with the childrenâ€™s books. We appreciate there is a rich strand of data around who is borrowing (adult or child) , but we are not seeking that data this time as we wanted to keep it as simple as possible.



If you collect your data quarterly please enter the total in the last month of that quarter (eg Total Q1 in June, Total Q2 in September etc) - Of which - Children (target audience under 12)  - Oct 2024",
2024/2025,loans,loans_11_under,november,Q17_3_9,"Loans and lending of library items



Please complete the table to show the number of issues by format in each month. Please split the data into adult and children/young people's books. 



Note, reissue/renewal counts as an additional loan.



For all these categories, this is the number of books in the identified format issued to library members' tickets.



Where we are asking for adult books, we are looking for any books that are categorised on your Library Management System as books targeted at (not restricted to) adults. Please include any books that are not given an age range - so essentially we are looking for any books that are not categorised on your Library Management System as children's/young people books.



Where we are asking for childrenâ€™s books, we are looking for any books that that are categorised on your Library Management System as targeted at children - so where targeted at an age group of under 12 years.



 Where we are asking for young peopleâ€™s books, we are looking for any books that that are categorised on your Library Management System as targeted at young people or young adults - so where targeted at an age group that includes those between 12 and 18 years.



We are seeking data on the content that has been borrowed - so if an adult borrows a childrenâ€™s / young adult book, please count it with the childrenâ€™s books. We appreciate there is a rich strand of data around who is borrowing (adult or child) , but we are not seeking that data this time as we wanted to keep it as simple as possible.



If you collect your data quarterly please enter the total in the last month of that quarter (eg Total Q1 in June, Total Q2 in September etc) - Of which - Children (target audience under 12)  - Nov 2024",
2024/2025,loans,loans_11_under,december,Q17_3_10,"Loans and lending of library items



Please complete the table to show the number of issues by format in each month. Please split the data into adult and children/young people's books. 



Note, reissue/renewal counts as an additional loan.



For all these categories, this is the number of books in the identified format issued to library members' tickets.



Where we are asking for adult books, we are looking for any books that are categorised on your Library Management System as books targeted at (not restricted to) adults. Please include any books that are not given an age range - so essentially we are looking for any books that are not categorised on your Library Management System as children's/young people books.



Where we are asking for childrenâ€™s books, we are looking for any books that that are categorised on your Library Management System as targeted at children - so where targeted at an age group of under 12 years.



 Where we are asking for young peopleâ€™s books, we are looking for any books that that are categorised on your Library Management System as targeted at young people or young adults - so where targeted at an age group that includes those between 12 and 18 years.



We are seeking data on the content that has been borrowed - so if an adult borrows a childrenâ€™s / young adult book, please count it with the childrenâ€™s books. We appreciate there is a rich strand of data around who is borrowing (adult or child) , but we are not seeking that data this time as we wanted to keep it as simple as possible.



If you collect your data quarterly please enter the total in the last month of that quarter (eg Total Q1 in June, Total Q2 in September etc) - Of which - Children (target audience under 12)  - Dec 2024/Q3",
2024/2025,loans,loans_11_under,january,Q17_3_11,"Loans and lending of library items



Please complete the table to show the number of issues by format in each month. Please split the data into adult and children/young people's books. 



Note, reissue/renewal counts as an additional loan.



For all these categories, this is the number of books in the identified format issued to library members' tickets.



Where we are asking for adult books, we are looking for any books that are categorised on your Library Management System as books targeted at (not restricted to) adults. Please include any books that are not given an age range - so essentially we are looking for any books that are not categorised on your Library Management System as children's/young people books.



Where we are asking for childrenâ€™s books, we are looking for any books that that are categorised on your Library Management System as targeted at children - so where targeted at an age group of under 12 years.



 Where we are asking for young peopleâ€™s books, we are looking for any books that that are categorised on your Library Management System as targeted at young people or young adults - so where targeted at an age group that includes those between 12 and 18 years.



We are seeking data on the content that has been borrowed - so if an adult borrows a childrenâ€™s / young adult book, please count it with the childrenâ€™s books. We appreciate there is a rich strand of data around who is borrowing (adult or child) , but we are not seeking that data this time as we wanted to keep it as simple as possible.



If you collect your data quarterly please enter the total in the last month of that quarter (eg Total Q1 in June, Total Q2 in September etc) - Of which - Children (target audience under 12)  - Jan 2025",
2024/2025,loans,loans_11_under,february,Q17_3_12,"Loans and lending of library items



Please complete the table to show the number of issues by format in each month. Please split the data into adult and children/young people's books. 



Note, reissue/renewal counts as an additional loan.



For all these categories, this is the number of books in the identified format issued to library members' tickets.



Where we are asking for adult books, we are looking for any books that are categorised on your Library Management System as books targeted at (not restricted to) adults. Please include any books that are not given an age range - so essentially we are looking for any books that are not categorised on your Library Management System as children's/young people books.



Where we are asking for childrenâ€™s books, we are looking for any books that that are categorised on your Library Management System as targeted at children - so where targeted at an age group of under 12 years.



 Where we are asking for young peopleâ€™s books, we are looking for any books that that are categorised on your Library Management System as targeted at young people or young adults - so where targeted at an age group that includes those between 12 and 18 years.



We are seeking data on the content that has been borrowed - so if an adult borrows a childrenâ€™s / young adult book, please count it with the childrenâ€™s books. We appreciate there is a rich strand of data around who is borrowing (adult or child) , but we are not seeking that data this time as we wanted to keep it as simple as possible.



If you collect your data quarterly please enter the total in the last month of that quarter (eg Total Q1 in June, Total Q2 in September etc) - Of which - Children (target audience under 12)  - Feb 2025",
2024/2025,loans,loans_11_under,march,Q17_3_13,"Loans and lending of library items



Please complete the table to show the number of issues by format in each month. Please split the data into adult and children/young people's books. 



Note, reissue/renewal counts as an additional loan.



For all these categories, this is the number of books in the identified format issued to library members' tickets.



Where we are asking for adult books, we are looking for any books that are categorised on your Library Management System as books targeted at (not restricted to) adults. Please include any books that are not given an age range - so essentially we are looking for any books that are not categorised on your Library Management System as children's/young people books.



Where we are asking for childrenâ€™s books, we are looking for any books that that are categorised on your Library Management System as targeted at children - so where targeted at an age group of under 12 years.



 Where we are asking for young peopleâ€™s books, we are looking for any books that that are categorised on your Library Management System as targeted at young people or young adults - so where targeted at an age group that includes those between 12 and 18 years.



We are seeking data on the content that has been borrowed - so if an adult borrows a childrenâ€™s / young adult book, please count it with the childrenâ€™s books. We appreciate there is a rich strand of data around who is borrowing (adult or child) , but we are not seeking that data this time as we wanted to keep it as simple as possible.



If you collect your data quarterly please enter the total in the last month of that quarter (eg Total Q1 in June, Total Q2 in September etc) - Of which - Children (target audience under 12)  - March 2025/Q4",
2024/2025,loans,loans_11_under,Annual,Q17_3_Total,PHYSICAL book issues - Young people (12-17) - Total 2024/25,"Annual label uses the 2025/26 demographic order; use the verified monthly question group and formula, not this label."
2024/2025,loans,loans_12_17,april,Q17_4_1,"Loans and lending of library items



Please complete the table to show the number of issues by format in each month. Please split the data into adult and children/young people's books. 



Note, reissue/renewal counts as an additional loan.



For all these categories, this is the number of books in the identified format issued to library members' tickets.



Where we are asking for adult books, we are looking for any books that are categorised on your Library Management System as books targeted at (not restricted to) adults. Please include any books that are not given an age range - so essentially we are looking for any books that are not categorised on your Library Management System as children's/young people books.



Where we are asking for childrenâ€™s books, we are looking for any books that that are categorised on your Library Management System as targeted at children - so where targeted at an age group of under 12 years.



 Where we are asking for young peopleâ€™s books, we are looking for any books that that are categorised on your Library Management System as targeted at young people or young adults - so where targeted at an age group that includes those between 12 and 18 years.



We are seeking data on the content that has been borrowed - so if an adult borrows a childrenâ€™s / young adult book, please count it with the childrenâ€™s books. We appreciate there is a rich strand of data around who is borrowing (adult or child) , but we are not seeking that data this time as we wanted to keep it as simple as possible.



If you collect your data quarterly please enter the total in the last month of that quarter (eg Total Q1 in June, Total Q2 in September etc) - Of which - Young people (target audience under 12-17)  - April 2024",
2024/2025,loans,loans_12_17,may,Q17_4_2,"Loans and lending of library items



Please complete the table to show the number of issues by format in each month. Please split the data into adult and children/young people's books. 



Note, reissue/renewal counts as an additional loan.



For all these categories, this is the number of books in the identified format issued to library members' tickets.



Where we are asking for adult books, we are looking for any books that are categorised on your Library Management System as books targeted at (not restricted to) adults. Please include any books that are not given an age range - so essentially we are looking for any books that are not categorised on your Library Management System as children's/young people books.



Where we are asking for childrenâ€™s books, we are looking for any books that that are categorised on your Library Management System as targeted at children - so where targeted at an age group of under 12 years.



 Where we are asking for young peopleâ€™s books, we are looking for any books that that are categorised on your Library Management System as targeted at young people or young adults - so where targeted at an age group that includes those between 12 and 18 years.



We are seeking data on the content that has been borrowed - so if an adult borrows a childrenâ€™s / young adult book, please count it with the childrenâ€™s books. We appreciate there is a rich strand of data around who is borrowing (adult or child) , but we are not seeking that data this time as we wanted to keep it as simple as possible.



If you collect your data quarterly please enter the total in the last month of that quarter (eg Total Q1 in June, Total Q2 in September etc) - Of which - Young people (target audience under 12-17)  - May 2024",
2024/2025,loans,loans_12_17,june,Q17_4_3,"Loans and lending of library items



Please complete the table to show the number of issues by format in each month. Please split the data into adult and children/young people's books. 



Note, reissue/renewal counts as an additional loan.



For all these categories, this is the number of books in the identified format issued to library members' tickets.



Where we are asking for adult books, we are looking for any books that are categorised on your Library Management System as books targeted at (not restricted to) adults. Please include any books that are not given an age range - so essentially we are looking for any books that are not categorised on your Library Management System as children's/young people books.



Where we are asking for childrenâ€™s books, we are looking for any books that that are categorised on your Library Management System as targeted at children - so where targeted at an age group of under 12 years.



 Where we are asking for young peopleâ€™s books, we are looking for any books that that are categorised on your Library Management System as targeted at young people or young adults - so where targeted at an age group that includes those between 12 and 18 years.



We are seeking data on the content that has been borrowed - so if an adult borrows a childrenâ€™s / young adult book, please count it with the childrenâ€™s books. We appreciate there is a rich strand of data around who is borrowing (adult or child) , but we are not seeking that data this time as we wanted to keep it as simple as possible.



If you collect your data quarterly please enter the total in the last month of that quarter (eg Total Q1 in June, Total Q2 in September etc) - Of which - Young people (target audience under 12-17)  - June 2024/Q1",
2024/2025,loans,loans_12_17,july,Q17_4_5,"Loans and lending of library items



Please complete the table to show the number of issues by format in each month. Please split the data into adult and children/young people's books. 



Note, reissue/renewal counts as an additional loan.



For all these categories, this is the number of books in the identified format issued to library members' tickets.



Where we are asking for adult books, we are looking for any books that are categorised on your Library Management System as books targeted at (not restricted to) adults. Please include any books that are not given an age range - so essentially we are looking for any books that are not categorised on your Library Management System as children's/young people books.



Where we are asking for childrenâ€™s books, we are looking for any books that that are categorised on your Library Management System as targeted at children - so where targeted at an age group of under 12 years.



 Where we are asking for young peopleâ€™s books, we are looking for any books that that are categorised on your Library Management System as targeted at young people or young adults - so where targeted at an age group that includes those between 12 and 18 years.



We are seeking data on the content that has been borrowed - so if an adult borrows a childrenâ€™s / young adult book, please count it with the childrenâ€™s books. We appreciate there is a rich strand of data around who is borrowing (adult or child) , but we are not seeking that data this time as we wanted to keep it as simple as possible.



If you collect your data quarterly please enter the total in the last month of that quarter (eg Total Q1 in June, Total Q2 in September etc) - Of which - Young people (target audience under 12-17)  - July 2024",
2024/2025,loans,loans_12_17,august,Q17_4_6,"Loans and lending of library items



Please complete the table to show the number of issues by format in each month. Please split the data into adult and children/young people's books. 



Note, reissue/renewal counts as an additional loan.



For all these categories, this is the number of books in the identified format issued to library members' tickets.



Where we are asking for adult books, we are looking for any books that are categorised on your Library Management System as books targeted at (not restricted to) adults. Please include any books that are not given an age range - so essentially we are looking for any books that are not categorised on your Library Management System as children's/young people books.



Where we are asking for childrenâ€™s books, we are looking for any books that that are categorised on your Library Management System as targeted at children - so where targeted at an age group of under 12 years.



 Where we are asking for young peopleâ€™s books, we are looking for any books that that are categorised on your Library Management System as targeted at young people or young adults - so where targeted at an age group that includes those between 12 and 18 years.



We are seeking data on the content that has been borrowed - so if an adult borrows a childrenâ€™s / young adult book, please count it with the childrenâ€™s books. We appreciate there is a rich strand of data around who is borrowing (adult or child) , but we are not seeking that data this time as we wanted to keep it as simple as possible.



If you collect your data quarterly please enter the total in the last month of that quarter (eg Total Q1 in June, Total Q2 in September etc) - Of which - Young people (target audience under 12-17)  - August 2024",
2024/2025,loans,loans_12_17,september,Q17_4_7,"Loans and lending of library items



Please complete the table to show the number of issues by format in each month. Please split the data into adult and children/young people's books. 



Note, reissue/renewal counts as an additional loan.



For all these categories, this is the number of books in the identified format issued to library members' tickets.



Where we are asking for adult books, we are looking for any books that are categorised on your Library Management System as books targeted at (not restricted to) adults. Please include any books that are not given an age range - so essentially we are looking for any books that are not categorised on your Library Management System as children's/young people books.



Where we are asking for childrenâ€™s books, we are looking for any books that that are categorised on your Library Management System as targeted at children - so where targeted at an age group of under 12 years.



 Where we are asking for young peopleâ€™s books, we are looking for any books that that are categorised on your Library Management System as targeted at young people or young adults - so where targeted at an age group that includes those between 12 and 18 years.



We are seeking data on the content that has been borrowed - so if an adult borrows a childrenâ€™s / young adult book, please count it with the childrenâ€™s books. We appreciate there is a rich strand of data around who is borrowing (adult or child) , but we are not seeking that data this time as we wanted to keep it as simple as possible.



If you collect your data quarterly please enter the total in the last month of that quarter (eg Total Q1 in June, Total Q2 in September etc) - Of which - Young people (target audience under 12-17)  - Sept 2024/Q2",
2024/2025,loans,loans_12_17,october,Q17_4_8,"Loans and lending of library items



Please complete the table to show the number of issues by format in each month. Please split the data into adult and children/young people's books. 



Note, reissue/renewal counts as an additional loan.



For all these categories, this is the number of books in the identified format issued to library members' tickets.



Where we are asking for adult books, we are looking for any books that are categorised on your Library Management System as books targeted at (not restricted to) adults. Please include any books that are not given an age range - so essentially we are looking for any books that are not categorised on your Library Management System as children's/young people books.



Where we are asking for childrenâ€™s books, we are looking for any books that that are categorised on your Library Management System as targeted at children - so where targeted at an age group of under 12 years.



 Where we are asking for young peopleâ€™s books, we are looking for any books that that are categorised on your Library Management System as targeted at young people or young adults - so where targeted at an age group that includes those between 12 and 18 years.



We are seeking data on the content that has been borrowed - so if an adult borrows a childrenâ€™s / young adult book, please count it with the childrenâ€™s books. We appreciate there is a rich strand of data around who is borrowing (adult or child) , but we are not seeking that data this time as we wanted to keep it as simple as possible.



If you collect your data quarterly please enter the total in the last month of that quarter (eg Total Q1 in June, Total Q2 in September etc) - Of which - Young people (target audience under 12-17)  - Oct 2024",
2024/2025,loans,loans_12_17,november,Q17_4_9,"Loans and lending of library items



Please complete the table to show the number of issues by format in each month. Please split the data into adult and children/young people's books. 



Note, reissue/renewal counts as an additional loan.



For all these categories, this is the number of books in the identified format issued to library members' tickets.



Where we are asking for adult books, we are looking for any books that are categorised on your Library Management System as books targeted at (not restricted to) adults. Please include any books that are not given an age range - so essentially we are looking for any books that are not categorised on your Library Management System as children's/young people books.



Where we are asking for childrenâ€™s books, we are looking for any books that that are categorised on your Library Management System as targeted at children - so where targeted at an age group of under 12 years.



 Where we are asking for young peopleâ€™s books, we are looking for any books that that are categorised on your Library Management System as targeted at young people or young adults - so where targeted at an age group that includes those between 12 and 18 years.



We are seeking data on the content that has been borrowed - so if an adult borrows a childrenâ€™s / young adult book, please count it with the childrenâ€™s books. We appreciate there is a rich strand of data around who is borrowing (adult or child) , but we are not seeking that data this time as we wanted to keep it as simple as possible.



If you collect your data quarterly please enter the total in the last month of that quarter (eg Total Q1 in June, Total Q2 in September etc) - Of which - Young people (target audience under 12-17)  - Nov 2024",
2024/2025,loans,loans_12_17,december,Q17_4_10,"Loans and lending of library items



Please complete the table to show the number of issues by format in each month. Please split the data into adult and children/young people's books. 



Note, reissue/renewal counts as an additional loan.



For all these categories, this is the number of books in the identified format issued to library members' tickets.



Where we are asking for adult books, we are looking for any books that are categorised on your Library Management System as books targeted at (not restricted to) adults. Please include any books that are not given an age range - so essentially we are looking for any books that are not categorised on your Library Management System as children's/young people books.



Where we are asking for childrenâ€™s books, we are looking for any books that that are categorised on your Library Management System as targeted at children - so where targeted at an age group of under 12 years.



 Where we are asking for young peopleâ€™s books, we are looking for any books that that are categorised on your Library Management System as targeted at young people or young adults - so where targeted at an age group that includes those between 12 and 18 years.



We are seeking data on the content that has been borrowed - so if an adult borrows a childrenâ€™s / young adult book, please count it with the childrenâ€™s books. We appreciate there is a rich strand of data around who is borrowing (adult or child) , but we are not seeking that data this time as we wanted to keep it as simple as possible.



If you collect your data quarterly please enter the total in the last month of that quarter (eg Total Q1 in June, Total Q2 in September etc) - Of which - Young people (target audience under 12-17)  - Dec 2024/Q3",
2024/2025,loans,loans_12_17,january,Q17_4_11,"Loans and lending of library items



Please complete the table to show the number of issues by format in each month. Please split the data into adult and children/young people's books. 



Note, reissue/renewal counts as an additional loan.



For all these categories, this is the number of books in the identified format issued to library members' tickets.



Where we are asking for adult books, we are looking for any books that are categorised on your Library Management System as books targeted at (not restricted to) adults. Please include any books that are not given an age range - so essentially we are looking for any books that are not categorised on your Library Management System as children's/young people books.



Where we are asking for childrenâ€™s books, we are looking for any books that that are categorised on your Library Management System as targeted at children - so where targeted at an age group of under 12 years.



 Where we are asking for young peopleâ€™s books, we are looking for any books that that are categorised on your Library Management System as targeted at young people or young adults - so where targeted at an age group that includes those between 12 and 18 years.



We are seeking data on the content that has been borrowed - so if an adult borrows a childrenâ€™s / young adult book, please count it with the childrenâ€™s books. We appreciate there is a rich strand of data around who is borrowing (adult or child) , but we are not seeking that data this time as we wanted to keep it as simple as possible.



If you collect your data quarterly please enter the total in the last month of that quarter (eg Total Q1 in June, Total Q2 in September etc) - Of which - Young people (target audience under 12-17)  - Jan 2025",
2024/2025,loans,loans_12_17,february,Q17_4_12,"Loans and lending of library items



Please complete the table to show the number of issues by format in each month. Please split the data into adult and children/young people's books. 



Note, reissue/renewal counts as an additional loan.



For all these categories, this is the number of books in the identified format issued to library members' tickets.



Where we are asking for adult books, we are looking for any books that are categorised on your Library Management System as books targeted at (not restricted to) adults. Please include any books that are not given an age range - so essentially we are looking for any books that are not categorised on your Library Management System as children's/young people books.



Where we are asking for childrenâ€™s books, we are looking for any books that that are categorised on your Library Management System as targeted at children - so where targeted at an age group of under 12 years.



 Where we are asking for young peopleâ€™s books, we are looking for any books that that are categorised on your Library Management System as targeted at young people or young adults - so where targeted at an age group that includes those between 12 and 18 years.



We are seeking data on the content that has been borrowed - so if an adult borrows a childrenâ€™s / young adult book, please count it with the childrenâ€™s books. We appreciate there is a rich strand of data around who is borrowing (adult or child) , but we are not seeking that data this time as we wanted to keep it as simple as possible.



If you collect your data quarterly please enter the total in the last month of that quarter (eg Total Q1 in June, Total Q2 in September etc) - Of which - Young people (target audience under 12-17)  - Feb 2025",
2024/2025,loans,loans_12_17,march,Q17_4_13,"Loans and lending of library items



Please complete the table to show the number of issues by format in each month. Please split the data into adult and children/young people's books. 



Note, reissue/renewal counts as an additional loan.



For all these categories, this is the number of books in the identified format issued to library members' tickets.



Where we are asking for adult books, we are looking for any books that are categorised on your Library Management System as books targeted at (not restricted to) adults. Please include any books that are not given an age range - so essentially we are looking for any books that are not categorised on your Library Management System as children's/young people books.



Where we are asking for childrenâ€™s books, we are looking for any books that that are categorised on your Library Management System as targeted at children - so where targeted at an age group of under 12 years.



 Where we are asking for young peopleâ€™s books, we are looking for any books that that are categorised on your Library Management System as targeted at young people or young adults - so where targeted at an age group that includes those between 12 and 18 years.



We are seeking data on the content that has been borrowed - so if an adult borrows a childrenâ€™s / young adult book, please count it with the childrenâ€™s books. We appreciate there is a rich strand of data around who is borrowing (adult or child) , but we are not seeking that data this time as we wanted to keep it as simple as possible.



If you collect your data quarterly please enter the total in the last month of that quarter (eg Total Q1 in June, Total Q2 in September etc) - Of which - Young people (target audience under 12-17)  - March 2025/Q4",
2024/2025,loans,loans_12_17,Annual,Q17_4_Total,PHYSICAL book issues - Adult (18+) or unclassified - Total 2024/25,"Annual label uses the 2025/26 demographic order; use the verified monthly question group and formula, not this label."
2024/2025,loans,total_physical_audiobook_issues,april,Q17_5_1,"Loans and lending of library items



Please complete the table to show the number of issues by format in each month. Please split the data into adult and children/young people's books. 



Note, reissue/renewal counts as an additional loan.



For all these categories, this is the number of books in the identified format issued to library members' tickets.



Where we are asking for adult books, we are looking for any books that are categorised on your Library Management System as books targeted at (not restricted to) adults. Please include any books that are not given an age range - so essentially we are looking for any books that are not categorised on your Library Management System as children's/young people books.



Where we are asking for childrenâ€™s books, we are looking for any books that that are categorised on your Library Management System as targeted at children - so where targeted at an age group of under 12 years.



 Where we are asking for young peopleâ€™s books, we are looking for any books that that are categorised on your Library Management System as targeted at young people or young adults - so where targeted at an age group that includes those between 12 and 18 years.



We are seeking data on the content that has been borrowed - so if an adult borrows a childrenâ€™s / young adult book, please count it with the childrenâ€™s books. We appreciate there is a rich strand of data around who is borrowing (adult or child) , but we are not seeking that data this time as we wanted to keep it as simple as possible.



If you collect your data quarterly please enter the total in the last month of that quarter (eg Total Q1 in June, Total Q2 in September etc) - Total number of physical audio book issues - April 2024",
2024/2025,loans,total_physical_audiobook_issues,may,Q17_5_2,"Loans and lending of library items



Please complete the table to show the number of issues by format in each month. Please split the data into adult and children/young people's books. 



Note, reissue/renewal counts as an additional loan.



For all these categories, this is the number of books in the identified format issued to library members' tickets.



Where we are asking for adult books, we are looking for any books that are categorised on your Library Management System as books targeted at (not restricted to) adults. Please include any books that are not given an age range - so essentially we are looking for any books that are not categorised on your Library Management System as children's/young people books.



Where we are asking for childrenâ€™s books, we are looking for any books that that are categorised on your Library Management System as targeted at children - so where targeted at an age group of under 12 years.



 Where we are asking for young peopleâ€™s books, we are looking for any books that that are categorised on your Library Management System as targeted at young people or young adults - so where targeted at an age group that includes those between 12 and 18 years.



We are seeking data on the content that has been borrowed - so if an adult borrows a childrenâ€™s / young adult book, please count it with the childrenâ€™s books. We appreciate there is a rich strand of data around who is borrowing (adult or child) , but we are not seeking that data this time as we wanted to keep it as simple as possible.



If you collect your data quarterly please enter the total in the last month of that quarter (eg Total Q1 in June, Total Q2 in September etc) - Total number of physical audio book issues - May 2024",
2024/2025,loans,total_physical_audiobook_issues,june,Q17_5_3,"Loans and lending of library items



Please complete the table to show the number of issues by format in each month. Please split the data into adult and children/young people's books. 



Note, reissue/renewal counts as an additional loan.



For all these categories, this is the number of books in the identified format issued to library members' tickets.



Where we are asking for adult books, we are looking for any books that are categorised on your Library Management System as books targeted at (not restricted to) adults. Please include any books that are not given an age range - so essentially we are looking for any books that are not categorised on your Library Management System as children's/young people books.



Where we are asking for childrenâ€™s books, we are looking for any books that that are categorised on your Library Management System as targeted at children - so where targeted at an age group of under 12 years.



 Where we are asking for young peopleâ€™s books, we are looking for any books that that are categorised on your Library Management System as targeted at young people or young adults - so where targeted at an age group that includes those between 12 and 18 years.



We are seeking data on the content that has been borrowed - so if an adult borrows a childrenâ€™s / young adult book, please count it with the childrenâ€™s books. We appreciate there is a rich strand of data around who is borrowing (adult or child) , but we are not seeking that data this time as we wanted to keep it as simple as possible.



If you collect your data quarterly please enter the total in the last month of that quarter (eg Total Q1 in June, Total Q2 in September etc) - Total number of physical audio book issues - June 2024/Q1",
2024/2025,loans,total_physical_audiobook_issues,july,Q17_5_5,"Loans and lending of library items



Please complete the table to show the number of issues by format in each month. Please split the data into adult and children/young people's books. 



Note, reissue/renewal counts as an additional loan.



For all these categories, this is the number of books in the identified format issued to library members' tickets.



Where we are asking for adult books, we are looking for any books that are categorised on your Library Management System as books targeted at (not restricted to) adults. Please include any books that are not given an age range - so essentially we are looking for any books that are not categorised on your Library Management System as children's/young people books.



Where we are asking for childrenâ€™s books, we are looking for any books that that are categorised on your Library Management System as targeted at children - so where targeted at an age group of under 12 years.



 Where we are asking for young peopleâ€™s books, we are looking for any books that that are categorised on your Library Management System as targeted at young people or young adults - so where targeted at an age group that includes those between 12 and 18 years.



We are seeking data on the content that has been borrowed - so if an adult borrows a childrenâ€™s / young adult book, please count it with the childrenâ€™s books. We appreciate there is a rich strand of data around who is borrowing (adult or child) , but we are not seeking that data this time as we wanted to keep it as simple as possible.



If you collect your data quarterly please enter the total in the last month of that quarter (eg Total Q1 in June, Total Q2 in September etc) - Total number of physical audio book issues - July 2024",
2024/2025,loans,total_physical_audiobook_issues,august,Q17_5_6,"Loans and lending of library items



Please complete the table to show the number of issues by format in each month. Please split the data into adult and children/young people's books. 



Note, reissue/renewal counts as an additional loan.



For all these categories, this is the number of books in the identified format issued to library members' tickets.



Where we are asking for adult books, we are looking for any books that are categorised on your Library Management System as books targeted at (not restricted to) adults. Please include any books that are not given an age range - so essentially we are looking for any books that are not categorised on your Library Management System as children's/young people books.



Where we are asking for childrenâ€™s books, we are looking for any books that that are categorised on your Library Management System as targeted at children - so where targeted at an age group of under 12 years.



 Where we are asking for young peopleâ€™s books, we are looking for any books that that are categorised on your Library Management System as targeted at young people or young adults - so where targeted at an age group that includes those between 12 and 18 years.



We are seeking data on the content that has been borrowed - so if an adult borrows a childrenâ€™s / young adult book, please count it with the childrenâ€™s books. We appreciate there is a rich strand of data around who is borrowing (adult or child) , but we are not seeking that data this time as we wanted to keep it as simple as possible.



If you collect your data quarterly please enter the total in the last month of that quarter (eg Total Q1 in June, Total Q2 in September etc) - Total number of physical audio book issues - August 2024",
2024/2025,loans,total_physical_audiobook_issues,september,Q17_5_7,"Loans and lending of library items



Please complete the table to show the number of issues by format in each month. Please split the data into adult and children/young people's books. 



Note, reissue/renewal counts as an additional loan.



For all these categories, this is the number of books in the identified format issued to library members' tickets.



Where we are asking for adult books, we are looking for any books that are categorised on your Library Management System as books targeted at (not restricted to) adults. Please include any books that are not given an age range - so essentially we are looking for any books that are not categorised on your Library Management System as children's/young people books.



Where we are asking for childrenâ€™s books, we are looking for any books that that are categorised on your Library Management System as targeted at children - so where targeted at an age group of under 12 years.



 Where we are asking for young peopleâ€™s books, we are looking for any books that that are categorised on your Library Management System as targeted at young people or young adults - so where targeted at an age group that includes those between 12 and 18 years.



We are seeking data on the content that has been borrowed - so if an adult borrows a childrenâ€™s / young adult book, please count it with the childrenâ€™s books. We appreciate there is a rich strand of data around who is borrowing (adult or child) , but we are not seeking that data this time as we wanted to keep it as simple as possible.



If you collect your data quarterly please enter the total in the last month of that quarter (eg Total Q1 in June, Total Q2 in September etc) - Total number of physical audio book issues - Sept 2024/Q2",
2024/2025,loans,total_physical_audiobook_issues,october,Q17_5_8,"Loans and lending of library items



Please complete the table to show the number of issues by format in each month. Please split the data into adult and children/young people's books. 



Note, reissue/renewal counts as an additional loan.



For all these categories, this is the number of books in the identified format issued to library members' tickets.



Where we are asking for adult books, we are looking for any books that are categorised on your Library Management System as books targeted at (not restricted to) adults. Please include any books that are not given an age range - so essentially we are looking for any books that are not categorised on your Library Management System as children's/young people books.



Where we are asking for childrenâ€™s books, we are looking for any books that that are categorised on your Library Management System as targeted at children - so where targeted at an age group of under 12 years.



 Where we are asking for young peopleâ€™s books, we are looking for any books that that are categorised on your Library Management System as targeted at young people or young adults - so where targeted at an age group that includes those between 12 and 18 years.



We are seeking data on the content that has been borrowed - so if an adult borrows a childrenâ€™s / young adult book, please count it with the childrenâ€™s books. We appreciate there is a rich strand of data around who is borrowing (adult or child) , but we are not seeking that data this time as we wanted to keep it as simple as possible.



If you collect your data quarterly please enter the total in the last month of that quarter (eg Total Q1 in June, Total Q2 in September etc) - Total number of physical audio book issues - Oct 2024",
2024/2025,loans,total_physical_audiobook_issues,november,Q17_5_9,"Loans and lending of library items



Please complete the table to show the number of issues by format in each month. Please split the data into adult and children/young people's books. 



Note, reissue/renewal counts as an additional loan.



For all these categories, this is the number of books in the identified format issued to library members' tickets.



Where we are asking for adult books, we are looking for any books that are categorised on your Library Management System as books targeted at (not restricted to) adults. Please include any books that are not given an age range - so essentially we are looking for any books that are not categorised on your Library Management System as children's/young people books.



Where we are asking for childrenâ€™s books, we are looking for any books that that are categorised on your Library Management System as targeted at children - so where targeted at an age group of under 12 years.



 Where we are asking for young peopleâ€™s books, we are looking for any books that that are categorised on your Library Management System as targeted at young people or young adults - so where targeted at an age group that includes those between 12 and 18 years.



We are seeking data on the content that has been borrowed - so if an adult borrows a childrenâ€™s / young adult book, please count it with the childrenâ€™s books. We appreciate there is a rich strand of data around who is borrowing (adult or child) , but we are not seeking that data this time as we wanted to keep it as simple as possible.



If you collect your data quarterly please enter the total in the last month of that quarter (eg Total Q1 in June, Total Q2 in September etc) - Total number of physical audio book issues - Nov 2024",
2024/2025,loans,total_physical_audiobook_issues,december,Q17_5_10,"Loans and lending of library items



Please complete the table to show the number of issues by format in each month. Please split the data into adult and children/young people's books. 



Note, reissue/renewal counts as an additional loan.



For all these categories, this is the number of books in the identified format issued to library members' tickets.



Where we are asking for adult books, we are looking for any books that are categorised on your Library Management System as books targeted at (not restricted to) adults. Please include any books that are not given an age range - so essentially we are looking for any books that are not categorised on your Library Management System as children's/young people books.



Where we are asking for childrenâ€™s books, we are looking for any books that that are categorised on your Library Management System as targeted at children - so where targeted at an age group of under 12 years.



 Where we are asking for young peopleâ€™s books, we are looking for any books that that are categorised on your Library Management System as targeted at young people or young adults - so where targeted at an age group that includes those between 12 and 18 years.



We are seeking data on the content that has been borrowed - so if an adult borrows a childrenâ€™s / young adult book, please count it with the childrenâ€™s books. We appreciate there is a rich strand of data around who is borrowing (adult or child) , but we are not seeking that data this time as we wanted to keep it as simple as possible.



If you collect your data quarterly please enter the total in the last month of that quarter (eg Total Q1 in June, Total Q2 in September etc) - Total number of physical audio book issues - Dec 2024/Q3",
2024/2025,loans,total_physical_audiobook_issues,january,Q17_5_11,"Loans and lending of library items



Please complete the table to show the number of issues by format in each month. Please split the data into adult and children/young people's books. 



Note, reissue/renewal counts as an additional loan.



For all these categories, this is the number of books in the identified format issued to library members' tickets.



Where we are asking for adult books, we are looking for any books that are categorised on your Library Management System as books targeted at (not restricted to) adults. Please include any books that are not given an age range - so essentially we are looking for any books that are not categorised on your Library Management System as children's/young people books.



Where we are asking for childrenâ€™s books, we are looking for any books that that are categorised on your Library Management System as targeted at children - so where targeted at an age group of under 12 years.



 Where we are asking for young peopleâ€™s books, we are looking for any books that that are categorised on your Library Management System as targeted at young people or young adults - so where targeted at an age group that includes those between 12 and 18 years.



We are seeking data on the content that has been borrowed - so if an adult borrows a childrenâ€™s / young adult book, please count it with the childrenâ€™s books. We appreciate there is a rich strand of data around who is borrowing (adult or child) , but we are not seeking that data this time as we wanted to keep it as simple as possible.



If you collect your data quarterly please enter the total in the last month of that quarter (eg Total Q1 in June, Total Q2 in September etc) - Total number of physical audio book issues - Jan 2025",
2024/2025,loans,total_physical_audiobook_issues,february,Q17_5_12,"Loans and lending of library items



Please complete the table to show the number of issues by format in each month. Please split the data into adult and children/young people's books. 



Note, reissue/renewal counts as an additional loan.



For all these categories, this is the number of books in the identified format issued to library members' tickets.



Where we are asking for adult books, we are looking for any books that are categorised on your Library Management System as books targeted at (not restricted to) adults. Please include any books that are not given an age range - so essentially we are looking for any books that are not categorised on your Library Management System as children's/young people books.



Where we are asking for childrenâ€™s books, we are looking for any books that that are categorised on your Library Management System as targeted at children - so where targeted at an age group of under 12 years.



 Where we are asking for young peopleâ€™s books, we are looking for any books that that are categorised on your Library Management System as targeted at young people or young adults - so where targeted at an age group that includes those between 12 and 18 years.



We are seeking data on the content that has been borrowed - so if an adult borrows a childrenâ€™s / young adult book, please count it with the childrenâ€™s books. We appreciate there is a rich strand of data around who is borrowing (adult or child) , but we are not seeking that data this time as we wanted to keep it as simple as possible.



If you collect your data quarterly please enter the total in the last month of that quarter (eg Total Q1 in June, Total Q2 in September etc) - Total number of physical audio book issues - Feb 2025",
2024/2025,loans,total_physical_audiobook_issues,march,Q17_5_13,"Loans and lending of library items



Please complete the table to show the number of issues by format in each month. Please split the data into adult and children/young people's books. 



Note, reissue/renewal counts as an additional loan.



For all these categories, this is the number of books in the identified format issued to library members' tickets.



Where we are asking for adult books, we are looking for any books that are categorised on your Library Management System as books targeted at (not restricted to) adults. Please include any books that are not given an age range - so essentially we are looking for any books that are not categorised on your Library Management System as children's/young people books.



Where we are asking for childrenâ€™s books, we are looking for any books that that are categorised on your Library Management System as targeted at children - so where targeted at an age group of under 12 years.



 Where we are asking for young peopleâ€™s books, we are looking for any books that that are categorised on your Library Management System as targeted at young people or young adults - so where targeted at an age group that includes those between 12 and 18 years.



We are seeking data on the content that has been borrowed - so if an adult borrows a childrenâ€™s / young adult book, please count it with the childrenâ€™s books. We appreciate there is a rich strand of data around who is borrowing (adult or child) , but we are not seeking that data this time as we wanted to keep it as simple as possible.



If you collect your data quarterly please enter the total in the last month of that quarter (eg Total Q1 in June, Total Q2 in September etc) - Total number of physical audio book issues - March 2025/Q4",
2024/2025,loans,total_physical_audiobook_issues,Annual,Q17_5_Total,Total AUDIO book issues - Total 2024/25,
2024/2025,loans,loans_adult_digital,april,Q17_6_1,"Loans and lending of library items



Please complete the table to show the number of issues by format in each month. Please split the data into adult and children/young people's books. 



Note, reissue/renewal counts as an additional loan.



For all these categories, this is the number of books in the identified format issued to library members' tickets.



Where we are asking for adult books, we are looking for any books that are categorised on your Library Management System as books targeted at (not restricted to) adults. Please include any books that are not given an age range - so essentially we are looking for any books that are not categorised on your Library Management System as children's/young people books.



Where we are asking for childrenâ€™s books, we are looking for any books that that are categorised on your Library Management System as targeted at children - so where targeted at an age group of under 12 years.



 Where we are asking for young peopleâ€™s books, we are looking for any books that that are categorised on your Library Management System as targeted at young people or young adults - so where targeted at an age group that includes those between 12 and 18 years.



We are seeking data on the content that has been borrowed - so if an adult borrows a childrenâ€™s / young adult book, please count it with the childrenâ€™s books. We appreciate there is a rich strand of data around who is borrowing (adult or child) , but we are not seeking that data this time as we wanted to keep it as simple as possible.



If you collect your data quarterly please enter the total in the last month of that quarter (eg Total Q1 in June, Total Q2 in September etc) - Of which - Adult (target audience 18+) OR unclassified - April 2024",
2024/2025,loans,loans_adult_digital,may,Q17_6_2,"Loans and lending of library items



Please complete the table to show the number of issues by format in each month. Please split the data into adult and children/young people's books. 



Note, reissue/renewal counts as an additional loan.



For all these categories, this is the number of books in the identified format issued to library members' tickets.



Where we are asking for adult books, we are looking for any books that are categorised on your Library Management System as books targeted at (not restricted to) adults. Please include any books that are not given an age range - so essentially we are looking for any books that are not categorised on your Library Management System as children's/young people books.



Where we are asking for childrenâ€™s books, we are looking for any books that that are categorised on your Library Management System as targeted at children - so where targeted at an age group of under 12 years.



 Where we are asking for young peopleâ€™s books, we are looking for any books that that are categorised on your Library Management System as targeted at young people or young adults - so where targeted at an age group that includes those between 12 and 18 years.



We are seeking data on the content that has been borrowed - so if an adult borrows a childrenâ€™s / young adult book, please count it with the childrenâ€™s books. We appreciate there is a rich strand of data around who is borrowing (adult or child) , but we are not seeking that data this time as we wanted to keep it as simple as possible.



If you collect your data quarterly please enter the total in the last month of that quarter (eg Total Q1 in June, Total Q2 in September etc) - Of which - Adult (target audience 18+) OR unclassified - May 2024",
2024/2025,loans,loans_adult_digital,june,Q17_6_3,"Loans and lending of library items



Please complete the table to show the number of issues by format in each month. Please split the data into adult and children/young people's books. 



Note, reissue/renewal counts as an additional loan.



For all these categories, this is the number of books in the identified format issued to library members' tickets.



Where we are asking for adult books, we are looking for any books that are categorised on your Library Management System as books targeted at (not restricted to) adults. Please include any books that are not given an age range - so essentially we are looking for any books that are not categorised on your Library Management System as children's/young people books.



Where we are asking for childrenâ€™s books, we are looking for any books that that are categorised on your Library Management System as targeted at children - so where targeted at an age group of under 12 years.



 Where we are asking for young peopleâ€™s books, we are looking for any books that that are categorised on your Library Management System as targeted at young people or young adults - so where targeted at an age group that includes those between 12 and 18 years.



We are seeking data on the content that has been borrowed - so if an adult borrows a childrenâ€™s / young adult book, please count it with the childrenâ€™s books. We appreciate there is a rich strand of data around who is borrowing (adult or child) , but we are not seeking that data this time as we wanted to keep it as simple as possible.



If you collect your data quarterly please enter the total in the last month of that quarter (eg Total Q1 in June, Total Q2 in September etc) - Of which - Adult (target audience 18+) OR unclassified - June 2024/Q1",
2024/2025,loans,loans_adult_digital,july,Q17_6_5,"Loans and lending of library items



Please complete the table to show the number of issues by format in each month. Please split the data into adult and children/young people's books. 



Note, reissue/renewal counts as an additional loan.



For all these categories, this is the number of books in the identified format issued to library members' tickets.



Where we are asking for adult books, we are looking for any books that are categorised on your Library Management System as books targeted at (not restricted to) adults. Please include any books that are not given an age range - so essentially we are looking for any books that are not categorised on your Library Management System as children's/young people books.



Where we are asking for childrenâ€™s books, we are looking for any books that that are categorised on your Library Management System as targeted at children - so where targeted at an age group of under 12 years.



 Where we are asking for young peopleâ€™s books, we are looking for any books that that are categorised on your Library Management System as targeted at young people or young adults - so where targeted at an age group that includes those between 12 and 18 years.



We are seeking data on the content that has been borrowed - so if an adult borrows a childrenâ€™s / young adult book, please count it with the childrenâ€™s books. We appreciate there is a rich strand of data around who is borrowing (adult or child) , but we are not seeking that data this time as we wanted to keep it as simple as possible.



If you collect your data quarterly please enter the total in the last month of that quarter (eg Total Q1 in June, Total Q2 in September etc) - Of which - Adult (target audience 18+) OR unclassified - July 2024",
2024/2025,loans,loans_adult_digital,august,Q17_6_6,"Loans and lending of library items



Please complete the table to show the number of issues by format in each month. Please split the data into adult and children/young people's books. 



Note, reissue/renewal counts as an additional loan.



For all these categories, this is the number of books in the identified format issued to library members' tickets.



Where we are asking for adult books, we are looking for any books that are categorised on your Library Management System as books targeted at (not restricted to) adults. Please include any books that are not given an age range - so essentially we are looking for any books that are not categorised on your Library Management System as children's/young people books.



Where we are asking for childrenâ€™s books, we are looking for any books that that are categorised on your Library Management System as targeted at children - so where targeted at an age group of under 12 years.



 Where we are asking for young peopleâ€™s books, we are looking for any books that that are categorised on your Library Management System as targeted at young people or young adults - so where targeted at an age group that includes those between 12 and 18 years.



We are seeking data on the content that has been borrowed - so if an adult borrows a childrenâ€™s / young adult book, please count it with the childrenâ€™s books. We appreciate there is a rich strand of data around who is borrowing (adult or child) , but we are not seeking that data this time as we wanted to keep it as simple as possible.



If you collect your data quarterly please enter the total in the last month of that quarter (eg Total Q1 in June, Total Q2 in September etc) - Of which - Adult (target audience 18+) OR unclassified - August 2024",
2024/2025,loans,loans_adult_digital,september,Q17_6_7,"Loans and lending of library items



Please complete the table to show the number of issues by format in each month. Please split the data into adult and children/young people's books. 



Note, reissue/renewal counts as an additional loan.



For all these categories, this is the number of books in the identified format issued to library members' tickets.



Where we are asking for adult books, we are looking for any books that are categorised on your Library Management System as books targeted at (not restricted to) adults. Please include any books that are not given an age range - so essentially we are looking for any books that are not categorised on your Library Management System as children's/young people books.



Where we are asking for childrenâ€™s books, we are looking for any books that that are categorised on your Library Management System as targeted at children - so where targeted at an age group of under 12 years.



 Where we are asking for young peopleâ€™s books, we are looking for any books that that are categorised on your Library Management System as targeted at young people or young adults - so where targeted at an age group that includes those between 12 and 18 years.



We are seeking data on the content that has been borrowed - so if an adult borrows a childrenâ€™s / young adult book, please count it with the childrenâ€™s books. We appreciate there is a rich strand of data around who is borrowing (adult or child) , but we are not seeking that data this time as we wanted to keep it as simple as possible.



If you collect your data quarterly please enter the total in the last month of that quarter (eg Total Q1 in June, Total Q2 in September etc) - Of which - Adult (target audience 18+) OR unclassified - Sept 2024/Q2",
2024/2025,loans,loans_adult_digital,october,Q17_6_8,"Loans and lending of library items



Please complete the table to show the number of issues by format in each month. Please split the data into adult and children/young people's books. 



Note, reissue/renewal counts as an additional loan.



For all these categories, this is the number of books in the identified format issued to library members' tickets.



Where we are asking for adult books, we are looking for any books that are categorised on your Library Management System as books targeted at (not restricted to) adults. Please include any books that are not given an age range - so essentially we are looking for any books that are not categorised on your Library Management System as children's/young people books.



Where we are asking for childrenâ€™s books, we are looking for any books that that are categorised on your Library Management System as targeted at children - so where targeted at an age group of under 12 years.



 Where we are asking for young peopleâ€™s books, we are looking for any books that that are categorised on your Library Management System as targeted at young people or young adults - so where targeted at an age group that includes those between 12 and 18 years.



We are seeking data on the content that has been borrowed - so if an adult borrows a childrenâ€™s / young adult book, please count it with the childrenâ€™s books. We appreciate there is a rich strand of data around who is borrowing (adult or child) , but we are not seeking that data this time as we wanted to keep it as simple as possible.



If you collect your data quarterly please enter the total in the last month of that quarter (eg Total Q1 in June, Total Q2 in September etc) - Of which - Adult (target audience 18+) OR unclassified - Oct 2024",
2024/2025,loans,loans_adult_digital,november,Q17_6_9,"Loans and lending of library items



Please complete the table to show the number of issues by format in each month. Please split the data into adult and children/young people's books. 



Note, reissue/renewal counts as an additional loan.



For all these categories, this is the number of books in the identified format issued to library members' tickets.



Where we are asking for adult books, we are looking for any books that are categorised on your Library Management System as books targeted at (not restricted to) adults. Please include any books that are not given an age range - so essentially we are looking for any books that are not categorised on your Library Management System as children's/young people books.



Where we are asking for childrenâ€™s books, we are looking for any books that that are categorised on your Library Management System as targeted at children - so where targeted at an age group of under 12 years.



 Where we are asking for young peopleâ€™s books, we are looking for any books that that are categorised on your Library Management System as targeted at young people or young adults - so where targeted at an age group that includes those between 12 and 18 years.



We are seeking data on the content that has been borrowed - so if an adult borrows a childrenâ€™s / young adult book, please count it with the childrenâ€™s books. We appreciate there is a rich strand of data around who is borrowing (adult or child) , but we are not seeking that data this time as we wanted to keep it as simple as possible.



If you collect your data quarterly please enter the total in the last month of that quarter (eg Total Q1 in June, Total Q2 in September etc) - Of which - Adult (target audience 18+) OR unclassified - Nov 2024",
2024/2025,loans,loans_adult_digital,december,Q17_6_10,"Loans and lending of library items



Please complete the table to show the number of issues by format in each month. Please split the data into adult and children/young people's books. 



Note, reissue/renewal counts as an additional loan.



For all these categories, this is the number of books in the identified format issued to library members' tickets.



Where we are asking for adult books, we are looking for any books that are categorised on your Library Management System as books targeted at (not restricted to) adults. Please include any books that are not given an age range - so essentially we are looking for any books that are not categorised on your Library Management System as children's/young people books.



Where we are asking for childrenâ€™s books, we are looking for any books that that are categorised on your Library Management System as targeted at children - so where targeted at an age group of under 12 years.



 Where we are asking for young peopleâ€™s books, we are looking for any books that that are categorised on your Library Management System as targeted at young people or young adults - so where targeted at an age group that includes those between 12 and 18 years.



We are seeking data on the content that has been borrowed - so if an adult borrows a childrenâ€™s / young adult book, please count it with the childrenâ€™s books. We appreciate there is a rich strand of data around who is borrowing (adult or child) , but we are not seeking that data this time as we wanted to keep it as simple as possible.



If you collect your data quarterly please enter the total in the last month of that quarter (eg Total Q1 in June, Total Q2 in September etc) - Of which - Adult (target audience 18+) OR unclassified - Dec 2024/Q3",
2024/2025,loans,loans_adult_digital,january,Q17_6_11,"Loans and lending of library items



Please complete the table to show the number of issues by format in each month. Please split the data into adult and children/young people's books. 



Note, reissue/renewal counts as an additional loan.



For all these categories, this is the number of books in the identified format issued to library members' tickets.



Where we are asking for adult books, we are looking for any books that are categorised on your Library Management System as books targeted at (not restricted to) adults. Please include any books that are not given an age range - so essentially we are looking for any books that are not categorised on your Library Management System as children's/young people books.



Where we are asking for childrenâ€™s books, we are looking for any books that that are categorised on your Library Management System as targeted at children - so where targeted at an age group of under 12 years.



 Where we are asking for young peopleâ€™s books, we are looking for any books that that are categorised on your Library Management System as targeted at young people or young adults - so where targeted at an age group that includes those between 12 and 18 years.



We are seeking data on the content that has been borrowed - so if an adult borrows a childrenâ€™s / young adult book, please count it with the childrenâ€™s books. We appreciate there is a rich strand of data around who is borrowing (adult or child) , but we are not seeking that data this time as we wanted to keep it as simple as possible.



If you collect your data quarterly please enter the total in the last month of that quarter (eg Total Q1 in June, Total Q2 in September etc) - Of which - Adult (target audience 18+) OR unclassified - Jan 2025",
2024/2025,loans,loans_adult_digital,february,Q17_6_12,"Loans and lending of library items



Please complete the table to show the number of issues by format in each month. Please split the data into adult and children/young people's books. 



Note, reissue/renewal counts as an additional loan.



For all these categories, this is the number of books in the identified format issued to library members' tickets.



Where we are asking for adult books, we are looking for any books that are categorised on your Library Management System as books targeted at (not restricted to) adults. Please include any books that are not given an age range - so essentially we are looking for any books that are not categorised on your Library Management System as children's/young people books.



Where we are asking for childrenâ€™s books, we are looking for any books that that are categorised on your Library Management System as targeted at children - so where targeted at an age group of under 12 years.



 Where we are asking for young peopleâ€™s books, we are looking for any books that that are categorised on your Library Management System as targeted at young people or young adults - so where targeted at an age group that includes those between 12 and 18 years.



We are seeking data on the content that has been borrowed - so if an adult borrows a childrenâ€™s / young adult book, please count it with the childrenâ€™s books. We appreciate there is a rich strand of data around who is borrowing (adult or child) , but we are not seeking that data this time as we wanted to keep it as simple as possible.



If you collect your data quarterly please enter the total in the last month of that quarter (eg Total Q1 in June, Total Q2 in September etc) - Of which - Adult (target audience 18+) OR unclassified - Feb 2025",
2024/2025,loans,loans_adult_digital,march,Q17_6_13,"Loans and lending of library items



Please complete the table to show the number of issues by format in each month. Please split the data into adult and children/young people's books. 



Note, reissue/renewal counts as an additional loan.



For all these categories, this is the number of books in the identified format issued to library members' tickets.



Where we are asking for adult books, we are looking for any books that are categorised on your Library Management System as books targeted at (not restricted to) adults. Please include any books that are not given an age range - so essentially we are looking for any books that are not categorised on your Library Management System as children's/young people books.



Where we are asking for childrenâ€™s books, we are looking for any books that that are categorised on your Library Management System as targeted at children - so where targeted at an age group of under 12 years.



 Where we are asking for young peopleâ€™s books, we are looking for any books that that are categorised on your Library Management System as targeted at young people or young adults - so where targeted at an age group that includes those between 12 and 18 years.



We are seeking data on the content that has been borrowed - so if an adult borrows a childrenâ€™s / young adult book, please count it with the childrenâ€™s books. We appreciate there is a rich strand of data around who is borrowing (adult or child) , but we are not seeking that data this time as we wanted to keep it as simple as possible.



If you collect your data quarterly please enter the total in the last month of that quarter (eg Total Q1 in June, Total Q2 in September etc) - Of which - Adult (target audience 18+) OR unclassified - March 2025/Q4",
2024/2025,loans,loans_adult_digital,Annual,Q17_6_Total,AUDIO book issues - Children (11 and under) - Total 2024/25,"Annual label uses the 2025/26 demographic order; use the verified monthly question group and formula, not this label."
2024/2025,loans,loans_11_under_digital,april,Q17_7_1,"Loans and lending of library items



Please complete the table to show the number of issues by format in each month. Please split the data into adult and children/young people's books. 



Note, reissue/renewal counts as an additional loan.



For all these categories, this is the number of books in the identified format issued to library members' tickets.



Where we are asking for adult books, we are looking for any books that are categorised on your Library Management System as books targeted at (not restricted to) adults. Please include any books that are not given an age range - so essentially we are looking for any books that are not categorised on your Library Management System as children's/young people books.



Where we are asking for childrenâ€™s books, we are looking for any books that that are categorised on your Library Management System as targeted at children - so where targeted at an age group of under 12 years.



 Where we are asking for young peopleâ€™s books, we are looking for any books that that are categorised on your Library Management System as targeted at young people or young adults - so where targeted at an age group that includes those between 12 and 18 years.



We are seeking data on the content that has been borrowed - so if an adult borrows a childrenâ€™s / young adult book, please count it with the childrenâ€™s books. We appreciate there is a rich strand of data around who is borrowing (adult or child) , but we are not seeking that data this time as we wanted to keep it as simple as possible.



If you collect your data quarterly please enter the total in the last month of that quarter (eg Total Q1 in June, Total Q2 in September etc) - Of which - Children (target audience under 12)  - April 2024",
2024/2025,loans,loans_11_under_digital,may,Q17_7_2,"Loans and lending of library items



Please complete the table to show the number of issues by format in each month. Please split the data into adult and children/young people's books. 



Note, reissue/renewal counts as an additional loan.



For all these categories, this is the number of books in the identified format issued to library members' tickets.



Where we are asking for adult books, we are looking for any books that are categorised on your Library Management System as books targeted at (not restricted to) adults. Please include any books that are not given an age range - so essentially we are looking for any books that are not categorised on your Library Management System as children's/young people books.



Where we are asking for childrenâ€™s books, we are looking for any books that that are categorised on your Library Management System as targeted at children - so where targeted at an age group of under 12 years.



 Where we are asking for young peopleâ€™s books, we are looking for any books that that are categorised on your Library Management System as targeted at young people or young adults - so where targeted at an age group that includes those between 12 and 18 years.



We are seeking data on the content that has been borrowed - so if an adult borrows a childrenâ€™s / young adult book, please count it with the childrenâ€™s books. We appreciate there is a rich strand of data around who is borrowing (adult or child) , but we are not seeking that data this time as we wanted to keep it as simple as possible.



If you collect your data quarterly please enter the total in the last month of that quarter (eg Total Q1 in June, Total Q2 in September etc) - Of which - Children (target audience under 12)  - May 2024",
2024/2025,loans,loans_11_under_digital,june,Q17_7_3,"Loans and lending of library items



Please complete the table to show the number of issues by format in each month. Please split the data into adult and children/young people's books. 



Note, reissue/renewal counts as an additional loan.



For all these categories, this is the number of books in the identified format issued to library members' tickets.



Where we are asking for adult books, we are looking for any books that are categorised on your Library Management System as books targeted at (not restricted to) adults. Please include any books that are not given an age range - so essentially we are looking for any books that are not categorised on your Library Management System as children's/young people books.



Where we are asking for childrenâ€™s books, we are looking for any books that that are categorised on your Library Management System as targeted at children - so where targeted at an age group of under 12 years.



 Where we are asking for young peopleâ€™s books, we are looking for any books that that are categorised on your Library Management System as targeted at young people or young adults - so where targeted at an age group that includes those between 12 and 18 years.



We are seeking data on the content that has been borrowed - so if an adult borrows a childrenâ€™s / young adult book, please count it with the childrenâ€™s books. We appreciate there is a rich strand of data around who is borrowing (adult or child) , but we are not seeking that data this time as we wanted to keep it as simple as possible.



If you collect your data quarterly please enter the total in the last month of that quarter (eg Total Q1 in June, Total Q2 in September etc) - Of which - Children (target audience under 12)  - June 2024/Q1",
2024/2025,loans,loans_11_under_digital,july,Q17_7_5,"Loans and lending of library items



Please complete the table to show the number of issues by format in each month. Please split the data into adult and children/young people's books. 



Note, reissue/renewal counts as an additional loan.



For all these categories, this is the number of books in the identified format issued to library members' tickets.



Where we are asking for adult books, we are looking for any books that are categorised on your Library Management System as books targeted at (not restricted to) adults. Please include any books that are not given an age range - so essentially we are looking for any books that are not categorised on your Library Management System as children's/young people books.



Where we are asking for childrenâ€™s books, we are looking for any books that that are categorised on your Library Management System as targeted at children - so where targeted at an age group of under 12 years.



 Where we are asking for young peopleâ€™s books, we are looking for any books that that are categorised on your Library Management System as targeted at young people or young adults - so where targeted at an age group that includes those between 12 and 18 years.



We are seeking data on the content that has been borrowed - so if an adult borrows a childrenâ€™s / young adult book, please count it with the childrenâ€™s books. We appreciate there is a rich strand of data around who is borrowing (adult or child) , but we are not seeking that data this time as we wanted to keep it as simple as possible.



If you collect your data quarterly please enter the total in the last month of that quarter (eg Total Q1 in June, Total Q2 in September etc) - Of which - Children (target audience under 12)  - July 2024",
2024/2025,loans,loans_11_under_digital,august,Q17_7_6,"Loans and lending of library items



Please complete the table to show the number of issues by format in each month. Please split the data into adult and children/young people's books. 



Note, reissue/renewal counts as an additional loan.



For all these categories, this is the number of books in the identified format issued to library members' tickets.



Where we are asking for adult books, we are looking for any books that are categorised on your Library Management System as books targeted at (not restricted to) adults. Please include any books that are not given an age range - so essentially we are looking for any books that are not categorised on your Library Management System as children's/young people books.



Where we are asking for childrenâ€™s books, we are looking for any books that that are categorised on your Library Management System as targeted at children - so where targeted at an age group of under 12 years.



 Where we are asking for young peopleâ€™s books, we are looking for any books that that are categorised on your Library Management System as targeted at young people or young adults - so where targeted at an age group that includes those between 12 and 18 years.



We are seeking data on the content that has been borrowed - so if an adult borrows a childrenâ€™s / young adult book, please count it with the childrenâ€™s books. We appreciate there is a rich strand of data around who is borrowing (adult or child) , but we are not seeking that data this time as we wanted to keep it as simple as possible.



If you collect your data quarterly please enter the total in the last month of that quarter (eg Total Q1 in June, Total Q2 in September etc) - Of which - Children (target audience under 12)  - August 2024",
2024/2025,loans,loans_11_under_digital,september,Q17_7_7,"Loans and lending of library items



Please complete the table to show the number of issues by format in each month. Please split the data into adult and children/young people's books. 



Note, reissue/renewal counts as an additional loan.



For all these categories, this is the number of books in the identified format issued to library members' tickets.



Where we are asking for adult books, we are looking for any books that are categorised on your Library Management System as books targeted at (not restricted to) adults. Please include any books that are not given an age range - so essentially we are looking for any books that are not categorised on your Library Management System as children's/young people books.



Where we are asking for childrenâ€™s books, we are looking for any books that that are categorised on your Library Management System as targeted at children - so where targeted at an age group of under 12 years.



 Where we are asking for young peopleâ€™s books, we are looking for any books that that are categorised on your Library Management System as targeted at young people or young adults - so where targeted at an age group that includes those between 12 and 18 years.



We are seeking data on the content that has been borrowed - so if an adult borrows a childrenâ€™s / young adult book, please count it with the childrenâ€™s books. We appreciate there is a rich strand of data around who is borrowing (adult or child) , but we are not seeking that data this time as we wanted to keep it as simple as possible.



If you collect your data quarterly please enter the total in the last month of that quarter (eg Total Q1 in June, Total Q2 in September etc) - Of which - Children (target audience under 12)  - Sept 2024/Q2",
2024/2025,loans,loans_11_under_digital,october,Q17_7_8,"Loans and lending of library items



Please complete the table to show the number of issues by format in each month. Please split the data into adult and children/young people's books. 



Note, reissue/renewal counts as an additional loan.



For all these categories, this is the number of books in the identified format issued to library members' tickets.



Where we are asking for adult books, we are looking for any books that are categorised on your Library Management System as books targeted at (not restricted to) adults. Please include any books that are not given an age range - so essentially we are looking for any books that are not categorised on your Library Management System as children's/young people books.



Where we are asking for childrenâ€™s books, we are looking for any books that that are categorised on your Library Management System as targeted at children - so where targeted at an age group of under 12 years.



 Where we are asking for young peopleâ€™s books, we are looking for any books that that are categorised on your Library Management System as targeted at young people or young adults - so where targeted at an age group that includes those between 12 and 18 years.



We are seeking data on the content that has been borrowed - so if an adult borrows a childrenâ€™s / young adult book, please count it with the childrenâ€™s books. We appreciate there is a rich strand of data around who is borrowing (adult or child) , but we are not seeking that data this time as we wanted to keep it as simple as possible.



If you collect your data quarterly please enter the total in the last month of that quarter (eg Total Q1 in June, Total Q2 in September etc) - Of which - Children (target audience under 12)  - Oct 2024",
2024/2025,loans,loans_11_under_digital,november,Q17_7_9,"Loans and lending of library items



Please complete the table to show the number of issues by format in each month. Please split the data into adult and children/young people's books. 



Note, reissue/renewal counts as an additional loan.



For all these categories, this is the number of books in the identified format issued to library members' tickets.



Where we are asking for adult books, we are looking for any books that are categorised on your Library Management System as books targeted at (not restricted to) adults. Please include any books that are not given an age range - so essentially we are looking for any books that are not categorised on your Library Management System as children's/young people books.



Where we are asking for childrenâ€™s books, we are looking for any books that that are categorised on your Library Management System as targeted at children - so where targeted at an age group of under 12 years.



 Where we are asking for young peopleâ€™s books, we are looking for any books that that are categorised on your Library Management System as targeted at young people or young adults - so where targeted at an age group that includes those between 12 and 18 years.



We are seeking data on the content that has been borrowed - so if an adult borrows a childrenâ€™s / young adult book, please count it with the childrenâ€™s books. We appreciate there is a rich strand of data around who is borrowing (adult or child) , but we are not seeking that data this time as we wanted to keep it as simple as possible.



If you collect your data quarterly please enter the total in the last month of that quarter (eg Total Q1 in June, Total Q2 in September etc) - Of which - Children (target audience under 12)  - Nov 2024",
2024/2025,loans,loans_11_under_digital,december,Q17_7_10,"Loans and lending of library items



Please complete the table to show the number of issues by format in each month. Please split the data into adult and children/young people's books. 



Note, reissue/renewal counts as an additional loan.



For all these categories, this is the number of books in the identified format issued to library members' tickets.



Where we are asking for adult books, we are looking for any books that are categorised on your Library Management System as books targeted at (not restricted to) adults. Please include any books that are not given an age range - so essentially we are looking for any books that are not categorised on your Library Management System as children's/young people books.



Where we are asking for childrenâ€™s books, we are looking for any books that that are categorised on your Library Management System as targeted at children - so where targeted at an age group of under 12 years.



 Where we are asking for young peopleâ€™s books, we are looking for any books that that are categorised on your Library Management System as targeted at young people or young adults - so where targeted at an age group that includes those between 12 and 18 years.



We are seeking data on the content that has been borrowed - so if an adult borrows a childrenâ€™s / young adult book, please count it with the childrenâ€™s books. We appreciate there is a rich strand of data around who is borrowing (adult or child) , but we are not seeking that data this time as we wanted to keep it as simple as possible.



If you collect your data quarterly please enter the total in the last month of that quarter (eg Total Q1 in June, Total Q2 in September etc) - Of which - Children (target audience under 12)  - Dec 2024/Q3",
2024/2025,loans,loans_11_under_digital,january,Q17_7_11,"Loans and lending of library items



Please complete the table to show the number of issues by format in each month. Please split the data into adult and children/young people's books. 



Note, reissue/renewal counts as an additional loan.



For all these categories, this is the number of books in the identified format issued to library members' tickets.



Where we are asking for adult books, we are looking for any books that are categorised on your Library Management System as books targeted at (not restricted to) adults. Please include any books that are not given an age range - so essentially we are looking for any books that are not categorised on your Library Management System as children's/young people books.



Where we are asking for childrenâ€™s books, we are looking for any books that that are categorised on your Library Management System as targeted at children - so where targeted at an age group of under 12 years.



 Where we are asking for young peopleâ€™s books, we are looking for any books that that are categorised on your Library Management System as targeted at young people or young adults - so where targeted at an age group that includes those between 12 and 18 years.



We are seeking data on the content that has been borrowed - so if an adult borrows a childrenâ€™s / young adult book, please count it with the childrenâ€™s books. We appreciate there is a rich strand of data around who is borrowing (adult or child) , but we are not seeking that data this time as we wanted to keep it as simple as possible.



If you collect your data quarterly please enter the total in the last month of that quarter (eg Total Q1 in June, Total Q2 in September etc) - Of which - Children (target audience under 12)  - Jan 2025",
2024/2025,loans,loans_11_under_digital,february,Q17_7_12,"Loans and lending of library items



Please complete the table to show the number of issues by format in each month. Please split the data into adult and children/young people's books. 



Note, reissue/renewal counts as an additional loan.



For all these categories, this is the number of books in the identified format issued to library members' tickets.



Where we are asking for adult books, we are looking for any books that are categorised on your Library Management System as books targeted at (not restricted to) adults. Please include any books that are not given an age range - so essentially we are looking for any books that are not categorised on your Library Management System as children's/young people books.



Where we are asking for childrenâ€™s books, we are looking for any books that that are categorised on your Library Management System as targeted at children - so where targeted at an age group of under 12 years.



 Where we are asking for young peopleâ€™s books, we are looking for any books that that are categorised on your Library Management System as targeted at young people or young adults - so where targeted at an age group that includes those between 12 and 18 years.



We are seeking data on the content that has been borrowed - so if an adult borrows a childrenâ€™s / young adult book, please count it with the childrenâ€™s books. We appreciate there is a rich strand of data around who is borrowing (adult or child) , but we are not seeking that data this time as we wanted to keep it as simple as possible.



If you collect your data quarterly please enter the total in the last month of that quarter (eg Total Q1 in June, Total Q2 in September etc) - Of which - Children (target audience under 12)  - Feb 2025",
2024/2025,loans,loans_11_under_digital,march,Q17_7_13,"Loans and lending of library items



Please complete the table to show the number of issues by format in each month. Please split the data into adult and children/young people's books. 



Note, reissue/renewal counts as an additional loan.



For all these categories, this is the number of books in the identified format issued to library members' tickets.



Where we are asking for adult books, we are looking for any books that are categorised on your Library Management System as books targeted at (not restricted to) adults. Please include any books that are not given an age range - so essentially we are looking for any books that are not categorised on your Library Management System as children's/young people books.



Where we are asking for childrenâ€™s books, we are looking for any books that that are categorised on your Library Management System as targeted at children - so where targeted at an age group of under 12 years.



 Where we are asking for young peopleâ€™s books, we are looking for any books that that are categorised on your Library Management System as targeted at young people or young adults - so where targeted at an age group that includes those between 12 and 18 years.



We are seeking data on the content that has been borrowed - so if an adult borrows a childrenâ€™s / young adult book, please count it with the childrenâ€™s books. We appreciate there is a rich strand of data around who is borrowing (adult or child) , but we are not seeking that data this time as we wanted to keep it as simple as possible.



If you collect your data quarterly please enter the total in the last month of that quarter (eg Total Q1 in June, Total Q2 in September etc) - Of which - Children (target audience under 12)  - March 2025/Q4",
2024/2025,loans,loans_11_under_digital,Annual,Q17_7_Total,AUDIO book issues - Young people (12-17) - Total 2024/25,"Annual label uses the 2025/26 demographic order; use the verified monthly question group and formula, not this label."
2024/2025,loans,loans_12_17_digital,april,Q17_8_1,"Loans and lending of library items



Please complete the table to show the number of issues by format in each month. Please split the data into adult and children/young people's books. 



Note, reissue/renewal counts as an additional loan.



For all these categories, this is the number of books in the identified format issued to library members' tickets.



Where we are asking for adult books, we are looking for any books that are categorised on your Library Management System as books targeted at (not restricted to) adults. Please include any books that are not given an age range - so essentially we are looking for any books that are not categorised on your Library Management System as children's/young people books.



Where we are asking for childrenâ€™s books, we are looking for any books that that are categorised on your Library Management System as targeted at children - so where targeted at an age group of under 12 years.



 Where we are asking for young peopleâ€™s books, we are looking for any books that that are categorised on your Library Management System as targeted at young people or young adults - so where targeted at an age group that includes those between 12 and 18 years.



We are seeking data on the content that has been borrowed - so if an adult borrows a childrenâ€™s / young adult book, please count it with the childrenâ€™s books. We appreciate there is a rich strand of data around who is borrowing (adult or child) , but we are not seeking that data this time as we wanted to keep it as simple as possible.



If you collect your data quarterly please enter the total in the last month of that quarter (eg Total Q1 in June, Total Q2 in September etc) - Of which - Young people (target audience under 12-17)  - April 2024",
2024/2025,loans,loans_12_17_digital,may,Q17_8_2,"Loans and lending of library items



Please complete the table to show the number of issues by format in each month. Please split the data into adult and children/young people's books. 



Note, reissue/renewal counts as an additional loan.



For all these categories, this is the number of books in the identified format issued to library members' tickets.



Where we are asking for adult books, we are looking for any books that are categorised on your Library Management System as books targeted at (not restricted to) adults. Please include any books that are not given an age range - so essentially we are looking for any books that are not categorised on your Library Management System as children's/young people books.



Where we are asking for childrenâ€™s books, we are looking for any books that that are categorised on your Library Management System as targeted at children - so where targeted at an age group of under 12 years.



 Where we are asking for young peopleâ€™s books, we are looking for any books that that are categorised on your Library Management System as targeted at young people or young adults - so where targeted at an age group that includes those between 12 and 18 years.



We are seeking data on the content that has been borrowed - so if an adult borrows a childrenâ€™s / young adult book, please count it with the childrenâ€™s books. We appreciate there is a rich strand of data around who is borrowing (adult or child) , but we are not seeking that data this time as we wanted to keep it as simple as possible.



If you collect your data quarterly please enter the total in the last month of that quarter (eg Total Q1 in June, Total Q2 in September etc) - Of which - Young people (target audience under 12-17)  - May 2024",
2024/2025,loans,loans_12_17_digital,june,Q17_8_3,"Loans and lending of library items



Please complete the table to show the number of issues by format in each month. Please split the data into adult and children/young people's books. 



Note, reissue/renewal counts as an additional loan.



For all these categories, this is the number of books in the identified format issued to library members' tickets.



Where we are asking for adult books, we are looking for any books that are categorised on your Library Management System as books targeted at (not restricted to) adults. Please include any books that are not given an age range - so essentially we are looking for any books that are not categorised on your Library Management System as children's/young people books.



Where we are asking for childrenâ€™s books, we are looking for any books that that are categorised on your Library Management System as targeted at children - so where targeted at an age group of under 12 years.



 Where we are asking for young peopleâ€™s books, we are looking for any books that that are categorised on your Library Management System as targeted at young people or young adults - so where targeted at an age group that includes those between 12 and 18 years.



We are seeking data on the content that has been borrowed - so if an adult borrows a childrenâ€™s / young adult book, please count it with the childrenâ€™s books. We appreciate there is a rich strand of data around who is borrowing (adult or child) , but we are not seeking that data this time as we wanted to keep it as simple as possible.



If you collect your data quarterly please enter the total in the last month of that quarter (eg Total Q1 in June, Total Q2 in September etc) - Of which - Young people (target audience under 12-17)  - June 2024/Q1",
2024/2025,loans,loans_12_17_digital,july,Q17_8_5,"Loans and lending of library items



Please complete the table to show the number of issues by format in each month. Please split the data into adult and children/young people's books. 



Note, reissue/renewal counts as an additional loan.



For all these categories, this is the number of books in the identified format issued to library members' tickets.



Where we are asking for adult books, we are looking for any books that are categorised on your Library Management System as books targeted at (not restricted to) adults. Please include any books that are not given an age range - so essentially we are looking for any books that are not categorised on your Library Management System as children's/young people books.



Where we are asking for childrenâ€™s books, we are looking for any books that that are categorised on your Library Management System as targeted at children - so where targeted at an age group of under 12 years.



 Where we are asking for young peopleâ€™s books, we are looking for any books that that are categorised on your Library Management System as targeted at young people or young adults - so where targeted at an age group that includes those between 12 and 18 years.



We are seeking data on the content that has been borrowed - so if an adult borrows a childrenâ€™s / young adult book, please count it with the childrenâ€™s books. We appreciate there is a rich strand of data around who is borrowing (adult or child) , but we are not seeking that data this time as we wanted to keep it as simple as possible.



If you collect your data quarterly please enter the total in the last month of that quarter (eg Total Q1 in June, Total Q2 in September etc) - Of which - Young people (target audience under 12-17)  - July 2024",
2024/2025,loans,loans_12_17_digital,august,Q17_8_6,"Loans and lending of library items



Please complete the table to show the number of issues by format in each month. Please split the data into adult and children/young people's books. 



Note, reissue/renewal counts as an additional loan.



For all these categories, this is the number of books in the identified format issued to library members' tickets.



Where we are asking for adult books, we are looking for any books that are categorised on your Library Management System as books targeted at (not restricted to) adults. Please include any books that are not given an age range - so essentially we are looking for any books that are not categorised on your Library Management System as children's/young people books.



Where we are asking for childrenâ€™s books, we are looking for any books that that are categorised on your Library Management System as targeted at children - so where targeted at an age group of under 12 years.



 Where we are asking for young peopleâ€™s books, we are looking for any books that that are categorised on your Library Management System as targeted at young people or young adults - so where targeted at an age group that includes those between 12 and 18 years.



We are seeking data on the content that has been borrowed - so if an adult borrows a childrenâ€™s / young adult book, please count it with the childrenâ€™s books. We appreciate there is a rich strand of data around who is borrowing (adult or child) , but we are not seeking that data this time as we wanted to keep it as simple as possible.



If you collect your data quarterly please enter the total in the last month of that quarter (eg Total Q1 in June, Total Q2 in September etc) - Of which - Young people (target audience under 12-17)  - August 2024",
2024/2025,loans,loans_12_17_digital,september,Q17_8_7,"Loans and lending of library items



Please complete the table to show the number of issues by format in each month. Please split the data into adult and children/young people's books. 



Note, reissue/renewal counts as an additional loan.



For all these categories, this is the number of books in the identified format issued to library members' tickets.



Where we are asking for adult books, we are looking for any books that are categorised on your Library Management System as books targeted at (not restricted to) adults. Please include any books that are not given an age range - so essentially we are looking for any books that are not categorised on your Library Management System as children's/young people books.



Where we are asking for childrenâ€™s books, we are looking for any books that that are categorised on your Library Management System as targeted at children - so where targeted at an age group of under 12 years.



 Where we are asking for young peopleâ€™s books, we are looking for any books that that are categorised on your Library Management System as targeted at young people or young adults - so where targeted at an age group that includes those between 12 and 18 years.



We are seeking data on the content that has been borrowed - so if an adult borrows a childrenâ€™s / young adult book, please count it with the childrenâ€™s books. We appreciate there is a rich strand of data around who is borrowing (adult or child) , but we are not seeking that data this time as we wanted to keep it as simple as possible.



If you collect your data quarterly please enter the total in the last month of that quarter (eg Total Q1 in June, Total Q2 in September etc) - Of which - Young people (target audience under 12-17)  - Sept 2024/Q2",
2024/2025,loans,loans_12_17_digital,october,Q17_8_8,"Loans and lending of library items



Please complete the table to show the number of issues by format in each month. Please split the data into adult and children/young people's books. 



Note, reissue/renewal counts as an additional loan.



For all these categories, this is the number of books in the identified format issued to library members' tickets.



Where we are asking for adult books, we are looking for any books that are categorised on your Library Management System as books targeted at (not restricted to) adults. Please include any books that are not given an age range - so essentially we are looking for any books that are not categorised on your Library Management System as children's/young people books.



Where we are asking for childrenâ€™s books, we are looking for any books that that are categorised on your Library Management System as targeted at children - so where targeted at an age group of under 12 years.



 Where we are asking for young peopleâ€™s books, we are looking for any books that that are categorised on your Library Management System as targeted at young people or young adults - so where targeted at an age group that includes those between 12 and 18 years.



We are seeking data on the content that has been borrowed - so if an adult borrows a childrenâ€™s / young adult book, please count it with the childrenâ€™s books. We appreciate there is a rich strand of data around who is borrowing (adult or child) , but we are not seeking that data this time as we wanted to keep it as simple as possible.



If you collect your data quarterly please enter the total in the last month of that quarter (eg Total Q1 in June, Total Q2 in September etc) - Of which - Young people (target audience under 12-17)  - Oct 2024",
2024/2025,loans,loans_12_17_digital,november,Q17_8_9,"Loans and lending of library items



Please complete the table to show the number of issues by format in each month. Please split the data into adult and children/young people's books. 



Note, reissue/renewal counts as an additional loan.



For all these categories, this is the number of books in the identified format issued to library members' tickets.



Where we are asking for adult books, we are looking for any books that are categorised on your Library Management System as books targeted at (not restricted to) adults. Please include any books that are not given an age range - so essentially we are looking for any books that are not categorised on your Library Management System as children's/young people books.



Where we are asking for childrenâ€™s books, we are looking for any books that that are categorised on your Library Management System as targeted at children - so where targeted at an age group of under 12 years.



 Where we are asking for young peopleâ€™s books, we are looking for any books that that are categorised on your Library Management System as targeted at young people or young adults - so where targeted at an age group that includes those between 12 and 18 years.



We are seeking data on the content that has been borrowed - so if an adult borrows a childrenâ€™s / young adult book, please count it with the childrenâ€™s books. We appreciate there is a rich strand of data around who is borrowing (adult or child) , but we are not seeking that data this time as we wanted to keep it as simple as possible.



If you collect your data quarterly please enter the total in the last month of that quarter (eg Total Q1 in June, Total Q2 in September etc) - Of which - Young people (target audience under 12-17)  - Nov 2024",
2024/2025,loans,loans_12_17_digital,december,Q17_8_10,"Loans and lending of library items



Please complete the table to show the number of issues by format in each month. Please split the data into adult and children/young people's books. 



Note, reissue/renewal counts as an additional loan.



For all these categories, this is the number of books in the identified format issued to library members' tickets.



Where we are asking for adult books, we are looking for any books that are categorised on your Library Management System as books targeted at (not restricted to) adults. Please include any books that are not given an age range - so essentially we are looking for any books that are not categorised on your Library Management System as children's/young people books.



Where we are asking for childrenâ€™s books, we are looking for any books that that are categorised on your Library Management System as targeted at children - so where targeted at an age group of under 12 years.



 Where we are asking for young peopleâ€™s books, we are looking for any books that that are categorised on your Library Management System as targeted at young people or young adults - so where targeted at an age group that includes those between 12 and 18 years.



We are seeking data on the content that has been borrowed - so if an adult borrows a childrenâ€™s / young adult book, please count it with the childrenâ€™s books. We appreciate there is a rich strand of data around who is borrowing (adult or child) , but we are not seeking that data this time as we wanted to keep it as simple as possible.



If you collect your data quarterly please enter the total in the last month of that quarter (eg Total Q1 in June, Total Q2 in September etc) - Of which - Young people (target audience under 12-17)  - Dec 2024/Q3",
2024/2025,loans,loans_12_17_digital,january,Q17_8_11,"Loans and lending of library items



Please complete the table to show the number of issues by format in each month. Please split the data into adult and children/young people's books. 



Note, reissue/renewal counts as an additional loan.



For all these categories, this is the number of books in the identified format issued to library members' tickets.



Where we are asking for adult books, we are looking for any books that are categorised on your Library Management System as books targeted at (not restricted to) adults. Please include any books that are not given an age range - so essentially we are looking for any books that are not categorised on your Library Management System as children's/young people books.



Where we are asking for childrenâ€™s books, we are looking for any books that that are categorised on your Library Management System as targeted at children - so where targeted at an age group of under 12 years.



 Where we are asking for young peopleâ€™s books, we are looking for any books that that are categorised on your Library Management System as targeted at young people or young adults - so where targeted at an age group that includes those between 12 and 18 years.



We are seeking data on the content that has been borrowed - so if an adult borrows a childrenâ€™s / young adult book, please count it with the childrenâ€™s books. We appreciate there is a rich strand of data around who is borrowing (adult or child) , but we are not seeking that data this time as we wanted to keep it as simple as possible.



If you collect your data quarterly please enter the total in the last month of that quarter (eg Total Q1 in June, Total Q2 in September etc) - Of which - Young people (target audience under 12-17)  - Jan 2025",
2024/2025,loans,loans_12_17_digital,february,Q17_8_12,"Loans and lending of library items



Please complete the table to show the number of issues by format in each month. Please split the data into adult and children/young people's books. 



Note, reissue/renewal counts as an additional loan.



For all these categories, this is the number of books in the identified format issued to library members' tickets.



Where we are asking for adult books, we are looking for any books that are categorised on your Library Management System as books targeted at (not restricted to) adults. Please include any books that are not given an age range - so essentially we are looking for any books that are not categorised on your Library Management System as children's/young people books.



Where we are asking for childrenâ€™s books, we are looking for any books that that are categorised on your Library Management System as targeted at children - so where targeted at an age group of under 12 years.



 Where we are asking for young peopleâ€™s books, we are looking for any books that that are categorised on your Library Management System as targeted at young people or young adults - so where targeted at an age group that includes those between 12 and 18 years.



We are seeking data on the content that has been borrowed - so if an adult borrows a childrenâ€™s / young adult book, please count it with the childrenâ€™s books. We appreciate there is a rich strand of data around who is borrowing (adult or child) , but we are not seeking that data this time as we wanted to keep it as simple as possible.



If you collect your data quarterly please enter the total in the last month of that quarter (eg Total Q1 in June, Total Q2 in September etc) - Of which - Young people (target audience under 12-17)  - Feb 2025",
2024/2025,loans,loans_12_17_digital,march,Q17_8_13,"Loans and lending of library items



Please complete the table to show the number of issues by format in each month. Please split the data into adult and children/young people's books. 



Note, reissue/renewal counts as an additional loan.



For all these categories, this is the number of books in the identified format issued to library members' tickets.



Where we are asking for adult books, we are looking for any books that are categorised on your Library Management System as books targeted at (not restricted to) adults. Please include any books that are not given an age range - so essentially we are looking for any books that are not categorised on your Library Management System as children's/young people books.



Where we are asking for childrenâ€™s books, we are looking for any books that that are categorised on your Library Management System as targeted at children - so where targeted at an age group of under 12 years.



 Where we are asking for young peopleâ€™s books, we are looking for any books that that are categorised on your Library Management System as targeted at young people or young adults - so where targeted at an age group that includes those between 12 and 18 years.



We are seeking data on the content that has been borrowed - so if an adult borrows a childrenâ€™s / young adult book, please count it with the childrenâ€™s books. We appreciate there is a rich strand of data around who is borrowing (adult or child) , but we are not seeking that data this time as we wanted to keep it as simple as possible.



If you collect your data quarterly please enter the total in the last month of that quarter (eg Total Q1 in June, Total Q2 in September etc) - Of which - Young people (target audience under 12-17)  - March 2025/Q4",
2024/2025,loans,loans_12_17_digital,Annual,Q17_8_Total,AUDIO book issues - Adult (18+) or unclassified - Total 2024/25,"Annual label uses the 2025/26 demographic order; use the verified monthly question group and formula, not this label."
2024/2025,loans,total_ebook_issues,april,Q21_1_1,"Please complete the table to show the number of issues by format in each month. Please split the data into adult, children and young people's books.  If you collect your data quarterly please enter the total in the last month of that quarter (eg Total Q1 in June, Total Q2 in September etc) - Total number of Ebooks issues - April 2024",
2024/2025,loans,total_ebook_issues,may,Q21_1_2,"Please complete the table to show the number of issues by format in each month. Please split the data into adult, children and young people's books.  If you collect your data quarterly please enter the total in the last month of that quarter (eg Total Q1 in June, Total Q2 in September etc) - Total number of Ebooks issues - May 2024",
2024/2025,loans,total_ebook_issues,june,Q21_1_3,"Please complete the table to show the number of issues by format in each month. Please split the data into adult, children and young people's books.  If you collect your data quarterly please enter the total in the last month of that quarter (eg Total Q1 in June, Total Q2 in September etc) - Total number of Ebooks issues - June 2024/Q1",
2024/2025,loans,total_ebook_issues,july,Q21_1_4,"Please complete the table to show the number of issues by format in each month. Please split the data into adult, children and young people's books.  If you collect your data quarterly please enter the total in the last month of that quarter (eg Total Q1 in June, Total Q2 in September etc) - Total number of Ebooks issues - July 2024",
2024/2025,loans,total_ebook_issues,august,Q21_1_5,"Please complete the table to show the number of issues by format in each month. Please split the data into adult, children and young people's books.  If you collect your data quarterly please enter the total in the last month of that quarter (eg Total Q1 in June, Total Q2 in September etc) - Total number of Ebooks issues - August 2024",
2024/2025,loans,total_ebook_issues,september,Q21_1_6,"Please complete the table to show the number of issues by format in each month. Please split the data into adult, children and young people's books.  If you collect your data quarterly please enter the total in the last month of that quarter (eg Total Q1 in June, Total Q2 in September etc) - Total number of Ebooks issues - Sept 2024/Q2",
2024/2025,loans,total_ebook_issues,october,Q21_1_7,"Please complete the table to show the number of issues by format in each month. Please split the data into adult, children and young people's books.  If you collect your data quarterly please enter the total in the last month of that quarter (eg Total Q1 in June, Total Q2 in September etc) - Total number of Ebooks issues - Oct 2024",
2024/2025,loans,total_ebook_issues,november,Q21_1_8,"Please complete the table to show the number of issues by format in each month. Please split the data into adult, children and young people's books.  If you collect your data quarterly please enter the total in the last month of that quarter (eg Total Q1 in June, Total Q2 in September etc) - Total number of Ebooks issues - Nov 2024",
2024/2025,loans,total_ebook_issues,december,Q21_1_9,"Please complete the table to show the number of issues by format in each month. Please split the data into adult, children and young people's books.  If you collect your data quarterly please enter the total in the last month of that quarter (eg Total Q1 in June, Total Q2 in September etc) - Total number of Ebooks issues - Dec 2024/Q3",
2024/2025,loans,total_ebook_issues,january,Q21_1_10,"Please complete the table to show the number of issues by format in each month. Please split the data into adult, children and young people's books.  If you collect your data quarterly please enter the total in the last month of that quarter (eg Total Q1 in June, Total Q2 in September etc) - Total number of Ebooks issues - Jan 2025",
2024/2025,loans,total_ebook_issues,february,Q21_1_11,"Please complete the table to show the number of issues by format in each month. Please split the data into adult, children and young people's books.  If you collect your data quarterly please enter the total in the last month of that quarter (eg Total Q1 in June, Total Q2 in September etc) - Total number of Ebooks issues - Feb 2025",
2024/2025,loans,total_ebook_issues,march,Q21_1_12,"Please complete the table to show the number of issues by format in each month. Please split the data into adult, children and young people's books.  If you collect your data quarterly please enter the total in the last month of that quarter (eg Total Q1 in June, Total Q2 in September etc) - Total number of Ebooks issues - March 2025/Q4",
2024/2025,loans,total_ebook_issues,Annual,Q21_1_Total,Total E-BOOKS issued - Total 2024/25,
2024/2025,loans,ebooks_adult,april,Q21_2_1,"Please complete the table to show the number of issues by format in each month. Please split the data into adult, children and young people's books.  If you collect your data quarterly please enter the total in the last month of that quarter (eg Total Q1 in June, Total Q2 in September etc) - Of which - Adult (target audience 18+) OR unclassified - April 2024",
2024/2025,loans,ebooks_adult,may,Q21_2_2,"Please complete the table to show the number of issues by format in each month. Please split the data into adult, children and young people's books.  If you collect your data quarterly please enter the total in the last month of that quarter (eg Total Q1 in June, Total Q2 in September etc) - Of which - Adult (target audience 18+) OR unclassified - May 2024",
2024/2025,loans,ebooks_adult,june,Q21_2_3,"Please complete the table to show the number of issues by format in each month. Please split the data into adult, children and young people's books.  If you collect your data quarterly please enter the total in the last month of that quarter (eg Total Q1 in June, Total Q2 in September etc) - Of which - Adult (target audience 18+) OR unclassified - June 2024/Q1",
2024/2025,loans,ebooks_adult,july,Q21_2_4,"Please complete the table to show the number of issues by format in each month. Please split the data into adult, children and young people's books.  If you collect your data quarterly please enter the total in the last month of that quarter (eg Total Q1 in June, Total Q2 in September etc) - Of which - Adult (target audience 18+) OR unclassified - July 2024",
2024/2025,loans,ebooks_adult,august,Q21_2_5,"Please complete the table to show the number of issues by format in each month. Please split the data into adult, children and young people's books.  If you collect your data quarterly please enter the total in the last month of that quarter (eg Total Q1 in June, Total Q2 in September etc) - Of which - Adult (target audience 18+) OR unclassified - August 2024",
2024/2025,loans,ebooks_adult,september,Q21_2_6,"Please complete the table to show the number of issues by format in each month. Please split the data into adult, children and young people's books.  If you collect your data quarterly please enter the total in the last month of that quarter (eg Total Q1 in June, Total Q2 in September etc) - Of which - Adult (target audience 18+) OR unclassified - Sept 2024/Q2",
2024/2025,loans,ebooks_adult,october,Q21_2_7,"Please complete the table to show the number of issues by format in each month. Please split the data into adult, children and young people's books.  If you collect your data quarterly please enter the total in the last month of that quarter (eg Total Q1 in June, Total Q2 in September etc) - Of which - Adult (target audience 18+) OR unclassified - Oct 2024",
2024/2025,loans,ebooks_adult,november,Q21_2_8,"Please complete the table to show the number of issues by format in each month. Please split the data into adult, children and young people's books.  If you collect your data quarterly please enter the total in the last month of that quarter (eg Total Q1 in June, Total Q2 in September etc) - Of which - Adult (target audience 18+) OR unclassified - Nov 2024",
2024/2025,loans,ebooks_adult,december,Q21_2_9,"Please complete the table to show the number of issues by format in each month. Please split the data into adult, children and young people's books.  If you collect your data quarterly please enter the total in the last month of that quarter (eg Total Q1 in June, Total Q2 in September etc) - Of which - Adult (target audience 18+) OR unclassified - Dec 2024/Q3",
2024/2025,loans,ebooks_adult,january,Q21_2_10,"Please complete the table to show the number of issues by format in each month. Please split the data into adult, children and young people's books.  If you collect your data quarterly please enter the total in the last month of that quarter (eg Total Q1 in June, Total Q2 in September etc) - Of which - Adult (target audience 18+) OR unclassified - Jan 2025",
2024/2025,loans,ebooks_adult,february,Q21_2_11,"Please complete the table to show the number of issues by format in each month. Please split the data into adult, children and young people's books.  If you collect your data quarterly please enter the total in the last month of that quarter (eg Total Q1 in June, Total Q2 in September etc) - Of which - Adult (target audience 18+) OR unclassified - Feb 2025",
2024/2025,loans,ebooks_adult,march,Q21_2_12,"Please complete the table to show the number of issues by format in each month. Please split the data into adult, children and young people's books.  If you collect your data quarterly please enter the total in the last month of that quarter (eg Total Q1 in June, Total Q2 in September etc) - Of which - Adult (target audience 18+) OR unclassified - March 2025/Q4",
2024/2025,loans,ebooks_adult,Annual,Q21_2_Total,E-BOOKS - Children (11 and under) - Total 2024/25,"Annual label uses the 2025/26 demographic order; use the verified monthly question group and formula, not this label."
2024/2025,loans,ebooks_11_under,april,Q21_3_1,"Please complete the table to show the number of issues by format in each month. Please split the data into adult, children and young people's books.  If you collect your data quarterly please enter the total in the last month of that quarter (eg Total Q1 in June, Total Q2 in September etc) - Of which - Children (target audience under 12)  - April 2024",
2024/2025,loans,ebooks_11_under,may,Q21_3_2,"Please complete the table to show the number of issues by format in each month. Please split the data into adult, children and young people's books.  If you collect your data quarterly please enter the total in the last month of that quarter (eg Total Q1 in June, Total Q2 in September etc) - Of which - Children (target audience under 12)  - May 2024",
2024/2025,loans,ebooks_11_under,june,Q21_3_3,"Please complete the table to show the number of issues by format in each month. Please split the data into adult, children and young people's books.  If you collect your data quarterly please enter the total in the last month of that quarter (eg Total Q1 in June, Total Q2 in September etc) - Of which - Children (target audience under 12)  - June 2024/Q1",
2024/2025,loans,ebooks_11_under,july,Q21_3_4,"Please complete the table to show the number of issues by format in each month. Please split the data into adult, children and young people's books.  If you collect your data quarterly please enter the total in the last month of that quarter (eg Total Q1 in June, Total Q2 in September etc) - Of which - Children (target audience under 12)  - July 2024",
2024/2025,loans,ebooks_11_under,august,Q21_3_5,"Please complete the table to show the number of issues by format in each month. Please split the data into adult, children and young people's books.  If you collect your data quarterly please enter the total in the last month of that quarter (eg Total Q1 in June, Total Q2 in September etc) - Of which - Children (target audience under 12)  - August 2024",
2024/2025,loans,ebooks_11_under,september,Q21_3_6,"Please complete the table to show the number of issues by format in each month. Please split the data into adult, children and young people's books.  If you collect your data quarterly please enter the total in the last month of that quarter (eg Total Q1 in June, Total Q2 in September etc) - Of which - Children (target audience under 12)  - Sept 2024/Q2",
2024/2025,loans,ebooks_11_under,october,Q21_3_7,"Please complete the table to show the number of issues by format in each month. Please split the data into adult, children and young people's books.  If you collect your data quarterly please enter the total in the last month of that quarter (eg Total Q1 in June, Total Q2 in September etc) - Of which - Children (target audience under 12)  - Oct 2024",
2024/2025,loans,ebooks_11_under,november,Q21_3_8,"Please complete the table to show the number of issues by format in each month. Please split the data into adult, children and young people's books.  If you collect your data quarterly please enter the total in the last month of that quarter (eg Total Q1 in June, Total Q2 in September etc) - Of which - Children (target audience under 12)  - Nov 2024",
2024/2025,loans,ebooks_11_under,december,Q21_3_9,"Please complete the table to show the number of issues by format in each month. Please split the data into adult, children and young people's books.  If you collect your data quarterly please enter the total in the last month of that quarter (eg Total Q1 in June, Total Q2 in September etc) - Of which - Children (target audience under 12)  - Dec 2024/Q3",
2024/2025,loans,ebooks_11_under,january,Q21_3_10,"Please complete the table to show the number of issues by format in each month. Please split the data into adult, children and young people's books.  If you collect your data quarterly please enter the total in the last month of that quarter (eg Total Q1 in June, Total Q2 in September etc) - Of which - Children (target audience under 12)  - Jan 2025",
2024/2025,loans,ebooks_11_under,february,Q21_3_11,"Please complete the table to show the number of issues by format in each month. Please split the data into adult, children and young people's books.  If you collect your data quarterly please enter the total in the last month of that quarter (eg Total Q1 in June, Total Q2 in September etc) - Of which - Children (target audience under 12)  - Feb 2025",
2024/2025,loans,ebooks_11_under,march,Q21_3_12,"Please complete the table to show the number of issues by format in each month. Please split the data into adult, children and young people's books.  If you collect your data quarterly please enter the total in the last month of that quarter (eg Total Q1 in June, Total Q2 in September etc) - Of which - Children (target audience under 12)  - March 2025/Q4",
2024/2025,loans,ebooks_11_under,Annual,Q21_3_Total,E-BOOKS - Young people (12-17) - Total 2024/25,"Annual label uses the 2025/26 demographic order; use the verified monthly question group and formula, not this label."
2024/2025,loans,ebooks_12_17,april,Q21_4_1,"Please complete the table to show the number of issues by format in each month. Please split the data into adult, children and young people's books.  If you collect your data quarterly please enter the total in the last month of that quarter (eg Total Q1 in June, Total Q2 in September etc) - Of which - Young people (target audience under 12-17)  - April 2024",
2024/2025,loans,ebooks_12_17,may,Q21_4_2,"Please complete the table to show the number of issues by format in each month. Please split the data into adult, children and young people's books.  If you collect your data quarterly please enter the total in the last month of that quarter (eg Total Q1 in June, Total Q2 in September etc) - Of which - Young people (target audience under 12-17)  - May 2024",
2024/2025,loans,ebooks_12_17,june,Q21_4_3,"Please complete the table to show the number of issues by format in each month. Please split the data into adult, children and young people's books.  If you collect your data quarterly please enter the total in the last month of that quarter (eg Total Q1 in June, Total Q2 in September etc) - Of which - Young people (target audience under 12-17)  - June 2024/Q1",
2024/2025,loans,ebooks_12_17,july,Q21_4_4,"Please complete the table to show the number of issues by format in each month. Please split the data into adult, children and young people's books.  If you collect your data quarterly please enter the total in the last month of that quarter (eg Total Q1 in June, Total Q2 in September etc) - Of which - Young people (target audience under 12-17)  - July 2024",
2024/2025,loans,ebooks_12_17,august,Q21_4_5,"Please complete the table to show the number of issues by format in each month. Please split the data into adult, children and young people's books.  If you collect your data quarterly please enter the total in the last month of that quarter (eg Total Q1 in June, Total Q2 in September etc) - Of which - Young people (target audience under 12-17)  - August 2024",
2024/2025,loans,ebooks_12_17,september,Q21_4_6,"Please complete the table to show the number of issues by format in each month. Please split the data into adult, children and young people's books.  If you collect your data quarterly please enter the total in the last month of that quarter (eg Total Q1 in June, Total Q2 in September etc) - Of which - Young people (target audience under 12-17)  - Sept 2024/Q2",
2024/2025,loans,ebooks_12_17,october,Q21_4_7,"Please complete the table to show the number of issues by format in each month. Please split the data into adult, children and young people's books.  If you collect your data quarterly please enter the total in the last month of that quarter (eg Total Q1 in June, Total Q2 in September etc) - Of which - Young people (target audience under 12-17)  - Oct 2024",
2024/2025,loans,ebooks_12_17,november,Q21_4_8,"Please complete the table to show the number of issues by format in each month. Please split the data into adult, children and young people's books.  If you collect your data quarterly please enter the total in the last month of that quarter (eg Total Q1 in June, Total Q2 in September etc) - Of which - Young people (target audience under 12-17)  - Nov 2024",
2024/2025,loans,ebooks_12_17,december,Q21_4_9,"Please complete the table to show the number of issues by format in each month. Please split the data into adult, children and young people's books.  If you collect your data quarterly please enter the total in the last month of that quarter (eg Total Q1 in June, Total Q2 in September etc) - Of which - Young people (target audience under 12-17)  - Dec 2024/Q3",
2024/2025,loans,ebooks_12_17,january,Q21_4_10,"Please complete the table to show the number of issues by format in each month. Please split the data into adult, children and young people's books.  If you collect your data quarterly please enter the total in the last month of that quarter (eg Total Q1 in June, Total Q2 in September etc) - Of which - Young people (target audience under 12-17)  - Jan 2025",
2024/2025,loans,ebooks_12_17,february,Q21_4_11,"Please complete the table to show the number of issues by format in each month. Please split the data into adult, children and young people's books.  If you collect your data quarterly please enter the total in the last month of that quarter (eg Total Q1 in June, Total Q2 in September etc) - Of which - Young people (target audience under 12-17)  - Feb 2025",
2024/2025,loans,ebooks_12_17,march,Q21_4_12,"Please complete the table to show the number of issues by format in each month. Please split the data into adult, children and young people's books.  If you collect your data quarterly please enter the total in the last month of that quarter (eg Total Q1 in June, Total Q2 in September etc) - Of which - Young people (target audience under 12-17)  - March 2025/Q4",
2024/2025,loans,ebooks_12_17,Annual,Q21_4_Total,E-BOOKS - Adult (18+) or unclassified - Total 2024/25,"Annual label uses the 2025/26 demographic order; use the verified monthly question group and formula, not this label."
2024/2025,loans,total_digital_audiobook_issues,april,Q21_5_1,"Please complete the table to show the number of issues by format in each month. Please split the data into adult, children and young people's books.  If you collect your data quarterly please enter the total in the last month of that quarter (eg Total Q1 in June, Total Q2 in September etc) - Total number of Digital audio book issues - April 2024",
2024/2025,loans,total_digital_audiobook_issues,may,Q21_5_2,"Please complete the table to show the number of issues by format in each month. Please split the data into adult, children and young people's books.  If you collect your data quarterly please enter the total in the last month of that quarter (eg Total Q1 in June, Total Q2 in September etc) - Total number of Digital audio book issues - May 2024",
2024/2025,loans,total_digital_audiobook_issues,june,Q21_5_3,"Please complete the table to show the number of issues by format in each month. Please split the data into adult, children and young people's books.  If you collect your data quarterly please enter the total in the last month of that quarter (eg Total Q1 in June, Total Q2 in September etc) - Total number of Digital audio book issues - June 2024/Q1",
2024/2025,loans,total_digital_audiobook_issues,july,Q21_5_4,"Please complete the table to show the number of issues by format in each month. Please split the data into adult, children and young people's books.  If you collect your data quarterly please enter the total in the last month of that quarter (eg Total Q1 in June, Total Q2 in September etc) - Total number of Digital audio book issues - July 2024",
2024/2025,loans,total_digital_audiobook_issues,august,Q21_5_5,"Please complete the table to show the number of issues by format in each month. Please split the data into adult, children and young people's books.  If you collect your data quarterly please enter the total in the last month of that quarter (eg Total Q1 in June, Total Q2 in September etc) - Total number of Digital audio book issues - August 2024",
2024/2025,loans,total_digital_audiobook_issues,september,Q21_5_6,"Please complete the table to show the number of issues by format in each month. Please split the data into adult, children and young people's books.  If you collect your data quarterly please enter the total in the last month of that quarter (eg Total Q1 in June, Total Q2 in September etc) - Total number of Digital audio book issues - Sept 2024/Q2",
2024/2025,loans,total_digital_audiobook_issues,october,Q21_5_7,"Please complete the table to show the number of issues by format in each month. Please split the data into adult, children and young people's books.  If you collect your data quarterly please enter the total in the last month of that quarter (eg Total Q1 in June, Total Q2 in September etc) - Total number of Digital audio book issues - Oct 2024",
2024/2025,loans,total_digital_audiobook_issues,november,Q21_5_8,"Please complete the table to show the number of issues by format in each month. Please split the data into adult, children and young people's books.  If you collect your data quarterly please enter the total in the last month of that quarter (eg Total Q1 in June, Total Q2 in September etc) - Total number of Digital audio book issues - Nov 2024",
2024/2025,loans,total_digital_audiobook_issues,december,Q21_5_9,"Please complete the table to show the number of issues by format in each month. Please split the data into adult, children and young people's books.  If you collect your data quarterly please enter the total in the last month of that quarter (eg Total Q1 in June, Total Q2 in September etc) - Total number of Digital audio book issues - Dec 2024/Q3",
2024/2025,loans,total_digital_audiobook_issues,january,Q21_5_10,"Please complete the table to show the number of issues by format in each month. Please split the data into adult, children and young people's books.  If you collect your data quarterly please enter the total in the last month of that quarter (eg Total Q1 in June, Total Q2 in September etc) - Total number of Digital audio book issues - Jan 2025",
2024/2025,loans,total_digital_audiobook_issues,february,Q21_5_11,"Please complete the table to show the number of issues by format in each month. Please split the data into adult, children and young people's books.  If you collect your data quarterly please enter the total in the last month of that quarter (eg Total Q1 in June, Total Q2 in September etc) - Total number of Digital audio book issues - Feb 2025",
2024/2025,loans,total_digital_audiobook_issues,march,Q21_5_12,"Please complete the table to show the number of issues by format in each month. Please split the data into adult, children and young people's books.  If you collect your data quarterly please enter the total in the last month of that quarter (eg Total Q1 in June, Total Q2 in September etc) - Total number of Digital audio book issues - March 2025/Q4",
2024/2025,loans,total_digital_audiobook_issues,Annual,Q21_5_Total,Total DIGITAL AUDIO BOOKS issued - Total 2024/25,
2024/2025,loans,digital_audiobook_issues_adult,april,Q21_6_1,"Please complete the table to show the number of issues by format in each month. Please split the data into adult, children and young people's books.  If you collect your data quarterly please enter the total in the last month of that quarter (eg Total Q1 in June, Total Q2 in September etc) - Of which - Adult (target audience 18+) OR unclassified - April 2024",
2024/2025,loans,digital_audiobook_issues_adult,may,Q21_6_2,"Please complete the table to show the number of issues by format in each month. Please split the data into adult, children and young people's books.  If you collect your data quarterly please enter the total in the last month of that quarter (eg Total Q1 in June, Total Q2 in September etc) - Of which - Adult (target audience 18+) OR unclassified - May 2024",
2024/2025,loans,digital_audiobook_issues_adult,june,Q21_6_3,"Please complete the table to show the number of issues by format in each month. Please split the data into adult, children and young people's books.  If you collect your data quarterly please enter the total in the last month of that quarter (eg Total Q1 in June, Total Q2 in September etc) - Of which - Adult (target audience 18+) OR unclassified - June 2024/Q1",
2024/2025,loans,digital_audiobook_issues_adult,july,Q21_6_4,"Please complete the table to show the number of issues by format in each month. Please split the data into adult, children and young people's books.  If you collect your data quarterly please enter the total in the last month of that quarter (eg Total Q1 in June, Total Q2 in September etc) - Of which - Adult (target audience 18+) OR unclassified - July 2024",
2024/2025,loans,digital_audiobook_issues_adult,august,Q21_6_5,"Please complete the table to show the number of issues by format in each month. Please split the data into adult, children and young people's books.  If you collect your data quarterly please enter the total in the last month of that quarter (eg Total Q1 in June, Total Q2 in September etc) - Of which - Adult (target audience 18+) OR unclassified - August 2024",
2024/2025,loans,digital_audiobook_issues_adult,september,Q21_6_6,"Please complete the table to show the number of issues by format in each month. Please split the data into adult, children and young people's books.  If you collect your data quarterly please enter the total in the last month of that quarter (eg Total Q1 in June, Total Q2 in September etc) - Of which - Adult (target audience 18+) OR unclassified - Sept 2024/Q2",
2024/2025,loans,digital_audiobook_issues_adult,october,Q21_6_7,"Please complete the table to show the number of issues by format in each month. Please split the data into adult, children and young people's books.  If you collect your data quarterly please enter the total in the last month of that quarter (eg Total Q1 in June, Total Q2 in September etc) - Of which - Adult (target audience 18+) OR unclassified - Oct 2024",
2024/2025,loans,digital_audiobook_issues_adult,november,Q21_6_8,"Please complete the table to show the number of issues by format in each month. Please split the data into adult, children and young people's books.  If you collect your data quarterly please enter the total in the last month of that quarter (eg Total Q1 in June, Total Q2 in September etc) - Of which - Adult (target audience 18+) OR unclassified - Nov 2024",
2024/2025,loans,digital_audiobook_issues_adult,december,Q21_6_9,"Please complete the table to show the number of issues by format in each month. Please split the data into adult, children and young people's books.  If you collect your data quarterly please enter the total in the last month of that quarter (eg Total Q1 in June, Total Q2 in September etc) - Of which - Adult (target audience 18+) OR unclassified - Dec 2024/Q3",
2024/2025,loans,digital_audiobook_issues_adult,january,Q21_6_10,"Please complete the table to show the number of issues by format in each month. Please split the data into adult, children and young people's books.  If you collect your data quarterly please enter the total in the last month of that quarter (eg Total Q1 in June, Total Q2 in September etc) - Of which - Adult (target audience 18+) OR unclassified - Jan 2025",
2024/2025,loans,digital_audiobook_issues_adult,february,Q21_6_11,"Please complete the table to show the number of issues by format in each month. Please split the data into adult, children and young people's books.  If you collect your data quarterly please enter the total in the last month of that quarter (eg Total Q1 in June, Total Q2 in September etc) - Of which - Adult (target audience 18+) OR unclassified - Feb 2025",
2024/2025,loans,digital_audiobook_issues_adult,march,Q21_6_12,"Please complete the table to show the number of issues by format in each month. Please split the data into adult, children and young people's books.  If you collect your data quarterly please enter the total in the last month of that quarter (eg Total Q1 in June, Total Q2 in September etc) - Of which - Adult (target audience 18+) OR unclassified - March 2025/Q4",
2024/2025,loans,digital_audiobook_issues_adult,Annual,Q21_6_Total,DIGITAL AUDIO BOOKS - Children (11 and under) - Total 2024/25,"Annual label uses the 2025/26 demographic order; use the verified monthly question group and formula, not this label."
2024/2025,loans,digital_audiobook_issues_11_under,april,Q21_7_1,"Please complete the table to show the number of issues by format in each month. Please split the data into adult, children and young people's books.  If you collect your data quarterly please enter the total in the last month of that quarter (eg Total Q1 in June, Total Q2 in September etc) - Of which - Children (target audience under 12)  - April 2024",
2024/2025,loans,digital_audiobook_issues_11_under,may,Q21_7_2,"Please complete the table to show the number of issues by format in each month. Please split the data into adult, children and young people's books.  If you collect your data quarterly please enter the total in the last month of that quarter (eg Total Q1 in June, Total Q2 in September etc) - Of which - Children (target audience under 12)  - May 2024",
2024/2025,loans,digital_audiobook_issues_11_under,june,Q21_7_3,"Please complete the table to show the number of issues by format in each month. Please split the data into adult, children and young people's books.  If you collect your data quarterly please enter the total in the last month of that quarter (eg Total Q1 in June, Total Q2 in September etc) - Of which - Children (target audience under 12)  - June 2024/Q1",
2024/2025,loans,digital_audiobook_issues_11_under,july,Q21_7_4,"Please complete the table to show the number of issues by format in each month. Please split the data into adult, children and young people's books.  If you collect your data quarterly please enter the total in the last month of that quarter (eg Total Q1 in June, Total Q2 in September etc) - Of which - Children (target audience under 12)  - July 2024",
2024/2025,loans,digital_audiobook_issues_11_under,august,Q21_7_5,"Please complete the table to show the number of issues by format in each month. Please split the data into adult, children and young people's books.  If you collect your data quarterly please enter the total in the last month of that quarter (eg Total Q1 in June, Total Q2 in September etc) - Of which - Children (target audience under 12)  - August 2024",
2024/2025,loans,digital_audiobook_issues_11_under,september,Q21_7_6,"Please complete the table to show the number of issues by format in each month. Please split the data into adult, children and young people's books.  If you collect your data quarterly please enter the total in the last month of that quarter (eg Total Q1 in June, Total Q2 in September etc) - Of which - Children (target audience under 12)  - Sept 2024/Q2",
2024/2025,loans,digital_audiobook_issues_11_under,october,Q21_7_7,"Please complete the table to show the number of issues by format in each month. Please split the data into adult, children and young people's books.  If you collect your data quarterly please enter the total in the last month of that quarter (eg Total Q1 in June, Total Q2 in September etc) - Of which - Children (target audience under 12)  - Oct 2024",
2024/2025,loans,digital_audiobook_issues_11_under,november,Q21_7_8,"Please complete the table to show the number of issues by format in each month. Please split the data into adult, children and young people's books.  If you collect your data quarterly please enter the total in the last month of that quarter (eg Total Q1 in June, Total Q2 in September etc) - Of which - Children (target audience under 12)  - Nov 2024",
2024/2025,loans,digital_audiobook_issues_11_under,december,Q21_7_9,"Please complete the table to show the number of issues by format in each month. Please split the data into adult, children and young people's books.  If you collect your data quarterly please enter the total in the last month of that quarter (eg Total Q1 in June, Total Q2 in September etc) - Of which - Children (target audience under 12)  - Dec 2024/Q3",
2024/2025,loans,digital_audiobook_issues_11_under,january,Q21_7_10,"Please complete the table to show the number of issues by format in each month. Please split the data into adult, children and young people's books.  If you collect your data quarterly please enter the total in the last month of that quarter (eg Total Q1 in June, Total Q2 in September etc) - Of which - Children (target audience under 12)  - Jan 2025",
2024/2025,loans,digital_audiobook_issues_11_under,february,Q21_7_11,"Please complete the table to show the number of issues by format in each month. Please split the data into adult, children and young people's books.  If you collect your data quarterly please enter the total in the last month of that quarter (eg Total Q1 in June, Total Q2 in September etc) - Of which - Children (target audience under 12)  - Feb 2025",
2024/2025,loans,digital_audiobook_issues_11_under,march,Q21_7_12,"Please complete the table to show the number of issues by format in each month. Please split the data into adult, children and young people's books.  If you collect your data quarterly please enter the total in the last month of that quarter (eg Total Q1 in June, Total Q2 in September etc) - Of which - Children (target audience under 12)  - March 2025/Q4",
2024/2025,loans,digital_audiobook_issues_11_under,Annual,Q21_7_Total,DIGITAL AUDIO BOOKS - Young people (12-17) - Total 2024/25,"Annual label uses the 2025/26 demographic order; use the verified monthly question group and formula, not this label."
2024/2025,loans,digital_audiobook_issues_12_17,april,Q21_8_1,"Please complete the table to show the number of issues by format in each month. Please split the data into adult, children and young people's books.  If you collect your data quarterly please enter the total in the last month of that quarter (eg Total Q1 in June, Total Q2 in September etc) - Of which - Young people (target audience under 12-17)  - April 2024",
2024/2025,loans,digital_audiobook_issues_12_17,may,Q21_8_2,"Please complete the table to show the number of issues by format in each month. Please split the data into adult, children and young people's books.  If you collect your data quarterly please enter the total in the last month of that quarter (eg Total Q1 in June, Total Q2 in September etc) - Of which - Young people (target audience under 12-17)  - May 2024",
2024/2025,loans,digital_audiobook_issues_12_17,june,Q21_8_3,"Please complete the table to show the number of issues by format in each month. Please split the data into adult, children and young people's books.  If you collect your data quarterly please enter the total in the last month of that quarter (eg Total Q1 in June, Total Q2 in September etc) - Of which - Young people (target audience under 12-17)  - June 2024/Q1",
2024/2025,loans,digital_audiobook_issues_12_17,july,Q21_8_4,"Please complete the table to show the number of issues by format in each month. Please split the data into adult, children and young people's books.  If you collect your data quarterly please enter the total in the last month of that quarter (eg Total Q1 in June, Total Q2 in September etc) - Of which - Young people (target audience under 12-17)  - July 2024",
2024/2025,loans,digital_audiobook_issues_12_17,august,Q21_8_5,"Please complete the table to show the number of issues by format in each month. Please split the data into adult, children and young people's books.  If you collect your data quarterly please enter the total in the last month of that quarter (eg Total Q1 in June, Total Q2 in September etc) - Of which - Young people (target audience under 12-17)  - August 2024",
2024/2025,loans,digital_audiobook_issues_12_17,september,Q21_8_6,"Please complete the table to show the number of issues by format in each month. Please split the data into adult, children and young people's books.  If you collect your data quarterly please enter the total in the last month of that quarter (eg Total Q1 in June, Total Q2 in September etc) - Of which - Young people (target audience under 12-17)  - Sept 2024/Q2",
2024/2025,loans,digital_audiobook_issues_12_17,october,Q21_8_7,"Please complete the table to show the number of issues by format in each month. Please split the data into adult, children and young people's books.  If you collect your data quarterly please enter the total in the last month of that quarter (eg Total Q1 in June, Total Q2 in September etc) - Of which - Young people (target audience under 12-17)  - Oct 2024",
2024/2025,loans,digital_audiobook_issues_12_17,november,Q21_8_8,"Please complete the table to show the number of issues by format in each month. Please split the data into adult, children and young people's books.  If you collect your data quarterly please enter the total in the last month of that quarter (eg Total Q1 in June, Total Q2 in September etc) - Of which - Young people (target audience under 12-17)  - Nov 2024",
2024/2025,loans,digital_audiobook_issues_12_17,december,Q21_8_9,"Please complete the table to show the number of issues by format in each month. Please split the data into adult, children and young people's books.  If you collect your data quarterly please enter the total in the last month of that quarter (eg Total Q1 in June, Total Q2 in September etc) - Of which - Young people (target audience under 12-17)  - Dec 2024/Q3",
2024/2025,loans,digital_audiobook_issues_12_17,january,Q21_8_10,"Please complete the table to show the number of issues by format in each month. Please split the data into adult, children and young people's books.  If you collect your data quarterly please enter the total in the last month of that quarter (eg Total Q1 in June, Total Q2 in September etc) - Of which - Young people (target audience under 12-17)  - Jan 2025",
2024/2025,loans,digital_audiobook_issues_12_17,february,Q21_8_11,"Please complete the table to show the number of issues by format in each month. Please split the data into adult, children and young people's books.  If you collect your data quarterly please enter the total in the last month of that quarter (eg Total Q1 in June, Total Q2 in September etc) - Of which - Young people (target audience under 12-17)  - Feb 2025",
2024/2025,loans,digital_audiobook_issues_12_17,march,Q21_8_12,"Please complete the table to show the number of issues by format in each month. Please split the data into adult, children and young people's books.  If you collect your data quarterly please enter the total in the last month of that quarter (eg Total Q1 in June, Total Q2 in September etc) - Of which - Young people (target audience under 12-17)  - March 2025/Q4",
2024/2025,loans,digital_audiobook_issues_12_17,Annual,Q21_8_Total,DIGITAL AUDIO BOOKS - Adult (18+) or unclassified - Total 2024/25,"Annual label uses the 2025/26 demographic order; use the verified monthly question group and formula, not this label."
2024/2025,visits,physical_visits,april,Q8_1_1,"Physical visits of people into library premises



Please complete the table to show the number of physical visits to library sites, by month. Please split the data by library-only sites and sites where there is colocation with the library.



By co-location, we mean libraries which are situated in buildings with additional services that are based in the same building. For the purposes of this collection, this can range from a library in a leisure centre to a regular pop-up library within another building.



The Libraries Location Dataset (formerly the Libraries Basic Dataset) lists possible co-location services as: archive, arts centre, care home, catering/cafe, civic building, community building, faith building, health setting, hotel, industrial/business, museum, retail, school/college. This list is not exhaustive and there will be more services with which libraires are co-located.



If you collect your data quarterly please enter the total in the last month of that quarter (eg Total Q1 in June, Total Q2 in September etc) - Physical visitors to library sites where there is no co-location - April 2024",
2024/2025,visits,physical_visits,may,Q8_1_2,"Physical visits of people into library premises



Please complete the table to show the number of physical visits to library sites, by month. Please split the data by library-only sites and sites where there is colocation with the library.



By co-location, we mean libraries which are situated in buildings with additional services that are based in the same building. For the purposes of this collection, this can range from a library in a leisure centre to a regular pop-up library within another building.



The Libraries Location Dataset (formerly the Libraries Basic Dataset) lists possible co-location services as: archive, arts centre, care home, catering/cafe, civic building, community building, faith building, health setting, hotel, industrial/business, museum, retail, school/college. This list is not exhaustive and there will be more services with which libraires are co-located.



If you collect your data quarterly please enter the total in the last month of that quarter (eg Total Q1 in June, Total Q2 in September etc) - Physical visitors to library sites where there is no co-location - May 2024",
2024/2025,visits,physical_visits,june,Q8_1_3,"Physical visits of people into library premises



Please complete the table to show the number of physical visits to library sites, by month. Please split the data by library-only sites and sites where there is colocation with the library.



By co-location, we mean libraries which are situated in buildings with additional services that are based in the same building. For the purposes of this collection, this can range from a library in a leisure centre to a regular pop-up library within another building.



The Libraries Location Dataset (formerly the Libraries Basic Dataset) lists possible co-location services as: archive, arts centre, care home, catering/cafe, civic building, community building, faith building, health setting, hotel, industrial/business, museum, retail, school/college. This list is not exhaustive and there will be more services with which libraires are co-located.



If you collect your data quarterly please enter the total in the last month of that quarter (eg Total Q1 in June, Total Q2 in September etc) - Physical visitors to library sites where there is no co-location - June 2024/Q1",
2024/2025,visits,physical_visits,july,Q8_1_4,"Physical visits of people into library premises



Please complete the table to show the number of physical visits to library sites, by month. Please split the data by library-only sites and sites where there is colocation with the library.



By co-location, we mean libraries which are situated in buildings with additional services that are based in the same building. For the purposes of this collection, this can range from a library in a leisure centre to a regular pop-up library within another building.



The Libraries Location Dataset (formerly the Libraries Basic Dataset) lists possible co-location services as: archive, arts centre, care home, catering/cafe, civic building, community building, faith building, health setting, hotel, industrial/business, museum, retail, school/college. This list is not exhaustive and there will be more services with which libraires are co-located.



If you collect your data quarterly please enter the total in the last month of that quarter (eg Total Q1 in June, Total Q2 in September etc) - Physical visitors to library sites where there is no co-location - July 2024",
2024/2025,visits,physical_visits,august,Q8_1_14,"Physical visits of people into library premises



Please complete the table to show the number of physical visits to library sites, by month. Please split the data by library-only sites and sites where there is colocation with the library.



By co-location, we mean libraries which are situated in buildings with additional services that are based in the same building. For the purposes of this collection, this can range from a library in a leisure centre to a regular pop-up library within another building.



The Libraries Location Dataset (formerly the Libraries Basic Dataset) lists possible co-location services as: archive, arts centre, care home, catering/cafe, civic building, community building, faith building, health setting, hotel, industrial/business, museum, retail, school/college. This list is not exhaustive and there will be more services with which libraires are co-located.



If you collect your data quarterly please enter the total in the last month of that quarter (eg Total Q1 in June, Total Q2 in September etc) - Physical visitors to library sites where there is no co-location - August 2024",
2024/2025,visits,physical_visits,september,Q8_1_15,"Physical visits of people into library premises



Please complete the table to show the number of physical visits to library sites, by month. Please split the data by library-only sites and sites where there is colocation with the library.



By co-location, we mean libraries which are situated in buildings with additional services that are based in the same building. For the purposes of this collection, this can range from a library in a leisure centre to a regular pop-up library within another building.



The Libraries Location Dataset (formerly the Libraries Basic Dataset) lists possible co-location services as: archive, arts centre, care home, catering/cafe, civic building, community building, faith building, health setting, hotel, industrial/business, museum, retail, school/college. This list is not exhaustive and there will be more services with which libraires are co-located.



If you collect your data quarterly please enter the total in the last month of that quarter (eg Total Q1 in June, Total Q2 in September etc) - Physical visitors to library sites where there is no co-location - Sept 2024/Q2",
2024/2025,visits,physical_visits,october,Q8_1_16,"Physical visits of people into library premises



Please complete the table to show the number of physical visits to library sites, by month. Please split the data by library-only sites and sites where there is colocation with the library.



By co-location, we mean libraries which are situated in buildings with additional services that are based in the same building. For the purposes of this collection, this can range from a library in a leisure centre to a regular pop-up library within another building.



The Libraries Location Dataset (formerly the Libraries Basic Dataset) lists possible co-location services as: archive, arts centre, care home, catering/cafe, civic building, community building, faith building, health setting, hotel, industrial/business, museum, retail, school/college. This list is not exhaustive and there will be more services with which libraires are co-located.



If you collect your data quarterly please enter the total in the last month of that quarter (eg Total Q1 in June, Total Q2 in September etc) - Physical visitors to library sites where there is no co-location - Oct 2024",
2024/2025,visits,physical_visits,november,Q8_1_17,"Physical visits of people into library premises



Please complete the table to show the number of physical visits to library sites, by month. Please split the data by library-only sites and sites where there is colocation with the library.



By co-location, we mean libraries which are situated in buildings with additional services that are based in the same building. For the purposes of this collection, this can range from a library in a leisure centre to a regular pop-up library within another building.



The Libraries Location Dataset (formerly the Libraries Basic Dataset) lists possible co-location services as: archive, arts centre, care home, catering/cafe, civic building, community building, faith building, health setting, hotel, industrial/business, museum, retail, school/college. This list is not exhaustive and there will be more services with which libraires are co-located.



If you collect your data quarterly please enter the total in the last month of that quarter (eg Total Q1 in June, Total Q2 in September etc) - Physical visitors to library sites where there is no co-location - Nov 2024",
2024/2025,visits,physical_visits,december,Q8_1_18,"Physical visits of people into library premises



Please complete the table to show the number of physical visits to library sites, by month. Please split the data by library-only sites and sites where there is colocation with the library.



By co-location, we mean libraries which are situated in buildings with additional services that are based in the same building. For the purposes of this collection, this can range from a library in a leisure centre to a regular pop-up library within another building.



The Libraries Location Dataset (formerly the Libraries Basic Dataset) lists possible co-location services as: archive, arts centre, care home, catering/cafe, civic building, community building, faith building, health setting, hotel, industrial/business, museum, retail, school/college. This list is not exhaustive and there will be more services with which libraires are co-located.



If you collect your data quarterly please enter the total in the last month of that quarter (eg Total Q1 in June, Total Q2 in September etc) - Physical visitors to library sites where there is no co-location - Dec 2024/Q3",
2024/2025,visits,physical_visits,january,Q8_1_19,"Physical visits of people into library premises



Please complete the table to show the number of physical visits to library sites, by month. Please split the data by library-only sites and sites where there is colocation with the library.



By co-location, we mean libraries which are situated in buildings with additional services that are based in the same building. For the purposes of this collection, this can range from a library in a leisure centre to a regular pop-up library within another building.



The Libraries Location Dataset (formerly the Libraries Basic Dataset) lists possible co-location services as: archive, arts centre, care home, catering/cafe, civic building, community building, faith building, health setting, hotel, industrial/business, museum, retail, school/college. This list is not exhaustive and there will be more services with which libraires are co-located.



If you collect your data quarterly please enter the total in the last month of that quarter (eg Total Q1 in June, Total Q2 in September etc) - Physical visitors to library sites where there is no co-location - Jan 2025",
2024/2025,visits,physical_visits,february,Q8_1_20,"Physical visits of people into library premises



Please complete the table to show the number of physical visits to library sites, by month. Please split the data by library-only sites and sites where there is colocation with the library.



By co-location, we mean libraries which are situated in buildings with additional services that are based in the same building. For the purposes of this collection, this can range from a library in a leisure centre to a regular pop-up library within another building.



The Libraries Location Dataset (formerly the Libraries Basic Dataset) lists possible co-location services as: archive, arts centre, care home, catering/cafe, civic building, community building, faith building, health setting, hotel, industrial/business, museum, retail, school/college. This list is not exhaustive and there will be more services with which libraires are co-located.



If you collect your data quarterly please enter the total in the last month of that quarter (eg Total Q1 in June, Total Q2 in September etc) - Physical visitors to library sites where there is no co-location - Feb 2025",
2024/2025,visits,physical_visits,march,Q8_1_21,"Physical visits of people into library premises



Please complete the table to show the number of physical visits to library sites, by month. Please split the data by library-only sites and sites where there is colocation with the library.



By co-location, we mean libraries which are situated in buildings with additional services that are based in the same building. For the purposes of this collection, this can range from a library in a leisure centre to a regular pop-up library within another building.



The Libraries Location Dataset (formerly the Libraries Basic Dataset) lists possible co-location services as: archive, arts centre, care home, catering/cafe, civic building, community building, faith building, health setting, hotel, industrial/business, museum, retail, school/college. This list is not exhaustive and there will be more services with which libraires are co-located.



If you collect your data quarterly please enter the total in the last month of that quarter (eg Total Q1 in June, Total Q2 in September etc) - Physical visitors to library sites where there is no co-location - March 2025/Q4",
2024/2025,visits,physical_visits,Annual,Q8_1_Total,Visitors to LIBRARY-ONLY sites - Total 2024/25,
2024/2025,visits,physical_visits_no_colocation,april,Q8_2_1,"Physical visits of people into library premises



Please complete the table to show the number of physical visits to library sites, by month. Please split the data by library-only sites and sites where there is colocation with the library.



By co-location, we mean libraries which are situated in buildings with additional services that are based in the same building. For the purposes of this collection, this can range from a library in a leisure centre to a regular pop-up library within another building.



The Libraries Location Dataset (formerly the Libraries Basic Dataset) lists possible co-location services as: archive, arts centre, care home, catering/cafe, civic building, community building, faith building, health setting, hotel, industrial/business, museum, retail, school/college. This list is not exhaustive and there will be more services with which libraires are co-located.



If you collect your data quarterly please enter the total in the last month of that quarter (eg Total Q1 in June, Total Q2 in September etc) - Physical visitors to sites where there is co-location - April 2024",
2024/2025,visits,physical_visits_no_colocation,may,Q8_2_2,"Physical visits of people into library premises



Please complete the table to show the number of physical visits to library sites, by month. Please split the data by library-only sites and sites where there is colocation with the library.



By co-location, we mean libraries which are situated in buildings with additional services that are based in the same building. For the purposes of this collection, this can range from a library in a leisure centre to a regular pop-up library within another building.



The Libraries Location Dataset (formerly the Libraries Basic Dataset) lists possible co-location services as: archive, arts centre, care home, catering/cafe, civic building, community building, faith building, health setting, hotel, industrial/business, museum, retail, school/college. This list is not exhaustive and there will be more services with which libraires are co-located.



If you collect your data quarterly please enter the total in the last month of that quarter (eg Total Q1 in June, Total Q2 in September etc) - Physical visitors to sites where there is co-location - May 2024",
2024/2025,visits,physical_visits_no_colocation,june,Q8_2_3,"Physical visits of people into library premises



Please complete the table to show the number of physical visits to library sites, by month. Please split the data by library-only sites and sites where there is colocation with the library.



By co-location, we mean libraries which are situated in buildings with additional services that are based in the same building. For the purposes of this collection, this can range from a library in a leisure centre to a regular pop-up library within another building.



The Libraries Location Dataset (formerly the Libraries Basic Dataset) lists possible co-location services as: archive, arts centre, care home, catering/cafe, civic building, community building, faith building, health setting, hotel, industrial/business, museum, retail, school/college. This list is not exhaustive and there will be more services with which libraires are co-located.



If you collect your data quarterly please enter the total in the last month of that quarter (eg Total Q1 in June, Total Q2 in September etc) - Physical visitors to sites where there is co-location - June 2024/Q1",
2024/2025,visits,physical_visits_no_colocation,july,Q8_2_4,"Physical visits of people into library premises



Please complete the table to show the number of physical visits to library sites, by month. Please split the data by library-only sites and sites where there is colocation with the library.



By co-location, we mean libraries which are situated in buildings with additional services that are based in the same building. For the purposes of this collection, this can range from a library in a leisure centre to a regular pop-up library within another building.



The Libraries Location Dataset (formerly the Libraries Basic Dataset) lists possible co-location services as: archive, arts centre, care home, catering/cafe, civic building, community building, faith building, health setting, hotel, industrial/business, museum, retail, school/college. This list is not exhaustive and there will be more services with which libraires are co-located.



If you collect your data quarterly please enter the total in the last month of that quarter (eg Total Q1 in June, Total Q2 in September etc) - Physical visitors to sites where there is co-location - July 2024",
2024/2025,visits,physical_visits_no_colocation,august,Q8_2_14,"Physical visits of people into library premises



Please complete the table to show the number of physical visits to library sites, by month. Please split the data by library-only sites and sites where there is colocation with the library.



By co-location, we mean libraries which are situated in buildings with additional services that are based in the same building. For the purposes of this collection, this can range from a library in a leisure centre to a regular pop-up library within another building.



The Libraries Location Dataset (formerly the Libraries Basic Dataset) lists possible co-location services as: archive, arts centre, care home, catering/cafe, civic building, community building, faith building, health setting, hotel, industrial/business, museum, retail, school/college. This list is not exhaustive and there will be more services with which libraires are co-located.



If you collect your data quarterly please enter the total in the last month of that quarter (eg Total Q1 in June, Total Q2 in September etc) - Physical visitors to sites where there is co-location - August 2024",
2024/2025,visits,physical_visits_no_colocation,september,Q8_2_15,"Physical visits of people into library premises



Please complete the table to show the number of physical visits to library sites, by month. Please split the data by library-only sites and sites where there is colocation with the library.



By co-location, we mean libraries which are situated in buildings with additional services that are based in the same building. For the purposes of this collection, this can range from a library in a leisure centre to a regular pop-up library within another building.



The Libraries Location Dataset (formerly the Libraries Basic Dataset) lists possible co-location services as: archive, arts centre, care home, catering/cafe, civic building, community building, faith building, health setting, hotel, industrial/business, museum, retail, school/college. This list is not exhaustive and there will be more services with which libraires are co-located.



If you collect your data quarterly please enter the total in the last month of that quarter (eg Total Q1 in June, Total Q2 in September etc) - Physical visitors to sites where there is co-location - Sept 2024/Q2",
2024/2025,visits,physical_visits_no_colocation,october,Q8_2_16,"Physical visits of people into library premises



Please complete the table to show the number of physical visits to library sites, by month. Please split the data by library-only sites and sites where there is colocation with the library.



By co-location, we mean libraries which are situated in buildings with additional services that are based in the same building. For the purposes of this collection, this can range from a library in a leisure centre to a regular pop-up library within another building.



The Libraries Location Dataset (formerly the Libraries Basic Dataset) lists possible co-location services as: archive, arts centre, care home, catering/cafe, civic building, community building, faith building, health setting, hotel, industrial/business, museum, retail, school/college. This list is not exhaustive and there will be more services with which libraires are co-located.



If you collect your data quarterly please enter the total in the last month of that quarter (eg Total Q1 in June, Total Q2 in September etc) - Physical visitors to sites where there is co-location - Oct 2024",
2024/2025,visits,physical_visits_no_colocation,november,Q8_2_17,"Physical visits of people into library premises



Please complete the table to show the number of physical visits to library sites, by month. Please split the data by library-only sites and sites where there is colocation with the library.



By co-location, we mean libraries which are situated in buildings with additional services that are based in the same building. For the purposes of this collection, this can range from a library in a leisure centre to a regular pop-up library within another building.



The Libraries Location Dataset (formerly the Libraries Basic Dataset) lists possible co-location services as: archive, arts centre, care home, catering/cafe, civic building, community building, faith building, health setting, hotel, industrial/business, museum, retail, school/college. This list is not exhaustive and there will be more services with which libraires are co-located.



If you collect your data quarterly please enter the total in the last month of that quarter (eg Total Q1 in June, Total Q2 in September etc) - Physical visitors to sites where there is co-location - Nov 2024",
2024/2025,visits,physical_visits_no_colocation,december,Q8_2_18,"Physical visits of people into library premises



Please complete the table to show the number of physical visits to library sites, by month. Please split the data by library-only sites and sites where there is colocation with the library.



By co-location, we mean libraries which are situated in buildings with additional services that are based in the same building. For the purposes of this collection, this can range from a library in a leisure centre to a regular pop-up library within another building.



The Libraries Location Dataset (formerly the Libraries Basic Dataset) lists possible co-location services as: archive, arts centre, care home, catering/cafe, civic building, community building, faith building, health setting, hotel, industrial/business, museum, retail, school/college. This list is not exhaustive and there will be more services with which libraires are co-located.



If you collect your data quarterly please enter the total in the last month of that quarter (eg Total Q1 in June, Total Q2 in September etc) - Physical visitors to sites where there is co-location - Dec 2024/Q3",
2024/2025,visits,physical_visits_no_colocation,january,Q8_2_19,"Physical visits of people into library premises



Please complete the table to show the number of physical visits to library sites, by month. Please split the data by library-only sites and sites where there is colocation with the library.



By co-location, we mean libraries which are situated in buildings with additional services that are based in the same building. For the purposes of this collection, this can range from a library in a leisure centre to a regular pop-up library within another building.



The Libraries Location Dataset (formerly the Libraries Basic Dataset) lists possible co-location services as: archive, arts centre, care home, catering/cafe, civic building, community building, faith building, health setting, hotel, industrial/business, museum, retail, school/college. This list is not exhaustive and there will be more services with which libraires are co-located.



If you collect your data quarterly please enter the total in the last month of that quarter (eg Total Q1 in June, Total Q2 in September etc) - Physical visitors to sites where there is co-location - Jan 2025",
2024/2025,visits,physical_visits_no_colocation,february,Q8_2_20,"Physical visits of people into library premises



Please complete the table to show the number of physical visits to library sites, by month. Please split the data by library-only sites and sites where there is colocation with the library.



By co-location, we mean libraries which are situated in buildings with additional services that are based in the same building. For the purposes of this collection, this can range from a library in a leisure centre to a regular pop-up library within another building.



The Libraries Location Dataset (formerly the Libraries Basic Dataset) lists possible co-location services as: archive, arts centre, care home, catering/cafe, civic building, community building, faith building, health setting, hotel, industrial/business, museum, retail, school/college. This list is not exhaustive and there will be more services with which libraires are co-located.



If you collect your data quarterly please enter the total in the last month of that quarter (eg Total Q1 in June, Total Q2 in September etc) - Physical visitors to sites where there is co-location - Feb 2025",
2024/2025,visits,physical_visits_no_colocation,march,Q8_2_21,"Physical visits of people into library premises



Please complete the table to show the number of physical visits to library sites, by month. Please split the data by library-only sites and sites where there is colocation with the library.



By co-location, we mean libraries which are situated in buildings with additional services that are based in the same building. For the purposes of this collection, this can range from a library in a leisure centre to a regular pop-up library within another building.



The Libraries Location Dataset (formerly the Libraries Basic Dataset) lists possible co-location services as: archive, arts centre, care home, catering/cafe, civic building, community building, faith building, health setting, hotel, industrial/business, museum, retail, school/college. This list is not exhaustive and there will be more services with which libraires are co-located.



If you collect your data quarterly please enter the total in the last month of that quarter (eg Total Q1 in June, Total Q2 in September etc) - Physical visitors to sites where there is co-location - March 2025/Q4",
2024/2025,visits,physical_visits_no_colocation,Annual,Q8_2_Total,Visitors to CO-LOCATION sites - Total 2024/25,
2024/2025,click_and_collect,click_and_collect,april,Q9_1_1,"Additional lending methods



Please complete the table to show the number of times each additional lending method was accessed each month.



By 'additional' we mean lending methods in addition to in-library or online lending.



Please note - this may be more than one interaction per person, and each interaction could be many books.



This data should relate to the number of interactions, rather than the number of book issues. Each time the additional lending method is accessed by an individual should be counted as one interaction. Please note - this may be more than one interaction per person across 2023/24, and each interaction could be many books,



If you collect your data quarterly please enter the total in the last month of that quarter (eg Total Q1 in June, Total Q2 in September etc) - Click and collect - April 2024",
2024/2025,click_and_collect,click_and_collect,may,Q9_1_2,"Additional lending methods



Please complete the table to show the number of times each additional lending method was accessed each month.



By 'additional' we mean lending methods in addition to in-library or online lending.



Please note - this may be more than one interaction per person, and each interaction could be many books.



This data should relate to the number of interactions, rather than the number of book issues. Each time the additional lending method is accessed by an individual should be counted as one interaction. Please note - this may be more than one interaction per person across 2023/24, and each interaction could be many books,



If you collect your data quarterly please enter the total in the last month of that quarter (eg Total Q1 in June, Total Q2 in September etc) - Click and collect - May 2024",
2024/2025,click_and_collect,click_and_collect,june,Q9_1_3,"Additional lending methods



Please complete the table to show the number of times each additional lending method was accessed each month.



By 'additional' we mean lending methods in addition to in-library or online lending.



Please note - this may be more than one interaction per person, and each interaction could be many books.



This data should relate to the number of interactions, rather than the number of book issues. Each time the additional lending method is accessed by an individual should be counted as one interaction. Please note - this may be more than one interaction per person across 2023/24, and each interaction could be many books,



If you collect your data quarterly please enter the total in the last month of that quarter (eg Total Q1 in June, Total Q2 in September etc) - Click and collect - June 2024/Q1",
2024/2025,click_and_collect,click_and_collect,july,Q9_1_4,"Additional lending methods



Please complete the table to show the number of times each additional lending method was accessed each month.



By 'additional' we mean lending methods in addition to in-library or online lending.



Please note - this may be more than one interaction per person, and each interaction could be many books.



This data should relate to the number of interactions, rather than the number of book issues. Each time the additional lending method is accessed by an individual should be counted as one interaction. Please note - this may be more than one interaction per person across 2023/24, and each interaction could be many books,



If you collect your data quarterly please enter the total in the last month of that quarter (eg Total Q1 in June, Total Q2 in September etc) - Click and collect - July 2024",
2024/2025,click_and_collect,click_and_collect,august,Q9_1_13,"Additional lending methods



Please complete the table to show the number of times each additional lending method was accessed each month.



By 'additional' we mean lending methods in addition to in-library or online lending.



Please note - this may be more than one interaction per person, and each interaction could be many books.



This data should relate to the number of interactions, rather than the number of book issues. Each time the additional lending method is accessed by an individual should be counted as one interaction. Please note - this may be more than one interaction per person across 2023/24, and each interaction could be many books,



If you collect your data quarterly please enter the total in the last month of that quarter (eg Total Q1 in June, Total Q2 in September etc) - Click and collect - August 2024",
2024/2025,click_and_collect,click_and_collect,september,Q9_1_14,"Additional lending methods



Please complete the table to show the number of times each additional lending method was accessed each month.



By 'additional' we mean lending methods in addition to in-library or online lending.



Please note - this may be more than one interaction per person, and each interaction could be many books.



This data should relate to the number of interactions, rather than the number of book issues. Each time the additional lending method is accessed by an individual should be counted as one interaction. Please note - this may be more than one interaction per person across 2023/24, and each interaction could be many books,



If you collect your data quarterly please enter the total in the last month of that quarter (eg Total Q1 in June, Total Q2 in September etc) - Click and collect - Sept 2024/Q2",
2024/2025,click_and_collect,click_and_collect,october,Q9_1_15,"Additional lending methods



Please complete the table to show the number of times each additional lending method was accessed each month.



By 'additional' we mean lending methods in addition to in-library or online lending.



Please note - this may be more than one interaction per person, and each interaction could be many books.



This data should relate to the number of interactions, rather than the number of book issues. Each time the additional lending method is accessed by an individual should be counted as one interaction. Please note - this may be more than one interaction per person across 2023/24, and each interaction could be many books,



If you collect your data quarterly please enter the total in the last month of that quarter (eg Total Q1 in June, Total Q2 in September etc) - Click and collect - Oct 2024",
2024/2025,click_and_collect,click_and_collect,november,Q9_1_16,"Additional lending methods



Please complete the table to show the number of times each additional lending method was accessed each month.



By 'additional' we mean lending methods in addition to in-library or online lending.



Please note - this may be more than one interaction per person, and each interaction could be many books.



This data should relate to the number of interactions, rather than the number of book issues. Each time the additional lending method is accessed by an individual should be counted as one interaction. Please note - this may be more than one interaction per person across 2023/24, and each interaction could be many books,



If you collect your data quarterly please enter the total in the last month of that quarter (eg Total Q1 in June, Total Q2 in September etc) - Click and collect - Nov 2024",
2024/2025,click_and_collect,click_and_collect,december,Q9_1_17,"Additional lending methods



Please complete the table to show the number of times each additional lending method was accessed each month.



By 'additional' we mean lending methods in addition to in-library or online lending.



Please note - this may be more than one interaction per person, and each interaction could be many books.



This data should relate to the number of interactions, rather than the number of book issues. Each time the additional lending method is accessed by an individual should be counted as one interaction. Please note - this may be more than one interaction per person across 2023/24, and each interaction could be many books,



If you collect your data quarterly please enter the total in the last month of that quarter (eg Total Q1 in June, Total Q2 in September etc) - Click and collect - Dec 2024/Q3",
2024/2025,click_and_collect,click_and_collect,january,Q9_1_18,"Additional lending methods



Please complete the table to show the number of times each additional lending method was accessed each month.



By 'additional' we mean lending methods in addition to in-library or online lending.



Please note - this may be more than one interaction per person, and each interaction could be many books.



This data should relate to the number of interactions, rather than the number of book issues. Each time the additional lending method is accessed by an individual should be counted as one interaction. Please note - this may be more than one interaction per person across 2023/24, and each interaction could be many books,



If you collect your data quarterly please enter the total in the last month of that quarter (eg Total Q1 in June, Total Q2 in September etc) - Click and collect - Jan 2025",
2024/2025,click_and_collect,click_and_collect,february,Q9_1_19,"Additional lending methods



Please complete the table to show the number of times each additional lending method was accessed each month.



By 'additional' we mean lending methods in addition to in-library or online lending.



Please note - this may be more than one interaction per person, and each interaction could be many books.



This data should relate to the number of interactions, rather than the number of book issues. Each time the additional lending method is accessed by an individual should be counted as one interaction. Please note - this may be more than one interaction per person across 2023/24, and each interaction could be many books,



If you collect your data quarterly please enter the total in the last month of that quarter (eg Total Q1 in June, Total Q2 in September etc) - Click and collect - Feb 2025",
2024/2025,click_and_collect,click_and_collect,march,Q9_1_20,"Additional lending methods



Please complete the table to show the number of times each additional lending method was accessed each month.



By 'additional' we mean lending methods in addition to in-library or online lending.



Please note - this may be more than one interaction per person, and each interaction could be many books.



This data should relate to the number of interactions, rather than the number of book issues. Each time the additional lending method is accessed by an individual should be counted as one interaction. Please note - this may be more than one interaction per person across 2023/24, and each interaction could be many books,



If you collect your data quarterly please enter the total in the last month of that quarter (eg Total Q1 in June, Total Q2 in September etc) - Click and collect - March 2025/Q4",
2024/2025,click_and_collect,click_and_collect,Annual,Q9_1_Total,Click and collect - Total 2024/25,
2024/2025,visits,mobile_libraries,april,Q9_2_1,"Additional lending methods



Please complete the table to show the number of times each additional lending method was accessed each month.



By 'additional' we mean lending methods in addition to in-library or online lending.



Please note - this may be more than one interaction per person, and each interaction could be many books.



This data should relate to the number of interactions, rather than the number of book issues. Each time the additional lending method is accessed by an individual should be counted as one interaction. Please note - this may be more than one interaction per person across 2023/24, and each interaction could be many books,



If you collect your data quarterly please enter the total in the last month of that quarter (eg Total Q1 in June, Total Q2 in September etc) - Mobile libraries - April 2024",
2024/2025,visits,mobile_libraries,may,Q9_2_2,"Additional lending methods



Please complete the table to show the number of times each additional lending method was accessed each month.



By 'additional' we mean lending methods in addition to in-library or online lending.



Please note - this may be more than one interaction per person, and each interaction could be many books.



This data should relate to the number of interactions, rather than the number of book issues. Each time the additional lending method is accessed by an individual should be counted as one interaction. Please note - this may be more than one interaction per person across 2023/24, and each interaction could be many books,



If you collect your data quarterly please enter the total in the last month of that quarter (eg Total Q1 in June, Total Q2 in September etc) - Mobile libraries - May 2024",
2024/2025,visits,mobile_libraries,june,Q9_2_3,"Additional lending methods



Please complete the table to show the number of times each additional lending method was accessed each month.



By 'additional' we mean lending methods in addition to in-library or online lending.



Please note - this may be more than one interaction per person, and each interaction could be many books.



This data should relate to the number of interactions, rather than the number of book issues. Each time the additional lending method is accessed by an individual should be counted as one interaction. Please note - this may be more than one interaction per person across 2023/24, and each interaction could be many books,



If you collect your data quarterly please enter the total in the last month of that quarter (eg Total Q1 in June, Total Q2 in September etc) - Mobile libraries - June 2024/Q1",
2024/2025,visits,mobile_libraries,july,Q9_2_4,"Additional lending methods



Please complete the table to show the number of times each additional lending method was accessed each month.



By 'additional' we mean lending methods in addition to in-library or online lending.



Please note - this may be more than one interaction per person, and each interaction could be many books.



This data should relate to the number of interactions, rather than the number of book issues. Each time the additional lending method is accessed by an individual should be counted as one interaction. Please note - this may be more than one interaction per person across 2023/24, and each interaction could be many books,



If you collect your data quarterly please enter the total in the last month of that quarter (eg Total Q1 in June, Total Q2 in September etc) - Mobile libraries - July 2024",
2024/2025,visits,mobile_libraries,august,Q9_2_13,"Additional lending methods



Please complete the table to show the number of times each additional lending method was accessed each month.



By 'additional' we mean lending methods in addition to in-library or online lending.



Please note - this may be more than one interaction per person, and each interaction could be many books.



This data should relate to the number of interactions, rather than the number of book issues. Each time the additional lending method is accessed by an individual should be counted as one interaction. Please note - this may be more than one interaction per person across 2023/24, and each interaction could be many books,



If you collect your data quarterly please enter the total in the last month of that quarter (eg Total Q1 in June, Total Q2 in September etc) - Mobile libraries - August 2024",
2024/2025,visits,mobile_libraries,september,Q9_2_14,"Additional lending methods



Please complete the table to show the number of times each additional lending method was accessed each month.



By 'additional' we mean lending methods in addition to in-library or online lending.



Please note - this may be more than one interaction per person, and each interaction could be many books.



This data should relate to the number of interactions, rather than the number of book issues. Each time the additional lending method is accessed by an individual should be counted as one interaction. Please note - this may be more than one interaction per person across 2023/24, and each interaction could be many books,



If you collect your data quarterly please enter the total in the last month of that quarter (eg Total Q1 in June, Total Q2 in September etc) - Mobile libraries - Sept 2024/Q2",
2024/2025,visits,mobile_libraries,october,Q9_2_15,"Additional lending methods



Please complete the table to show the number of times each additional lending method was accessed each month.



By 'additional' we mean lending methods in addition to in-library or online lending.



Please note - this may be more than one interaction per person, and each interaction could be many books.



This data should relate to the number of interactions, rather than the number of book issues. Each time the additional lending method is accessed by an individual should be counted as one interaction. Please note - this may be more than one interaction per person across 2023/24, and each interaction could be many books,



If you collect your data quarterly please enter the total in the last month of that quarter (eg Total Q1 in June, Total Q2 in September etc) - Mobile libraries - Oct 2024",
2024/2025,visits,mobile_libraries,november,Q9_2_16,"Additional lending methods



Please complete the table to show the number of times each additional lending method was accessed each month.



By 'additional' we mean lending methods in addition to in-library or online lending.



Please note - this may be more than one interaction per person, and each interaction could be many books.



This data should relate to the number of interactions, rather than the number of book issues. Each time the additional lending method is accessed by an individual should be counted as one interaction. Please note - this may be more than one interaction per person across 2023/24, and each interaction could be many books,



If you collect your data quarterly please enter the total in the last month of that quarter (eg Total Q1 in June, Total Q2 in September etc) - Mobile libraries - Nov 2024",
2024/2025,visits,mobile_libraries,december,Q9_2_17,"Additional lending methods



Please complete the table to show the number of times each additional lending method was accessed each month.



By 'additional' we mean lending methods in addition to in-library or online lending.



Please note - this may be more than one interaction per person, and each interaction could be many books.



This data should relate to the number of interactions, rather than the number of book issues. Each time the additional lending method is accessed by an individual should be counted as one interaction. Please note - this may be more than one interaction per person across 2023/24, and each interaction could be many books,



If you collect your data quarterly please enter the total in the last month of that quarter (eg Total Q1 in June, Total Q2 in September etc) - Mobile libraries - Dec 2024/Q3",
2024/2025,visits,mobile_libraries,january,Q9_2_18,"Additional lending methods



Please complete the table to show the number of times each additional lending method was accessed each month.



By 'additional' we mean lending methods in addition to in-library or online lending.



Please note - this may be more than one interaction per person, and each interaction could be many books.



This data should relate to the number of interactions, rather than the number of book issues. Each time the additional lending method is accessed by an individual should be counted as one interaction. Please note - this may be more than one interaction per person across 2023/24, and each interaction could be many books,



If you collect your data quarterly please enter the total in the last month of that quarter (eg Total Q1 in June, Total Q2 in September etc) - Mobile libraries - Jan 2025",
2024/2025,visits,mobile_libraries,february,Q9_2_19,"Additional lending methods



Please complete the table to show the number of times each additional lending method was accessed each month.



By 'additional' we mean lending methods in addition to in-library or online lending.



Please note - this may be more than one interaction per person, and each interaction could be many books.



This data should relate to the number of interactions, rather than the number of book issues. Each time the additional lending method is accessed by an individual should be counted as one interaction. Please note - this may be more than one interaction per person across 2023/24, and each interaction could be many books,



If you collect your data quarterly please enter the total in the last month of that quarter (eg Total Q1 in June, Total Q2 in September etc) - Mobile libraries - Feb 2025",
2024/2025,visits,mobile_libraries,march,Q9_2_20,"Additional lending methods



Please complete the table to show the number of times each additional lending method was accessed each month.



By 'additional' we mean lending methods in addition to in-library or online lending.



Please note - this may be more than one interaction per person, and each interaction could be many books.



This data should relate to the number of interactions, rather than the number of book issues. Each time the additional lending method is accessed by an individual should be counted as one interaction. Please note - this may be more than one interaction per person across 2023/24, and each interaction could be many books,



If you collect your data quarterly please enter the total in the last month of that quarter (eg Total Q1 in June, Total Q2 in September etc) - Mobile libraries - March 2025/Q4",
2024/2025,visits,mobile_libraries,Annual,Q9_2_Total,Mobile libraries - Total 2024/25,
2024/2025,visits,home_delivery,april,Q9_3_1,"Additional lending methods



Please complete the table to show the number of times each additional lending method was accessed each month.



By 'additional' we mean lending methods in addition to in-library or online lending.



Please note - this may be more than one interaction per person, and each interaction could be many books.



This data should relate to the number of interactions, rather than the number of book issues. Each time the additional lending method is accessed by an individual should be counted as one interaction. Please note - this may be more than one interaction per person across 2023/24, and each interaction could be many books,



If you collect your data quarterly please enter the total in the last month of that quarter (eg Total Q1 in June, Total Q2 in September etc) - Home delivery - April 2024",
2024/2025,visits,home_delivery,may,Q9_3_2,"Additional lending methods



Please complete the table to show the number of times each additional lending method was accessed each month.



By 'additional' we mean lending methods in addition to in-library or online lending.



Please note - this may be more than one interaction per person, and each interaction could be many books.



This data should relate to the number of interactions, rather than the number of book issues. Each time the additional lending method is accessed by an individual should be counted as one interaction. Please note - this may be more than one interaction per person across 2023/24, and each interaction could be many books,



If you collect your data quarterly please enter the total in the last month of that quarter (eg Total Q1 in June, Total Q2 in September etc) - Home delivery - May 2024",
2024/2025,visits,home_delivery,june,Q9_3_3,"Additional lending methods



Please complete the table to show the number of times each additional lending method was accessed each month.



By 'additional' we mean lending methods in addition to in-library or online lending.



Please note - this may be more than one interaction per person, and each interaction could be many books.



This data should relate to the number of interactions, rather than the number of book issues. Each time the additional lending method is accessed by an individual should be counted as one interaction. Please note - this may be more than one interaction per person across 2023/24, and each interaction could be many books,



If you collect your data quarterly please enter the total in the last month of that quarter (eg Total Q1 in June, Total Q2 in September etc) - Home delivery - June 2024/Q1",
2024/2025,visits,home_delivery,july,Q9_3_4,"Additional lending methods



Please complete the table to show the number of times each additional lending method was accessed each month.



By 'additional' we mean lending methods in addition to in-library or online lending.



Please note - this may be more than one interaction per person, and each interaction could be many books.



This data should relate to the number of interactions, rather than the number of book issues. Each time the additional lending method is accessed by an individual should be counted as one interaction. Please note - this may be more than one interaction per person across 2023/24, and each interaction could be many books,



If you collect your data quarterly please enter the total in the last month of that quarter (eg Total Q1 in June, Total Q2 in September etc) - Home delivery - July 2024",
2024/2025,visits,home_delivery,august,Q9_3_13,"Additional lending methods



Please complete the table to show the number of times each additional lending method was accessed each month.



By 'additional' we mean lending methods in addition to in-library or online lending.



Please note - this may be more than one interaction per person, and each interaction could be many books.



This data should relate to the number of interactions, rather than the number of book issues. Each time the additional lending method is accessed by an individual should be counted as one interaction. Please note - this may be more than one interaction per person across 2023/24, and each interaction could be many books,



If you collect your data quarterly please enter the total in the last month of that quarter (eg Total Q1 in June, Total Q2 in September etc) - Home delivery - August 2024",
2024/2025,visits,home_delivery,september,Q9_3_14,"Additional lending methods



Please complete the table to show the number of times each additional lending method was accessed each month.



By 'additional' we mean lending methods in addition to in-library or online lending.



Please note - this may be more than one interaction per person, and each interaction could be many books.



This data should relate to the number of interactions, rather than the number of book issues. Each time the additional lending method is accessed by an individual should be counted as one interaction. Please note - this may be more than one interaction per person across 2023/24, and each interaction could be many books,



If you collect your data quarterly please enter the total in the last month of that quarter (eg Total Q1 in June, Total Q2 in September etc) - Home delivery - Sept 2024/Q2",
2024/2025,visits,home_delivery,october,Q9_3_15,"Additional lending methods



Please complete the table to show the number of times each additional lending method was accessed each month.



By 'additional' we mean lending methods in addition to in-library or online lending.



Please note - this may be more than one interaction per person, and each interaction could be many books.



This data should relate to the number of interactions, rather than the number of book issues. Each time the additional lending method is accessed by an individual should be counted as one interaction. Please note - this may be more than one interaction per person across 2023/24, and each interaction could be many books,



If you collect your data quarterly please enter the total in the last month of that quarter (eg Total Q1 in June, Total Q2 in September etc) - Home delivery - Oct 2024",
2024/2025,visits,home_delivery,november,Q9_3_16,"Additional lending methods



Please complete the table to show the number of times each additional lending method was accessed each month.



By 'additional' we mean lending methods in addition to in-library or online lending.



Please note - this may be more than one interaction per person, and each interaction could be many books.



This data should relate to the number of interactions, rather than the number of book issues. Each time the additional lending method is accessed by an individual should be counted as one interaction. Please note - this may be more than one interaction per person across 2023/24, and each interaction could be many books,



If you collect your data quarterly please enter the total in the last month of that quarter (eg Total Q1 in June, Total Q2 in September etc) - Home delivery - Nov 2024",
2024/2025,visits,home_delivery,december,Q9_3_17,"Additional lending methods



Please complete the table to show the number of times each additional lending method was accessed each month.



By 'additional' we mean lending methods in addition to in-library or online lending.



Please note - this may be more than one interaction per person, and each interaction could be many books.



This data should relate to the number of interactions, rather than the number of book issues. Each time the additional lending method is accessed by an individual should be counted as one interaction. Please note - this may be more than one interaction per person across 2023/24, and each interaction could be many books,



If you collect your data quarterly please enter the total in the last month of that quarter (eg Total Q1 in June, Total Q2 in September etc) - Home delivery - Dec 2024/Q3",
2024/2025,visits,home_delivery,january,Q9_3_18,"Additional lending methods



Please complete the table to show the number of times each additional lending method was accessed each month.



By 'additional' we mean lending methods in addition to in-library or online lending.



Please note - this may be more than one interaction per person, and each interaction could be many books.



This data should relate to the number of interactions, rather than the number of book issues. Each time the additional lending method is accessed by an individual should be counted as one interaction. Please note - this may be more than one interaction per person across 2023/24, and each interaction could be many books,



If you collect your data quarterly please enter the total in the last month of that quarter (eg Total Q1 in June, Total Q2 in September etc) - Home delivery - Jan 2025",
2024/2025,visits,home_delivery,february,Q9_3_19,"Additional lending methods



Please complete the table to show the number of times each additional lending method was accessed each month.



By 'additional' we mean lending methods in addition to in-library or online lending.



Please note - this may be more than one interaction per person, and each interaction could be many books.



This data should relate to the number of interactions, rather than the number of book issues. Each time the additional lending method is accessed by an individual should be counted as one interaction. Please note - this may be more than one interaction per person across 2023/24, and each interaction could be many books,



If you collect your data quarterly please enter the total in the last month of that quarter (eg Total Q1 in June, Total Q2 in September etc) - Home delivery - Feb 2025",
2024/2025,visits,home_delivery,march,Q9_3_20,"Additional lending methods



Please complete the table to show the number of times each additional lending method was accessed each month.



By 'additional' we mean lending methods in addition to in-library or online lending.



Please note - this may be more than one interaction per person, and each interaction could be many books.



This data should relate to the number of interactions, rather than the number of book issues. Each time the additional lending method is accessed by an individual should be counted as one interaction. Please note - this may be more than one interaction per person across 2023/24, and each interaction could be many books,



If you collect your data quarterly please enter the total in the last month of that quarter (eg Total Q1 in June, Total Q2 in September etc) - Home delivery - March 2025/Q4",
2024/2025,visits,home_delivery,Annual,Q9_3_Total,Home delivery - Total 2024/25,
2024/2025,computer_usage,hours_public_computers,april,Q10_1_1,"PC use



Please complete the table to show the number of hours of use of PCs, and Wifi access each month within library buildings.



Please include any portable devices lent by the library on an hourly/sessional basis and used in a library building.



By devices, we mean laptops/PCs/tablets/phones.



When entering the wifi access data, please do not include the PCs/devices included in the count for hours of use of public PCs accessed in a month. 



Please round to the nearest whole hour.



If you collect your data quarterly please enter the total in the last month of that quarter (eg Total Q1 in June, Total Q2 in September etc) - Number of hours of usage of physical public PCs/library issues devices - April 2024",
2024/2025,computer_usage,hours_public_computers,may,Q10_1_2,"PC use



Please complete the table to show the number of hours of use of PCs, and Wifi access each month within library buildings.



Please include any portable devices lent by the library on an hourly/sessional basis and used in a library building.



By devices, we mean laptops/PCs/tablets/phones.



When entering the wifi access data, please do not include the PCs/devices included in the count for hours of use of public PCs accessed in a month. 



Please round to the nearest whole hour.



If you collect your data quarterly please enter the total in the last month of that quarter (eg Total Q1 in June, Total Q2 in September etc) - Number of hours of usage of physical public PCs/library issues devices - May 2024",
2024/2025,computer_usage,hours_public_computers,june,Q10_1_3,"PC use



Please complete the table to show the number of hours of use of PCs, and Wifi access each month within library buildings.



Please include any portable devices lent by the library on an hourly/sessional basis and used in a library building.



By devices, we mean laptops/PCs/tablets/phones.



When entering the wifi access data, please do not include the PCs/devices included in the count for hours of use of public PCs accessed in a month. 



Please round to the nearest whole hour.



If you collect your data quarterly please enter the total in the last month of that quarter (eg Total Q1 in June, Total Q2 in September etc) - Number of hours of usage of physical public PCs/library issues devices - June 2024/Q1",
2024/2025,computer_usage,hours_public_computers,july,Q10_1_4,"PC use



Please complete the table to show the number of hours of use of PCs, and Wifi access each month within library buildings.



Please include any portable devices lent by the library on an hourly/sessional basis and used in a library building.



By devices, we mean laptops/PCs/tablets/phones.



When entering the wifi access data, please do not include the PCs/devices included in the count for hours of use of public PCs accessed in a month. 



Please round to the nearest whole hour.



If you collect your data quarterly please enter the total in the last month of that quarter (eg Total Q1 in June, Total Q2 in September etc) - Number of hours of usage of physical public PCs/library issues devices - July 2024",
2024/2025,computer_usage,hours_public_computers,august,Q10_1_13,"PC use



Please complete the table to show the number of hours of use of PCs, and Wifi access each month within library buildings.



Please include any portable devices lent by the library on an hourly/sessional basis and used in a library building.



By devices, we mean laptops/PCs/tablets/phones.



When entering the wifi access data, please do not include the PCs/devices included in the count for hours of use of public PCs accessed in a month. 



Please round to the nearest whole hour.



If you collect your data quarterly please enter the total in the last month of that quarter (eg Total Q1 in June, Total Q2 in September etc) - Number of hours of usage of physical public PCs/library issues devices - August 2024",
2024/2025,computer_usage,hours_public_computers,september,Q10_1_14,"PC use



Please complete the table to show the number of hours of use of PCs, and Wifi access each month within library buildings.



Please include any portable devices lent by the library on an hourly/sessional basis and used in a library building.



By devices, we mean laptops/PCs/tablets/phones.



When entering the wifi access data, please do not include the PCs/devices included in the count for hours of use of public PCs accessed in a month. 



Please round to the nearest whole hour.



If you collect your data quarterly please enter the total in the last month of that quarter (eg Total Q1 in June, Total Q2 in September etc) - Number of hours of usage of physical public PCs/library issues devices - Sept 2024/Q2",
2024/2025,computer_usage,hours_public_computers,october,Q10_1_15,"PC use



Please complete the table to show the number of hours of use of PCs, and Wifi access each month within library buildings.



Please include any portable devices lent by the library on an hourly/sessional basis and used in a library building.



By devices, we mean laptops/PCs/tablets/phones.



When entering the wifi access data, please do not include the PCs/devices included in the count for hours of use of public PCs accessed in a month. 



Please round to the nearest whole hour.



If you collect your data quarterly please enter the total in the last month of that quarter (eg Total Q1 in June, Total Q2 in September etc) - Number of hours of usage of physical public PCs/library issues devices - Oct 2024",
2024/2025,computer_usage,hours_public_computers,november,Q10_1_16,"PC use



Please complete the table to show the number of hours of use of PCs, and Wifi access each month within library buildings.



Please include any portable devices lent by the library on an hourly/sessional basis and used in a library building.



By devices, we mean laptops/PCs/tablets/phones.



When entering the wifi access data, please do not include the PCs/devices included in the count for hours of use of public PCs accessed in a month. 



Please round to the nearest whole hour.



If you collect your data quarterly please enter the total in the last month of that quarter (eg Total Q1 in June, Total Q2 in September etc) - Number of hours of usage of physical public PCs/library issues devices - Nov 2024",
2024/2025,computer_usage,hours_public_computers,december,Q10_1_17,"PC use



Please complete the table to show the number of hours of use of PCs, and Wifi access each month within library buildings.



Please include any portable devices lent by the library on an hourly/sessional basis and used in a library building.



By devices, we mean laptops/PCs/tablets/phones.



When entering the wifi access data, please do not include the PCs/devices included in the count for hours of use of public PCs accessed in a month. 



Please round to the nearest whole hour.



If you collect your data quarterly please enter the total in the last month of that quarter (eg Total Q1 in June, Total Q2 in September etc) - Number of hours of usage of physical public PCs/library issues devices - Dec 2024/Q3",
2024/2025,computer_usage,hours_public_computers,january,Q10_1_18,"PC use



Please complete the table to show the number of hours of use of PCs, and Wifi access each month within library buildings.



Please include any portable devices lent by the library on an hourly/sessional basis and used in a library building.



By devices, we mean laptops/PCs/tablets/phones.



When entering the wifi access data, please do not include the PCs/devices included in the count for hours of use of public PCs accessed in a month. 



Please round to the nearest whole hour.



If you collect your data quarterly please enter the total in the last month of that quarter (eg Total Q1 in June, Total Q2 in September etc) - Number of hours of usage of physical public PCs/library issues devices - Jan 2025",
2024/2025,computer_usage,hours_public_computers,february,Q10_1_19,"PC use



Please complete the table to show the number of hours of use of PCs, and Wifi access each month within library buildings.



Please include any portable devices lent by the library on an hourly/sessional basis and used in a library building.



By devices, we mean laptops/PCs/tablets/phones.



When entering the wifi access data, please do not include the PCs/devices included in the count for hours of use of public PCs accessed in a month. 



Please round to the nearest whole hour.



If you collect your data quarterly please enter the total in the last month of that quarter (eg Total Q1 in June, Total Q2 in September etc) - Number of hours of usage of physical public PCs/library issues devices - Feb 2025",
2024/2025,computer_usage,hours_public_computers,march,Q10_1_20,"PC use



Please complete the table to show the number of hours of use of PCs, and Wifi access each month within library buildings.



Please include any portable devices lent by the library on an hourly/sessional basis and used in a library building.



By devices, we mean laptops/PCs/tablets/phones.



When entering the wifi access data, please do not include the PCs/devices included in the count for hours of use of public PCs accessed in a month. 



Please round to the nearest whole hour.



If you collect your data quarterly please enter the total in the last month of that quarter (eg Total Q1 in June, Total Q2 in September etc) - Number of hours of usage of physical public PCs/library issues devices - March 2025/Q4",
2024/2025,computer_usage,hours_public_computers,Annual,Q10_1_Total,PC use - Number of hours of usage - Total 2024/25,
2024/2025,wifi_sessions,wifi_sessions,april,Q10_2_1,"PC use



Please complete the table to show the number of hours of use of PCs, and Wifi access each month within library buildings.



Please include any portable devices lent by the library on an hourly/sessional basis and used in a library building.



By devices, we mean laptops/PCs/tablets/phones.



When entering the wifi access data, please do not include the PCs/devices included in the count for hours of use of public PCs accessed in a month. 



Please round to the nearest whole hour.



If you collect your data quarterly please enter the total in the last month of that quarter (eg Total Q1 in June, Total Q2 in September etc) - Number of sessions of wifi access - April 2024",
2024/2025,wifi_sessions,wifi_sessions,may,Q10_2_2,"PC use



Please complete the table to show the number of hours of use of PCs, and Wifi access each month within library buildings.



Please include any portable devices lent by the library on an hourly/sessional basis and used in a library building.



By devices, we mean laptops/PCs/tablets/phones.



When entering the wifi access data, please do not include the PCs/devices included in the count for hours of use of public PCs accessed in a month. 



Please round to the nearest whole hour.



If you collect your data quarterly please enter the total in the last month of that quarter (eg Total Q1 in June, Total Q2 in September etc) - Number of sessions of wifi access - May 2024",
2024/2025,wifi_sessions,wifi_sessions,june,Q10_2_3,"PC use



Please complete the table to show the number of hours of use of PCs, and Wifi access each month within library buildings.



Please include any portable devices lent by the library on an hourly/sessional basis and used in a library building.



By devices, we mean laptops/PCs/tablets/phones.



When entering the wifi access data, please do not include the PCs/devices included in the count for hours of use of public PCs accessed in a month. 



Please round to the nearest whole hour.



If you collect your data quarterly please enter the total in the last month of that quarter (eg Total Q1 in June, Total Q2 in September etc) - Number of sessions of wifi access - June 2024/Q1",
2024/2025,wifi_sessions,wifi_sessions,july,Q10_2_4,"PC use



Please complete the table to show the number of hours of use of PCs, and Wifi access each month within library buildings.



Please include any portable devices lent by the library on an hourly/sessional basis and used in a library building.



By devices, we mean laptops/PCs/tablets/phones.



When entering the wifi access data, please do not include the PCs/devices included in the count for hours of use of public PCs accessed in a month. 



Please round to the nearest whole hour.



If you collect your data quarterly please enter the total in the last month of that quarter (eg Total Q1 in June, Total Q2 in September etc) - Number of sessions of wifi access - July 2024",
2024/2025,wifi_sessions,wifi_sessions,august,Q10_2_13,"PC use



Please complete the table to show the number of hours of use of PCs, and Wifi access each month within library buildings.



Please include any portable devices lent by the library on an hourly/sessional basis and used in a library building.



By devices, we mean laptops/PCs/tablets/phones.



When entering the wifi access data, please do not include the PCs/devices included in the count for hours of use of public PCs accessed in a month. 



Please round to the nearest whole hour.



If you collect your data quarterly please enter the total in the last month of that quarter (eg Total Q1 in June, Total Q2 in September etc) - Number of sessions of wifi access - August 2024",
2024/2025,wifi_sessions,wifi_sessions,september,Q10_2_14,"PC use



Please complete the table to show the number of hours of use of PCs, and Wifi access each month within library buildings.



Please include any portable devices lent by the library on an hourly/sessional basis and used in a library building.



By devices, we mean laptops/PCs/tablets/phones.



When entering the wifi access data, please do not include the PCs/devices included in the count for hours of use of public PCs accessed in a month. 



Please round to the nearest whole hour.



If you collect your data quarterly please enter the total in the last month of that quarter (eg Total Q1 in June, Total Q2 in September etc) - Number of sessions of wifi access - Sept 2024/Q2",
2024/2025,wifi_sessions,wifi_sessions,october,Q10_2_15,"PC use



Please complete the table to show the number of hours of use of PCs, and Wifi access each month within library buildings.



Please include any portable devices lent by the library on an hourly/sessional basis and used in a library building.



By devices, we mean laptops/PCs/tablets/phones.



When entering the wifi access data, please do not include the PCs/devices included in the count for hours of use of public PCs accessed in a month. 



Please round to the nearest whole hour.



If you collect your data quarterly please enter the total in the last month of that quarter (eg Total Q1 in June, Total Q2 in September etc) - Number of sessions of wifi access - Oct 2024",
2024/2025,wifi_sessions,wifi_sessions,november,Q10_2_16,"PC use



Please complete the table to show the number of hours of use of PCs, and Wifi access each month within library buildings.



Please include any portable devices lent by the library on an hourly/sessional basis and used in a library building.



By devices, we mean laptops/PCs/tablets/phones.



When entering the wifi access data, please do not include the PCs/devices included in the count for hours of use of public PCs accessed in a month. 



Please round to the nearest whole hour.



If you collect your data quarterly please enter the total in the last month of that quarter (eg Total Q1 in June, Total Q2 in September etc) - Number of sessions of wifi access - Nov 2024",
2024/2025,wifi_sessions,wifi_sessions,december,Q10_2_17,"PC use



Please complete the table to show the number of hours of use of PCs, and Wifi access each month within library buildings.



Please include any portable devices lent by the library on an hourly/sessional basis and used in a library building.



By devices, we mean laptops/PCs/tablets/phones.



When entering the wifi access data, please do not include the PCs/devices included in the count for hours of use of public PCs accessed in a month. 



Please round to the nearest whole hour.



If you collect your data quarterly please enter the total in the last month of that quarter (eg Total Q1 in June, Total Q2 in September etc) - Number of sessions of wifi access - Dec 2024/Q3",
2024/2025,wifi_sessions,wifi_sessions,january,Q10_2_18,"PC use



Please complete the table to show the number of hours of use of PCs, and Wifi access each month within library buildings.



Please include any portable devices lent by the library on an hourly/sessional basis and used in a library building.



By devices, we mean laptops/PCs/tablets/phones.



When entering the wifi access data, please do not include the PCs/devices included in the count for hours of use of public PCs accessed in a month. 



Please round to the nearest whole hour.



If you collect your data quarterly please enter the total in the last month of that quarter (eg Total Q1 in June, Total Q2 in September etc) - Number of sessions of wifi access - Jan 2025",
2024/2025,wifi_sessions,wifi_sessions,february,Q10_2_19,"PC use



Please complete the table to show the number of hours of use of PCs, and Wifi access each month within library buildings.



Please include any portable devices lent by the library on an hourly/sessional basis and used in a library building.



By devices, we mean laptops/PCs/tablets/phones.



When entering the wifi access data, please do not include the PCs/devices included in the count for hours of use of public PCs accessed in a month. 



Please round to the nearest whole hour.



If you collect your data quarterly please enter the total in the last month of that quarter (eg Total Q1 in June, Total Q2 in September etc) - Number of sessions of wifi access - Feb 2025",
2024/2025,wifi_sessions,wifi_sessions,march,Q10_2_20,"PC use



Please complete the table to show the number of hours of use of PCs, and Wifi access each month within library buildings.



Please include any portable devices lent by the library on an hourly/sessional basis and used in a library building.



By devices, we mean laptops/PCs/tablets/phones.



When entering the wifi access data, please do not include the PCs/devices included in the count for hours of use of public PCs accessed in a month. 



Please round to the nearest whole hour.



If you collect your data quarterly please enter the total in the last month of that quarter (eg Total Q1 in June, Total Q2 in September etc) - Number of sessions of wifi access - March 2025/Q4",
2024/2025,wifi_sessions,wifi_sessions,Annual,Q10_2_Total,PC use - Number of sessions of wifi access - Total 2024/25,
2024/2025,events,events_physical_audience_summary,Annual,Q4_Physical_Audience_Total,Physical events - age groups plus all-age events,
2024/2025,events,events_digital_audience_summary,Annual,Q4_Digital_Audience_Total,Digital events - age groups plus all-age events,
2024/2025,attendance,attendance_physical_age_summary,Annual,Q12_Physical_All_Totals,Physical attendances - sum of age totals,
2024/2025,attendance,attendance_digital_age_summary,Annual,Q12_Digital_All_Totals,Digital attendances - sum of age totals,
2024/2025,computer_inventory,inventory_computers_in_service,Annual,Q13_1_1,"Please tell us, as of 31/03/25: - Number of PCs and devices available for use service-wide in a library building - Total as at 31/03",
2024/2025,computer_inventory,inventory_devices_for_loan,Annual,Q13_2_1,"Please tell us, as of 31/03/25: - Number of devices available for loan - Total as at 31/03",
2024/2025,computer_inventory,inventory_device_loan_issues,Annual,Q13_3_1,"Please tell us, as of 31/03/25: - Number of issues of devices available for loan - Total as at 31/03",
2025/2026,users,total_active_members,Annual,Q3a_1_1,Active members: - Total active members - Active members,
2025/2026,users,active_members_11_under,Annual,Q3a_2_1,Active members: - Of which -  children 11 and under - Active members,
2025/2026,users,active_members_12_17,Annual,Q3a_3_1,Active members: - Of which -  Young person - aged 12-17 - Active members,
2025/2026,users,active_members_adults,Annual,Q3a_4_1,Active members: - Of which -  Adult - 18+ - Active members,
2025/2026,events,total_physical_events,april,Q5a_1_1,Events: - Total number of PHYSICAL events - April 2025,
2025/2026,events,total_physical_events,may,Q5a_1_2,Events: - Total number of PHYSICAL events - May 2025,
2025/2026,events,total_physical_events,june,Q5a_1_3,Events: - Total number of PHYSICAL events - June 2025/Q1,
2025/2026,events,total_physical_events,july,Q5a_1_4,Events: - Total number of PHYSICAL events - July 2025,
2025/2026,events,total_physical_events,august,Q5a_1_5,Events: - Total number of PHYSICAL events - August 2025,
2025/2026,events,total_physical_events,september,Q5a_1_6,Events: - Total number of PHYSICAL events - Sept 2025/Q1,
2025/2026,events,total_physical_events,october,Q5a_1_7,Events: - Total number of PHYSICAL events - Oct 2025,
2025/2026,events,total_physical_events,november,Q5a_1_8,Events: - Total number of PHYSICAL events - Nov 2025,
2025/2026,events,total_physical_events,december,Q5a_1_9,Events: - Total number of PHYSICAL events - Dec 2025/Q3,
2025/2026,events,total_physical_events,january,Q5a_1_10,Events: - Total number of PHYSICAL events - Jan 2026,
2025/2026,events,total_physical_events,february,Q5a_1_11,Events: - Total number of PHYSICAL events - Feb 2026,
2025/2026,events,total_physical_events,march,Q5a_1_12,Events: - Total number of PHYSICAL events - March 2026,
2025/2026,events,total_physical_events,Annual,Q5a_1_Total,Events: - Total number of PHYSICAL events - Total 2025/26,
2025/2026,events,physical_events_11_under,april,Q5a_2_1,Events: - Target audience - Children (11 and under)  - April 2025,
2025/2026,events,physical_events_11_under,may,Q5a_2_2,Events: - Target audience - Children (11 and under)  - May 2025,
2025/2026,events,physical_events_11_under,june,Q5a_2_3,Events: - Target audience - Children (11 and under)  - June 2025/Q1,
2025/2026,events,physical_events_11_under,july,Q5a_2_4,Events: - Target audience - Children (11 and under)  - July 2025,
2025/2026,events,physical_events_11_under,august,Q5a_2_5,Events: - Target audience - Children (11 and under)  - August 2025,
2025/2026,events,physical_events_11_under,september,Q5a_2_6,Events: - Target audience - Children (11 and under)  - Sept 2025/Q1,
2025/2026,events,physical_events_11_under,october,Q5a_2_7,Events: - Target audience - Children (11 and under)  - Oct 2025,
2025/2026,events,physical_events_11_under,november,Q5a_2_8,Events: - Target audience - Children (11 and under)  - Nov 2025,
2025/2026,events,physical_events_11_under,december,Q5a_2_9,Events: - Target audience - Children (11 and under)  - Dec 2025/Q3,
2025/2026,events,physical_events_11_under,january,Q5a_2_10,Events: - Target audience - Children (11 and under)  - Jan 2026,
2025/2026,events,physical_events_11_under,february,Q5a_2_11,Events: - Target audience - Children (11 and under)  - Feb 2026,
2025/2026,events,physical_events_11_under,march,Q5a_2_12,Events: - Target audience - Children (11 and under)  - March 2026,
2025/2026,events,physical_events_11_under,Annual,Q5a_2_Total,Events: - Target audience - Children (11 and under) - Total 2025/26,
2025/2026,events,physical_events_12_17,april,Q5a_3_1,Events: - Target audience - Young people (12-17)  - April 2025,
2025/2026,events,physical_events_12_17,may,Q5a_3_2,Events: - Target audience - Young people (12-17)  - May 2025,
2025/2026,events,physical_events_12_17,june,Q5a_3_3,Events: - Target audience - Young people (12-17)  - June 2025/Q1,
2025/2026,events,physical_events_12_17,july,Q5a_3_4,Events: - Target audience - Young people (12-17)  - July 2025,
2025/2026,events,physical_events_12_17,august,Q5a_3_5,Events: - Target audience - Young people (12-17)  - August 2025,
2025/2026,events,physical_events_12_17,september,Q5a_3_6,Events: - Target audience - Young people (12-17)  - Sept 2025/Q1,
2025/2026,events,physical_events_12_17,october,Q5a_3_7,Events: - Target audience - Young people (12-17)  - Oct 2025,
2025/2026,events,physical_events_12_17,november,Q5a_3_8,Events: - Target audience - Young people (12-17)  - Nov 2025,
2025/2026,events,physical_events_12_17,december,Q5a_3_9,Events: - Target audience - Young people (12-17)  - Dec 2025/Q3,
2025/2026,events,physical_events_12_17,january,Q5a_3_10,Events: - Target audience - Young people (12-17)  - Jan 2026,
2025/2026,events,physical_events_12_17,february,Q5a_3_11,Events: - Target audience - Young people (12-17)  - Feb 2026,
2025/2026,events,physical_events_12_17,march,Q5a_3_12,Events: - Target audience - Young people (12-17)  - March 2026,
2025/2026,events,physical_events_12_17,Annual,Q5a_3_Total,Events: - Target audience - Young people (12-17) - Total 2025/26,
2025/2026,events,physical_events_adults,april,Q5a_4_1,Events: - Target audience - Adult (18+) OR unclassified - April 2025,
2025/2026,events,physical_events_adults,may,Q5a_4_2,Events: - Target audience - Adult (18+) OR unclassified - May 2025,
2025/2026,events,physical_events_adults,june,Q5a_4_3,Events: - Target audience - Adult (18+) OR unclassified - June 2025/Q1,
2025/2026,events,physical_events_adults,july,Q5a_4_4,Events: - Target audience - Adult (18+) OR unclassified - July 2025,
2025/2026,events,physical_events_adults,august,Q5a_4_5,Events: - Target audience - Adult (18+) OR unclassified - August 2025,
2025/2026,events,physical_events_adults,september,Q5a_4_6,Events: - Target audience - Adult (18+) OR unclassified - Sept 2025/Q1,
2025/2026,events,physical_events_adults,october,Q5a_4_7,Events: - Target audience - Adult (18+) OR unclassified - Oct 2025,
2025/2026,events,physical_events_adults,november,Q5a_4_8,Events: - Target audience - Adult (18+) OR unclassified - Nov 2025,
2025/2026,events,physical_events_adults,december,Q5a_4_9,Events: - Target audience - Adult (18+) OR unclassified - Dec 2025/Q3,
2025/2026,events,physical_events_adults,january,Q5a_4_10,Events: - Target audience - Adult (18+) OR unclassified - Jan 2026,
2025/2026,events,physical_events_adults,february,Q5a_4_11,Events: - Target audience - Adult (18+) OR unclassified - Feb 2026,
2025/2026,events,physical_events_adults,march,Q5a_4_12,Events: - Target audience - Adult (18+) OR unclassified - March 2026,
2025/2026,events,physical_events_adults,Annual,Q5a_4_Total,Events: - Target audience - Adult (18+) OR unclassified - Total 2025/26,
2025/2026,events,physical_events_all_ages,april,Q5a_5_1,Events: - Physical events aimed at all age groups - April 2025,
2025/2026,events,physical_events_all_ages,may,Q5a_5_2,Events: - Physical events aimed at all age groups - May 2025,
2025/2026,events,physical_events_all_ages,june,Q5a_5_3,Events: - Physical events aimed at all age groups - June 2025/Q1,
2025/2026,events,physical_events_all_ages,july,Q5a_5_4,Events: - Physical events aimed at all age groups - July 2025,
2025/2026,events,physical_events_all_ages,august,Q5a_5_5,Events: - Physical events aimed at all age groups - August 2025,
2025/2026,events,physical_events_all_ages,september,Q5a_5_6,Events: - Physical events aimed at all age groups - Sept 2025/Q1,
2025/2026,events,physical_events_all_ages,october,Q5a_5_7,Events: - Physical events aimed at all age groups - Oct 2025,
2025/2026,events,physical_events_all_ages,november,Q5a_5_8,Events: - Physical events aimed at all age groups - Nov 2025,
2025/2026,events,physical_events_all_ages,december,Q5a_5_9,Events: - Physical events aimed at all age groups - Dec 2025/Q3,
2025/2026,events,physical_events_all_ages,january,Q5a_5_10,Events: - Physical events aimed at all age groups - Jan 2026,
2025/2026,events,physical_events_all_ages,february,Q5a_5_11,Events: - Physical events aimed at all age groups - Feb 2026,
2025/2026,events,physical_events_all_ages,march,Q5a_5_12,Events: - Physical events aimed at all age groups - March 2026,
2025/2026,events,physical_events_all_ages,Annual,Q5a_5_Total,Events: - Physical events aimed at all age groups - Total 2025/26,
2025/2026,events,total_digital_events,april,Q5a_6_1,Events: - Total number of DIGITAL events - April 2025,
2025/2026,events,total_digital_events,may,Q5a_6_2,Events: - Total number of DIGITAL events - May 2025,
2025/2026,events,total_digital_events,june,Q5a_6_3,Events: - Total number of DIGITAL events - June 2025/Q1,
2025/2026,events,total_digital_events,july,Q5a_6_4,Events: - Total number of DIGITAL events - July 2025,
2025/2026,events,total_digital_events,august,Q5a_6_5,Events: - Total number of DIGITAL events - August 2025,
2025/2026,events,total_digital_events,september,Q5a_6_6,Events: - Total number of DIGITAL events - Sept 2025/Q1,
2025/2026,events,total_digital_events,october,Q5a_6_7,Events: - Total number of DIGITAL events - Oct 2025,
2025/2026,events,total_digital_events,november,Q5a_6_8,Events: - Total number of DIGITAL events - Nov 2025,
2025/2026,events,total_digital_events,december,Q5a_6_9,Events: - Total number of DIGITAL events - Dec 2025/Q3,
2025/2026,events,total_digital_events,january,Q5a_6_10,Events: - Total number of DIGITAL events - Jan 2026,
2025/2026,events,total_digital_events,february,Q5a_6_11,Events: - Total number of DIGITAL events - Feb 2026,
2025/2026,events,total_digital_events,march,Q5a_6_12,Events: - Total number of DIGITAL events - March 2026,
2025/2026,events,total_digital_events,Annual,Q5a_6_Total,Events: - Total number of DIGITAL events - Total 2025/26,
2025/2026,events,digital_events_11_under,april,Q5a_7_1,Events: - Target audience - Children (11 and under)  - April 2025,
2025/2026,events,digital_events_11_under,may,Q5a_7_2,Events: - Target audience - Children (11 and under)  - May 2025,
2025/2026,events,digital_events_11_under,june,Q5a_7_3,Events: - Target audience - Children (11 and under)  - June 2025/Q1,
2025/2026,events,digital_events_11_under,july,Q5a_7_4,Events: - Target audience - Children (11 and under)  - July 2025,
2025/2026,events,digital_events_11_under,august,Q5a_7_5,Events: - Target audience - Children (11 and under)  - August 2025,
2025/2026,events,digital_events_11_under,september,Q5a_7_6,Events: - Target audience - Children (11 and under)  - Sept 2025/Q1,
2025/2026,events,digital_events_11_under,october,Q5a_7_7,Events: - Target audience - Children (11 and under)  - Oct 2025,
2025/2026,events,digital_events_11_under,november,Q5a_7_8,Events: - Target audience - Children (11 and under)  - Nov 2025,
2025/2026,events,digital_events_11_under,december,Q5a_7_9,Events: - Target audience - Children (11 and under)  - Dec 2025/Q3,
2025/2026,events,digital_events_11_under,january,Q5a_7_10,Events: - Target audience - Children (11 and under)  - Jan 2026,
2025/2026,events,digital_events_11_under,february,Q5a_7_11,Events: - Target audience - Children (11 and under)  - Feb 2026,
2025/2026,events,digital_events_11_under,march,Q5a_7_12,Events: - Target audience - Children (11 and under)  - March 2026,
2025/2026,events,digital_events_11_under,Annual,Q5a_7_Total,Events: - Target audience - Children (11 and under) - Total 2025/26,
2025/2026,events,digital_events_12_17,april,Q5a_8_1,Events: - Target audience - Young people (12-17)  - April 2025,
2025/2026,events,digital_events_12_17,may,Q5a_8_2,Events: - Target audience - Young people (12-17)  - May 2025,
2025/2026,events,digital_events_12_17,june,Q5a_8_3,Events: - Target audience - Young people (12-17)  - June 2025/Q1,
2025/2026,events,digital_events_12_17,july,Q5a_8_4,Events: - Target audience - Young people (12-17)  - July 2025,
2025/2026,events,digital_events_12_17,august,Q5a_8_5,Events: - Target audience - Young people (12-17)  - August 2025,
2025/2026,events,digital_events_12_17,september,Q5a_8_6,Events: - Target audience - Young people (12-17)  - Sept 2025/Q1,
2025/2026,events,digital_events_12_17,october,Q5a_8_7,Events: - Target audience - Young people (12-17)  - Oct 2025,
2025/2026,events,digital_events_12_17,november,Q5a_8_8,Events: - Target audience - Young people (12-17)  - Nov 2025,
2025/2026,events,digital_events_12_17,december,Q5a_8_9,Events: - Target audience - Young people (12-17)  - Dec 2025/Q3,
2025/2026,events,digital_events_12_17,january,Q5a_8_10,Events: - Target audience - Young people (12-17)  - Jan 2026,
2025/2026,events,digital_events_12_17,february,Q5a_8_11,Events: - Target audience - Young people (12-17)  - Feb 2026,
2025/2026,events,digital_events_12_17,march,Q5a_8_12,Events: - Target audience - Young people (12-17)  - March 2026,
2025/2026,events,digital_events_12_17,Annual,Q5a_8_Total,Events: - Target audience - Young people (12-17) - Total 2025/26,
2025/2026,events,digital_events_adults,april,Q5a_9_1,Events: - Target audience - Adult (18+) OR unclassified - April 2025,
2025/2026,events,digital_events_adults,may,Q5a_9_2,Events: - Target audience - Adult (18+) OR unclassified - May 2025,
2025/2026,events,digital_events_adults,june,Q5a_9_3,Events: - Target audience - Adult (18+) OR unclassified - June 2025/Q1,
2025/2026,events,digital_events_adults,july,Q5a_9_4,Events: - Target audience - Adult (18+) OR unclassified - July 2025,
2025/2026,events,digital_events_adults,august,Q5a_9_5,Events: - Target audience - Adult (18+) OR unclassified - August 2025,
2025/2026,events,digital_events_adults,september,Q5a_9_6,Events: - Target audience - Adult (18+) OR unclassified - Sept 2025/Q1,
2025/2026,events,digital_events_adults,october,Q5a_9_7,Events: - Target audience - Adult (18+) OR unclassified - Oct 2025,
2025/2026,events,digital_events_adults,november,Q5a_9_8,Events: - Target audience - Adult (18+) OR unclassified - Nov 2025,
2025/2026,events,digital_events_adults,december,Q5a_9_9,Events: - Target audience - Adult (18+) OR unclassified - Dec 2025/Q3,
2025/2026,events,digital_events_adults,january,Q5a_9_10,Events: - Target audience - Adult (18+) OR unclassified - Jan 2026,
2025/2026,events,digital_events_adults,february,Q5a_9_11,Events: - Target audience - Adult (18+) OR unclassified - Feb 2026,
2025/2026,events,digital_events_adults,march,Q5a_9_12,Events: - Target audience - Adult (18+) OR unclassified - March 2026,
2025/2026,events,digital_events_adults,Annual,Q5a_9_Total,Events: - Target audience - Adult (18+) OR unclassified - Total 2025/26,
2025/2026,events,digital_events_all_ages,april,Q5a_10_1,Events: - Digital events aimed at all age groups - April 2025,
2025/2026,events,digital_events_all_ages,may,Q5a_10_2,Events: - Digital events aimed at all age groups - May 2025,
2025/2026,events,digital_events_all_ages,june,Q5a_10_3,Events: - Digital events aimed at all age groups - June 2025/Q1,
2025/2026,events,digital_events_all_ages,july,Q5a_10_4,Events: - Digital events aimed at all age groups - July 2025,
2025/2026,events,digital_events_all_ages,august,Q5a_10_5,Events: - Digital events aimed at all age groups - August 2025,
2025/2026,events,digital_events_all_ages,september,Q5a_10_6,Events: - Digital events aimed at all age groups - Sept 2025/Q1,
2025/2026,events,digital_events_all_ages,october,Q5a_10_7,Events: - Digital events aimed at all age groups - Oct 2025,
2025/2026,events,digital_events_all_ages,november,Q5a_10_8,Events: - Digital events aimed at all age groups - Nov 2025,
2025/2026,events,digital_events_all_ages,december,Q5a_10_9,Events: - Digital events aimed at all age groups - Dec 2025/Q3,
2025/2026,events,digital_events_all_ages,january,Q5a_10_10,Events: - Digital events aimed at all age groups - Jan 2026,
2025/2026,events,digital_events_all_ages,february,Q5a_10_11,Events: - Digital events aimed at all age groups - Feb 2026,
2025/2026,events,digital_events_all_ages,march,Q5a_10_12,Events: - Digital events aimed at all age groups - March 2026,
2025/2026,events,digital_events_all_ages,Annual,Q5a_10_Total,Events: - Digital events aimed at all age groups - Total 2025/26,
2025/2026,attendance,total_attendees_physical_events,april,Q7a_1_1,Attendances: - Total attendees at PHYSICAL events - April 2025,
2025/2026,attendance,total_attendees_physical_events,may,Q7a_1_2,Attendances: - Total attendees at PHYSICAL events - May 2025,
2025/2026,attendance,total_attendees_physical_events,june,Q7a_1_3,Attendances: - Total attendees at PHYSICAL events - June 2025/Q1,
2025/2026,attendance,total_attendees_physical_events,july,Q7a_1_4,Attendances: - Total attendees at PHYSICAL events - July 2025,
2025/2026,attendance,total_attendees_physical_events,august,Q7a_1_13,Attendances: - Total attendees at PHYSICAL events - August 2025,
2025/2026,attendance,total_attendees_physical_events,september,Q7a_1_14,Attendances: - Total attendees at PHYSICAL events - Sept 2025/Q2,
2025/2026,attendance,total_attendees_physical_events,october,Q7a_1_15,Attendances: - Total attendees at PHYSICAL events - Oct 2025,
2025/2026,attendance,total_attendees_physical_events,november,Q7a_1_16,Attendances: - Total attendees at PHYSICAL events - Nov 2025,
2025/2026,attendance,total_attendees_physical_events,december,Q7a_1_17,Attendances: - Total attendees at PHYSICAL events - Dec 2025/Q3,
2025/2026,attendance,total_attendees_physical_events,january,Q7a_1_18,Attendances: - Total attendees at PHYSICAL events - Jan 2026,
2025/2026,attendance,total_attendees_physical_events,february,Q7a_1_19,Attendances: - Total attendees at PHYSICAL events - Feb 2026,
2025/2026,attendance,total_attendees_physical_events,march,Q7a_1_20,Attendances: - Total attendees at PHYSICAL events - March 2026/Q4,
2025/2026,attendance,total_attendees_physical_events,Annual,Q7a_1_Total,Attendances: - Total attendees at PHYSICAL events - Total 2025/26,
2025/2026,attendance,physical_attendees_11_under,april,Q7a_2_1,Attendances: - Of which - Children (11 and under)  - April 2025,
2025/2026,attendance,physical_attendees_11_under,may,Q7a_2_2,Attendances: - Of which - Children (11 and under)  - May 2025,
2025/2026,attendance,physical_attendees_11_under,june,Q7a_2_3,Attendances: - Of which - Children (11 and under)  - June 2025/Q1,
2025/2026,attendance,physical_attendees_11_under,july,Q7a_2_4,Attendances: - Of which - Children (11 and under)  - July 2025,
2025/2026,attendance,physical_attendees_11_under,august,Q7a_2_13,Attendances: - Of which - Children (11 and under)  - August 2025,
2025/2026,attendance,physical_attendees_11_under,september,Q7a_2_14,Attendances: - Of which - Children (11 and under)  - Sept 2025/Q2,
2025/2026,attendance,physical_attendees_11_under,october,Q7a_2_15,Attendances: - Of which - Children (11 and under)  - Oct 2025,
2025/2026,attendance,physical_attendees_11_under,november,Q7a_2_16,Attendances: - Of which - Children (11 and under)  - Nov 2025,
2025/2026,attendance,physical_attendees_11_under,december,Q7a_2_17,Attendances: - Of which - Children (11 and under)  - Dec 2025/Q3,
2025/2026,attendance,physical_attendees_11_under,january,Q7a_2_18,Attendances: - Of which - Children (11 and under)  - Jan 2026,
2025/2026,attendance,physical_attendees_11_under,february,Q7a_2_19,Attendances: - Of which - Children (11 and under)  - Feb 2026,
2025/2026,attendance,physical_attendees_11_under,march,Q7a_2_20,Attendances: - Of which - Children (11 and under)  - March 2026/Q4,
2025/2026,attendance,physical_attendees_11_under,Annual,Q7a_2_Total,Attendances: - Of which - Children (11 and under) - Total 2025/26,
2025/2026,attendance,physical_attendees_12_17,april,Q7a_3_1,Attendances: - Of which - Young people (12-17)  - April 2025,
2025/2026,attendance,physical_attendees_12_17,may,Q7a_3_2,Attendances: - Of which - Young people (12-17)  - May 2025,
2025/2026,attendance,physical_attendees_12_17,june,Q7a_3_3,Attendances: - Of which - Young people (12-17)  - June 2025/Q1,
2025/2026,attendance,physical_attendees_12_17,july,Q7a_3_4,Attendances: - Of which - Young people (12-17)  - July 2025,
2025/2026,attendance,physical_attendees_12_17,august,Q7a_3_13,Attendances: - Of which - Young people (12-17)  - August 2025,
2025/2026,attendance,physical_attendees_12_17,september,Q7a_3_14,Attendances: - Of which - Young people (12-17)  - Sept 2025/Q2,
2025/2026,attendance,physical_attendees_12_17,october,Q7a_3_15,Attendances: - Of which - Young people (12-17)  - Oct 2025,
2025/2026,attendance,physical_attendees_12_17,november,Q7a_3_16,Attendances: - Of which - Young people (12-17)  - Nov 2025,
2025/2026,attendance,physical_attendees_12_17,december,Q7a_3_17,Attendances: - Of which - Young people (12-17)  - Dec 2025/Q3,
2025/2026,attendance,physical_attendees_12_17,january,Q7a_3_18,Attendances: - Of which - Young people (12-17)  - Jan 2026,
2025/2026,attendance,physical_attendees_12_17,february,Q7a_3_19,Attendances: - Of which - Young people (12-17)  - Feb 2026,
2025/2026,attendance,physical_attendees_12_17,march,Q7a_3_20,Attendances: - Of which - Young people (12-17)  - March 2026/Q4,
2025/2026,attendance,physical_attendees_12_17,Annual,Q7a_3_Total,Attendances: - Of which - Young people (12-17) - Total 2025/26,
2025/2026,attendance,physical_attendees_adults,april,Q7a_4_1,Attendances: - Of which - Adult (18+) OR unclassified - April 2025,
2025/2026,attendance,physical_attendees_adults,may,Q7a_4_2,Attendances: - Of which - Adult (18+) OR unclassified - May 2025,
2025/2026,attendance,physical_attendees_adults,june,Q7a_4_3,Attendances: - Of which - Adult (18+) OR unclassified - June 2025/Q1,
2025/2026,attendance,physical_attendees_adults,july,Q7a_4_4,Attendances: - Of which - Adult (18+) OR unclassified - July 2025,
2025/2026,attendance,physical_attendees_adults,august,Q7a_4_13,Attendances: - Of which - Adult (18+) OR unclassified - August 2025,
2025/2026,attendance,physical_attendees_adults,september,Q7a_4_14,Attendances: - Of which - Adult (18+) OR unclassified - Sept 2025/Q2,
2025/2026,attendance,physical_attendees_adults,october,Q7a_4_15,Attendances: - Of which - Adult (18+) OR unclassified - Oct 2025,
2025/2026,attendance,physical_attendees_adults,november,Q7a_4_16,Attendances: - Of which - Adult (18+) OR unclassified - Nov 2025,
2025/2026,attendance,physical_attendees_adults,december,Q7a_4_17,Attendances: - Of which - Adult (18+) OR unclassified - Dec 2025/Q3,
2025/2026,attendance,physical_attendees_adults,january,Q7a_4_18,Attendances: - Of which - Adult (18+) OR unclassified - Jan 2026,
2025/2026,attendance,physical_attendees_adults,february,Q7a_4_19,Attendances: - Of which - Adult (18+) OR unclassified - Feb 2026,
2025/2026,attendance,physical_attendees_adults,march,Q7a_4_20,Attendances: - Of which - Adult (18+) OR unclassified - March 2026/Q4,
2025/2026,attendance,physical_attendees_adults,Annual,Q7a_4_Total,Attendances: - Of which - Adult (18+) OR unclassified - Total 2025/26,
2025/2026,attendance,total_attendees_digital_events,april,Q7a_5_1,Attendances: - Total attendees at DIGITAL events - April 2025,
2025/2026,attendance,total_attendees_digital_events,may,Q7a_5_2,Attendances: - Total attendees at DIGITAL events - May 2025,
2025/2026,attendance,total_attendees_digital_events,june,Q7a_5_3,Attendances: - Total attendees at DIGITAL events - June 2025/Q1,
2025/2026,attendance,total_attendees_digital_events,july,Q7a_5_4,Attendances: - Total attendees at DIGITAL events - July 2025,
2025/2026,attendance,total_attendees_digital_events,august,Q7a_5_13,Attendances: - Total attendees at DIGITAL events - August 2025,
2025/2026,attendance,total_attendees_digital_events,september,Q7a_5_14,Attendances: - Total attendees at DIGITAL events - Sept 2025/Q2,
2025/2026,attendance,total_attendees_digital_events,october,Q7a_5_15,Attendances: - Total attendees at DIGITAL events - Oct 2025,
2025/2026,attendance,total_attendees_digital_events,november,Q7a_5_16,Attendances: - Total attendees at DIGITAL events - Nov 2025,
2025/2026,attendance,total_attendees_digital_events,december,Q7a_5_17,Attendances: - Total attendees at DIGITAL events - Dec 2025/Q3,
2025/2026,attendance,total_attendees_digital_events,january,Q7a_5_18,Attendances: - Total attendees at DIGITAL events - Jan 2026,
2025/2026,attendance,total_attendees_digital_events,february,Q7a_5_19,Attendances: - Total attendees at DIGITAL events - Feb 2026,
2025/2026,attendance,total_attendees_digital_events,march,Q7a_5_20,Attendances: - Total attendees at DIGITAL events - March 2026/Q4,
2025/2026,attendance,total_attendees_digital_events,Annual,Q7a_5_Total,Attendances: - Total attendees at DIGITAL events - Total 2025/26,
2025/2026,attendance,digital_attendees_11_under,april,Q7a_6_1,Attendances: - Of which - Children (11 and under)  - April 2025,
2025/2026,attendance,digital_attendees_11_under,may,Q7a_6_2,Attendances: - Of which - Children (11 and under)  - May 2025,
2025/2026,attendance,digital_attendees_11_under,june,Q7a_6_3,Attendances: - Of which - Children (11 and under)  - June 2025/Q1,
2025/2026,attendance,digital_attendees_11_under,july,Q7a_6_4,Attendances: - Of which - Children (11 and under)  - July 2025,
2025/2026,attendance,digital_attendees_11_under,august,Q7a_6_13,Attendances: - Of which - Children (11 and under)  - August 2025,
2025/2026,attendance,digital_attendees_11_under,september,Q7a_6_14,Attendances: - Of which - Children (11 and under)  - Sept 2025/Q2,
2025/2026,attendance,digital_attendees_11_under,october,Q7a_6_15,Attendances: - Of which - Children (11 and under)  - Oct 2025,
2025/2026,attendance,digital_attendees_11_under,november,Q7a_6_16,Attendances: - Of which - Children (11 and under)  - Nov 2025,
2025/2026,attendance,digital_attendees_11_under,december,Q7a_6_17,Attendances: - Of which - Children (11 and under)  - Dec 2025/Q3,
2025/2026,attendance,digital_attendees_11_under,january,Q7a_6_18,Attendances: - Of which - Children (11 and under)  - Jan 2026,
2025/2026,attendance,digital_attendees_11_under,february,Q7a_6_19,Attendances: - Of which - Children (11 and under)  - Feb 2026,
2025/2026,attendance,digital_attendees_11_under,march,Q7a_6_20,Attendances: - Of which - Children (11 and under)  - March 2026/Q4,
2025/2026,attendance,digital_attendees_11_under,Annual,Q7a_6_Total,Attendances: - Of which - Children (11 and under) - Total 2025/26,
2025/2026,attendance,digital_attendees_12_17,april,Q7a_7_1,Attendances: - Of which - Young people (12-17)  - April 2025,
2025/2026,attendance,digital_attendees_12_17,may,Q7a_7_2,Attendances: - Of which - Young people (12-17)  - May 2025,
2025/2026,attendance,digital_attendees_12_17,june,Q7a_7_3,Attendances: - Of which - Young people (12-17)  - June 2025/Q1,
2025/2026,attendance,digital_attendees_12_17,july,Q7a_7_4,Attendances: - Of which - Young people (12-17)  - July 2025,
2025/2026,attendance,digital_attendees_12_17,august,Q7a_7_13,Attendances: - Of which - Young people (12-17)  - August 2025,
2025/2026,attendance,digital_attendees_12_17,september,Q7a_7_14,Attendances: - Of which - Young people (12-17)  - Sept 2025/Q2,
2025/2026,attendance,digital_attendees_12_17,october,Q7a_7_15,Attendances: - Of which - Young people (12-17)  - Oct 2025,
2025/2026,attendance,digital_attendees_12_17,november,Q7a_7_16,Attendances: - Of which - Young people (12-17)  - Nov 2025,
2025/2026,attendance,digital_attendees_12_17,december,Q7a_7_17,Attendances: - Of which - Young people (12-17)  - Dec 2025/Q3,
2025/2026,attendance,digital_attendees_12_17,january,Q7a_7_18,Attendances: - Of which - Young people (12-17)  - Jan 2026,
2025/2026,attendance,digital_attendees_12_17,february,Q7a_7_19,Attendances: - Of which - Young people (12-17)  - Feb 2026,
2025/2026,attendance,digital_attendees_12_17,march,Q7a_7_20,Attendances: - Of which - Young people (12-17)  - March 2026/Q4,
2025/2026,attendance,digital_attendees_12_17,Annual,Q7a_7_Total,Attendances: - Of which - Young people (12-17) - Total 2025/26,
2025/2026,attendance,digital_attendees_adults,april,Q7a_8_1,Attendances: - Of which - Adult (18+) OR unclassified - April 2025,
2025/2026,attendance,digital_attendees_adults,may,Q7a_8_2,Attendances: - Of which - Adult (18+) OR unclassified - May 2025,
2025/2026,attendance,digital_attendees_adults,june,Q7a_8_3,Attendances: - Of which - Adult (18+) OR unclassified - June 2025/Q1,
2025/2026,attendance,digital_attendees_adults,july,Q7a_8_4,Attendances: - Of which - Adult (18+) OR unclassified - July 2025,
2025/2026,attendance,digital_attendees_adults,august,Q7a_8_13,Attendances: - Of which - Adult (18+) OR unclassified - August 2025,
2025/2026,attendance,digital_attendees_adults,september,Q7a_8_14,Attendances: - Of which - Adult (18+) OR unclassified - Sept 2025/Q2,
2025/2026,attendance,digital_attendees_adults,october,Q7a_8_15,Attendances: - Of which - Adult (18+) OR unclassified - Oct 2025,
2025/2026,attendance,digital_attendees_adults,november,Q7a_8_16,Attendances: - Of which - Adult (18+) OR unclassified - Nov 2025,
2025/2026,attendance,digital_attendees_adults,december,Q7a_8_17,Attendances: - Of which - Adult (18+) OR unclassified - Dec 2025/Q3,
2025/2026,attendance,digital_attendees_adults,january,Q7a_8_18,Attendances: - Of which - Adult (18+) OR unclassified - Jan 2026,
2025/2026,attendance,digital_attendees_adults,february,Q7a_8_19,Attendances: - Of which - Adult (18+) OR unclassified - Feb 2026,
2025/2026,attendance,digital_attendees_adults,march,Q7a_8_20,Attendances: - Of which - Adult (18+) OR unclassified - March 2026/Q4,
2025/2026,attendance,digital_attendees_adults,Annual,Q7a_8_Total,Attendances: - Of which - Adult (18+) OR unclassified - Total 2025/26,
2025/2026,loans,total_physical_book_issues,april,Q8a_1_1,Loans and lending of library items - Total number of PHYSICAL book issues - April 2025,
2025/2026,loans,total_physical_book_issues,may,Q8a_1_2,Loans and lending of library items - Total number of PHYSICAL book issues - May 2025,
2025/2026,loans,total_physical_book_issues,june,Q8a_1_3,Loans and lending of library items - Total number of PHYSICAL book issues - June 2025/Q1,
2025/2026,loans,total_physical_book_issues,july,Q8a_1_5,Loans and lending of library items - Total number of PHYSICAL book issues - July 2025,
2025/2026,loans,total_physical_book_issues,august,Q8a_1_6,Loans and lending of library items - Total number of PHYSICAL book issues - August 2025,
2025/2026,loans,total_physical_book_issues,september,Q8a_1_7,Loans and lending of library items - Total number of PHYSICAL book issues - Sept 2025/Q2,
2025/2026,loans,total_physical_book_issues,october,Q8a_1_8,Loans and lending of library items - Total number of PHYSICAL book issues - Oct 2025,
2025/2026,loans,total_physical_book_issues,november,Q8a_1_9,Loans and lending of library items - Total number of PHYSICAL book issues - Nov 2025,
2025/2026,loans,total_physical_book_issues,december,Q8a_1_10,Loans and lending of library items - Total number of PHYSICAL book issues - Dec 2025/Q3,
2025/2026,loans,total_physical_book_issues,january,Q8a_1_11,Loans and lending of library items - Total number of PHYSICAL book issues - Jan 2026,
2025/2026,loans,total_physical_book_issues,february,Q8a_1_12,Loans and lending of library items - Total number of PHYSICAL book issues - Feb 2026,
2025/2026,loans,total_physical_book_issues,march,Q8a_1_13,Loans and lending of library items - Total number of PHYSICAL book issues - March 2026/Q4,
2025/2026,loans,total_physical_book_issues,Annual,Q8a_1_Total,Loans and lending of library items - Total number of PHYSICAL book issues - Total 2025/26,
2025/2026,loans,loans_11_under,april,Q8a_2_1,Loans and lending of library items - Of which - Children (11 and under)  - April 2025,
2025/2026,loans,loans_11_under,may,Q8a_2_2,Loans and lending of library items - Of which - Children (11 and under)  - May 2025,
2025/2026,loans,loans_11_under,june,Q8a_2_3,Loans and lending of library items - Of which - Children (11 and under)  - June 2025/Q1,
2025/2026,loans,loans_11_under,july,Q8a_2_5,Loans and lending of library items - Of which - Children (11 and under)  - July 2025,
2025/2026,loans,loans_11_under,august,Q8a_2_6,Loans and lending of library items - Of which - Children (11 and under)  - August 2025,
2025/2026,loans,loans_11_under,september,Q8a_2_7,Loans and lending of library items - Of which - Children (11 and under)  - Sept 2025/Q2,
2025/2026,loans,loans_11_under,october,Q8a_2_8,Loans and lending of library items - Of which - Children (11 and under)  - Oct 2025,
2025/2026,loans,loans_11_under,november,Q8a_2_9,Loans and lending of library items - Of which - Children (11 and under)  - Nov 2025,
2025/2026,loans,loans_11_under,december,Q8a_2_10,Loans and lending of library items - Of which - Children (11 and under)  - Dec 2025/Q3,
2025/2026,loans,loans_11_under,january,Q8a_2_11,Loans and lending of library items - Of which - Children (11 and under)  - Jan 2026,
2025/2026,loans,loans_11_under,february,Q8a_2_12,Loans and lending of library items - Of which - Children (11 and under)  - Feb 2026,
2025/2026,loans,loans_11_under,march,Q8a_2_13,Loans and lending of library items - Of which - Children (11 and under)  - March 2026/Q4,
2025/2026,loans,loans_11_under,Annual,Q8a_2_Total,Loans and lending of library items - Of which - Children (11 and under) - Total 2025/26,
2025/2026,loans,loans_12_17,april,Q8a_3_1,Loans and lending of library items - Of which - Young people (12-17)  - April 2025,
2025/2026,loans,loans_12_17,may,Q8a_3_2,Loans and lending of library items - Of which - Young people (12-17)  - May 2025,
2025/2026,loans,loans_12_17,june,Q8a_3_3,Loans and lending of library items - Of which - Young people (12-17)  - June 2025/Q1,
2025/2026,loans,loans_12_17,july,Q8a_3_5,Loans and lending of library items - Of which - Young people (12-17)  - July 2025,
2025/2026,loans,loans_12_17,august,Q8a_3_6,Loans and lending of library items - Of which - Young people (12-17)  - August 2025,
2025/2026,loans,loans_12_17,september,Q8a_3_7,Loans and lending of library items - Of which - Young people (12-17)  - Sept 2025/Q2,
2025/2026,loans,loans_12_17,october,Q8a_3_8,Loans and lending of library items - Of which - Young people (12-17)  - Oct 2025,
2025/2026,loans,loans_12_17,november,Q8a_3_9,Loans and lending of library items - Of which - Young people (12-17)  - Nov 2025,
2025/2026,loans,loans_12_17,december,Q8a_3_10,Loans and lending of library items - Of which - Young people (12-17)  - Dec 2025/Q3,
2025/2026,loans,loans_12_17,january,Q8a_3_11,Loans and lending of library items - Of which - Young people (12-17)  - Jan 2026,
2025/2026,loans,loans_12_17,february,Q8a_3_12,Loans and lending of library items - Of which - Young people (12-17)  - Feb 2026,
2025/2026,loans,loans_12_17,march,Q8a_3_13,Loans and lending of library items - Of which - Young people (12-17)  - March 2026/Q4,
2025/2026,loans,loans_12_17,Annual,Q8a_3_Total,Loans and lending of library items - Of which - Young people (12-17) - Total 2025/26,
2025/2026,loans,loans_adult,april,Q8a_4_1,Loans and lending of library items - Of which - Adult (18+) OR unclassified - April 2025,
2025/2026,loans,loans_adult,may,Q8a_4_2,Loans and lending of library items - Of which - Adult (18+) OR unclassified - May 2025,
2025/2026,loans,loans_adult,june,Q8a_4_3,Loans and lending of library items - Of which - Adult (18+) OR unclassified - June 2025/Q1,
2025/2026,loans,loans_adult,july,Q8a_4_5,Loans and lending of library items - Of which - Adult (18+) OR unclassified - July 2025,
2025/2026,loans,loans_adult,august,Q8a_4_6,Loans and lending of library items - Of which - Adult (18+) OR unclassified - August 2025,
2025/2026,loans,loans_adult,september,Q8a_4_7,Loans and lending of library items - Of which - Adult (18+) OR unclassified - Sept 2025/Q2,
2025/2026,loans,loans_adult,october,Q8a_4_8,Loans and lending of library items - Of which - Adult (18+) OR unclassified - Oct 2025,
2025/2026,loans,loans_adult,november,Q8a_4_9,Loans and lending of library items - Of which - Adult (18+) OR unclassified - Nov 2025,
2025/2026,loans,loans_adult,december,Q8a_4_10,Loans and lending of library items - Of which - Adult (18+) OR unclassified - Dec 2025/Q3,
2025/2026,loans,loans_adult,january,Q8a_4_11,Loans and lending of library items - Of which - Adult (18+) OR unclassified - Jan 2026,
2025/2026,loans,loans_adult,february,Q8a_4_12,Loans and lending of library items - Of which - Adult (18+) OR unclassified - Feb 2026,
2025/2026,loans,loans_adult,march,Q8a_4_13,Loans and lending of library items - Of which - Adult (18+) OR unclassified - March 2026/Q4,
2025/2026,loans,loans_adult,Annual,Q8a_4_Total,Loans and lending of library items - Of which - Adult (18+) OR unclassified - Total 2025/26,
2025/2026,loans,total_physical_audiobook_issues,april,Q8a_5_1,Loans and lending of library items - Total number of AUDIO book issues - April 2025,
2025/2026,loans,total_physical_audiobook_issues,may,Q8a_5_2,Loans and lending of library items - Total number of AUDIO book issues - May 2025,
2025/2026,loans,total_physical_audiobook_issues,june,Q8a_5_3,Loans and lending of library items - Total number of AUDIO book issues - June 2025/Q1,
2025/2026,loans,total_physical_audiobook_issues,july,Q8a_5_5,Loans and lending of library items - Total number of AUDIO book issues - July 2025,
2025/2026,loans,total_physical_audiobook_issues,august,Q8a_5_6,Loans and lending of library items - Total number of AUDIO book issues - August 2025,
2025/2026,loans,total_physical_audiobook_issues,september,Q8a_5_7,Loans and lending of library items - Total number of AUDIO book issues - Sept 2025/Q2,
2025/2026,loans,total_physical_audiobook_issues,october,Q8a_5_8,Loans and lending of library items - Total number of AUDIO book issues - Oct 2025,
2025/2026,loans,total_physical_audiobook_issues,november,Q8a_5_9,Loans and lending of library items - Total number of AUDIO book issues - Nov 2025,
2025/2026,loans,total_physical_audiobook_issues,december,Q8a_5_10,Loans and lending of library items - Total number of AUDIO book issues - Dec 2025/Q3,
2025/2026,loans,total_physical_audiobook_issues,january,Q8a_5_11,Loans and lending of library items - Total number of AUDIO book issues - Jan 2026,
2025/2026,loans,total_physical_audiobook_issues,february,Q8a_5_12,Loans and lending of library items - Total number of AUDIO book issues - Feb 2026,
2025/2026,loans,total_physical_audiobook_issues,march,Q8a_5_13,Loans and lending of library items - Total number of AUDIO book issues - March 2026/Q4,
2025/2026,loans,total_physical_audiobook_issues,Annual,Q8a_5_Total,Loans and lending of library items - Total number of AUDIO book issues - Total 2025/26,
2025/2026,loans,loans_11_under_digital,april,Q8a_6_1,Loans and lending of library items - Of which - Children (11 and under)  - April 2025,
2025/2026,loans,loans_11_under_digital,may,Q8a_6_2,Loans and lending of library items - Of which - Children (11 and under)  - May 2025,
2025/2026,loans,loans_11_under_digital,june,Q8a_6_3,Loans and lending of library items - Of which - Children (11 and under)  - June 2025/Q1,
2025/2026,loans,loans_11_under_digital,july,Q8a_6_5,Loans and lending of library items - Of which - Children (11 and under)  - July 2025,
2025/2026,loans,loans_11_under_digital,august,Q8a_6_6,Loans and lending of library items - Of which - Children (11 and under)  - August 2025,
2025/2026,loans,loans_11_under_digital,september,Q8a_6_7,Loans and lending of library items - Of which - Children (11 and under)  - Sept 2025/Q2,
2025/2026,loans,loans_11_under_digital,october,Q8a_6_8,Loans and lending of library items - Of which - Children (11 and under)  - Oct 2025,
2025/2026,loans,loans_11_under_digital,november,Q8a_6_9,Loans and lending of library items - Of which - Children (11 and under)  - Nov 2025,
2025/2026,loans,loans_11_under_digital,december,Q8a_6_10,Loans and lending of library items - Of which - Children (11 and under)  - Dec 2025/Q3,
2025/2026,loans,loans_11_under_digital,january,Q8a_6_11,Loans and lending of library items - Of which - Children (11 and under)  - Jan 2026,
2025/2026,loans,loans_11_under_digital,february,Q8a_6_12,Loans and lending of library items - Of which - Children (11 and under)  - Feb 2026,
2025/2026,loans,loans_11_under_digital,march,Q8a_6_13,Loans and lending of library items - Of which - Children (11 and under)  - March 2026/Q4,
2025/2026,loans,loans_11_under_digital,Annual,Q8a_6_Total,Loans and lending of library items - Of which - Children (11 and under) - Total 2025/26,
2025/2026,loans,loans_12_17_digital,april,Q8a_7_1,Loans and lending of library items - Of which - Young people (12-17)  - April 2025,
2025/2026,loans,loans_12_17_digital,may,Q8a_7_2,Loans and lending of library items - Of which - Young people (12-17)  - May 2025,
2025/2026,loans,loans_12_17_digital,june,Q8a_7_3,Loans and lending of library items - Of which - Young people (12-17)  - June 2025/Q1,
2025/2026,loans,loans_12_17_digital,july,Q8a_7_5,Loans and lending of library items - Of which - Young people (12-17)  - July 2025,
2025/2026,loans,loans_12_17_digital,august,Q8a_7_6,Loans and lending of library items - Of which - Young people (12-17)  - August 2025,
2025/2026,loans,loans_12_17_digital,september,Q8a_7_7,Loans and lending of library items - Of which - Young people (12-17)  - Sept 2025/Q2,
2025/2026,loans,loans_12_17_digital,october,Q8a_7_8,Loans and lending of library items - Of which - Young people (12-17)  - Oct 2025,
2025/2026,loans,loans_12_17_digital,november,Q8a_7_9,Loans and lending of library items - Of which - Young people (12-17)  - Nov 2025,
2025/2026,loans,loans_12_17_digital,december,Q8a_7_10,Loans and lending of library items - Of which - Young people (12-17)  - Dec 2025/Q3,
2025/2026,loans,loans_12_17_digital,january,Q8a_7_11,Loans and lending of library items - Of which - Young people (12-17)  - Jan 2026,
2025/2026,loans,loans_12_17_digital,february,Q8a_7_12,Loans and lending of library items - Of which - Young people (12-17)  - Feb 2026,
2025/2026,loans,loans_12_17_digital,march,Q8a_7_13,Loans and lending of library items - Of which - Young people (12-17)  - March 2026/Q4,
2025/2026,loans,loans_12_17_digital,Annual,Q8a_7_Total,Loans and lending of library items - Of which - Young people (12-17) - Total 2025/26,
2025/2026,loans,loans_adult_digital,april,Q8a_8_1,Loans and lending of library items - Of which - Adult (18+) OR unclassified - April 2025,
2025/2026,loans,loans_adult_digital,may,Q8a_8_2,Loans and lending of library items - Of which - Adult (18+) OR unclassified - May 2025,
2025/2026,loans,loans_adult_digital,june,Q8a_8_3,Loans and lending of library items - Of which - Adult (18+) OR unclassified - June 2025/Q1,
2025/2026,loans,loans_adult_digital,july,Q8a_8_5,Loans and lending of library items - Of which - Adult (18+) OR unclassified - July 2025,
2025/2026,loans,loans_adult_digital,august,Q8a_8_6,Loans and lending of library items - Of which - Adult (18+) OR unclassified - August 2025,
2025/2026,loans,loans_adult_digital,september,Q8a_8_7,Loans and lending of library items - Of which - Adult (18+) OR unclassified - Sept 2025/Q2,
2025/2026,loans,loans_adult_digital,october,Q8a_8_8,Loans and lending of library items - Of which - Adult (18+) OR unclassified - Oct 2025,
2025/2026,loans,loans_adult_digital,november,Q8a_8_9,Loans and lending of library items - Of which - Adult (18+) OR unclassified - Nov 2025,
2025/2026,loans,loans_adult_digital,december,Q8a_8_10,Loans and lending of library items - Of which - Adult (18+) OR unclassified - Dec 2025/Q3,
2025/2026,loans,loans_adult_digital,january,Q8a_8_11,Loans and lending of library items - Of which - Adult (18+) OR unclassified - Jan 2026,
2025/2026,loans,loans_adult_digital,february,Q8a_8_12,Loans and lending of library items - Of which - Adult (18+) OR unclassified - Feb 2026,
2025/2026,loans,loans_adult_digital,march,Q8a_8_13,Loans and lending of library items - Of which - Adult (18+) OR unclassified - March 2026/Q4,
2025/2026,loans,loans_adult_digital,Annual,Q8a_8_Total,Loans and lending of library items - Of which - Adult (18+) OR unclassified - Total 2025/26,
2025/2026,loans,total_ebook_issues,april,Q10a_1_1,E-issues: - Total number of E-BOOKS issued - April 2025,
2025/2026,loans,total_ebook_issues,may,Q10a_1_2,E-issues: - Total number of E-BOOKS issued - May 2025,
2025/2026,loans,total_ebook_issues,june,Q10a_1_3,E-issues: - Total number of E-BOOKS issued - June 2025/Q1,
2025/2026,loans,total_ebook_issues,july,Q10a_1_4,E-issues: - Total number of E-BOOKS issued - July 2025,
2025/2026,loans,total_ebook_issues,august,Q10a_1_5,E-issues: - Total number of E-BOOKS issued - August 2025,
2025/2026,loans,total_ebook_issues,september,Q10a_1_6,E-issues: - Total number of E-BOOKS issued - Sept 2025/Q2,
2025/2026,loans,total_ebook_issues,october,Q10a_1_7,E-issues: - Total number of E-BOOKS issued - Oct 2025,
2025/2026,loans,total_ebook_issues,november,Q10a_1_8,E-issues: - Total number of E-BOOKS issued - Nov 2025,
2025/2026,loans,total_ebook_issues,december,Q10a_1_9,E-issues: - Total number of E-BOOKS issued - Dec 2025/Q3,
2025/2026,loans,total_ebook_issues,january,Q10a_1_10,E-issues: - Total number of E-BOOKS issued - Jan 2026,
2025/2026,loans,total_ebook_issues,february,Q10a_1_11,E-issues: - Total number of E-BOOKS issued - Feb 2026,
2025/2026,loans,total_ebook_issues,march,Q10a_1_12,E-issues: - Total number of E-BOOKS issued - March 2026/Q4,
2025/2026,loans,total_ebook_issues,Annual,Q10a_1_Total,E-issues: - Total number of E-BOOKS issued - Total 2025/26,
2025/2026,loans,ebooks_11_under,april,Q10a_2_1,E-issues: - Of which - Children (11 and under)  - April 2025,
2025/2026,loans,ebooks_11_under,may,Q10a_2_2,E-issues: - Of which - Children (11 and under)  - May 2025,
2025/2026,loans,ebooks_11_under,june,Q10a_2_3,E-issues: - Of which - Children (11 and under)  - June 2025/Q1,
2025/2026,loans,ebooks_11_under,july,Q10a_2_4,E-issues: - Of which - Children (11 and under)  - July 2025,
2025/2026,loans,ebooks_11_under,august,Q10a_2_5,E-issues: - Of which - Children (11 and under)  - August 2025,
2025/2026,loans,ebooks_11_under,september,Q10a_2_6,E-issues: - Of which - Children (11 and under)  - Sept 2025/Q2,
2025/2026,loans,ebooks_11_under,october,Q10a_2_7,E-issues: - Of which - Children (11 and under)  - Oct 2025,
2025/2026,loans,ebooks_11_under,november,Q10a_2_8,E-issues: - Of which - Children (11 and under)  - Nov 2025,
2025/2026,loans,ebooks_11_under,december,Q10a_2_9,E-issues: - Of which - Children (11 and under)  - Dec 2025/Q3,
2025/2026,loans,ebooks_11_under,january,Q10a_2_10,E-issues: - Of which - Children (11 and under)  - Jan 2026,
2025/2026,loans,ebooks_11_under,february,Q10a_2_11,E-issues: - Of which - Children (11 and under)  - Feb 2026,
2025/2026,loans,ebooks_11_under,march,Q10a_2_12,E-issues: - Of which - Children (11 and under)  - March 2026/Q4,
2025/2026,loans,ebooks_11_under,Annual,Q10a_2_Total,E-issues: - Of which - Children (11 and under) - Total 2025/26,
2025/2026,loans,ebooks_12_17,april,Q10a_3_1,E-issues: - Of which - Young people (12-17)  - April 2025,
2025/2026,loans,ebooks_12_17,may,Q10a_3_2,E-issues: - Of which - Young people (12-17)  - May 2025,
2025/2026,loans,ebooks_12_17,june,Q10a_3_3,E-issues: - Of which - Young people (12-17)  - June 2025/Q1,
2025/2026,loans,ebooks_12_17,july,Q10a_3_4,E-issues: - Of which - Young people (12-17)  - July 2025,
2025/2026,loans,ebooks_12_17,august,Q10a_3_5,E-issues: - Of which - Young people (12-17)  - August 2025,
2025/2026,loans,ebooks_12_17,september,Q10a_3_6,E-issues: - Of which - Young people (12-17)  - Sept 2025/Q2,
2025/2026,loans,ebooks_12_17,october,Q10a_3_7,E-issues: - Of which - Young people (12-17)  - Oct 2025,
2025/2026,loans,ebooks_12_17,november,Q10a_3_8,E-issues: - Of which - Young people (12-17)  - Nov 2025,
2025/2026,loans,ebooks_12_17,december,Q10a_3_9,E-issues: - Of which - Young people (12-17)  - Dec 2025/Q3,
2025/2026,loans,ebooks_12_17,january,Q10a_3_10,E-issues: - Of which - Young people (12-17)  - Jan 2026,
2025/2026,loans,ebooks_12_17,february,Q10a_3_11,E-issues: - Of which - Young people (12-17)  - Feb 2026,
2025/2026,loans,ebooks_12_17,march,Q10a_3_12,E-issues: - Of which - Young people (12-17)  - March 2026/Q4,
2025/2026,loans,ebooks_12_17,Annual,Q10a_3_Total,E-issues: - Of which - Young people (12-17) - Total 2025/26,
2025/2026,loans,ebooks_adult,april,Q10a_4_1,E-issues: - Of which - Adult (18+) OR unclassified - April 2025,
2025/2026,loans,ebooks_adult,may,Q10a_4_2,E-issues: - Of which - Adult (18+) OR unclassified - May 2025,
2025/2026,loans,ebooks_adult,june,Q10a_4_3,E-issues: - Of which - Adult (18+) OR unclassified - June 2025/Q1,
2025/2026,loans,ebooks_adult,july,Q10a_4_4,E-issues: - Of which - Adult (18+) OR unclassified - July 2025,
2025/2026,loans,ebooks_adult,august,Q10a_4_5,E-issues: - Of which - Adult (18+) OR unclassified - August 2025,
2025/2026,loans,ebooks_adult,september,Q10a_4_6,E-issues: - Of which - Adult (18+) OR unclassified - Sept 2025/Q2,
2025/2026,loans,ebooks_adult,october,Q10a_4_7,E-issues: - Of which - Adult (18+) OR unclassified - Oct 2025,
2025/2026,loans,ebooks_adult,november,Q10a_4_8,E-issues: - Of which - Adult (18+) OR unclassified - Nov 2025,
2025/2026,loans,ebooks_adult,december,Q10a_4_9,E-issues: - Of which - Adult (18+) OR unclassified - Dec 2025/Q3,
2025/2026,loans,ebooks_adult,january,Q10a_4_10,E-issues: - Of which - Adult (18+) OR unclassified - Jan 2026,
2025/2026,loans,ebooks_adult,february,Q10a_4_11,E-issues: - Of which - Adult (18+) OR unclassified - Feb 2026,
2025/2026,loans,ebooks_adult,march,Q10a_4_12,E-issues: - Of which - Adult (18+) OR unclassified - March 2026/Q4,
2025/2026,loans,ebooks_adult,Annual,Q10a_4_Total,E-issues: - Of which - Adult (18+) OR unclassified - Total 2025/26,
2025/2026,loans,total_digital_audiobook_issues,april,Q10a_5_1,E-issues: - Total number of DIGITAL AUDIO BOOKS issued - April 2025,
2025/2026,loans,total_digital_audiobook_issues,may,Q10a_5_2,E-issues: - Total number of DIGITAL AUDIO BOOKS issued - May 2025,
2025/2026,loans,total_digital_audiobook_issues,june,Q10a_5_3,E-issues: - Total number of DIGITAL AUDIO BOOKS issued - June 2025/Q1,
2025/2026,loans,total_digital_audiobook_issues,july,Q10a_5_4,E-issues: - Total number of DIGITAL AUDIO BOOKS issued - July 2025,
2025/2026,loans,total_digital_audiobook_issues,august,Q10a_5_5,E-issues: - Total number of DIGITAL AUDIO BOOKS issued - August 2025,
2025/2026,loans,total_digital_audiobook_issues,september,Q10a_5_6,E-issues: - Total number of DIGITAL AUDIO BOOKS issued - Sept 2025/Q2,
2025/2026,loans,total_digital_audiobook_issues,october,Q10a_5_7,E-issues: - Total number of DIGITAL AUDIO BOOKS issued - Oct 2025,
2025/2026,loans,total_digital_audiobook_issues,november,Q10a_5_8,E-issues: - Total number of DIGITAL AUDIO BOOKS issued - Nov 2025,
2025/2026,loans,total_digital_audiobook_issues,december,Q10a_5_9,E-issues: - Total number of DIGITAL AUDIO BOOKS issued - Dec 2025/Q3,
2025/2026,loans,total_digital_audiobook_issues,january,Q10a_5_10,E-issues: - Total number of DIGITAL AUDIO BOOKS issued - Jan 2026,
2025/2026,loans,total_digital_audiobook_issues,february,Q10a_5_11,E-issues: - Total number of DIGITAL AUDIO BOOKS issued - Feb 2026,
2025/2026,loans,total_digital_audiobook_issues,march,Q10a_5_12,E-issues: - Total number of DIGITAL AUDIO BOOKS issued - March 2026/Q4,
2025/2026,loans,total_digital_audiobook_issues,Annual,Q10a_5_Total,E-issues: - Total number of DIGITAL AUDIO BOOKS issued - Total 2025/26,
2025/2026,loans,digital_audiobook_issues_11_under,april,Q10a_6_1,E-issues: - Of which - Children (11 and under)  - April 2025,
2025/2026,loans,digital_audiobook_issues_11_under,may,Q10a_6_2,E-issues: - Of which - Children (11 and under)  - May 2025,
2025/2026,loans,digital_audiobook_issues_11_under,june,Q10a_6_3,E-issues: - Of which - Children (11 and under)  - June 2025/Q1,
2025/2026,loans,digital_audiobook_issues_11_under,july,Q10a_6_4,E-issues: - Of which - Children (11 and under)  - July 2025,
2025/2026,loans,digital_audiobook_issues_11_under,august,Q10a_6_5,E-issues: - Of which - Children (11 and under)  - August 2025,
2025/2026,loans,digital_audiobook_issues_11_under,september,Q10a_6_6,E-issues: - Of which - Children (11 and under)  - Sept 2025/Q2,
2025/2026,loans,digital_audiobook_issues_11_under,october,Q10a_6_7,E-issues: - Of which - Children (11 and under)  - Oct 2025,
2025/2026,loans,digital_audiobook_issues_11_under,november,Q10a_6_8,E-issues: - Of which - Children (11 and under)  - Nov 2025,
2025/2026,loans,digital_audiobook_issues_11_under,december,Q10a_6_9,E-issues: - Of which - Children (11 and under)  - Dec 2025/Q3,
2025/2026,loans,digital_audiobook_issues_11_under,january,Q10a_6_10,E-issues: - Of which - Children (11 and under)  - Jan 2026,
2025/2026,loans,digital_audiobook_issues_11_under,february,Q10a_6_11,E-issues: - Of which - Children (11 and under)  - Feb 2026,
2025/2026,loans,digital_audiobook_issues_11_under,march,Q10a_6_12,E-issues: - Of which - Children (11 and under)  - March 2026/Q4,
2025/2026,loans,digital_audiobook_issues_11_under,Annual,Q10a_6_Total,E-issues: - Of which - Children (11 and under) - Total 2025/26,
2025/2026,loans,digital_audiobook_issues_12_17,april,Q10a_7_1,E-issues: - Of which - Young people (12-17)  - April 2025,
2025/2026,loans,digital_audiobook_issues_12_17,may,Q10a_7_2,E-issues: - Of which - Young people (12-17)  - May 2025,
2025/2026,loans,digital_audiobook_issues_12_17,june,Q10a_7_3,E-issues: - Of which - Young people (12-17)  - June 2025/Q1,
2025/2026,loans,digital_audiobook_issues_12_17,july,Q10a_7_4,E-issues: - Of which - Young people (12-17)  - July 2025,
2025/2026,loans,digital_audiobook_issues_12_17,august,Q10a_7_5,E-issues: - Of which - Young people (12-17)  - August 2025,
2025/2026,loans,digital_audiobook_issues_12_17,september,Q10a_7_6,E-issues: - Of which - Young people (12-17)  - Sept 2025/Q2,
2025/2026,loans,digital_audiobook_issues_12_17,october,Q10a_7_7,E-issues: - Of which - Young people (12-17)  - Oct 2025,
2025/2026,loans,digital_audiobook_issues_12_17,november,Q10a_7_8,E-issues: - Of which - Young people (12-17)  - Nov 2025,
2025/2026,loans,digital_audiobook_issues_12_17,december,Q10a_7_9,E-issues: - Of which - Young people (12-17)  - Dec 2025/Q3,
2025/2026,loans,digital_audiobook_issues_12_17,january,Q10a_7_10,E-issues: - Of which - Young people (12-17)  - Jan 2026,
2025/2026,loans,digital_audiobook_issues_12_17,february,Q10a_7_11,E-issues: - Of which - Young people (12-17)  - Feb 2026,
2025/2026,loans,digital_audiobook_issues_12_17,march,Q10a_7_12,E-issues: - Of which - Young people (12-17)  - March 2026/Q4,
2025/2026,loans,digital_audiobook_issues_12_17,Annual,Q10a_7_Total,E-issues: - Of which - Young people (12-17) - Total 2025/26,
2025/2026,loans,digital_audiobook_issues_adult,april,Q10a_8_1,E-issues: - Of which - Adult (18+) OR unclassified - April 2025,
2025/2026,loans,digital_audiobook_issues_adult,may,Q10a_8_2,E-issues: - Of which - Adult (18+) OR unclassified - May 2025,
2025/2026,loans,digital_audiobook_issues_adult,june,Q10a_8_3,E-issues: - Of which - Adult (18+) OR unclassified - June 2025/Q1,
2025/2026,loans,digital_audiobook_issues_adult,july,Q10a_8_4,E-issues: - Of which - Adult (18+) OR unclassified - July 2025,
2025/2026,loans,digital_audiobook_issues_adult,august,Q10a_8_5,E-issues: - Of which - Adult (18+) OR unclassified - August 2025,
2025/2026,loans,digital_audiobook_issues_adult,september,Q10a_8_6,E-issues: - Of which - Adult (18+) OR unclassified - Sept 2025/Q2,
2025/2026,loans,digital_audiobook_issues_adult,october,Q10a_8_7,E-issues: - Of which - Adult (18+) OR unclassified - Oct 2025,
2025/2026,loans,digital_audiobook_issues_adult,november,Q10a_8_8,E-issues: - Of which - Adult (18+) OR unclassified - Nov 2025,
2025/2026,loans,digital_audiobook_issues_adult,december,Q10a_8_9,E-issues: - Of which - Adult (18+) OR unclassified - Dec 2025/Q3,
2025/2026,loans,digital_audiobook_issues_adult,january,Q10a_8_10,E-issues: - Of which - Adult (18+) OR unclassified - Jan 2026,
2025/2026,loans,digital_audiobook_issues_adult,february,Q10a_8_11,E-issues: - Of which - Adult (18+) OR unclassified - Feb 2026,
2025/2026,loans,digital_audiobook_issues_adult,march,Q10a_8_12,E-issues: - Of which - Adult (18+) OR unclassified - March 2026/Q4,
2025/2026,loans,digital_audiobook_issues_adult,Annual,Q10a_8_Total,E-issues: - Of which - Adult (18+) OR unclassified - Total 2025/26,
2025/2026,visits,physical_visits,april,Q11a_1_1,Physical visits of people into library premises: - Visitors to  LIBRARY-ONLY sites - April 2025,
2025/2026,visits,physical_visits,may,Q11a_1_2,Physical visits of people into library premises: - Visitors to  LIBRARY-ONLY sites - May 2025,
2025/2026,visits,physical_visits,june,Q11a_1_3,Physical visits of people into library premises: - Visitors to  LIBRARY-ONLY sites - June 2025/Q1,
2025/2026,visits,physical_visits,july,Q11a_1_4,Physical visits of people into library premises: - Visitors to  LIBRARY-ONLY sites - July 2025,
2025/2026,visits,physical_visits,august,Q11a_1_14,Physical visits of people into library premises: - Visitors to  LIBRARY-ONLY sites - August 2025,
2025/2026,visits,physical_visits,september,Q11a_1_15,Physical visits of people into library premises: - Visitors to  LIBRARY-ONLY sites - Sept 2025/Q2,
2025/2026,visits,physical_visits,october,Q11a_1_16,Physical visits of people into library premises: - Visitors to  LIBRARY-ONLY sites - Oct 2025,
2025/2026,visits,physical_visits,november,Q11a_1_17,Physical visits of people into library premises: - Visitors to  LIBRARY-ONLY sites - Nov 2025,
2025/2026,visits,physical_visits,december,Q11a_1_18,Physical visits of people into library premises: - Visitors to  LIBRARY-ONLY sites - Dec 2025/Q3,
2025/2026,visits,physical_visits,january,Q11a_1_19,Physical visits of people into library premises: - Visitors to  LIBRARY-ONLY sites - Jan 2026,
2025/2026,visits,physical_visits,february,Q11a_1_20,Physical visits of people into library premises: - Visitors to  LIBRARY-ONLY sites - Feb 2026,
2025/2026,visits,physical_visits,march,Q11a_1_21,Physical visits of people into library premises: - Visitors to  LIBRARY-ONLY sites - March 2026/Q4,
2025/2026,visits,physical_visits,Annual,Q11a_1_Total,Physical visits of people into library premises: - Visitors to  LIBRARY-ONLY sites - Total 2025/26,
2025/2026,visits,physical_visits_no_colocation,april,Q11a_2_1,Physical visits of people into library premises: - Visitors to CO-LOCATION sites - April 2025,
2025/2026,visits,physical_visits_no_colocation,may,Q11a_2_2,Physical visits of people into library premises: - Visitors to CO-LOCATION sites - May 2025,
2025/2026,visits,physical_visits_no_colocation,june,Q11a_2_3,Physical visits of people into library premises: - Visitors to CO-LOCATION sites - June 2025/Q1,
2025/2026,visits,physical_visits_no_colocation,july,Q11a_2_4,Physical visits of people into library premises: - Visitors to CO-LOCATION sites - July 2025,
2025/2026,visits,physical_visits_no_colocation,august,Q11a_2_14,Physical visits of people into library premises: - Visitors to CO-LOCATION sites - August 2025,
2025/2026,visits,physical_visits_no_colocation,september,Q11a_2_15,Physical visits of people into library premises: - Visitors to CO-LOCATION sites - Sept 2025/Q2,
2025/2026,visits,physical_visits_no_colocation,october,Q11a_2_16,Physical visits of people into library premises: - Visitors to CO-LOCATION sites - Oct 2025,
2025/2026,visits,physical_visits_no_colocation,november,Q11a_2_17,Physical visits of people into library premises: - Visitors to CO-LOCATION sites - Nov 2025,
2025/2026,visits,physical_visits_no_colocation,december,Q11a_2_18,Physical visits of people into library premises: - Visitors to CO-LOCATION sites - Dec 2025/Q3,
2025/2026,visits,physical_visits_no_colocation,january,Q11a_2_19,Physical visits of people into library premises: - Visitors to CO-LOCATION sites - Jan 2026,
2025/2026,visits,physical_visits_no_colocation,february,Q11a_2_20,Physical visits of people into library premises: - Visitors to CO-LOCATION sites - Feb 2026,
2025/2026,visits,physical_visits_no_colocation,march,Q11a_2_21,Physical visits of people into library premises: - Visitors to CO-LOCATION sites - March 2026/Q4,
2025/2026,visits,physical_visits_no_colocation,Annual,Q11a_2_Total,Physical visits of people into library premises: - Visitors to CO-LOCATION sites - Total 2025/26,
2025/2026,click_and_collect,click_and_collect,april,Q12a_1_1,Additional lending methods: - Click and collect - April 2025,
2025/2026,click_and_collect,click_and_collect,may,Q12a_1_2,Additional lending methods: - Click and collect - May 2025,
2025/2026,click_and_collect,click_and_collect,june,Q12a_1_3,Additional lending methods: - Click and collect - June 2025/Q1,
2025/2026,click_and_collect,click_and_collect,july,Q12a_1_4,Additional lending methods: - Click and collect - July 2025,
2025/2026,click_and_collect,click_and_collect,august,Q12a_1_13,Additional lending methods: - Click and collect - August 2025,
2025/2026,click_and_collect,click_and_collect,september,Q12a_1_14,Additional lending methods: - Click and collect - Sept 2025/Q2,
2025/2026,click_and_collect,click_and_collect,october,Q12a_1_15,Additional lending methods: - Click and collect - Oct 2025,
2025/2026,click_and_collect,click_and_collect,november,Q12a_1_16,Additional lending methods: - Click and collect - Nov 2025,
2025/2026,click_and_collect,click_and_collect,december,Q12a_1_17,Additional lending methods: - Click and collect - Dec 2025/Q3,
2025/2026,click_and_collect,click_and_collect,january,Q12a_1_18,Additional lending methods: - Click and collect - Jan 2026,
2025/2026,click_and_collect,click_and_collect,february,Q12a_1_19,Additional lending methods: - Click and collect - Feb 2026,
2025/2026,click_and_collect,click_and_collect,march,Q12a_1_20,Additional lending methods: - Click and collect - March 2026/Q4,
2025/2026,click_and_collect,click_and_collect,Annual,Q12a_1_Total,Additional lending methods: - Click and collect - Total 2025/26,
2025/2026,visits,mobile_libraries,april,Q12a_2_1,Additional lending methods: - Mobile libraries - April 2025,
2025/2026,visits,mobile_libraries,may,Q12a_2_2,Additional lending methods: - Mobile libraries - May 2025,
2025/2026,visits,mobile_libraries,june,Q12a_2_3,Additional lending methods: - Mobile libraries - June 2025/Q1,
2025/2026,visits,mobile_libraries,july,Q12a_2_4,Additional lending methods: - Mobile libraries - July 2025,
2025/2026,visits,mobile_libraries,august,Q12a_2_13,Additional lending methods: - Mobile libraries - August 2025,
2025/2026,visits,mobile_libraries,september,Q12a_2_14,Additional lending methods: - Mobile libraries - Sept 2025/Q2,
2025/2026,visits,mobile_libraries,october,Q12a_2_15,Additional lending methods: - Mobile libraries - Oct 2025,
2025/2026,visits,mobile_libraries,november,Q12a_2_16,Additional lending methods: - Mobile libraries - Nov 2025,
2025/2026,visits,mobile_libraries,december,Q12a_2_17,Additional lending methods: - Mobile libraries - Dec 2025/Q3,
2025/2026,visits,mobile_libraries,january,Q12a_2_18,Additional lending methods: - Mobile libraries - Jan 2026,
2025/2026,visits,mobile_libraries,february,Q12a_2_19,Additional lending methods: - Mobile libraries - Feb 2026,
2025/2026,visits,mobile_libraries,march,Q12a_2_20,Additional lending methods: - Mobile libraries - March 2026/Q4,
2025/2026,visits,mobile_libraries,Annual,Q12a_2_Total,Additional lending methods: - Mobile libraries - Total 2025/26,
2025/2026,visits,home_delivery,april,Q12a_3_1,Additional lending methods: - Home delivery - April 2025,
2025/2026,visits,home_delivery,may,Q12a_3_2,Additional lending methods: - Home delivery - May 2025,
2025/2026,visits,home_delivery,june,Q12a_3_3,Additional lending methods: - Home delivery - June 2025/Q1,
2025/2026,visits,home_delivery,july,Q12a_3_4,Additional lending methods: - Home delivery - July 2025,
2025/2026,visits,home_delivery,august,Q12a_3_13,Additional lending methods: - Home delivery - August 2025,
2025/2026,visits,home_delivery,september,Q12a_3_14,Additional lending methods: - Home delivery - Sept 2025/Q2,
2025/2026,visits,home_delivery,october,Q12a_3_15,Additional lending methods: - Home delivery - Oct 2025,
2025/2026,visits,home_delivery,november,Q12a_3_16,Additional lending methods: - Home delivery - Nov 2025,
2025/2026,visits,home_delivery,december,Q12a_3_17,Additional lending methods: - Home delivery - Dec 2025/Q3,
2025/2026,visits,home_delivery,january,Q12a_3_18,Additional lending methods: - Home delivery - Jan 2026,
2025/2026,visits,home_delivery,february,Q12a_3_19,Additional lending methods: - Home delivery - Feb 2026,
2025/2026,visits,home_delivery,march,Q12a_3_20,Additional lending methods: - Home delivery - March 2026/Q4,
2025/2026,visits,home_delivery,Annual,Q12a_3_Total,Additional lending methods: - Home delivery - Total 2025/26,
2025/2026,computer_usage,hours_public_computers,april,Q14a_1_1,PC use - Number of hours of usage - April 2025,
2025/2026,computer_usage,hours_public_computers,may,Q14a_1_2,PC use - Number of hours of usage - May 2025,
2025/2026,computer_usage,hours_public_computers,june,Q14a_1_3,PC use - Number of hours of usage - June 2025/Q1,
2025/2026,computer_usage,hours_public_computers,july,Q14a_1_4,PC use - Number of hours of usage - July 2025,
2025/2026,computer_usage,hours_public_computers,august,Q14a_1_13,PC use - Number of hours of usage - August 2025,
2025/2026,computer_usage,hours_public_computers,september,Q14a_1_14,PC use - Number of hours of usage - Sept 2025/Q2,
2025/2026,computer_usage,hours_public_computers,october,Q14a_1_15,PC use - Number of hours of usage - Oct 2025,
2025/2026,computer_usage,hours_public_computers,november,Q14a_1_16,PC use - Number of hours of usage - Nov 2025,
2025/2026,computer_usage,hours_public_computers,december,Q14a_1_17,PC use - Number of hours of usage - Dec 2025/Q3,
2025/2026,computer_usage,hours_public_computers,january,Q14a_1_18,PC use - Number of hours of usage - Jan 2026,
2025/2026,computer_usage,hours_public_computers,february,Q14a_1_19,PC use - Number of hours of usage - Feb 2026,
2025/2026,computer_usage,hours_public_computers,march,Q14a_1_20,PC use - Number of hours of usage - March 2026/Q4,
2025/2026,computer_usage,hours_public_computers,Annual,Q14a_1_Total,PC use - Number of hours of usage - Total 2025/26,
2025/2026,wifi_sessions,wifi_sessions,april,Q14a_2_1,PC use - Number of sessions of wifi access - April 2025,
2025/2026,wifi_sessions,wifi_sessions,may,Q14a_2_2,PC use - Number of sessions of wifi access - May 2025,
2025/2026,wifi_sessions,wifi_sessions,june,Q14a_2_3,PC use - Number of sessions of wifi access - June 2025/Q1,
2025/2026,wifi_sessions,wifi_sessions,july,Q14a_2_4,PC use - Number of sessions of wifi access - July 2025,
2025/2026,wifi_sessions,wifi_sessions,august,Q14a_2_13,PC use - Number of sessions of wifi access - August 2025,
2025/2026,wifi_sessions,wifi_sessions,september,Q14a_2_14,PC use - Number of sessions of wifi access - Sept 2025/Q2,
2025/2026,wifi_sessions,wifi_sessions,october,Q14a_2_15,PC use - Number of sessions of wifi access - Oct 2025,
2025/2026,wifi_sessions,wifi_sessions,november,Q14a_2_16,PC use - Number of sessions of wifi access - Nov 2025,
2025/2026,wifi_sessions,wifi_sessions,december,Q14a_2_17,PC use - Number of sessions of wifi access - Dec 2025/Q3,
2025/2026,wifi_sessions,wifi_sessions,january,Q14a_2_18,PC use - Number of sessions of wifi access - Jan 2026,
2025/2026,wifi_sessions,wifi_sessions,february,Q14a_2_19,PC use - Number of sessions of wifi access - Feb 2026,
2025/2026,wifi_sessions,wifi_sessions,march,Q14a_2_20,PC use - Number of sessions of wifi access - March 2026/Q4,
2025/2026,wifi_sessions,wifi_sessions,Annual,Q14a_2_Total,PC use - Number of sessions of wifi access - Total 2025/26,
2025/2026,events,events_physical_audience_summary,Annual,Q5a_Physical_Audience_Total,Physical events - age groups plus all-age events,
2025/2026,events,events_digital_audience_summary,Annual,Q5a_Digital_Audience_Total,Digital events - age groups plus all-age events,
2025/2026,attendance,attendance_physical_age_summary,Annual,Q7a_Physical_All_Totals,Physical attendances - sum of age totals,
2025/2026,attendance,attendance_digital_age_summary,Annual,Q7a_Digital_All_Totals,Digital attendances - sum of age totals,
2025/2026,users,active_members_vision_print_impairment,Annual,Q18a,"As at 31/03, how many active users did you have with a vision or print impairment?",
2025/2026,computer_inventory,inventory_computers_in_service,Annual,Q16_1_1,"Please tell us, as of 31/03/26: - Number of PCs and devices available for use service-wide in a library building - Total as at 31/03",
2025/2026,computer_inventory,inventory_devices_for_loan,Annual,Q16_2_1,"Please tell us, as of 31/03/26: - Number of devices available for loan - Total as at 31/03",
2025/2026,computer_inventory,inventory_device_loan_issues,Annual,Q16_3_1,"Please tell us, as of 31/03/26: - Number of issues of devices available for loan - Total as at 31/03",
