Authority,Period,Count,Estimated count,Status,Notes
E09000001,2023-04-01/P3M,4662,,,
E09000001,2023-07-01/P3M,4908,,,
E09000001,2023-10-01/P3M,5222,,,
E09000001,2024-01-01/P3M,5480,,,
E08000016,2023-04-01/P1M,2667,,,
E08000016,2023-05-01/P1M,3000,,,
E08000016,2023-06-01/P1M,3468,,,
E08000016,2023-07-01/P1M,3395,,,
E08000016,2023-08-01/P1M,2997,,,
E08000016,2023-09-01/P1M,2931,,,
E08000016,2023-10-01/P1M,3409,,,
E08000016,2023-11-01/P1M,3267,,,
E08000016,2023-12-01/P1M,2655,,,
E08000016,2024-01-01/P1M,3261,,,
E08000016,2024-02-01/P1M,3147,,,
E08000016,2024-03-01/P1M,3010,,,
E06000022,2023-04-01/P1M,1966,,,
E06000022,2023-05-01/P1M,2027,,,
E06000022,2023-06-01/P1M,2251,,,
E06000022,2023-07-01/P1M,2690,,,
E06000022,2023-08-01/P1M,5434,,,
E06000022,2023-09-01/P1M,2570,,,
E06000022,2023-10-01/P1M,2463,,,
E06000022,2023-11-01/P1M,2339,,,
E06000022,2023-12-01/P1M,2101,,,
E06000022,2024-01-01/P1M,2634,,,
E06000022,2024-02-01/P1M,2542,,,
E06000022,2024-03-01/P1M,2567,,,
E06000009,2023-04-01/P1M,1654,,,
E06000009,2023-05-01/P1M,1683,,,
E06000009,2023-06-01/P1M,1842,,,
E06000009,2023-07-01/P1M,2087,,,
E06000009,2023-08-01/P1M,2296,,,
E06000009,2023-09-01/P1M,2296,,,
E06000009,2023-10-01/P1M,2345,,,
E06000009,2023-11-01/P1M,1791,,,
E06000009,2023-12-01/P1M,1504,,,
E06000009,2024-01-01/P1M,2071,,,
E06000009,2024-02-01/P1M,2007,,,
E06000009,2024-03-01/P1M,2123,,,
E08000001,2023-04-01/P1M,4561,,,
E08000001,2023-05-01/P1M,4620,,,
E08000001,2023-06-01/P1M,4215,,,
E08000001,2023-07-01/P1M,4636,,,
E08000001,2023-08-01/P1M,4758,,,
E08000001,2023-09-01/P1M,4372,,,
E08000001,2023-10-01/P1M,4633,,,
E08000001,2023-11-01/P1M,4107,,,
E08000001,2023-12-01/P1M,4326,,,
E08000001,2024-01-01/P1M,3700,,,
E08000001,2024-02-01/P1M,4993,,,
E08000001,2024-03-01/P1M,5017,,,
E06000058,2023-04-01/P1M,6223,,,
E06000058,2023-05-01/P1M,6627,,,
E06000058,2023-06-01/P1M,6920,,,
E06000058,2023-07-01/P1M,7242,,,
E06000058,2023-08-01/P1M,7054,,,
E06000058,2023-09-01/P1M,6964,,,
E06000058,2023-10-01/P1M,7304,,,
E06000058,2023-11-01/P1M,6791,,,
E06000058,2023-12-01/P1M,5553,,,
E06000058,2024-01-01/P1M,7270,,,
E06000058,2024-02-01/P1M,6841,,,
E06000058,2024-03-01/P1M,7206,,,
E06000036,2023-04-01/P1M,2318,,,
E06000036,2023-05-01/P1M,2654,,,
E06000036,2023-06-01/P1M,2838,,,
E06000036,2023-07-01/P1M,2858,,,
E06000036,2023-08-01/P1M,2786,,,
E06000036,2023-09-01/P1M,3084,,,
E06000036,2023-10-01/P1M,3144,,,
E06000036,2023-11-01/P1M,2376,,,
E06000036,2023-12-01/P1M,3066,,,
E06000036,2024-01-01/P1M,2886,,,
E06000036,2024-02-01/P1M,3008,,,
E06000036,2024-03-01/P1M,3372,,,
E08000032,2023-04-01/P1M,3268,,,
E08000032,2023-05-01/P1M,3750,,,
E08000032,2023-06-01/P1M,3945,,,
E08000032,2023-07-01/P1M,4126,,,
E08000032,2023-08-01/P1M,4305,,,
E08000032,2023-09-01/P1M,3969,,,
E08000032,2023-10-01/P1M,4234,,,
E08000032,2023-11-01/P1M,3924,,,
E08000032,2023-12-01/P1M,2828,,,
E08000032,2024-01-01/P1M,3992,,,
E08000032,2024-02-01/P1M,3631,,,
E08000032,2024-03-01/P1M,3632,,,
E09000005,2023-04-01/P1M,7621,,,
E09000005,2023-05-01/P1M,6922,,,
E09000005,2023-06-01/P1M,7598,,,
E09000005,2023-07-01/P1M,8168,,,
E09000005,2023-08-01/P1M,7747,,,
E09000005,2023-09-01/P1M,7693,,,
E09000005,2023-10-01/P1M,8386,,,
E09000005,2023-11-01/P1M,8224,,,
E09000005,2023-12-01/P1M,7075,,,
E09000005,2024-01-01/P1M,8548,,,
E09000005,2024-02-01/P1M,8055,,,
E09000005,2024-03-01/P1M,7730,,,
E06000023,2023-04-01/P1M,6732,,,
E06000023,2023-05-01/P1M,7654,,,
E06000023,2023-06-01/P1M,7461,,,
E06000023,2023-07-01/P1M,6720,,,
E06000023,2023-08-01/P1M,7276,,,
E06000023,2023-09-01/P1M,8036,,,
E06000023,2023-10-01/P1M,8399,,,
E06000023,2023-11-01/P1M,8349,,,
E06000023,2023-12-01/P1M,6770,,,
E06000023,2024-01-01/P1M,8262,,,
E06000023,2024-02-01/P1M,7881,,,
E06000023,2024-03-01/P1M,7557,,,
E09000006,2023-04-01/P1M,7127,,,
E09000006,2023-05-01/P1M,6915,,,
E09000006,2023-06-01/P1M,7155,,,
E09000006,2023-07-01/P1M,7604,,,
E09000006,2023-08-01/P1M,7837,,,
E09000006,2023-09-01/P1M,7883,,,
E09000006,2023-10-01/P1M,7938,,,
E09000006,2023-11-01/P1M,7634,,,
E09000006,2023-12-01/P1M,6575,,,
E09000006,2024-01-01/P1M,7541,,,
E09000006,2024-02-01/P1M,7426,,,
E09000006,2024-03-01/P1M,7277,,,
E06000060,2023-04-01/P1M,2473,,,
E06000060,2023-05-01/P1M,2623,,,
E06000060,2023-06-01/P1M,2637,,,
E06000060,2023-07-01/P1M,2854,,,
E06000060,2023-08-01/P1M,3077,,,
E06000060,2023-09-01/P1M,2886,,,
E06000060,2023-10-01/P1M,3045,,,
E06000060,2023-11-01/P1M,2715,,,
E06000060,2023-12-01/P1M,2246,,,
E06000060,2024-01-01/P1M,2719,,,
E06000060,2024-02-01/P1M,2640,,,
E06000060,2024-03-01/P1M,2544,,,
E08000002,2023-04-01/P1M,1082,,,
E08000002,2023-05-01/P1M,1153,,,
E08000002,2023-06-01/P1M,1293,,,
E08000002,2023-07-01/P1M,1233,,,
E08000002,2023-08-01/P1M,1492,,,
E08000002,2023-09-01/P1M,1300,,,
E08000002,2023-10-01/P1M,1383,,,
E08000002,2023-11-01/P1M,1452,,,
E08000002,2023-12-01/P1M,901,,,
E08000002,2024-01-01/P1M,1271,,,
E08000002,2024-02-01/P1M,1401,,,
E08000002,2024-03-01/P1M,1383,,,
E08000033,2023-04-01/P1M,2054,,,
E08000033,2023-05-01/P1M,2278,,,
E08000033,2023-06-01/P1M,2469,,,
E08000033,2023-07-01/P1M,2436,,,
E08000033,2023-08-01/P1M,2369,,,
E08000033,2023-09-01/P1M,2243,,,
E08000033,2023-10-01/P1M,2583,,,
E08000033,2023-11-01/P1M,2348,,,
E08000033,2023-12-01/P1M,1612,,,
E08000033,2024-01-01/P1M,2481,,,
E08000033,2024-02-01/P1M,2583,,,
E08000033,2024-03-01/P1M,2519,,,
E10000003,2023-04-01/P1Y,92468,,,
E06000050,2023-04-01/P1M,2181,,,
E06000050,2023-05-01/P1M,1951,,,
E06000050,2023-06-01/P1M,2309,,,
E06000050,2023-07-01/P1M,2371,,,
E06000050,2023-08-01/P1M,2290,,,
E06000050,2023-09-01/P1M,2360,,,
E06000050,2023-10-01/P1M,2443,,,
E06000050,2023-11-01/P1M,2386,,,
E06000050,2023-12-01/P1M,1948,,,
E06000050,2024-01-01/P1M,2410,,,
E06000050,2024-02-01/P1M,2298,,,
E06000050,2024-03-01/P1M,2279,,,
E06000052,2023-04-01/P1M,4421,,,
E06000052,2023-05-01/P1M,4488,,,
E06000052,2023-06-01/P1M,5036,,,
E06000052,2023-07-01/P1M,5235,,,
E06000052,2023-08-01/P1M,5269,,,
E06000052,2023-09-01/P1M,5265,,,
E06000052,2023-10-01/P1M,6060,,,
E06000052,2023-11-01/P1M,5372,,,
E06000052,2023-12-01/P1M,4164,,,
E06000052,2024-01-01/P1M,5394,,,
E06000052,2024-02-01/P1M,5028,,,
E06000052,2024-03-01/P1M,5025,,,
E08000026,2023-04-01/P1M,6335,,,
E08000026,2023-05-01/P1M,6422,,,
E08000026,2023-06-01/P1M,6902,,,
E08000026,2023-07-01/P1M,7483,,,
E08000026,2023-08-01/P1M,7734,,,
E08000026,2023-09-01/P1M,6469,,,
E08000026,2023-10-01/P1M,7460,,,
E08000026,2023-11-01/P1M,6922,,,
E08000026,2023-12-01/P1M,5623,,,
E08000026,2024-01-01/P1M,7309,,,
E08000026,2024-02-01/P1M,7409,,,
E08000026,2024-03-01/P1M,7977,,,
E06000063,2023-04-01/P1M,1417,,,
E06000063,2023-05-01/P1M,1438,,,
E06000063,2023-06-01/P1M,1623,,,
E06000063,2023-07-01/P1M,1859,,,
E06000063,2023-08-01/P1M,1823,,,
E06000063,2023-09-01/P1M,1665,,,
E06000063,2023-10-01/P1M,1795,,,
E06000063,2023-11-01/P1M,1697,,,
E06000063,2023-12-01/P1M,1404,,,
E06000063,2024-01-01/P1M,1750,,,
E06000063,2024-02-01/P1M,1821,,,
E06000063,2024-03-01/P1M,1836,,,
E06000005,2023-04-01/P1Y,5607,,,
E06000015,2023-04-01/P1M,4348,,,
E06000015,2023-05-01/P1M,4467,,,
E06000015,2023-06-01/P1M,4949,,,
E06000015,2023-07-01/P1M,5255,,,
E06000015,2023-08-01/P1M,5262,,,
E06000015,2023-09-01/P1M,5520,,,
E06000015,2023-10-01/P1M,5447,,,
E06000015,2023-11-01/P1M,5550,,,
E06000015,2023-12-01/P1M,4371,,,
E06000015,2024-01-01/P1M,5721,,,
E06000015,2024-02-01/P1M,5914,,,
E06000015,2024-03-01/P1M,5480,,,
E10000007,2023-04-01/P1M,6639,,,
E10000007,2023-05-01/P1M,6694,,,
E10000007,2023-06-01/P1M,7209,,,
E10000007,2023-07-01/P1M,7686,,,
E10000007,2023-08-01/P1M,7940,,,
E10000007,2023-09-01/P1M,7691,,,
E10000007,2023-10-01/P1M,7998,,,
E10000007,2023-11-01/P1M,8296,,,
E10000007,2023-12-01/P1M,6722,,,
E10000007,2024-01-01/P1M,8482,,,
E10000007,2024-02-01/P1M,8325,,,
E10000007,2024-03-01/P1M,8058,,,
E10000008,2023-04-01/P1M,6716,,,
E10000008,2023-05-01/P1M,6869,,,
E10000008,2023-06-01/P1M,7231,,,
E10000008,2023-07-01/P1M,7442,,,
E10000008,2023-08-01/P1M,7962,,,
E10000008,2023-09-01/P1M,7433,,,
E10000008,2023-10-01/P1M,7872,,,
E10000008,2023-11-01/P1M,7189,,,
E10000008,2023-12-01/P1M,5641,,,
E10000008,2024-01-01/P1M,6923,,,
E10000008,2024-02-01/P1M,7719,,,
E10000008,2024-03-01/P1M,7600,,,
E08000017,2023-04-01/P1M,2940,,,
E08000017,2023-05-01/P1M,2820,,,
E08000017,2023-06-01/P1M,2783,,,
E08000017,2023-07-01/P1M,2855,,,
E08000017,2023-08-01/P1M,2889,,,
E08000017,2023-09-01/P1M,3076,,,
E08000017,2023-10-01/P1M,3373,,,
E08000017,2023-11-01/P1M,3224,,,
E08000017,2023-12-01/P1M,1784,,,
E08000017,2024-01-01/P1M,3063,,,
E08000017,2024-02-01/P1M,2914,,,
E08000017,2024-03-01/P1M,3365,,,
E06000059,2023-04-01/P1M,2793,,,
E06000059,2023-05-01/P1M,2842,,,
E06000059,2023-06-01/P1M,3063,,,
E06000059,2023-07-01/P1M,3372,,,
E06000059,2023-08-01/P1M,3091,,,
E06000059,2023-09-01/P1M,3189,,,
E06000059,2023-10-01/P1M,3196,,,
E06000059,2023-11-01/P1M,3133,,,
E06000059,2023-12-01/P1M,2487,,,
E06000059,2024-01-01/P1M,3147,,,
E06000059,2024-02-01/P1M,3114,,,
E06000059,2024-03-01/P1M,3103,,,
E08000027,2023-04-01/P1M,6921,,,
E08000027,2023-05-01/P1M,5584,,,
E08000027,2023-06-01/P1M,6565,,,
E08000027,2023-07-01/P1M,5957,,,
E08000027,2023-08-01/P1M,5822,,,
E08000027,2023-09-01/P1M,5545,,,
E08000027,2023-10-01/P1M,5575,,,
E08000027,2023-11-01/P1M,5820,,,
E08000027,2023-12-01/P1M,4421,,,
E08000027,2024-01-01/P1M,6576,,,
E08000027,2024-02-01/P1M,7052,,,
E08000027,2024-03-01/P1M,6742,,,
E06000011,2023-04-01/P1M,2001,,,
E06000011,2023-05-01/P1M,2113,,,
E06000011,2023-06-01/P1M,2082,,,
E06000011,2023-07-01/P1M,2286,,,
E06000011,2023-08-01/P1M,2520,,,
E06000011,2023-09-01/P1M,2610,,,
E06000011,2023-10-01/P1M,3247,,,
E06000011,2023-11-01/P1M,3118,,,
E06000011,2023-12-01/P1M,2369,,,
E06000011,2024-01-01/P1M,3120,,,
E06000011,2024-02-01/P1M,3182,,,
E06000011,2024-03-01/P1M,3097,,,
E10000011,2023-04-01/P1M,5087,,,
E10000011,2023-05-01/P1M,4948,,,
E10000011,2023-06-01/P1M,5276,,,
E10000011,2023-07-01/P1M,5699,,,
E10000011,2023-08-01/P1M,5525,,,
E10000011,2023-09-01/P1M,5400,,,
E10000011,2023-10-01/P1M,5667,,,
E10000011,2023-11-01/P1M,5290,,,
E10000011,2023-12-01/P1M,4551,,,
E10000011,2024-01-01/P1M,5802,,,
E10000011,2024-02-01/P1M,5434,,,
E10000011,2024-03-01/P1M,5842,,,
E06000014,2023-04-01/P1M,2724,,,
E06000014,2023-05-01/P1M,2892,,,
E06000014,2023-06-01/P1M,2984,,,
E06000014,2023-07-01/P1M,3196,,,
E06000014,2023-08-01/P1M,3003,,,
E06000014,2023-09-01/P1M,2899,,,
E06000014,2023-10-01/P1M,2902,,,
E06000014,2023-11-01/P1M,2836,,,
E06000014,2023-12-01/P1M,2334,,,
E06000014,2024-01-01/P1M,3341,,,
E06000014,2024-02-01/P1M,3235,,,
E06000014,2024-03-01/P1M,3298,,,
E08000037,2023-04-01/P1M,1902,,,
E08000037,2023-05-01/P1M,2116,,,
E08000037,2023-06-01/P1M,1952,,,
E08000037,2023-07-01/P1M,2104,,,
E08000037,2023-08-01/P1M,2099,,,
E08000037,2023-09-01/P1M,2323,,,
E08000037,2023-10-01/P1M,2426,,,
E08000037,2023-11-01/P1M,2518,,,
E08000037,2023-12-01/P1M,2160,,,
E08000037,2024-01-01/P1M,2708,,,
E08000037,2024-02-01/P1M,2658,,,
E08000037,2024-03-01/P1M,2874,,,
E09000011,2023-04-01/P1M,11728,,,
E09000011,2023-05-01/P1M,11720,,,
E09000011,2023-06-01/P1M,12471,,,
E09000011,2023-07-01/P1M,12913,,,
E09000011,2023-08-01/P1M,14009,,,
E09000011,2023-09-01/P1M,12296,,,
E09000011,2023-10-01/P1M,12553,,,
E09000011,2023-11-01/P1M,11481,,,
E09000011,2023-12-01/P1M,9141,,,
E09000011,2024-01-01/P1M,13684,,,
E09000011,2024-02-01/P1M,13260,,,
E09000011,2024-03-01/P1M,13079,,,
E09000012,2023-04-01/P1M,7574,,,
E09000012,2023-05-01/P1M,7477,,,
E09000012,2023-06-01/P1M,7684,,,
E09000012,2023-07-01/P1M,8078,,,
E09000012,2023-08-01/P1M,8261,,,
E09000012,2023-09-01/P1M,7457,,,
E09000012,2023-10-01/P1M,8609,,,
E09000012,2023-11-01/P1M,8451,,,
E09000012,2023-12-01/P1M,8157,,,
E09000012,2024-01-01/P1M,8414,,,
E09000012,2024-02-01/P1M,9297,,,
E09000012,2024-03-01/P1M,9042,,,
E06000006,2023-04-01/P1M,1998,,,
E06000006,2023-05-01/P1M,2101,,,
E06000006,2023-06-01/P1M,2408,,,
E06000006,2023-07-01/P1M,2347,,,
E06000006,2023-08-01/P1M,2300,,,
E06000006,2023-09-01/P1M,2626,,,
E06000006,2023-10-01/P1M,2224,,,
E06000006,2023-11-01/P1M,2182,,,
E06000006,2023-12-01/P1M,1810,,,
E06000006,2024-01-01/P1M,2192,,,
E06000006,2024-02-01/P1M,2335,,,
E06000006,2024-03-01/P1M,2220,,,
E09000013,2023-04-01/P1M,3963,,,
E09000013,2023-05-01/P1M,3531,,,
E09000013,2023-06-01/P1M,3968,,,
E09000013,2023-07-01/P1M,3618,,,
E09000013,2023-08-01/P1M,4135,,,
E09000013,2023-09-01/P1M,4235,,,
E09000013,2023-10-01/P1M,4344,,,
E09000013,2023-11-01/P1M,4292,,,
E09000013,2023-12-01/P1M,3332,,,
E09000013,2024-01-01/P1M,4159,,,
E09000013,2024-02-01/P1M,4593,,,
E09000013,2024-03-01/P1M,4225,,,
E10000014,2023-04-01/P1M,8059,,,
E10000014,2023-05-01/P1M,7541,,,
E10000014,2023-06-01/P1M,8305,,,
E10000014,2023-07-01/P1M,8512,,,
E10000014,2023-08-01/P1M,8230,,,
E10000014,2023-09-01/P1M,8320,,,
E10000014,2023-10-01/P1M,8470,,,
E10000014,2023-11-01/P1M,8385,,,
E10000014,2023-12-01/P1M,7404,,,
E10000014,2024-01-01/P1M,8814,,,
E10000014,2024-02-01/P1M,8806,,,
E10000014,2024-03-01/P1M,8764,,,
E09000014,2023-04-01/P1Y,2236995718,,excluded,"Monthly return (March): Computer hours recorded as 2,236,995,718 (2.2 billion hours). This is clearly impossible for a single library service and appears to be an automated counter value. Excluded from monthly figures."
E09000015,2023-04-01/P1M,256515,2565,replaced,"Monthly return (April): April computer hours entered as 256,515, where other months average around 2,500. Corrected to 2,565 (removing two accidental extra digits)."
E09000015,2023-05-01/P1M,2464,,,
E09000015,2023-06-01/P1M,2329,,,
E09000015,2023-07-01/P1M,2413,,,
E09000015,2023-08-01/P1M,2510,,,
E09000015,2023-09-01/P1M,2474,,,
E09000015,2023-10-01/P1M,2731,,,
E09000015,2023-11-01/P1M,2663,,,
E09000015,2023-12-01/P1M,2323,,,
E09000015,2024-01-01/P1M,2680,,,
E09000015,2024-02-01/P1M,2686,,,
E09000015,2024-03-01/P1M,2693,,,
E06000001,2023-04-01/P1M,468,,,
E06000001,2023-05-01/P1M,574,,,
E06000001,2023-06-01/P1M,708,,,
E06000001,2023-07-01/P1M,630,,,
E06000001,2023-08-01/P1M,787,,,
E06000001,2023-09-01/P1M,758,,,
E06000001,2023-10-01/P1M,829,,,
E06000001,2023-11-01/P1M,911,,,
E06000001,2023-12-01/P1M,721,,,
E06000001,2024-01-01/P1M,874,,,
E06000001,2024-02-01/P1M,930,,,
E06000001,2024-03-01/P1M,900,,,
E06000019,2023-04-01/P1M,749,,,
E06000019,2023-05-01/P1M,726,,,
E06000019,2023-06-01/P1M,795,,,
E06000019,2023-07-01/P1M,697,,,
E06000019,2023-08-01/P1M,837,,,
E06000019,2023-09-01/P1M,729,,,
E06000019,2023-10-01/P1M,748,,,
E06000019,2023-11-01/P1M,735,,,
E06000019,2023-12-01/P1M,620,,,
E06000019,2024-01-01/P1M,923,,,
E06000019,2024-02-01/P1M,790,,,
E06000019,2024-03-01/P1M,767,,,
E10000015,2023-04-01/P1M,9806,,,
E10000015,2023-05-01/P1M,11009,,,
E10000015,2023-06-01/P1M,11316,,,
E10000015,2023-07-01/P1M,11612,,,
E10000015,2023-08-01/P1M,11743,,,
E10000015,2023-09-01/P1M,11314,,,
E10000015,2023-10-01/P1M,12123,,,
E10000015,2023-11-01/P1M,12439,,,
E10000015,2023-12-01/P1M,10348,,,
E10000015,2024-01-01/P1M,11851,,,
E10000015,2024-02-01/P1M,12031,,,
E10000015,2024-03-01/P1M,12543,,,
E06000010,2023-04-01/P1M,534,,,
E06000010,2023-05-01/P1M,503,,,
E06000010,2023-06-01/P1M,509,,,
E06000010,2023-07-01/P1M,659,,,
E06000010,2023-08-01/P1M,616,,,
E06000010,2023-09-01/P1M,590,,,
E06000010,2023-10-01/P1M,582,,,
E06000010,2023-11-01/P1M,578,,,
E06000010,2023-12-01/P1M,376,,,
E06000010,2024-01-01/P1M,592,,,
E06000010,2024-02-01/P1M,730,,,
E06000010,2024-03-01/P1M,882,,,
E09000019,2023-04-01/P1M,5205,,,
E09000019,2023-05-01/P1M,5687,,,
E09000019,2023-06-01/P1M,6032,,,
E09000019,2023-07-01/P1M,6133,,,
E09000019,2023-08-01/P1M,6384,,,
E09000019,2023-09-01/P1M,5705,,,
E09000019,2023-10-01/P1M,5883,,,
E09000019,2023-11-01/P1M,5976,,,
E09000019,2023-12-01/P1M,4943,,,
E09000019,2024-01-01/P1M,5844,,,
E09000019,2024-02-01/P1M,5852,,,
E09000019,2024-03-01/P1M,5982,,,
E09000020,2023-04-01/P1M,3093,,,
E09000020,2023-05-01/P1M,3481,,,
E09000020,2023-06-01/P1M,3434,,,
E09000020,2023-07-01/P1M,3491,,,
E09000020,2023-08-01/P1M,3219,,,
E09000020,2023-09-01/P1M,3223,,,
E09000020,2023-10-01/P1M,3877,,,
E09000020,2023-11-01/P1M,3742,,,
E09000020,2023-12-01/P1M,2968,,,
E09000020,2024-01-01/P1M,3737,,,
E09000020,2024-02-01/P1M,3663,,,
E09000020,2024-03-01/P1M,3543,,,
E10000016,2023-04-01/P1M,12851,,,
E10000016,2023-05-01/P1M,14909,,,
E10000016,2023-06-01/P1M,14086,,,
E10000016,2023-07-01/P1M,14312,,,
E10000016,2023-08-01/P1M,14653,,,
E10000016,2023-09-01/P1M,14810,,,
E10000016,2023-10-01/P1M,15246,,,
E10000016,2023-11-01/P1M,14654,,,
E10000016,2023-12-01/P1M,11740,,,
E10000016,2024-01-01/P1M,14869,,,
E10000016,2024-02-01/P1M,14177,,,
E10000016,2024-03-01/P1M,14745,,,
E09000021,2023-04-01/P1M,1776,,,
E09000021,2023-05-01/P1M,1961,,,
E09000021,2023-06-01/P1M,1870,,,
E09000021,2023-07-01/P1M,2046,,,
E09000021,2023-08-01/P1M,2176,,,
E09000021,2023-09-01/P1M,2142,,,
E09000021,2023-10-01/P1M,2110,,,
E09000021,2023-11-01/P1M,2129,,,
E09000021,2023-12-01/P1M,1746,,,
E09000021,2024-01-01/P1M,2123,,,
E09000021,2024-02-01/P1M,2133,,,
E09000021,2024-03-01/P1M,2059,,,
E08000034,2023-04-01/P1M,4027,,,
E08000034,2023-05-01/P1M,4048,,,
E08000034,2023-06-01/P1M,4577,,,
E08000034,2023-07-01/P1M,4652,,,
E08000034,2023-08-01/P1M,4881,,,
E08000034,2023-09-01/P1M,4575,,,
E08000034,2023-10-01/P1M,4480,,,
E08000034,2023-11-01/P1M,4494,,,
E08000034,2023-12-01/P1M,3757,,,
E08000034,2024-01-01/P1M,4435,,,
E08000034,2024-02-01/P1M,4388,,,
E08000034,2024-03-01/P1M,3897,,,
E08000011,2023-04-01/P1M,2045,,,
E08000011,2023-05-01/P1M,2182,,,
E08000011,2023-06-01/P1M,2183,,,
E08000011,2023-07-01/P1M,2204,,,
E08000011,2023-08-01/P1M,2002,,,
E08000011,2023-09-01/P1M,1478,,,
E08000011,2023-10-01/P1M,1410,,,
E08000011,2023-11-01/P1M,1059,,,
E08000011,2023-12-01/P1M,800,,,
E08000011,2024-01-01/P1M,1227,,,
E08000011,2024-02-01/P1M,1178,,,
E08000011,2024-03-01/P1M,1067,,,
E10000017,2023-04-01/P1M,16966,,,
E10000017,2023-05-01/P1M,17523,,,
E10000017,2023-06-01/P1M,18930,,,
E10000017,2023-07-01/P1M,19882,,,
E10000017,2023-08-01/P1M,20790,,,
E10000017,2023-09-01/P1M,18988,,,
E10000017,2023-10-01/P1M,19901,,,
E10000017,2023-11-01/P1M,20181,,,
E10000017,2023-12-01/P1M,16906,,,
E10000017,2024-01-01/P1M,19512,,,
E10000017,2024-02-01/P1M,20764,,,
E10000017,2024-03-01/P1M,21127,,,
E06000016,2023-04-01/P1M,6562,,,
E06000016,2023-05-01/P1M,7010,,,
E06000016,2023-06-01/P1M,7055,,,
E06000016,2023-07-01/P1M,7946,,,
E06000016,2023-08-01/P1M,7929,,,
E06000016,2023-09-01/P1M,7570,,,
E06000016,2023-10-01/P1M,7983,,,
E06000016,2023-11-01/P1M,7866,,,
E06000016,2023-12-01/P1M,6482,,,
E06000016,2024-01-01/P1M,8592,,,
E06000016,2024-02-01/P1M,8629,,,
E06000016,2024-03-01/P1M,2512,,,
E10000018,2023-04-01/P1M,4359,,,
E10000018,2023-05-01/P1M,4710,,,
E10000018,2023-06-01/P1M,4658,,,
E10000018,2023-07-01/P1M,5010,,,
E10000018,2023-08-01/P1M,5146,,,
E10000018,2023-09-01/P1M,5120,,,
E10000018,2023-10-01/P1M,5559,,,
E10000018,2023-11-01/P1M,5813,,,
E10000018,2023-12-01/P1M,4622,,,
E10000018,2024-01-01/P1M,5860,,,
E10000018,2024-02-01/P1M,5976,,,
E10000018,2024-03-01/P1M,6096,,,
E09000023,2023-04-01/P1M,2778,,,
E09000023,2023-05-01/P1M,2964,,,
E09000023,2023-06-01/P1M,3110,,,
E09000023,2023-07-01/P1M,3011,,,
E09000023,2023-08-01/P1M,2794,,,
E09000023,2023-09-01/P1M,2810,,,
E09000023,2023-10-01/P1M,3168,,,
E09000023,2023-11-01/P1M,2935,,,
E09000023,2023-12-01/P1M,2163,,,
E09000023,2024-01-01/P1M,2603,,,
E09000023,2024-02-01/P1M,2924,,,
E09000023,2024-03-01/P1M,2853,,,
E10000019,2023-04-01/P1M,5332,,,
E10000019,2023-05-01/P1M,5282,,,
E10000019,2023-06-01/P1M,5904,,,
E10000019,2023-07-01/P1M,6322,,,
E10000019,2023-08-01/P1M,6771,,,
E10000019,2023-09-01/P1M,6307,,,
E10000019,2023-10-01/P1M,6416,,,
E10000019,2023-11-01/P1M,6185,,,
E10000019,2023-12-01/P1M,4761,,,
E10000019,2024-01-01/P1M,6704,,,
E10000019,2024-02-01/P1M,6458,,,
E10000019,2024-03-01/P1M,6215,,,
E09000002,2023-04-01/P1M,3466,,,
E09000002,2023-05-01/P1M,3758,,,
E09000002,2023-06-01/P1M,3462,,,
E09000002,2023-07-01/P1M,3695,,,
E09000002,2023-08-01/P1M,3957,,,
E09000002,2023-09-01/P1M,4242,,,
E09000003,2023-04-01/P1M,5531,,,
E09000003,2023-05-01/P1M,6227,,,
E09000003,2023-06-01/P1M,5769,,,
E09000003,2023-07-01/P1M,5111,,,
E09000003,2023-08-01/P1M,5154,,,
E09000003,2023-09-01/P1M,5046,,,
E09000003,2023-10-01/P1M,4865,,,
E09000003,2023-11-01/P1M,5295,,,
E09000003,2023-12-01/P1M,4187,,,
E09000003,2024-01-01/P1M,5258,,,
E09000003,2024-02-01/P1M,5376,,,
E09000003,2024-03-01/P1M,5363,,,
E09000007,2023-04-01/P1M,10850,,,
E09000007,2023-05-01/P1M,11426,,,
E09000007,2023-06-01/P1M,11381,,,
E09000007,2023-07-01/P1M,11166,,,
E09000007,2023-08-01/P1M,12171,,,
E09000007,2023-09-01/P1M,11743,,,
E09000007,2023-10-01/P1M,12954,,,
E09000007,2023-11-01/P1M,12964,,,
E09000007,2023-12-01/P1M,10832,,,
E09000007,2024-01-01/P1M,13122,,,
E09000007,2024-02-01/P1M,12805,,,
E09000007,2024-03-01/P1M,13378,,,
E09000018,2023-04-01/P3M,16111,,,
E09000018,2023-07-01/P3M,15861,,,
E09000018,2023-10-01/P3M,155393,15539,replaced,"Monthly return (December): December computer hours entered as 155,393, where other quarters average around 17,000. Corrected to 15,539 (removing an accidental extra zero)."
E09000018,2024-01-01/P3M,18581,,,
E09000027,2023-04-01/P1M,3889,,,
E09000027,2023-05-01/P1M,3769,,,
E09000027,2023-06-01/P1M,3913,,,
E09000027,2023-07-01/P1M,3923,,,
E09000027,2023-08-01/P1M,4360,,,
E09000027,2023-09-01/P1M,4260,,,
E09000027,2023-10-01/P1M,4386,,,
E09000027,2023-11-01/P1M,4239,,,
E09000027,2023-12-01/P1M,3541,,,
E09000027,2024-01-01/P1M,4405,,,
E09000027,2024-02-01/P1M,4264,,,
E09000027,2024-03-01/P1M,4425,,,
E06000032,2023-04-01/P1M,2740,,,
E06000032,2023-05-01/P1M,2801,,,
E06000032,2023-06-01/P1M,2917,,,
E06000032,2023-07-01/P1M,3136,,,
E06000032,2023-08-01/P1M,3239,,,
E06000032,2023-09-01/P1M,3232,,,
E06000032,2023-10-01/P1M,3463,,,
E06000032,2023-11-01/P1M,2989,,,
E06000032,2023-12-01/P1M,2520,,,
E06000032,2024-01-01/P1M,2868,,,
E06000032,2024-02-01/P1M,2918,,,
E06000032,2024-03-01/P1M,2372,,,
E08000003,2023-04-01/P1M,22765,,,
E08000003,2023-05-01/P1M,25704,,,
E08000003,2023-06-01/P1M,23419,,,
E08000003,2023-07-01/P1M,24961,,,
E08000003,2023-08-01/P1M,27748,,,
E08000003,2023-09-01/P1M,25499,,,
E08000003,2023-10-01/P1M,27751,,,
E08000003,2023-11-01/P1M,27510,,,
E08000003,2023-12-01/P1M,23676,,,
E08000003,2024-01-01/P1M,27749,,,
E08000003,2024-02-01/P1M,28582,,,
E08000003,2024-03-01/P1M,27672,,,
E09000024,2023-04-01/P1Y,93303,,,
E08000021,2023-04-01/P1M,707158,,excluded,"All monthly returns: Recorded ~800,000 computer hours per month across all individual months. Excluded from monthly figures."
E08000021,2023-05-01/P1M,708846,,excluded,"All monthly returns: Recorded ~800,000 computer hours per month across all individual months. Excluded from monthly figures."
E08000021,2023-06-01/P1M,450745,,excluded,"All monthly returns: Recorded ~800,000 computer hours per month across all individual months. Excluded from monthly figures."
E08000021,2023-07-01/P1M,72661,,excluded,"All monthly returns: Recorded ~800,000 computer hours per month across all individual months. Excluded from monthly figures."
E08000021,2023-08-01/P1M,824838,,excluded,"All monthly returns: Recorded ~800,000 computer hours per month across all individual months. Excluded from monthly figures."
E08000021,2023-09-01/P1M,822833,,excluded,"All monthly returns: Recorded ~800,000 computer hours per month across all individual months. Excluded from monthly figures."
E08000021,2023-10-01/P1M,895235,,excluded,"All monthly returns: Recorded ~800,000 computer hours per month across all individual months. Excluded from monthly figures."
E08000021,2023-11-01/P1M,994746,,excluded,"All monthly returns: Recorded ~800,000 computer hours per month across all individual months. Excluded from monthly figures."
E08000021,2023-12-01/P1M,818248,,excluded,"All monthly returns: Recorded ~800,000 computer hours per month across all individual months. Excluded from monthly figures."
E08000021,2024-01-01/P1M,4025436,,excluded,"All monthly returns: Recorded ~800,000 computer hours per month across all individual months. Excluded from monthly figures."
E08000021,2024-02-01/P1M,1083951,,excluded,"All monthly returns: Recorded ~800,000 computer hours per month across all individual months. Excluded from monthly figures."
E08000021,2024-03-01/P1M,889713,,excluded,"All monthly returns: Recorded ~800,000 computer hours per month across all individual months. Excluded from monthly figures."
E09000025,2023-04-01/P1M,11392,,,
E09000025,2023-05-01/P1M,11651,,,
E09000025,2023-06-01/P1M,10913,,,
E09000025,2023-07-01/P1M,11108,,,
E09000025,2023-08-01/P1M,11000,,,
E09000025,2023-09-01/P1M,10875,,,
E09000025,2023-10-01/P1M,12477,,,
E09000025,2023-11-01/P1M,13021,,,
E09000025,2023-12-01/P1M,10484,,,
E09000025,2024-01-01/P1M,13891,,,
E09000025,2024-02-01/P1M,14247,,,
E09000025,2024-03-01/P1M,13405,,,
E10000020,2023-04-01/P1Y,181321,,,
E06000012,2023-04-01/P1M,4302,,suspicious,"Source audit: hours_public_computers: January 613 versus median nonzero month 5,220 (0.12 times). Could be a typo, changed scope or genuine activity; confirm with service. Values retained as reported pending source confirmation."
E06000012,2023-05-01/P1M,4592,,suspicious,"Source audit: hours_public_computers: January 613 versus median nonzero month 5,220 (0.12 times). Could be a typo, changed scope or genuine activity; confirm with service. Values retained as reported pending source confirmation."
E06000012,2023-06-01/P1M,4671,,suspicious,"Source audit: hours_public_computers: January 613 versus median nonzero month 5,220 (0.12 times). Could be a typo, changed scope or genuine activity; confirm with service. Values retained as reported pending source confirmation."
E06000012,2023-07-01/P1M,5155,,suspicious,"Source audit: hours_public_computers: January 613 versus median nonzero month 5,220 (0.12 times). Could be a typo, changed scope or genuine activity; confirm with service. Values retained as reported pending source confirmation."
E06000012,2023-08-01/P1M,6331,,suspicious,"Source audit: hours_public_computers: January 613 versus median nonzero month 5,220 (0.12 times). Could be a typo, changed scope or genuine activity; confirm with service. Values retained as reported pending source confirmation."
E06000012,2023-09-01/P1M,6162,,suspicious,"Source audit: hours_public_computers: January 613 versus median nonzero month 5,220 (0.12 times). Could be a typo, changed scope or genuine activity; confirm with service. Values retained as reported pending source confirmation."
E06000012,2023-10-01/P1M,6286,,suspicious,"Source audit: hours_public_computers: January 613 versus median nonzero month 5,220 (0.12 times). Could be a typo, changed scope or genuine activity; confirm with service. Values retained as reported pending source confirmation."
E06000012,2023-11-01/P1M,6705,,suspicious,"Source audit: hours_public_computers: January 613 versus median nonzero month 5,220 (0.12 times). Could be a typo, changed scope or genuine activity; confirm with service. Values retained as reported pending source confirmation."
E06000012,2023-12-01/P1M,3626,,suspicious,"Source audit: hours_public_computers: January 613 versus median nonzero month 5,220 (0.12 times). Could be a typo, changed scope or genuine activity; confirm with service. Values retained as reported pending source confirmation."
E06000012,2024-01-01/P1M,613,,suspicious,"Source audit: hours_public_computers: January 613 versus median nonzero month 5,220 (0.12 times). Could be a typo, changed scope or genuine activity; confirm with service. Values retained as reported pending source confirmation."
E06000012,2024-02-01/P1M,5452,,suspicious,"Source audit: hours_public_computers: January 613 versus median nonzero month 5,220 (0.12 times). Could be a typo, changed scope or genuine activity; confirm with service. Values retained as reported pending source confirmation."
E06000012,2024-03-01/P1M,5286,,suspicious,"Source audit: hours_public_computers: January 613 versus median nonzero month 5,220 (0.12 times). Could be a typo, changed scope or genuine activity; confirm with service. Values retained as reported pending source confirmation."
E06000013,2023-04-01/P1M,681,,,
E06000013,2023-05-01/P1M,733,,,
E06000013,2023-06-01/P1M,779,,,
E06000013,2023-07-01/P1M,731,,,
E06000013,2023-08-01/P1M,754,,,
E06000013,2023-09-01/P1M,913,,,
E06000013,2023-10-01/P1M,943,,,
E06000013,2023-11-01/P1M,885,,,
E06000013,2023-12-01/P1M,730,,,
E06000013,2024-01-01/P1M,858,,,
E06000013,2024-02-01/P1M,815,,,
E06000013,2024-03-01/P1M,843,,,
E06000024,2023-04-01/P1M,2236,,,
E06000024,2023-05-01/P1M,2332,,,
E06000024,2023-06-01/P1M,2623,,,
E06000024,2023-07-01/P1M,2507,,,
E06000024,2023-08-01/P1M,2557,,,
E06000024,2023-09-01/P1M,2306,,,
E06000024,2023-10-01/P1M,2557,,,
E06000024,2023-11-01/P1M,2342,,,
E06000024,2023-12-01/P1M,2105,,,
E06000024,2024-01-01/P1M,2924,,,
E06000024,2024-02-01/P1M,2735,,,
E06000024,2024-03-01/P1M,2605,,,
E08000022,2023-04-01/P1M,3694,,,
E08000022,2023-05-01/P1M,4024,,,
E08000022,2023-06-01/P1M,4441,,,
E08000022,2023-07-01/P1M,4390,,,
E08000022,2023-08-01/P1M,4384,,,
E08000022,2023-09-01/P1M,4121,,,
E08000022,2023-10-01/P1M,4287,,,
E08000022,2023-11-01/P1M,4437,,,
E08000022,2023-12-01/P1M,3612,,,
E08000022,2024-01-01/P1M,5118,,,
E08000022,2024-02-01/P1M,4540,,,
E08000022,2024-03-01/P1M,4491,,,
E06000065,2023-04-01/P1M,6631,,,
E06000065,2023-05-01/P1M,7520,,,
E06000065,2023-06-01/P1M,8871,,,
E06000065,2023-07-01/P1M,9675,,,
E06000065,2023-08-01/P1M,8623,,,
E06000065,2023-09-01/P1M,9030,,,
E06000065,2023-10-01/P1M,9501,,,
E06000065,2023-11-01/P1M,9124,,,
E06000065,2023-12-01/P1M,6076,,,
E06000065,2024-01-01/P1M,9267,,,
E06000065,2024-02-01/P1M,9036,,,
E06000065,2024-03-01/P1M,8757,,,
E06000057,2023-04-01/P1M,1704,,,
E06000057,2023-05-01/P1M,1787,,,
E06000057,2023-06-01/P1M,2135,,,
E06000057,2023-07-01/P1M,2166,,,
E06000057,2023-08-01/P1M,2113,,,
E06000057,2023-09-01/P1M,2112,,,
E06000057,2023-10-01/P1M,2054,,,
E06000057,2023-11-01/P1M,2138,,,
E06000057,2023-12-01/P1M,1619,,,
E06000057,2024-01-01/P1M,2086,,,
E06000057,2024-02-01/P1M,2184,,,
E06000057,2024-03-01/P1M,1990,,,
E06000018,2023-04-01/P1M,5358,,,
E06000018,2023-05-01/P1M,5795,,,
E06000018,2023-06-01/P1M,5906,,,
E06000018,2023-07-01/P1M,5551,,,
E06000018,2023-08-01/P1M,6349,,,
E06000018,2023-09-01/P1M,5659,,,
E06000018,2023-10-01/P1M,5975,,,
E06000018,2023-11-01/P1M,6280,,,
E06000018,2023-12-01/P1M,6110,,,
E06000018,2024-01-01/P1M,8909,,,
E06000018,2024-02-01/P1M,9147,,,
E06000018,2024-03-01/P1M,8889,,,
E10000024,2023-04-01/P1M,9363,,,
E10000024,2023-05-01/P1M,9730,,,
E10000024,2023-06-01/P1M,9999,,,
E10000024,2023-07-01/P1M,10859,,,
E10000024,2023-08-01/P1M,6314,,,
E10000024,2023-09-01/P1M,11533,,,
E10000024,2023-10-01/P1M,11894,,,
E10000024,2023-11-01/P1M,11788,,,
E10000024,2023-12-01/P1M,8356,,,
E10000024,2024-01-01/P1M,11473,,,
E10000024,2024-02-01/P1M,10904,,,
E10000024,2024-03-01/P1M,11652,,,
E08000004,2023-04-01/P1M,5810,,,
E08000004,2023-05-01/P1M,5123,,,
E08000004,2023-06-01/P1M,5787,,,
E08000004,2023-07-01/P1M,5767,,,
E08000004,2023-08-01/P1M,6437,,,
E08000004,2023-09-01/P1M,5989,,,
E08000004,2023-10-01/P1M,6612,,,
E08000004,2023-11-01/P1M,6151,,,
E08000004,2023-12-01/P1M,4768,,,
E08000004,2024-01-01/P1M,6797,,,
E08000004,2024-02-01/P1M,6925,,,
E08000004,2024-03-01/P1M,6734,,,
E10000025,2023-04-01/P1M,6703,,,
E10000025,2023-05-01/P1M,6906,,,
E10000025,2023-06-01/P1M,7067,,,
E10000025,2023-07-01/P1M,7213,,,
E10000025,2023-08-01/P1M,7242,,,
E10000025,2023-09-01/P1M,7519,,,
E10000025,2023-10-01/P1M,7727,,,
E10000025,2023-11-01/P1M,7744,,,
E10000025,2023-12-01/P1M,6029,,,
E10000025,2024-01-01/P1M,7847,,,
E10000025,2024-02-01/P1M,7608,,,
E10000025,2024-03-01/P1M,7764,,,
E06000031,2023-04-01/P1M,2786,,,
E06000031,2023-05-01/P1M,2744,,,
E06000031,2023-06-01/P1M,2988,,,
E06000031,2023-07-01/P1M,3121,,,
E06000031,2023-08-01/P1M,3170,,,
E06000031,2023-09-01/P1M,3022,,,
E06000031,2023-10-01/P1M,3251,,,
E06000031,2023-11-01/P1M,3252,,,
E06000031,2023-12-01/P1M,2230,,,
E06000031,2024-01-01/P1M,3116,,,
E06000031,2024-02-01/P1M,2798,,,
E06000031,2024-03-01/P1M,3152,,,
E06000044,2023-04-01/P1M,3552,,,
E06000044,2023-05-01/P1M,3473,,,
E06000044,2023-06-01/P1M,3682,,,
E06000044,2023-07-01/P1M,3933,,,
E06000044,2023-08-01/P1M,3648,,,
E06000044,2023-09-01/P1M,3620,,,
E06000044,2023-10-01/P1M,4160,,,
E06000044,2023-11-01/P1M,3884,,,
E06000044,2023-12-01/P1M,3147,,,
E06000044,2024-01-01/P1M,4012,,,
E06000044,2024-02-01/P1M,3688,,,
E06000044,2024-03-01/P1M,3722,,,
E06000038,2023-04-01/P1M,1256,,,
E06000038,2023-05-01/P1M,1269,,,
E06000038,2023-06-01/P1M,1493,,,
E06000038,2023-07-01/P1M,1532,,,
E06000038,2023-08-01/P1M,1540,,,
E06000038,2023-09-01/P1M,1495,,,
E06000038,2023-10-01/P1M,1514,,,
E06000038,2023-11-01/P1M,1400,,,
E06000038,2023-12-01/P1M,1096,,,
E06000038,2024-01-01/P1M,1494,,,
E06000038,2024-02-01/P1M,1690,,,
E06000038,2024-03-01/P1M,1531,,,
E08000018,2023-04-01/P1M,2793,,,
E08000018,2023-05-01/P1M,2925,,,
E08000018,2023-06-01/P1M,2524,,,
E08000018,2023-07-01/P1M,3304,,,
E08000018,2023-08-01/P1M,3441,,,
E08000018,2023-09-01/P1M,3450,,,
E08000018,2023-10-01/P1M,3560,,,
E08000018,2023-11-01/P1M,3155,,,
E08000018,2023-12-01/P1M,2071,,,
E08000018,2024-01-01/P1M,3186,,,
E08000018,2024-02-01/P1M,3300,,,
E08000018,2024-03-01/P1M,5391,,,
E06000040,2023-04-01/P1M,13257,,,
E06000040,2023-05-01/P1M,14617,,,
E06000040,2023-06-01/P1M,14718,,,
E06000040,2023-07-01/P1M,13806,,,
E06000040,2023-08-01/P1M,12787,,,
E06000040,2023-09-01/P1M,14174,,,
E06000040,2023-10-01/P1M,13949,,,
E06000040,2023-11-01/P1M,14413,,,
E06000040,2023-12-01/P1M,13339,,,
E06000040,2024-01-01/P1M,14304,,,
E06000040,2024-02-01/P1M,14236,,,
E06000040,2024-03-01/P1M,14343,,,
E06000017,2023-04-01/P1M,329,,,
E06000017,2023-05-01/P1M,400,,,
E06000017,2023-06-01/P1M,404,,,
E06000017,2023-07-01/P1M,384,,,
E06000017,2023-08-01/P1M,478,,,
E06000017,2023-09-01/P1M,412,,,
E06000017,2023-10-01/P1M,458,,,
E06000017,2023-11-01/P1M,540,,,
E06000017,2023-12-01/P1M,391,,,
E06000017,2024-01-01/P1M,482,,,
E06000017,2024-02-01/P1M,439,,,
E06000017,2024-03-01/P1M,570,,,
E08000028,2023-04-01/P1M,5437,,,
E08000028,2023-05-01/P1M,4983,,,
E08000028,2023-06-01/P1M,5205,,,
E08000028,2023-07-01/P1M,4143,,,
E08000028,2023-08-01/P1M,6443,,,
E08000028,2023-09-01/P1M,5566,,,
E08000028,2023-10-01/P1M,6371,,,
E08000028,2023-11-01/P1M,6303,,,
E08000028,2023-12-01/P1M,5481,,,
E08000028,2024-01-01/P1M,5458,,,
E08000028,2024-02-01/P1M,5556,,,
E08000028,2024-03-01/P1M,7879,,,
E08000014,2023-04-01/P1M,2170,,,
E08000014,2023-05-01/P1M,2249,,,
E08000014,2023-06-01/P1M,2640,,,
E08000014,2023-07-01/P1M,2813,,,
E08000014,2023-08-01/P1M,2689,,,
E08000014,2023-09-01/P1M,2600,,,
E08000014,2023-10-01/P1M,2716,,,
E08000014,2023-11-01/P1M,2668,,,
E08000014,2023-12-01/P1M,1871,,,
E08000014,2024-01-01/P1M,2748,,,
E08000014,2024-02-01/P1M,2781,,,
E08000014,2024-03-01/P1M,2797,,,
E08000019,2023-04-01/P1M,5364,,,
E08000019,2023-05-01/P1M,5920,,,
E08000019,2023-06-01/P1M,5956,,,
E08000019,2023-07-01/P1M,6544,,,
E08000019,2023-08-01/P1M,6385,,,
E08000019,2023-09-01/P1M,6264,,,
E08000019,2023-10-01/P1M,6667,,,
E08000019,2023-11-01/P1M,6689,,,
E08000019,2023-12-01/P1M,4797,,,
E08000019,2024-01-01/P1M,6974,,,
E08000019,2024-02-01/P1M,6855,,,
E08000019,2024-03-01/P1M,6574,,,
E06000051,2023-04-01/P1M,2084,,,
E06000051,2023-05-01/P1M,2128,,,
E06000051,2023-06-01/P1M,2187,,,
E06000051,2023-07-01/P1M,2436,,,
E06000051,2023-08-01/P1M,2380,,,
E06000051,2023-09-01/P1M,2208,,,
E06000051,2023-10-01/P1M,2267,,,
E06000051,2023-11-01/P1M,2246,,,
E06000051,2023-12-01/P1M,1709,,,
E06000051,2024-01-01/P1M,2121,,,
E06000051,2024-02-01/P1M,2240,,,
E06000051,2024-03-01/P1M,2329,,,
E08000029,2023-04-01/P1M,2355,,,
E08000029,2023-05-01/P1M,2409,,,
E08000029,2023-06-01/P1M,2503,,,
E08000029,2023-07-01/P1M,2393,,,
E08000029,2023-08-01/P1M,2623,,,
E08000029,2023-09-01/P1M,2495,,,
E08000029,2023-10-01/P1M,2513,,,
E08000029,2023-11-01/P1M,2584,,,
E08000029,2023-12-01/P1M,2160,,,
E08000029,2024-01-01/P1M,2458,,,
E08000029,2024-02-01/P1M,2462,,,
E08000029,2024-03-01/P1M,2409,,,
E06000066,2023-04-01/P1M,5442,,,
E06000066,2023-05-01/P1M,5442,,,
E06000066,2023-06-01/P1M,5624,,,
E06000066,2023-07-01/P1M,5921,,,
E06000066,2023-08-01/P1M,6044,,,
E06000066,2023-09-01/P1M,5810,,,
E06000066,2023-10-01/P1M,6077,,,
E06000066,2023-11-01/P1M,5859,,,
E06000066,2023-12-01/P1M,6929,,,
E06000066,2024-01-01/P1M,5902,,,
E06000066,2024-02-01/P1M,5953,,,
E06000066,2024-03-01/P1M,5735,,,
E06000025,2023-04-01/P3M,10068,,,
E06000025,2023-07-01/P3M,9140,,,
E06000025,2023-10-01/P3M,11974,,,
E06000025,2024-01-01/P3M,12526,,,
E08000023,2023-04-01/P1M,3529,,,
E08000023,2023-05-01/P1M,3594,,,
E08000023,2023-06-01/P1M,3453,,,
E08000023,2023-07-01/P1M,3810,,,
E08000023,2023-08-01/P1M,3950,,,
E08000023,2023-09-01/P1M,3898,,,
E08000023,2023-10-01/P1M,4026,,,
E08000023,2023-11-01/P1M,3843,,,
E08000023,2023-12-01/P1M,3016,,,
E08000023,2024-01-01/P1M,4035,,,
E08000023,2024-02-01/P1M,3949,,,
E08000023,2024-03-01/P1M,4043,,,
E09000028,2023-04-01/P1M,8358,,,
E09000028,2023-05-01/P1M,8169,,,
E09000028,2023-06-01/P1M,8404,,,
E09000028,2023-07-01/P1M,8554,,,
E09000028,2023-08-01/P1M,9072,,,
E09000028,2023-09-01/P1M,10069,,,
E09000028,2023-10-01/P1M,11412,,,
E09000028,2023-11-01/P1M,10475,,,
E09000028,2023-12-01/P1M,8584,,,
E09000028,2024-01-01/P1M,10910,,,
E09000028,2024-02-01/P1M,11732,,,
E09000028,2024-03-01/P1M,11444,,,
E10000028,2023-04-01/P1M,7165,,,
E10000028,2023-05-01/P1M,7729,,,
E10000028,2023-06-01/P1M,7732,,,
E10000028,2023-07-01/P1M,9018,,,
E10000028,2023-08-01/P1M,9105,,,
E10000028,2023-09-01/P1M,9169,,,
E10000028,2023-10-01/P1M,10109,,,
E10000028,2023-11-01/P1M,9718,,,
E10000028,2023-12-01/P1M,7789,,,
E10000028,2024-01-01/P1M,9519,,,
E10000028,2024-02-01/P1M,9607,,,
E10000028,2024-03-01/P1M,10099,,,
E08000007,2023-04-01/P1M,3993,,,
E08000007,2023-05-01/P1M,3788,,,
E08000007,2023-06-01/P1M,3832,,,
E08000007,2023-07-01/P1M,4256,,,
E08000007,2023-08-01/P1M,4201,,,
E08000007,2023-09-01/P1M,4502,,,
E08000007,2023-10-01/P1M,4575,,,
E08000007,2023-11-01/P1M,4283,,,
E08000007,2023-12-01/P1M,3625,,,
E08000007,2024-01-01/P1M,4544,,,
E08000007,2024-02-01/P1M,4459,,,
E08000007,2024-03-01/P1M,4381,,,
E06000004,2023-04-01/P1M,2736,,,
E06000004,2023-05-01/P1M,2603,,,
E06000004,2023-06-01/P1M,2699,,,
E06000004,2023-07-01/P1M,2983,,,
E06000004,2023-08-01/P1M,2776,,,
E06000004,2023-09-01/P1M,2667,,,
E06000004,2023-10-01/P1M,2868,,,
E06000004,2023-11-01/P1M,2846,,,
E06000004,2023-12-01/P1M,2246,,,
E06000004,2024-01-01/P1M,3085,,,
E06000004,2024-02-01/P1M,2911,,,
E06000004,2024-03-01/P1M,2911,,,
E06000021,2023-04-01/P1M,3444,,,
E06000021,2023-05-01/P1M,3413,,,
E06000021,2023-06-01/P1M,3756,,,
E06000021,2023-07-01/P1M,3951,,,
E06000021,2023-08-01/P1M,2963,,,
E06000021,2023-09-01/P1M,2741,,,
E06000021,2023-10-01/P1M,3475,,,
E06000021,2023-11-01/P1M,3455,,,
E06000021,2023-12-01/P1M,2321,,,
E06000021,2024-01-01/P1M,4060,,,
E06000021,2024-02-01/P1M,3918,,,
E06000021,2024-03-01/P1M,4053,,,
E10000029,2023-04-01/P3M,31596,,,
E10000029,2023-07-01/P3M,33176,,,
E10000029,2023-10-01/P3M,30932,,,
E10000029,2023-12-01/P3M,33700,,,
E10000030,2023-04-01/P1M,11584,,,
E10000030,2023-05-01/P1M,11768,,,
E10000030,2023-06-01/P1M,11912,,,
E10000030,2023-07-01/P1M,12343,,,
E10000030,2023-08-01/P1M,12489,,,
E10000030,2023-09-01/P1M,12067,,,
E10000030,2023-10-01/P1M,12738,,,
E10000030,2023-11-01/P1M,14024,,,
E10000030,2023-12-01/P1M,10610,,,
E10000030,2024-01-01/P1M,12880,,,
E10000030,2024-02-01/P1M,12389,,,
E10000030,2024-03-01/P1M,12035,,,
E06000030,2023-04-01/P1M,1773,,,
E06000030,2023-05-01/P1M,1842,,,
E06000030,2023-06-01/P1M,1926,,,
E06000030,2023-07-01/P1M,2021,,,
E06000030,2023-08-01/P1M,2152,,,
E06000030,2023-09-01/P1M,1971,,,
E06000030,2023-10-01/P1M,1941,,,
E06000030,2023-11-01/P1M,1952,,,
E06000030,2023-12-01/P1M,1432,,,
E06000030,2024-01-01/P1M,2176,,,
E06000030,2024-02-01/P1M,1873,,,
E06000030,2024-03-01/P1M,2164,,,
E08000008,2023-04-01/P1M,3960,,,
E08000008,2023-05-01/P1M,4174,,,
E08000008,2023-06-01/P1M,4152,,,
E08000008,2023-07-01/P1M,4076,,,
E08000008,2023-08-01/P1M,4536,,,
E08000008,2023-09-01/P1M,5151,,,
E08000008,2023-10-01/P1M,4410,,,
E08000008,2023-11-01/P1M,4215,,,
E08000008,2023-12-01/P1M,2960,,,
E08000008,2024-01-01/P1M,4102,,,
E08000008,2024-02-01/P1M,4284,,,
E08000008,2024-03-01/P1M,3960,,,
E06000020,2023-04-01/P1M,1155,,,
E06000020,2023-05-01/P1M,1118,,,
E06000020,2023-06-01/P1M,1299,,,
E06000020,2023-07-01/P1M,1463,,,
E06000020,2023-08-01/P1M,1312,,,
E06000020,2023-09-01/P1M,1387,,,
E06000020,2023-10-01/P1M,1321,,,
E06000020,2023-11-01/P1M,1436,,,
E06000020,2023-12-01/P1M,967,,,
E06000020,2024-01-01/P1M,1540,,,
E06000020,2024-02-01/P1M,1530,,,
E06000020,2024-03-01/P1M,1551,,,
E06000034,2023-04-01/P1Y,23836,,,
E06000027,2023-04-01/P1M,1859,,,
E06000027,2023-05-01/P1M,1855,,,
E06000027,2023-06-01/P1M,1871,,,
E06000027,2023-07-01/P1M,1961,,,
E06000027,2023-08-01/P1M,1933,,,
E06000027,2023-09-01/P1M,1983,,,
E06000027,2023-10-01/P1M,1961,,,
E06000027,2023-11-01/P1M,1879,,,
E06000027,2023-12-01/P1M,1423,,,
E06000027,2024-01-01/P1M,1821,,,
E06000027,2024-02-01/P1M,1926,,,
E06000027,2024-03-01/P1M,2053,,,
E09000030,2023-04-01/P1M,5256,,,
E09000030,2023-05-01/P1M,4156,,,
E09000030,2023-06-01/P1M,4362,,,
E09000030,2023-07-01/P1M,5288,,,
E09000030,2023-08-01/P1M,6350,,,
E09000030,2023-09-01/P1M,5576,,,
E09000030,2023-10-01/P1M,5676,,,
E09000030,2023-11-01/P1M,5522,,,
E09000030,2023-12-01/P1M,5110,,,
E09000030,2024-01-01/P1M,5365,,,
E09000030,2024-02-01/P1M,4502,,,
E09000030,2024-03-01/P1M,4387,,,
E09000026,2023-04-01/P1M,8445,,,
E09000026,2023-05-01/P1M,9325,,,
E09000026,2023-06-01/P1M,8494,,,
E09000026,2023-07-01/P1M,8156,,,
E09000026,2023-08-01/P1M,8670,,,
E09000026,2023-09-01/P1M,8467,,,
E09000026,2023-10-01/P1M,8536,,,
E09000026,2023-11-01/P1M,8273,,,
E09000026,2023-12-01/P1M,7087,,,
E09000026,2024-01-01/P1M,8155,,,
E09000026,2024-02-01/P1M,8604,,,
E09000026,2024-03-01/P1M,7926,,,
E08000036,2023-04-01/P1M,4686,,,
E08000036,2023-05-01/P1M,4019,,,
E08000036,2023-06-01/P1M,4485,,,
E08000036,2023-07-01/P1M,5109,,,
E08000036,2023-08-01/P1M,4949,,,
E08000036,2023-09-01/P1M,4971,,,
E08000036,2023-10-01/P1M,5565,,,
E08000036,2023-11-01/P1M,5012,,,
E08000036,2023-12-01/P1M,3942,,,
E08000036,2024-01-01/P1M,5894,,,
E08000036,2024-02-01/P1M,5819,,,
E08000036,2024-03-01/P1M,5598,,,
E08000030,2023-04-01/P1M,4352,,,
E08000030,2023-05-01/P1M,5038,,,
E08000030,2023-06-01/P1M,5422,,,
E08000030,2023-07-01/P1M,4913,,,
E08000030,2023-08-01/P1M,5277,,,
E08000030,2023-09-01/P1M,4767,,,
E08000030,2023-10-01/P1M,5239,,,
E08000030,2023-11-01/P1M,5312,,,
E08000030,2023-12-01/P1M,4212,,,
E08000030,2024-01-01/P1M,5396,,,
E08000030,2024-02-01/P1M,5122,,,
E08000030,2024-03-01/P1M,5312,,,
E09000032,2023-04-01/P1M,7735,,,
E09000032,2023-05-01/P1M,7440,,,
E09000032,2023-06-01/P1M,7315,,,
E09000032,2023-07-01/P1M,8421,,,
E09000032,2023-08-01/P1M,8545,,,
E09000032,2023-09-01/P1M,8041,,,
E09000032,2023-10-01/P1M,6184,,,
E09000032,2023-11-01/P1M,21314,,,
E09000032,2023-12-01/P1M,7783,,,
E09000032,2024-01-01/P1M,8745,,,
E09000032,2024-02-01/P1M,9571,,,
E09000032,2024-03-01/P1M,9942,,,
E06000007,2023-04-01/P1Y,9973,,,
E10000031,2023-04-01/P1M,248100,,excluded,"All monthly returns: Recorded ~300,000 computer hours per month across all individual months. Excluded from monthly figures."
E10000031,2023-05-01/P1M,259471,,excluded,"All monthly returns: Recorded ~300,000 computer hours per month across all individual months. Excluded from monthly figures."
E10000031,2023-06-01/P1M,268571,,excluded,"All monthly returns: Recorded ~300,000 computer hours per month across all individual months. Excluded from monthly figures."
E10000031,2023-07-01/P1M,293032,,excluded,"All monthly returns: Recorded ~300,000 computer hours per month across all individual months. Excluded from monthly figures."
E10000031,2023-08-01/P1M,289753,,excluded,"All monthly returns: Recorded ~300,000 computer hours per month across all individual months. Excluded from monthly figures."
E10000031,2023-09-01/P1M,287655,,excluded,"All monthly returns: Recorded ~300,000 computer hours per month across all individual months. Excluded from monthly figures."
E10000031,2023-10-01/P1M,303583,,excluded,"All monthly returns: Recorded ~300,000 computer hours per month across all individual months. Excluded from monthly figures."
E10000031,2023-11-01/P1M,303354,,excluded,"All monthly returns: Recorded ~300,000 computer hours per month across all individual months. Excluded from monthly figures."
E10000031,2023-12-01/P1M,239898,,excluded,"All monthly returns: Recorded ~300,000 computer hours per month across all individual months. Excluded from monthly figures."
E10000031,2024-01-01/P1M,324576,,excluded,"All monthly returns: Recorded ~300,000 computer hours per month across all individual months. Excluded from monthly figures."
E10000031,2024-02-01/P1M,290343,,excluded,"All monthly returns: Recorded ~300,000 computer hours per month across all individual months. Excluded from monthly figures."
E10000031,2024-03-01/P1M,297659,,excluded,"All monthly returns: Recorded ~300,000 computer hours per month across all individual months. Excluded from monthly figures."
E06000037,2023-04-01/P1M,1123,,,
E06000037,2023-05-01/P1M,1097,,,
E06000037,2023-06-01/P1M,1153,,,
E06000037,2023-07-01/P1M,1104,,,
E06000037,2023-08-01/P1M,1127,,,
E06000037,2023-09-01/P1M,1143,,,
E06000037,2023-10-01/P1M,1063,,,
E06000037,2023-11-01/P1M,1056,,,
E06000037,2023-12-01/P1M,907,,,
E06000037,2024-01-01/P1M,1123,,,
E06000037,2024-02-01/P1M,1113,,,
E06000037,2024-03-01/P1M,1127,,,
E10000032,2023-04-01/P1M,9345,,,
E10000032,2023-05-01/P1M,9732,,,
E10000032,2023-06-01/P1M,10637,,,
E10000032,2023-07-01/P1M,10848,,,
E10000032,2023-08-01/P1M,10616,,,
E10000032,2023-09-01/P1M,10746,,,
E10000032,2023-10-01/P1M,10497,,,
E10000032,2023-11-01/P1M,10568,,,
E10000032,2023-12-01/P1M,8560,,,
E10000032,2024-01-01/P1M,10762,,,
E10000032,2024-02-01/P1M,10042,,,
E10000032,2024-03-01/P1M,10153,,,
E09000033,2023-04-01/P1M,6201,,,
E09000033,2023-05-01/P1M,7202,,,
E09000033,2023-06-01/P1M,7709,,,
E09000033,2023-07-01/P1M,7442,,,
E09000033,2023-08-01/P1M,7317,,,
E09000033,2023-09-01/P1M,8298,,,
E09000033,2023-10-01/P1M,8619,,,
E09000033,2023-11-01/P1M,8085,,,
E09000033,2023-12-01/P1M,6626,,,
E09000033,2024-01-01/P1M,8190,,,
E09000033,2024-02-01/P1M,9052,,,
E09000033,2024-03-01/P1M,8614,,,
E06000064,2023-04-01/P1M,1404,,,
E06000064,2023-05-01/P1M,1440,,,
E06000064,2023-06-01/P1M,1575,,,
E06000064,2023-07-01/P1M,1536,,,
E06000064,2023-08-01/P1M,1568,,,
E06000064,2023-09-01/P1M,1531,,,
E06000064,2023-10-01/P1M,1855,,,
E06000064,2023-11-01/P1M,1777,,,
E06000064,2023-12-01/P1M,1487,,,
E06000064,2024-01-01/P1M,1975,,,
E06000064,2024-02-01/P1M,1833,,,
E06000064,2024-03-01/P1M,1839,,,
E08000010,2023-04-01/P1M,3008,,,
E08000010,2023-05-01/P1M,2989,,,
E08000010,2023-06-01/P1M,3259,,,
E08000010,2023-07-01/P1M,3294,,,
E08000010,2023-08-01/P1M,3578,,,
E08000010,2023-09-01/P1M,3417,,,
E08000010,2023-10-01/P1M,3660,,,
E08000010,2023-11-01/P1M,3148,,,
E08000010,2023-12-01/P1M,2485,,,
E08000010,2024-01-01/P1M,3819,,,
E08000010,2024-02-01/P1M,3714,,,
E08000010,2024-03-01/P1M,3730,,,
E06000054,2023-04-01/P1M,4078,,,
E06000054,2023-05-01/P1M,4090,,,
E06000054,2023-06-01/P1M,4486,,,
E06000054,2023-07-01/P1M,4487,,,
E06000054,2023-08-01/P1M,4596,,,
E06000054,2023-09-01/P1M,4482,,,
E06000054,2023-10-01/P1M,4423,,,
E06000054,2023-11-01/P1M,4316,,,
E06000054,2023-12-01/P1M,3584,,,
E06000054,2024-01-01/P1M,4578,,,
E06000054,2024-02-01/P1M,4561,,,
E06000054,2024-03-01/P1M,4556,,,
E08000015,2023-04-01/P1M,1211,,,
E08000015,2023-05-01/P1M,1167,,,
E08000015,2023-06-01/P1M,1264,,,
E08000015,2023-07-01/P1M,1379,,,
E08000015,2023-08-01/P1M,1481,,,
E08000015,2023-09-01/P1M,1386,,,
E08000015,2023-10-01/P1M,1418,,,
E08000015,2023-11-01/P1M,1371,,,
E08000015,2023-12-01/P1M,932,,,
E08000015,2024-01-01/P1M,1475,,,
E08000015,2024-02-01/P1M,1400,,,
E08000015,2024-03-01/P1M,1425,,,
E08000031,2023-04-01/P1Y,36792,,,
E10000034,2023-04-01/P1M,12772,,,
E10000034,2023-05-01/P1M,13046,,,
E10000034,2023-06-01/P1M,13201,,,
E10000034,2023-07-01/P1M,12116,,,
E10000034,2023-08-01/P1M,12420,,,
E10000034,2023-09-01/P1M,12041,,,
E10000034,2023-10-01/P1M,13375,,,
E10000034,2023-11-01/P1M,13346,,,
E10000034,2023-12-01/P1M,10804,,,
E10000034,2024-01-01/P1M,13906,,,
E10000034,2024-02-01/P1M,13247,,,
E10000034,2024-03-01/P1M,13471,,,
E09000003,2024-04-01/P1M,6069,,,
E09000003,2024-05-01/P1M,6031,,,
E09000003,2024-06-01/P1M,5632,,,
E09000003,2024-07-01/P1M,5223,,,
E09000003,2024-08-01/P1M,5866,,,
E09000003,2024-09-01/P1M,7596,,,
E09000003,2024-10-01/P1M,7808,,,
E09000003,2024-11-01/P1M,7027,,,
E09000003,2024-12-01/P1M,5993,,,
E09000003,2025-01-01/P1M,7650,,,
E09000003,2025-02-01/P1M,7428,,,
E09000003,2025-03-01/P1M,8431,,,
E08000016,2024-04-01/P1M,2940,,,
E08000016,2024-05-01/P1M,3061,,,
E08000016,2024-06-01/P1M,3044,,,
E08000016,2024-07-01/P1M,3243,,,
E08000016,2024-08-01/P1M,2812,,,
E08000016,2024-09-01/P1M,3020,,,
E08000016,2024-10-01/P1M,2979,,,
E08000016,2024-11-01/P1M,2797,,,
E08000016,2024-12-01/P1M,2407,,,
E08000016,2025-01-01/P1M,2998,,,
E08000016,2025-02-01/P1M,3250,,,
E08000016,2025-03-01/P1M,3493,,,
E06000022,2024-04-01/P1M,1884,,,
E06000022,2024-05-01/P1M,1667,,,
E06000022,2024-06-01/P1M,1637,,,
E06000022,2024-07-01/P1M,1778,,,
E06000022,2024-08-01/P1M,1698,,,
E06000022,2024-09-01/P1M,1690,,,
E06000022,2024-10-01/P1M,1642,,,
E06000022,2024-11-01/P1M,1686,,,
E06000022,2024-12-01/P1M,1431,,,
E06000022,2025-01-01/P1M,1834,,,
E06000022,2025-02-01/P1M,1708,,,
E06000022,2025-03-01/P1M,1889,,,
E08000025,2024-04-01/P1M,15000,,,
E08000025,2024-05-01/P1M,15163,,,
E08000025,2024-06-01/P1M,14028,,,
E08000025,2024-07-01/P1M,14742,,,
E08000025,2024-08-01/P1M,13694,,,
E08000025,2024-09-01/P1M,13499,,,
E08000025,2024-10-01/P1M,15387,,,
E08000025,2024-11-01/P1M,13630,,,
E08000025,2024-12-01/P1M,11765,,,
E08000025,2025-01-01/P1M,13593,,,
E08000025,2025-02-01/P1M,13020,,,
E08000025,2025-03-01/P1M,13449,,,
E06000008,2024-04-01/P1Y,0,,,
E06000009,2024-04-01/P1M,2419,,,
E06000009,2024-05-01/P1M,2619,,,
E06000009,2024-06-01/P1M,2357,,,
E06000009,2024-07-01/P1M,2531,,,
E06000009,2024-08-01/P1M,2296,,,
E06000009,2024-09-01/P1M,2519,,,
E06000009,2024-10-01/P1M,2380,,,
E06000009,2024-11-01/P1M,1792,,,
E06000009,2024-12-01/P1M,2365,,,
E06000009,2025-01-01/P1M,2319,,,
E06000009,2025-02-01/P1M,2359,,,
E06000009,2025-03-01/P1M,0,,,
E08000001,2024-04-01/P1M,4982,,,
E08000001,2024-05-01/P1M,5204,,,
E08000001,2024-06-01/P1M,5317,,,
E08000001,2024-07-01/P1M,5419,,,
E08000001,2024-08-01/P1M,4573,,,
E08000001,2024-09-01/P1M,4894,,,
E08000001,2024-10-01/P1M,5016,,,
E08000001,2024-11-01/P1M,5648,,,
E08000001,2024-12-01/P1M,3985,,,
E08000001,2025-01-01/P1M,4476,,,
E08000001,2025-02-01/P1M,4717,,,
E08000001,2025-03-01/P1M,4813,,,
E06000058,2024-04-01/P1M,7283,,,
E06000058,2024-05-01/P1M,6987,,,
E06000058,2024-06-01/P1M,6858,,,
E06000058,2024-07-01/P1M,7134,,,
E06000058,2024-08-01/P1M,6305,,,
E06000058,2024-09-01/P1M,6532,,,
E06000058,2024-10-01/P1M,6825,,,
E06000058,2024-11-01/P1M,6917,,,
E06000058,2024-12-01/P1M,5830,,,
E06000058,2025-01-01/P1M,7049,,,
E06000058,2025-02-01/P1M,6698,,,
E06000058,2025-03-01/P1M,7147,,,
E08000032,2024-04-01/P1M,3434,,,
E08000032,2024-05-01/P1M,3354,,,
E08000032,2024-06-01/P1M,3230,,,
E08000032,2024-07-01/P1M,3651,,,
E08000032,2024-08-01/P1M,3688,,,
E08000032,2024-09-01/P1M,3368,,,
E08000032,2024-10-01/P1M,3622,,,
E08000032,2024-11-01/P1M,3266,,,
E08000032,2024-12-01/P1M,2444,,,
E08000032,2025-01-01/P1M,2746,,,
E08000032,2025-02-01/P1M,2857,,,
E08000032,2025-03-01/P1M,2801,,,
E09000005,2024-04-01/P1M,8034,,,
E09000005,2024-05-01/P1M,7114,,,
E09000005,2024-06-01/P1M,7270,,,
E09000005,2024-07-01/P1M,7271,,,
E09000005,2024-08-01/P1M,7277,,,
E09000005,2024-09-01/P1M,7162,,,
E09000005,2024-10-01/P1M,6669,,,
E09000005,2024-11-01/P1M,7306,,,
E09000005,2024-12-01/P1M,6838,,,
E09000005,2025-01-01/P1M,8509,,,
E09000005,2025-02-01/P1M,8455,,,
E09000005,2025-03-01/P1M,8609,,,
E06000023,2024-04-01/P1M,8058,,,
E06000023,2024-05-01/P1M,7646,,,
E06000023,2024-06-01/P1M,7608,,,
E06000023,2024-07-01/P1M,7747,,,
E06000023,2024-08-01/P1M,7889,,,
E06000023,2024-09-01/P1M,7973,,,
E06000023,2024-10-01/P1M,8450,,,
E06000023,2024-11-01/P1M,7660,,,
E06000023,2024-12-01/P1M,6941,,,
E06000023,2025-01-01/P1M,8682,,,
E06000023,2025-02-01/P1M,8090,,,
E06000023,2025-03-01/P1M,8820,,,
E09000006,2024-04-01/P1M,7457,,,
E09000006,2024-05-01/P1M,7537,,,
E09000006,2024-06-01/P1M,6506,,,
E09000006,2024-07-01/P1M,6224,,,
E09000006,2024-08-01/P1M,6071,,,
E09000006,2024-09-01/P1M,6083,,,
E09000006,2024-10-01/P1M,6818,,,
E09000006,2024-11-01/P1M,6457,,,
E09000006,2024-12-01/P1M,5084,,,
E09000006,2025-01-01/P1M,6606,,,
E09000006,2025-02-01/P1M,5692,,,
E09000006,2025-03-01/P1M,5925,,,
E08000033,2024-04-01/P1Y,0,,,
E10000003,2024-04-01/P1M,8063,,,
E10000003,2024-05-01/P1M,7266,,,
E10000003,2024-06-01/P1M,7056,,,
E10000003,2024-07-01/P1M,8113,,,
E10000003,2024-08-01/P1M,8167,,,
E10000003,2024-09-01/P1M,7832,,,
E10000003,2024-10-01/P1M,8137,,,
E10000003,2024-11-01/P1M,7666,,,
E10000003,2024-12-01/P1M,5828,,,
E10000003,2025-01-01/P1M,7870,,,
E10000003,2025-02-01/P1M,8028,,,
E10000003,2025-03-01/P1M,8454,,,
E06000049,2024-04-01/P1M,2726,,,
E06000049,2024-05-01/P1M,2509,,,
E06000049,2024-06-01/P1M,2435,,,
E06000049,2024-07-01/P1M,2588,,,
E06000049,2024-08-01/P1M,2372,,,
E06000049,2024-09-01/P1M,2432,,,
E06000049,2024-10-01/P1M,2739,,,
E06000049,2024-11-01/P1M,2553,,,
E06000049,2024-12-01/P1M,1808,,,
E06000049,2025-01-01/P1M,2401,,,
E06000049,2025-02-01/P1M,2392,,,
E06000049,2025-03-01/P1M,2580,,,
E06000050,2024-04-01/P1M,2140,,,
E06000050,2024-05-01/P1M,2105,,,
E06000050,2024-06-01/P1M,2236,,,
E06000050,2024-07-01/P1M,2240,,,
E06000050,2024-08-01/P1M,2292,,,
E06000050,2024-09-01/P1M,2140,,,
E06000050,2024-10-01/P1M,2292,,,
E06000050,2024-11-01/P1M,2274,,,
E06000050,2024-12-01/P1M,1733,,,
E06000050,2025-01-01/P1M,2189,,,
E06000050,2025-02-01/P1M,2155,,,
E06000050,2025-03-01/P1M,2344,,,
E09000001,2024-04-01/P3M,5275,,,
E09000001,2024-07-01/P3M,4651,,,
E09000001,2024-10-01/P3M,4491,,,
E09000001,2025-01-01/P3M,4839,,,
E06000052,2024-04-01/P1M,5039,,,
E06000052,2024-05-01/P1M,5037,,,
E06000052,2024-06-01/P1M,4909,,,
E06000052,2024-07-01/P1M,5625,,,
E06000052,2024-08-01/P1M,5627,,,
E06000052,2024-09-01/P1M,5694,,,
E06000052,2024-10-01/P1M,6038,,,
E06000052,2024-11-01/P1M,5091,,,
E06000052,2024-12-01/P1M,3927,,,
E06000052,2025-01-01/P1M,5139,,,
E06000052,2025-02-01/P1M,4795,,,
E06000052,2025-03-01/P1M,5019,,,
E08000026,2024-04-01/P1M,7836,,,
E08000026,2024-05-01/P1M,7196,,,
E08000026,2024-06-01/P1M,7184,,,
E08000026,2024-07-01/P1M,8074,,,
E08000026,2024-08-01/P1M,8356,,,
E08000026,2024-09-01/P1M,7676,,,
E08000026,2024-10-01/P1M,8004,,,
E08000026,2024-11-01/P1M,7375,,,
E08000026,2024-12-01/P1M,5274,,,
E08000026,2025-01-01/P1M,7199,,,
E08000026,2025-02-01/P1M,7039,,,
E08000026,2025-03-01/P1M,8032,,,
E09000008,2024-04-01/P1M,5395,,,
E09000008,2024-05-01/P1M,5055,,,
E09000008,2024-06-01/P1M,4720,,,
E09000008,2024-07-01/P1M,4977,,,
E09000008,2024-08-01/P1M,4607,,,
E09000008,2024-09-01/P1M,5078,,,
E09000008,2024-10-01/P1M,5331,,,
E09000008,2024-11-01/P1M,5520,,,
E09000008,2024-12-01/P1M,3920,,,
E09000008,2025-01-01/P1M,5553,,,
E09000008,2025-02-01/P1M,5358,,,
E09000008,2025-03-01/P1M,5764,,,
E06000063,2024-04-01/P1M,1727,,,
E06000063,2024-05-01/P1M,1913,,,
E06000063,2024-06-01/P1M,1644,,,
E06000063,2024-07-01/P1M,1857,,,
E06000063,2024-08-01/P1M,1955,,,
E06000063,2024-09-01/P1M,1729,,,
E06000063,2024-10-01/P1M,1944,,,
E06000063,2024-11-01/P1M,1661,,,
E06000063,2024-12-01/P1M,1435,,,
E06000063,2025-01-01/P1M,1721,,,
E06000063,2025-02-01/P1M,690,,,
E06000063,2025-03-01/P1M,1586,,,
E06000005,2024-04-01/P1M,740,,,
E06000005,2024-05-01/P1M,743,,,
E06000005,2024-06-01/P1M,643,,,
E06000005,2024-07-01/P1M,698,,,
E06000005,2024-08-01/P1M,697,,,
E06000005,2024-09-01/P1M,742,,,
E06000005,2024-10-01/P1M,803,,,
E06000005,2024-11-01/P1M,697,,,
E06000005,2024-12-01/P1M,628,,,
E06000005,2025-01-01/P1M,730,,,
E06000005,2025-02-01/P1M,806,,,
E06000005,2025-03-01/P1M,718,,,
E10000007,2024-04-01/P1M,8394,,,
E10000007,2024-05-01/P1M,7946,,,
E10000007,2024-06-01/P1M,7525,,,
E10000007,2024-07-01/P1M,7651,,,
E10000007,2024-08-01/P1M,7735,,,
E10000007,2024-09-01/P1M,7514,,,
E10000007,2024-10-01/P1M,8165,,,
E10000007,2024-11-01/P1M,7219,,,
E10000007,2024-12-01/P1M,6188,,,
E10000007,2025-01-01/P1M,7457,,,
E10000007,2025-02-01/P1M,7231,,,
E10000007,2025-03-01/P1M,7899,,,
E10000008,2024-04-01/P1Y,0,,,
E08000017,2024-04-01/P1M,2981,,,
E08000017,2024-05-01/P1M,2968,,,
E08000017,2024-06-01/P1M,2783,,,
E08000017,2024-07-01/P1M,3155,,,
E08000017,2024-08-01/P1M,2750,,,
E08000017,2024-09-01/P1M,2742,,,
E08000017,2024-10-01/P1M,3308,,,
E08000017,2024-11-01/P1M,2927,,,
E08000017,2024-12-01/P1M,1688,,,
E08000017,2025-01-01/P1M,2685,,,
E08000017,2025-02-01/P1M,2540,,,
E08000017,2025-03-01/P1M,2776,,,
E06000059,2024-04-01/P1M,3135,,,
E06000059,2024-05-01/P1M,2962,,,
E06000059,2024-06-01/P1M,1104,,,
E06000059,2024-07-01/P1M,3174,,,
E06000059,2024-08-01/P1M,3141,,,
E06000059,2024-09-01/P1M,3139,,,
E06000059,2024-10-01/P1M,3657,,,
E06000059,2024-11-01/P1M,3328,,,
E06000059,2024-12-01/P1M,2860,,,
E06000059,2025-01-01/P1M,3367,,,
E06000059,2025-02-01/P1M,3293,,,
E06000059,2025-03-01/P1M,3366,,,
E08000027,2024-04-01/P1M,7283,,,
E08000027,2024-05-01/P1M,6617,,,
E08000027,2024-06-01/P1M,6155,,,
E08000027,2024-07-01/P1M,6776,,,
E08000027,2024-08-01/P1M,6497,,,
E08000027,2024-09-01/P1M,6382,,,
E08000027,2024-10-01/P1M,6648,,,
E08000027,2024-11-01/P1M,6524,,,
E08000027,2024-12-01/P1M,4467,,,
E08000027,2025-01-01/P1M,7138,,,
E08000027,2025-02-01/P1M,6724,,,
E08000027,2025-03-01/P1M,6997,,,
E09000009,2024-04-01/P1Y,0,,,
E06000011,2024-04-01/P1M,3155,,,
E06000011,2024-05-01/P1M,2797,,,
E06000011,2024-06-01/P1M,2807,,,
E06000011,2024-07-01/P1M,3161,,,
E06000011,2024-08-01/P1M,2997,,,
E06000011,2024-09-01/P1M,3074,,,
E06000011,2024-10-01/P1M,3256,,,
E06000011,2024-11-01/P1M,2854,,,
E06000011,2024-12-01/P1M,2070,,,
E06000011,2025-01-01/P1M,3528,,,
E06000011,2025-02-01/P1M,3179,,,
E06000011,2025-03-01/P1M,3321,,,
E10000011,2024-04-01/P1M,5988,,,
E10000011,2024-05-01/P1M,5641,,,
E10000011,2024-06-01/P1M,5534,,,
E10000011,2024-07-01/P1M,6253,,,
E10000011,2024-08-01/P1M,6336,,,
E10000011,2024-09-01/P1M,5541,,,
E10000011,2024-10-01/P1M,6030,,,
E10000011,2024-11-01/P1M,5959,,,
E10000011,2024-12-01/P1M,4776,,,
E10000011,2025-01-01/P1M,6012,,,
E10000011,2025-02-01/P1M,5585,,,
E10000011,2025-03-01/P1M,5630,,,
E09000010,2024-04-01/P1M,7295,,,
E09000010,2024-05-01/P1M,7297,,,
E09000010,2024-06-01/P1M,6975,,,
E09000010,2024-07-01/P1M,7203,,,
E09000010,2024-08-01/P1M,6652,,,
E09000010,2024-09-01/P1M,9789,,,
E09000010,2024-10-01/P1M,7704,,,
E09000010,2024-11-01/P1M,7429,,,
E09000010,2024-12-01/P1M,5708,,,
E09000010,2025-01-01/P1M,6960,,,
E09000010,2025-02-01/P1M,6890,,,
E09000010,2025-03-01/P1M,6477,,,
E10000012,2024-04-01/P1M,17961,,,
E10000012,2024-05-01/P1M,17979,,,
E10000012,2024-06-01/P1M,16982,,,
E10000012,2024-07-01/P1M,17881,,,
E10000012,2024-08-01/P1M,17066,,,
E10000012,2024-09-01/P1M,16125,,,
E10000012,2024-10-01/P1M,17166,,,
E10000012,2024-11-01/P1M,16430,,,
E10000012,2024-12-01/P1M,13368,,,
E10000012,2025-01-01/P1M,16774,,,
E10000012,2025-02-01/P1M,15896,,,
E10000012,2025-03-01/P1M,17810,,,
E08000037,2024-04-01/P1M,2031,,,
E08000037,2024-05-01/P1M,2421,,,
E08000037,2024-06-01/P1M,2499,,,
E08000037,2024-07-01/P1M,2835,,,
E08000037,2024-08-01/P1M,2496,,,
E08000037,2024-09-01/P1M,2746,,,
E08000037,2024-10-01/P1M,2518,,,
E08000037,2024-11-01/P1M,2413,,,
E08000037,2024-12-01/P1M,1839,,,
E08000037,2025-01-01/P1M,2181,,,
E08000037,2025-02-01/P1M,2180,,,
E08000037,2025-03-01/P1M,2244,,,
E10000013,2024-04-01/P3M,21416,,,
E10000013,2024-07-01/P3M,22187,,,
E10000013,2024-10-01/P3M,21346,,,
E10000013,2025-01-01/P3M,21567,,,
E09000011,2024-04-01/P1M,13167,,,
E09000011,2024-05-01/P1M,13296,,,
E09000011,2024-06-01/P1M,12538,,,
E09000011,2024-07-01/P1M,13628,,,
E09000011,2024-08-01/P1M,11060,,,
E09000011,2024-09-01/P1M,11474,,,
E09000011,2024-10-01/P1M,13980,,,
E09000011,2024-11-01/P1M,12463,,,
E09000011,2024-12-01/P1M,9511,,,
E09000011,2025-01-01/P1M,11472,,,
E09000011,2025-02-01/P1M,10527,,,
E09000011,2025-03-01/P1M,11747,,,
E09000012,2024-04-01/P1M,9546,,,
E09000012,2024-05-01/P1M,9977,,,
E09000012,2024-06-01/P1M,9335,,,
E09000012,2024-07-01/P1M,9999,,,
E09000012,2024-08-01/P1M,9593,,,
E09000012,2024-09-01/P1M,11057,,,
E09000012,2024-10-01/P1M,11401,,,
E09000012,2024-11-01/P1M,8554,,,
E09000012,2024-12-01/P1M,7990,,,
E09000012,2025-01-01/P1M,10848,,,
E09000012,2025-02-01/P1M,10124,,,
E09000012,2025-03-01/P1M,10660,,,
E10000014,2024-04-01/P1M,8741,,,
E10000014,2024-05-01/P1M,8482,,,
E10000014,2024-06-01/P1M,8106,,,
E10000014,2024-07-01/P1M,8914,,,
E10000014,2024-08-01/P1M,8775,,,
E10000014,2024-09-01/P1M,8963,,,
E10000014,2024-10-01/P1M,9494,,,
E10000014,2024-11-01/P1M,8750,,,
E10000014,2024-12-01/P1M,6930,,,
E10000014,2025-01-01/P1M,8729,,,
E10000014,2025-02-01/P1M,7981,,,
E10000014,2025-03-01/P1M,8402,,,
E09000015,2024-04-01/P1M,2791,,suspicious,"Source audit: hours_public_computers: 2023/2024: 284,481; 2024/2025: 31,749 (0.11 times; -88.8%). Check units, collection scope and completeness; a change alone does not prove error. Values retained as reported pending source confirmation."
E09000015,2024-05-01/P1M,2749,,suspicious,"Source audit: hours_public_computers: 2023/2024: 284,481; 2024/2025: 31,749 (0.11 times; -88.8%). Check units, collection scope and completeness; a change alone does not prove error. Values retained as reported pending source confirmation."
E09000015,2024-06-01/P1M,2366,,suspicious,"Source audit: hours_public_computers: 2023/2024: 284,481; 2024/2025: 31,749 (0.11 times; -88.8%). Check units, collection scope and completeness; a change alone does not prove error. Values retained as reported pending source confirmation."
E09000015,2024-07-01/P1M,2654,,suspicious,"Source audit: hours_public_computers: 2023/2024: 284,481; 2024/2025: 31,749 (0.11 times; -88.8%). Check units, collection scope and completeness; a change alone does not prove error. Values retained as reported pending source confirmation."
E09000015,2024-08-01/P1M,3020,,suspicious,"Source audit: hours_public_computers: 2023/2024: 284,481; 2024/2025: 31,749 (0.11 times; -88.8%). Check units, collection scope and completeness; a change alone does not prove error. Values retained as reported pending source confirmation."
E09000015,2024-09-01/P1M,2559,,suspicious,"Source audit: hours_public_computers: 2023/2024: 284,481; 2024/2025: 31,749 (0.11 times; -88.8%). Check units, collection scope and completeness; a change alone does not prove error. Values retained as reported pending source confirmation."
E09000015,2024-10-01/P1M,2771,,suspicious,"Source audit: hours_public_computers: 2023/2024: 284,481; 2024/2025: 31,749 (0.11 times; -88.8%). Check units, collection scope and completeness; a change alone does not prove error. Values retained as reported pending source confirmation."
E09000015,2024-11-01/P1M,2808,,suspicious,"Source audit: hours_public_computers: 2023/2024: 284,481; 2024/2025: 31,749 (0.11 times; -88.8%). Check units, collection scope and completeness; a change alone does not prove error. Values retained as reported pending source confirmation."
E09000015,2024-12-01/P1M,2316,,suspicious,"Source audit: hours_public_computers: 2023/2024: 284,481; 2024/2025: 31,749 (0.11 times; -88.8%). Check units, collection scope and completeness; a change alone does not prove error. Values retained as reported pending source confirmation."
E09000015,2025-01-01/P1M,2373,,suspicious,"Source audit: hours_public_computers: 2023/2024: 284,481; 2024/2025: 31,749 (0.11 times; -88.8%). Check units, collection scope and completeness; a change alone does not prove error. Values retained as reported pending source confirmation."
E09000015,2025-02-01/P1M,2697,,suspicious,"Source audit: hours_public_computers: 2023/2024: 284,481; 2024/2025: 31,749 (0.11 times; -88.8%). Check units, collection scope and completeness; a change alone does not prove error. Values retained as reported pending source confirmation."
E09000015,2025-03-01/P1M,2645,,suspicious,"Source audit: hours_public_computers: 2023/2024: 284,481; 2024/2025: 31,749 (0.11 times; -88.8%). Check units, collection scope and completeness; a change alone does not prove error. Values retained as reported pending source confirmation."
E06000001,2024-04-01/P1M,742,,,
E06000001,2024-05-01/P1M,734,,,
E06000001,2024-06-01/P1M,790,,,
E06000001,2024-07-01/P1M,896,,,
E06000001,2024-08-01/P1M,849,,,
E06000001,2024-09-01/P1M,852,,,
E06000001,2024-10-01/P1M,977,,,
E06000001,2024-11-01/P1M,1133,,,
E06000001,2024-12-01/P1M,711,,,
E06000001,2025-01-01/P1M,1104,,,
E06000001,2025-02-01/P1M,1116,,,
E06000001,2025-03-01/P1M,1198,,,
E09000016,2024-04-01/P1Y,0,,,
E06000019,2024-04-01/P1M,1236,,,
E06000019,2024-05-01/P1M,1123,,,
E06000019,2024-06-01/P1M,21510,1250,replaced,"Monthly return (June): June computer hours entered as 21,510, where other months range from 1,100 to 1,400. Corrected to 1,250 based on typical monthly use."
E06000019,2024-07-01/P1M,1313,,,
E06000019,2024-08-01/P1M,1264,,,
E06000019,2024-09-01/P1M,1249,,,
E06000019,2024-10-01/P1M,1416,,,
E06000019,2024-11-01/P1M,1309,,,
E06000019,2024-12-01/P1M,1133,,,
E06000019,2025-01-01/P1M,1361,,,
E06000019,2025-02-01/P1M,1252,,,
E06000019,2025-03-01/P1M,1234,,,
E09000017,2024-04-01/P1M,9083,,,
E09000017,2024-05-01/P1M,9001,,,
E09000017,2024-06-01/P1M,8624,,,
E09000017,2024-07-01/P1M,9125,,,
E09000017,2024-08-01/P1M,8888,,,
E09000017,2024-09-01/P1M,9226,,,
E09000017,2024-10-01/P1M,10348,,,
E09000017,2024-11-01/P1M,9775,,,
E09000017,2024-12-01/P1M,7985,,,
E09000017,2025-01-01/P1M,9622,,,
E09000017,2025-02-01/P1M,8988,,,
E09000017,2025-03-01/P1M,9026,,,
E06000046,2024-04-01/P1Y,0,,,
E10000016,2024-04-01/P1M,15323,,,
E10000016,2024-05-01/P1M,15476,,,
E10000016,2024-06-01/P1M,14328,,,
E10000016,2024-07-01/P1M,15490,,,
E10000016,2024-08-01/P1M,14875,,,
E10000016,2024-09-01/P1M,14797,,,
E10000016,2024-10-01/P1M,16076,,,
E10000016,2024-11-01/P1M,14857,,,
E10000016,2024-12-01/P1M,12016,,,
E10000016,2025-01-01/P1M,14799,,,
E10000016,2025-02-01/P1M,14294,,,
E10000016,2025-03-01/P1M,15487,,,
E06000010,2024-04-01/P1M,534,,,
E06000010,2024-05-01/P1M,503,,,
E06000010,2024-06-01/P1M,509,,,
E06000010,2024-07-01/P1M,659,,,
E06000010,2024-08-01/P1M,616,,,
E06000010,2024-09-01/P1M,590,,,
E06000010,2024-10-01/P1M,582,,,
E06000010,2024-11-01/P1M,578,,,
E06000010,2024-12-01/P1M,376,,,
E06000010,2025-01-01/P1M,592,,,
E06000010,2025-02-01/P1M,730,,,
E06000010,2025-03-01/P1M,882,,,
E09000021,2024-04-01/P1M,1555,,,
E09000021,2024-05-01/P1M,1504,,,
E09000021,2024-06-01/P1M,1497,,,
E09000021,2024-07-01/P1M,1727,,,
E09000021,2024-08-01/P1M,1671,,,
E09000021,2024-09-01/P1M,1522,,,
E09000021,2024-10-01/P1M,1738,,,
E09000021,2024-11-01/P1M,1568,,,
E09000021,2024-12-01/P1M,1176,,,
E09000021,2025-01-01/P1M,1571,,,
E09000021,2025-02-01/P1M,1455,,,
E09000021,2025-03-01/P1M,1622,,,
E08000034,2024-04-01/P1Y,0,,,
E08000011,2024-04-01/P1M,1365,,,
E08000011,2024-05-01/P1M,1352,,,
E08000011,2024-06-01/P1M,1306,,,
E08000011,2024-07-01/P1M,1408,,,
E08000011,2024-08-01/P1M,1406,,,
E08000011,2024-09-01/P1M,1438,,,
E08000011,2024-10-01/P1M,1711,,,
E08000011,2024-11-01/P1M,1600,,,
E08000011,2024-12-01/P1M,1060,,,
E08000011,2025-01-01/P1M,1496,,,
E08000011,2025-02-01/P1M,1356,,,
E08000011,2025-03-01/P1M,1401,,,
E06000016,2024-04-01/P1M,7364,,,
E06000016,2024-05-01/P1M,8132,,,
E06000016,2024-06-01/P1M,7216,,,
E06000016,2024-07-01/P1M,7925,,,
E06000016,2024-08-01/P1M,7015,,,
E06000016,2024-09-01/P1M,6874,,,
E06000016,2024-10-01/P1M,6417,,,
E06000016,2024-11-01/P1M,7800,,,
E06000016,2024-12-01/P1M,5950,,,
E06000016,2025-01-01/P1M,7514,,,
E06000016,2025-02-01/P1M,8596,,,
E06000016,2025-03-01/P1M,8485,,,
E09000023,2024-04-01/P1M,2487,,,
E09000023,2024-05-01/P1M,2567,,,
E09000023,2024-06-01/P1M,2265,,,
E09000023,2024-07-01/P1M,2282,,,
E09000023,2024-08-01/P1M,2440,,,
E09000023,2024-09-01/P1M,2462,,,
E09000023,2024-10-01/P1M,2469,,,
E09000023,2024-11-01/P1M,2361,,,
E09000023,2024-12-01/P1M,2212,,,
E09000023,2025-01-01/P1M,2727,,,
E09000023,2025-02-01/P1M,2765,,,
E09000023,2025-03-01/P1M,1679,,,
E10000019,2024-04-01/P1M,6453,,,
E10000019,2024-05-01/P1M,6377,,,
E10000019,2024-06-01/P1M,5982,,,
E10000019,2024-07-01/P1M,6656,,,
E10000019,2024-08-01/P1M,6810,,,
E10000019,2024-09-01/P1M,5768,,,
E10000019,2024-10-01/P1M,6656,,,
E10000019,2024-11-01/P1M,6274,,,
E10000019,2024-12-01/P1M,5101,,,
E10000019,2025-01-01/P1M,6384,,,
E10000019,2025-02-01/P1M,6110,,,
E10000019,2025-03-01/P1M,6025,,,
E08000012,2024-04-01/P1M,2350,,,
E08000012,2024-05-01/P1M,2313,,,
E08000012,2024-06-01/P1M,2038,,,
E08000012,2024-07-01/P1M,2044,,,
E08000012,2024-08-01/P1M,1763,,,
E08000012,2024-09-01/P1M,1782,,,
E08000012,2024-10-01/P1M,1863,,,
E08000012,2024-11-01/P1M,1598,,,
E08000012,2024-12-01/P1M,1297,,,
E08000012,2025-01-01/P1M,2045,,,
E08000012,2025-02-01/P1M,2087,,,
E08000012,2025-03-01/P1M,2295,,,
E06000032,2024-04-01/P1M,2396,,,
E06000032,2024-05-01/P1M,2973,,,
E06000032,2024-06-01/P1M,2780,,,
E06000032,2024-07-01/P1M,3071,,,
E06000032,2024-08-01/P1M,3559,,,
E06000032,2024-09-01/P1M,3103,,,
E06000032,2024-10-01/P1M,3511,,,
E06000032,2024-11-01/P1M,3111,,,
E06000032,2024-12-01/P1M,2887,,,
E06000032,2025-01-01/P1M,3166,,,
E06000032,2025-02-01/P1M,3342,,,
E06000032,2025-03-01/P1M,3476,,,
E08000003,2024-04-01/P1M,28586,,,
E08000003,2024-05-01/P1M,29156,,,
E08000003,2024-06-01/P1M,26480,,,
E08000003,2024-07-01/P1M,28551,,,
E08000003,2024-08-01/P1M,26459,,,
E08000003,2024-09-01/P1M,26425,,,
E08000003,2024-10-01/P1M,30720,,,
E08000003,2024-11-01/P1M,27586,,,
E08000003,2024-12-01/P1M,23861,,,
E08000003,2025-01-01/P1M,26395,,,
E08000003,2025-02-01/P1M,26420,,,
E08000003,2025-03-01/P1M,26935,,,
E09000024,2024-04-01/P3M,23362,,,
E09000024,2024-07-01/P3M,22987,,,
E09000024,2024-10-01/P3M,23585,,,
E09000024,2025-01-01/P3M,23435,,,
E06000042,2024-04-01/P1M,1054,,,
E06000042,2024-05-01/P1M,981,,,
E06000042,2024-06-01/P1M,961,,,
E06000042,2024-07-01/P1M,1068,,,
E06000042,2024-08-01/P1M,1011,,,
E06000042,2024-09-01/P1M,1027,,,
E06000042,2024-10-01/P1M,1134,,,
E06000042,2024-11-01/P1M,1031,,,
E06000042,2024-12-01/P1M,786,,,
E06000042,2025-01-01/P1M,956,,,
E06000042,2025-02-01/P1M,949,,,
E06000042,2025-03-01/P1M,980,,,
E08000021,2024-04-01/P1M,8661,,suspicious,"Source audit: hours_public_computers: 2023/2024: 12,294,410; 2024/2025: 92,015 (0.01 times; -99.3%). Check units, collection scope and completeness; a change alone does not prove error. Values retained as reported pending source confirmation."
E08000021,2024-05-01/P1M,8648,,suspicious,"Source audit: hours_public_computers: 2023/2024: 12,294,410; 2024/2025: 92,015 (0.01 times; -99.3%). Check units, collection scope and completeness; a change alone does not prove error. Values retained as reported pending source confirmation."
E08000021,2024-06-01/P1M,7560,,suspicious,"Source audit: hours_public_computers: 2023/2024: 12,294,410; 2024/2025: 92,015 (0.01 times; -99.3%). Check units, collection scope and completeness; a change alone does not prove error. Values retained as reported pending source confirmation."
E08000021,2024-07-01/P1M,8741,,suspicious,"Source audit: hours_public_computers: 2023/2024: 12,294,410; 2024/2025: 92,015 (0.01 times; -99.3%). Check units, collection scope and completeness; a change alone does not prove error. Values retained as reported pending source confirmation."
E08000021,2024-08-01/P1M,8285,,suspicious,"Source audit: hours_public_computers: 2023/2024: 12,294,410; 2024/2025: 92,015 (0.01 times; -99.3%). Check units, collection scope and completeness; a change alone does not prove error. Values retained as reported pending source confirmation."
E08000021,2024-09-01/P1M,8778,,suspicious,"Source audit: hours_public_computers: 2023/2024: 12,294,410; 2024/2025: 92,015 (0.01 times; -99.3%). Check units, collection scope and completeness; a change alone does not prove error. Values retained as reported pending source confirmation."
E08000021,2024-10-01/P1M,7318,,suspicious,"Source audit: hours_public_computers: 2023/2024: 12,294,410; 2024/2025: 92,015 (0.01 times; -99.3%). Check units, collection scope and completeness; a change alone does not prove error. Values retained as reported pending source confirmation."
E08000021,2024-11-01/P1M,8018,,suspicious,"Source audit: hours_public_computers: 2023/2024: 12,294,410; 2024/2025: 92,015 (0.01 times; -99.3%). Check units, collection scope and completeness; a change alone does not prove error. Values retained as reported pending source confirmation."
E08000021,2024-12-01/P1M,5737,,suspicious,"Source audit: hours_public_computers: 2023/2024: 12,294,410; 2024/2025: 92,015 (0.01 times; -99.3%). Check units, collection scope and completeness; a change alone does not prove error. Values retained as reported pending source confirmation."
E08000021,2025-01-01/P1M,7469,,suspicious,"Source audit: hours_public_computers: 2023/2024: 12,294,410; 2024/2025: 92,015 (0.01 times; -99.3%). Check units, collection scope and completeness; a change alone does not prove error. Values retained as reported pending source confirmation."
E08000021,2025-02-01/P1M,6481,,suspicious,"Source audit: hours_public_computers: 2023/2024: 12,294,410; 2024/2025: 92,015 (0.01 times; -99.3%). Check units, collection scope and completeness; a change alone does not prove error. Values retained as reported pending source confirmation."
E08000021,2025-03-01/P1M,6319,,suspicious,"Source audit: hours_public_computers: 2023/2024: 12,294,410; 2024/2025: 92,015 (0.01 times; -99.3%). Check units, collection scope and completeness; a change alone does not prove error. Values retained as reported pending source confirmation."
E06000012,2024-04-01/P1M,542,,suspicious,"Source audit: hours_public_computers: 2023/2024: 59,181; 2024/2025: 6,102 (0.10 times; -89.7%). Check units, collection scope and completeness; a change alone does not prove error. Values retained as reported pending source confirmation."
E06000012,2024-05-01/P1M,560,,suspicious,"Source audit: hours_public_computers: 2023/2024: 59,181; 2024/2025: 6,102 (0.10 times; -89.7%). Check units, collection scope and completeness; a change alone does not prove error. Values retained as reported pending source confirmation."
E06000012,2024-06-01/P1M,483,,suspicious,"Source audit: hours_public_computers: 2023/2024: 59,181; 2024/2025: 6,102 (0.10 times; -89.7%). Check units, collection scope and completeness; a change alone does not prove error. Values retained as reported pending source confirmation."
E06000012,2024-07-01/P1M,562,,suspicious,"Source audit: hours_public_computers: 2023/2024: 59,181; 2024/2025: 6,102 (0.10 times; -89.7%). Check units, collection scope and completeness; a change alone does not prove error. Values retained as reported pending source confirmation."
E06000012,2024-08-01/P1M,188,,suspicious,"Source audit: hours_public_computers: 2023/2024: 59,181; 2024/2025: 6,102 (0.10 times; -89.7%). Check units, collection scope and completeness; a change alone does not prove error. Values retained as reported pending source confirmation."
E06000012,2024-09-01/P1M,458,,suspicious,"Source audit: hours_public_computers: 2023/2024: 59,181; 2024/2025: 6,102 (0.10 times; -89.7%). Check units, collection scope and completeness; a change alone does not prove error. Values retained as reported pending source confirmation."
E06000012,2024-10-01/P1M,518,,suspicious,"Source audit: hours_public_computers: 2023/2024: 59,181; 2024/2025: 6,102 (0.10 times; -89.7%). Check units, collection scope and completeness; a change alone does not prove error. Values retained as reported pending source confirmation."
E06000012,2024-11-01/P1M,474,,suspicious,"Source audit: hours_public_computers: 2023/2024: 59,181; 2024/2025: 6,102 (0.10 times; -89.7%). Check units, collection scope and completeness; a change alone does not prove error. Values retained as reported pending source confirmation."
E06000012,2024-12-01/P1M,343,,suspicious,"Source audit: hours_public_computers: 2023/2024: 59,181; 2024/2025: 6,102 (0.10 times; -89.7%). Check units, collection scope and completeness; a change alone does not prove error. Values retained as reported pending source confirmation."
E06000012,2025-01-01/P1M,631,,suspicious,"Source audit: hours_public_computers: 2023/2024: 59,181; 2024/2025: 6,102 (0.10 times; -89.7%). Check units, collection scope and completeness; a change alone does not prove error. Values retained as reported pending source confirmation."
E06000012,2025-02-01/P1M,685,,suspicious,"Source audit: hours_public_computers: 2023/2024: 59,181; 2024/2025: 6,102 (0.10 times; -89.7%). Check units, collection scope and completeness; a change alone does not prove error. Values retained as reported pending source confirmation."
E06000012,2025-03-01/P1M,658,,suspicious,"Source audit: hours_public_computers: 2023/2024: 59,181; 2024/2025: 6,102 (0.10 times; -89.7%). Check units, collection scope and completeness; a change alone does not prove error. Values retained as reported pending source confirmation."
E06000013,2024-04-01/P1M,899,,,
E06000013,2024-05-01/P1M,828,,,
E06000013,2024-06-01/P1M,713,,,
E06000013,2024-07-01/P1M,775,,,
E06000013,2024-08-01/P1M,766,,,
E06000013,2024-09-01/P1M,749,,,
E06000013,2024-10-01/P1M,757,,,
E06000013,2024-11-01/P1M,626,,,
E06000013,2024-12-01/P1M,501,,,
E06000013,2025-01-01/P1M,601,,,
E06000013,2025-02-01/P1M,642,,,
E06000013,2025-03-01/P1M,628,,,
E06000061,2024-04-01/P1M,2600,,,
E06000061,2024-05-01/P1M,1800,,,
E06000061,2024-06-01/P1M,1625,,,
E06000061,2024-07-01/P1M,1734,,,
E06000061,2024-08-01/P1M,1701,,,
E06000061,2024-09-01/P1M,1572,,,
E06000061,2024-10-01/P1M,1956,,,
E06000061,2024-11-01/P1M,1849,,,
E06000061,2024-12-01/P1M,1875,,,
E06000061,2025-01-01/P1M,2228,,,
E06000061,2025-02-01/P1M,2270,,,
E06000061,2025-03-01/P1M,2463,,,
E06000024,2024-04-01/P1M,2845,,,
E06000024,2024-05-01/P1M,2619,,,
E06000024,2024-06-01/P1M,2572,,,
E06000024,2024-07-01/P1M,2776,,,
E06000024,2024-08-01/P1M,2528,,,
E06000024,2024-09-01/P1M,2476,,,
E06000024,2024-10-01/P1M,2657,,,
E06000024,2024-11-01/P1M,2561,,,
E06000024,2024-12-01/P1M,2000,,,
E06000024,2025-01-01/P1M,2533,,,
E06000024,2025-02-01/P1M,2553,,,
E06000024,2025-03-01/P1M,2814,,,
E08000022,2024-04-01/P1M,4672,,,
E08000022,2024-05-01/P1M,4389,,,
E08000022,2024-06-01/P1M,3689,,,
E08000022,2024-07-01/P1M,4348,,,
E08000022,2024-08-01/P1M,4335,,,
E08000022,2024-09-01/P1M,4376,,,
E08000022,2024-10-01/P1M,4800,,,
E08000022,2024-11-01/P1M,4495,,,
E08000022,2024-12-01/P1M,3623,,,
E08000022,2025-01-01/P1M,4752,,,
E08000022,2025-02-01/P1M,4614,,,
E08000022,2025-03-01/P1M,4855,,,
E06000065,2024-04-01/P1M,9136,,,
E06000065,2024-05-01/P1M,8778,,,
E06000065,2024-06-01/P1M,9364,,,
E06000065,2024-07-01/P1M,9792,,,
E06000065,2024-08-01/P1M,7992,,,
E06000065,2024-09-01/P1M,8490,,,
E06000065,2024-10-01/P1M,9586,,,
E06000065,2024-11-01/P1M,8631,,,
E06000065,2024-12-01/P1M,6200,,,
E06000065,2025-01-01/P1M,8974,,,
E06000065,2025-02-01/P1M,10239,,,
E06000065,2025-03-01/P1M,10590,,,
E06000057,2024-04-01/P1M,2133,,,
E06000057,2024-05-01/P1M,2030,,,
E06000057,2024-06-01/P1M,1934,,,
E06000057,2024-07-01/P1M,1969,,,
E06000057,2024-08-01/P1M,2065,,,
E06000057,2024-09-01/P1M,2050,,,
E06000057,2024-10-01/P1M,2335,,,
E06000057,2024-11-01/P1M,2236,,,
E06000057,2024-12-01/P1M,1644,,,
E06000057,2025-01-01/P1M,2352,,,
E06000057,2025-02-01/P1M,2305,,,
E06000057,2025-03-01/P1M,2213,,,
E06000018,2024-04-01/P1M,9664,,,
E06000018,2024-05-01/P1M,9551,,,
E06000018,2024-06-01/P1M,8795,,,
E06000018,2024-07-01/P1M,9233,,,
E06000018,2024-08-01/P1M,12531,,,
E06000018,2024-09-01/P1M,10534,,,
E06000018,2024-10-01/P1M,10234,,,
E06000018,2024-11-01/P1M,8903,,,
E06000018,2024-12-01/P1M,6507,,,
E06000018,2025-01-01/P1M,9268,,,
E06000018,2025-02-01/P1M,9492,,,
E06000018,2025-03-01/P1M,6996,,,
E10000024,2024-04-01/P1M,7891,,,
E10000024,2024-05-01/P1M,7458,,,
E10000024,2024-06-01/P1M,7750,,,
E10000024,2024-07-01/P1M,8005,,,
E10000024,2024-08-01/P1M,8470,,,
E10000024,2024-09-01/P1M,8560,,,
E10000024,2024-10-01/P1M,9523,,,
E10000024,2024-11-01/P1M,8975,,,
E10000024,2024-12-01/P1M,5687,,,
E10000024,2025-01-01/P1M,8413,,,
E10000024,2025-02-01/P1M,8291,,,
E10000024,2025-03-01/P1M,9265,,,
E08000004,2024-04-01/P1M,7068,,,
E08000004,2024-05-01/P1M,6758,,,
E08000004,2024-06-01/P1M,6116,,,
E08000004,2024-07-01/P1M,6409,,,
E08000004,2024-08-01/P1M,6447,,,
E08000004,2024-09-01/P1M,6251,,,
E08000004,2024-10-01/P1M,6565,,,
E08000004,2024-11-01/P1M,6104,,,
E08000004,2024-12-01/P1M,5059,,,
E08000004,2025-01-01/P1M,6562,,,
E08000004,2025-02-01/P1M,6514,,,
E08000004,2025-03-01/P1M,6555,,,
E10000025,2024-04-01/P1M,7918,,,
E10000025,2024-05-01/P1M,7650,,,
E10000025,2024-06-01/P1M,7444,,,
E10000025,2024-07-01/P1M,7027,,,
E10000025,2024-08-01/P1M,5817,,,
E10000025,2024-09-01/P1M,5959,,,
E10000025,2024-10-01/P1M,6400,,,
E10000025,2024-11-01/P1M,5932,,,
E10000025,2024-12-01/P1M,4669,,,
E10000025,2025-01-01/P1M,5557,,,
E10000025,2025-02-01/P1M,5066,,,
E10000025,2025-03-01/P1M,5154,,,
E06000031,2024-04-01/P1Y,0,,,
E06000038,2024-04-01/P1M,1985,,,
E06000038,2024-05-01/P1M,1882,,,
E06000038,2024-06-01/P1M,1864,,,
E06000038,2024-07-01/P1M,1887,,,
E06000038,2024-08-01/P1M,2180,,,
E06000038,2024-09-01/P1M,1552,,,
E06000038,2024-10-01/P1M,1926,,,
E06000038,2024-11-01/P1M,1744,,,
E06000038,2024-12-01/P1M,1489,,,
E06000038,2025-01-01/P1M,1805,,,
E06000038,2025-02-01/P1M,2138,,,
E06000038,2025-03-01/P1M,2028,,,
E09000026,2024-04-01/P1M,7725,,,
E09000026,2024-05-01/P1M,8070,,,
E09000026,2024-06-01/P1M,6782,,,
E09000026,2024-07-01/P1M,6900,,,
E09000026,2024-08-01/P1M,7661,,,
E09000026,2024-09-01/P1M,7274,,,
E09000026,2024-10-01/P1M,7501,,,
E09000026,2024-11-01/P1M,7560,,,
E09000026,2024-12-01/P1M,9258,,,
E09000026,2025-01-01/P1M,8320,,,
E09000026,2025-02-01/P1M,7441,,,
E09000026,2025-03-01/P1M,7908,,,
E06000003,2024-04-01/P1Y,0,,,
E09000027,2024-04-01/P1M,4345,,,
E09000027,2024-05-01/P1M,3888,,,
E09000027,2024-06-01/P1M,3787,,,
E09000027,2024-07-01/P1M,4119,,,
E09000027,2024-08-01/P1M,3860,,,
E09000027,2024-09-01/P1M,3957,,,
E09000027,2024-10-01/P1M,4171,,,
E09000027,2024-11-01/P1M,4050,,,
E09000027,2024-12-01/P1M,3400,,,
E09000027,2025-01-01/P1M,4200,,,
E09000027,2025-02-01/P1M,4050,,,
E09000027,2025-03-01/P1M,4224,,,
E08000005,2024-04-01/P1M,4634,,,
E08000005,2024-05-01/P1M,4215,,,
E08000005,2024-06-01/P1M,3821,,,
E08000005,2024-07-01/P1M,4439,,,
E08000005,2024-08-01/P1M,4185,,,
E08000005,2024-09-01/P1M,3929,,,
E08000005,2024-10-01/P1M,3759,,,
E08000005,2024-11-01/P1M,4076,,,
E08000005,2024-12-01/P1M,2693,,,
E08000005,2025-01-01/P1M,3621,,,
E08000005,2025-02-01/P1M,3615,,,
E08000005,2025-03-01/P1M,4265,,,
E08000018,2024-04-01/P1M,3522,,,
E08000018,2024-05-01/P1M,3255,,,
E08000018,2024-06-01/P1M,2803,,,
E08000018,2024-07-01/P1M,3335,,,
E08000018,2024-08-01/P1M,3293,,,
E08000018,2024-09-01/P1M,3352,,,
E08000018,2024-10-01/P1M,3701,,,
E08000018,2024-11-01/P1M,4015,,,
E08000018,2024-12-01/P1M,24310,2431,replaced,"Monthly return (December): December computer hours entered as 24,310, about ten times higher than other months (~3,000). Corrected to 2,431."
E08000018,2025-01-01/P1M,3444,,,
E08000018,2025-02-01/P1M,3267,,,
E08000018,2025-03-01/P1M,2798,,,
E06000017,2024-04-01/P1M,455,,,
E06000017,2024-05-01/P1M,379,,,
E06000017,2024-06-01/P1M,402,,,
E06000017,2024-07-01/P1M,385,,,
E06000017,2024-08-01/P1M,463,,,
E06000017,2024-09-01/P1M,381,,,
E06000017,2024-10-01/P1M,420,,,
E06000017,2024-11-01/P1M,414,,,
E06000017,2024-12-01/P1M,251,,,
E06000017,2025-01-01/P1M,478,,,
E06000017,2025-02-01/P1M,350,,,
E06000017,2025-03-01/P1M,452,,,
E08000006,2024-04-01/P3M,22463,,,
E08000006,2024-07-01/P3M,21842,,,
E08000006,2024-10-01/P3M,21244,,,
E08000006,2025-01-01/P3M,22869,,,
E08000028,2024-04-01/P1M,7047,,,
E08000028,2024-05-01/P1M,6703,,,
E08000028,2024-06-01/P1M,6370,,,
E08000028,2024-07-01/P1M,7246,,,
E08000028,2024-08-01/P1M,7077,,,
E08000028,2024-09-01/P1M,5054,,,
E08000028,2024-10-01/P1M,7417,,,
E08000028,2024-11-01/P1M,6948,,,
E08000028,2024-12-01/P1M,5540,,,
E08000028,2025-01-01/P1M,7253,,,
E08000028,2025-02-01/P1M,6687,,,
E08000028,2025-03-01/P1M,7016,,,
E08000014,2024-04-01/P1M,2863,,,
E08000014,2024-05-01/P1M,2393,,,
E08000014,2024-06-01/P1M,2371,,,
E08000014,2024-07-01/P1M,2875,,,
E08000014,2024-08-01/P1M,2731,,,
E08000014,2024-09-01/P1M,2508,,,
E08000014,2024-10-01/P1M,2753,,,
E08000014,2024-11-01/P1M,2574,,,
E08000014,2024-12-01/P1M,1789,,,
E08000014,2025-01-01/P1M,2639,,,
E08000014,2025-02-01/P1M,2530,,,
E08000014,2025-03-01/P1M,2621,,,
E08000019,2024-04-01/P1M,7008,,,
E08000019,2024-05-01/P1M,6677,,,
E08000019,2024-06-01/P1M,5973,,,
E08000019,2024-07-01/P1M,6963,,,
E08000019,2024-08-01/P1M,6509,,,
E08000019,2024-09-01/P1M,6620,,,
E08000019,2024-10-01/P1M,6846,,,
E08000019,2024-11-01/P1M,6117,,,
E08000019,2024-12-01/P1M,4484,,,
E08000019,2025-01-01/P1M,5719,,,
E08000019,2025-02-01/P1M,6083,,,
E08000019,2025-03-01/P1M,6525,,,
E06000051,2024-04-01/P1M,2409,,,
E06000051,2024-05-01/P1M,2176,,,
E06000051,2024-06-01/P1M,2257,,,
E06000051,2024-07-01/P1M,2158,,,
E06000051,2024-08-01/P1M,1939,,,
E06000051,2024-09-01/P1M,2070,,,
E06000051,2024-10-01/P1M,2400,,,
E06000051,2024-11-01/P1M,2272,,,
E06000051,2024-12-01/P1M,1448,,,
E06000051,2025-01-01/P1M,2025,,,
E06000051,2025-02-01/P1M,2149,,,
E06000051,2025-03-01/P1M,2153,,,
E06000025,2024-04-01/P1M,4381,,,
E06000025,2024-05-01/P1M,4549,,,
E06000025,2024-06-01/P1M,3448,,,
E06000025,2024-07-01/P1M,3719,,,
E06000025,2024-08-01/P1M,3867,,,
E06000025,2024-09-01/P1M,3871,,,
E06000025,2024-10-01/P1M,4347,,,
E06000025,2024-11-01/P1M,3914,,,
E06000025,2024-12-01/P1M,3267,,,
E06000025,2025-01-01/P1M,4142,,,
E06000025,2025-02-01/P1M,4147,,,
E06000025,2025-03-01/P1M,4486,,,
E08000023,2024-04-01/P1M,3933,,,
E08000023,2024-05-01/P1M,3754,,,
E08000023,2024-06-01/P1M,3358,,,
E08000023,2024-07-01/P1M,3598,,,
E08000023,2024-08-01/P1M,3507,,,
E08000023,2024-09-01/P1M,3625,,,
E08000023,2024-10-01/P1M,3787,,,
E08000023,2024-11-01/P1M,3849,,,
E08000023,2024-12-01/P1M,3121,,,
E08000023,2025-01-01/P1M,4103,,,
E08000023,2025-02-01/P1M,3794,,,
E08000023,2025-03-01/P1M,4182,,,
E09000028,2024-04-01/P1M,11984,,,
E09000028,2024-05-01/P1M,11621,,,
E09000028,2024-06-01/P1M,9642,,,
E09000028,2024-07-01/P1M,11670,,,
E09000028,2024-08-01/P1M,11161,,,
E09000028,2024-09-01/P1M,11156,,,
E09000028,2024-10-01/P1M,12071,,,
E09000028,2024-11-01/P1M,10903,,,
E09000028,2024-12-01/P1M,9572,,,
E09000028,2025-01-01/P1M,11971,,,
E09000028,2025-02-01/P1M,10024,,,
E09000028,2025-03-01/P1M,11571,,,
E08000013,2024-04-01/P1Y,0,,,
E10000028,2024-04-01/P3M,29473,,,
E10000028,2024-07-01/P3M,26767,,,
E10000028,2024-10-01/P3M,27898,,,
E10000028,2025-01-01/P3M,31145,,,
E06000004,2024-04-01/P1M,2907,,,
E06000004,2024-05-01/P1M,2807,,,
E06000004,2024-06-01/P1M,2631,,,
E06000004,2024-07-01/P1M,2842,,,
E06000004,2024-08-01/P1M,2475,,,
E06000004,2024-09-01/P1M,2496,,,
E06000004,2024-10-01/P1M,2688,,,
E06000004,2024-11-01/P1M,2315,,,
E06000004,2024-12-01/P1M,2035,,,
E06000004,2025-01-01/P1M,2484,,,
E06000004,2025-02-01/P1M,2564,,,
E06000004,2025-03-01/P1M,2532,,,
E06000021,2024-04-01/P1M,3873,,,
E06000021,2024-05-01/P1M,3638,,,
E06000021,2024-06-01/P1M,3705,,,
E06000021,2024-07-01/P1M,4048,,,
E06000021,2024-08-01/P1M,4146,,,
E06000021,2024-09-01/P1M,3760,,,
E06000021,2024-10-01/P1M,3667,,,
E06000021,2024-11-01/P1M,3968,,,
E06000021,2024-12-01/P1M,2716,,,
E06000021,2025-01-01/P1M,3721,,,
E06000021,2025-02-01/P1M,3505,,,
E06000021,2025-03-01/P1M,4255,,,
E08000024,2024-04-01/P1Y,0,,,
E10000030,2024-04-01/P1M,12310,,,
E10000030,2024-05-01/P1M,12182,,,
E10000030,2024-06-01/P1M,11226,,,
E10000030,2024-07-01/P1M,12955,,,
E10000030,2024-08-01/P1M,12379,,,
E10000030,2024-09-01/P1M,11432,,,
E10000030,2024-10-01/P1M,12174,,,
E10000030,2024-11-01/P1M,9792,,,
E10000030,2024-12-01/P1M,8438,,,
E10000030,2025-01-01/P1M,11865,,,
E10000030,2025-02-01/P1M,12171,,,
E10000030,2025-03-01/P1M,11868,,,
E09000029,2024-04-01/P1M,3863,,,
E09000029,2024-05-01/P1M,3872,,,
E09000029,2024-06-01/P1M,3530,,,
E09000029,2024-07-01/P1M,3812,,,
E09000029,2024-08-01/P1M,3850,,,
E09000029,2024-09-01/P1M,3829,,,
E09000029,2024-10-01/P1M,4809,,,
E09000029,2024-11-01/P1M,4438,,,
E09000029,2024-12-01/P1M,4098,,,
E09000029,2025-01-01/P1M,4665,,,
E09000029,2025-02-01/P1M,4744,,,
E09000029,2025-03-01/P1M,5408,,,
E08000008,2024-04-01/P1M,4090,,,
E08000008,2024-05-01/P1M,3897,,,
E08000008,2024-06-01/P1M,3986,,,
E08000008,2024-07-01/P1M,4661,,,
E08000008,2024-08-01/P1M,4678,,,
E08000008,2024-09-01/P1M,4614,,,
E08000008,2024-10-01/P1M,4640,,,
E08000008,2024-11-01/P1M,4284,,,
E08000008,2024-12-01/P1M,3654,,,
E08000008,2025-01-01/P1M,4203,,,
E08000008,2025-02-01/P1M,3928,,,
E08000008,2025-03-01/P1M,4143,,,
E06000020,2024-04-01/P1M,1442,,,
E06000020,2024-05-01/P1M,1470,,,
E06000020,2024-06-01/P1M,1501,,,
E06000020,2024-07-01/P1M,1679,,,
E06000020,2024-08-01/P1M,1860,,,
E06000020,2024-09-01/P1M,1602,,,
E06000020,2024-10-01/P1M,1669,,,
E06000020,2024-11-01/P1M,1108,,,
E06000020,2024-12-01/P1M,1083,,,
E06000020,2025-01-01/P1M,1584,,,
E06000020,2025-02-01/P1M,1567,,,
E06000020,2025-03-01/P1M,1852,,,
E06000034,2024-04-01/P1Y,23103,,,
E06000027,2024-04-01/P1Y,0,,,
E09000030,2024-04-01/P1Y,0,,,
E08000009,2024-04-01/P1M,2012,,,
E08000009,2024-05-01/P1M,1868,,,
E08000009,2024-06-01/P1M,1877,,,
E08000009,2024-07-01/P1M,1890,,,
E08000009,2024-08-01/P1M,1776,,,
E08000009,2024-09-01/P1M,1829,,,
E08000009,2024-10-01/P1M,1893,,,
E08000009,2024-11-01/P1M,1819,,,
E08000009,2024-12-01/P1M,1351,,,
E08000009,2025-01-01/P1M,1918,,,
E08000009,2025-02-01/P1M,1687,,,
E08000009,2025-03-01/P1M,1670,,,
E08000036,2024-04-01/P1M,5188,,,
E08000036,2024-05-01/P1M,5051,,,
E08000036,2024-06-01/P1M,4823,,,
E08000036,2024-07-01/P1M,5324,,,
E08000036,2024-08-01/P1M,5022,,,
E08000036,2024-09-01/P1M,7906,,,
E08000036,2024-10-01/P1M,6457,,,
E08000036,2024-11-01/P1M,8641,,,
E08000036,2024-12-01/P1M,3902,,,
E08000036,2025-01-01/P1M,5353,,,
E08000036,2025-02-01/P1M,5308,,,
E08000036,2025-03-01/P1M,5621,,,
E08000030,2024-04-01/P1M,5255,,,
E08000030,2024-05-01/P1M,5161,,,
E08000030,2024-06-01/P1M,4625,,,
E08000030,2024-07-01/P1M,6052,,,
E08000030,2024-08-01/P1M,5340,,,
E08000030,2024-09-01/P1M,4600,,,
E08000030,2024-10-01/P1M,4294,,,
E08000030,2024-11-01/P1M,5404,,,
E08000030,2024-12-01/P1M,3814,,,
E08000030,2025-01-01/P1M,5204,,,
E08000030,2025-02-01/P1M,4614,,,
E08000030,2025-03-01/P1M,5222,,,
E09000031,2024-04-01/P1M,5837,,,
E09000031,2024-05-01/P1M,5937,,,
E09000031,2024-06-01/P1M,5371,,,
E09000031,2024-07-01/P1M,5469,,,
E09000031,2024-08-01/P1M,5700,,,
E09000031,2024-09-01/P1M,6017,,,
E09000031,2024-10-01/P1M,7026,,,
E09000031,2024-11-01/P1M,6749,,,
E09000031,2024-12-01/P1M,5289,,,
E09000031,2025-01-01/P1M,6092,,,
E09000031,2025-02-01/P1M,5900,,,
E09000031,2025-03-01/P1M,5061,,,
E09000032,2024-04-01/P1M,9626,,,
E09000032,2024-05-01/P1M,9393,,,
E09000032,2024-06-01/P1M,9946,,,
E09000032,2024-07-01/P1M,10334,,,
E09000032,2024-08-01/P1M,9893,,,
E09000032,2024-09-01/P1M,9327,,,
E09000032,2024-10-01/P1M,10552,,,
E09000032,2024-11-01/P1M,9769,,,
E09000032,2024-12-01/P1M,8094,,,
E09000032,2025-01-01/P1M,9275,,,
E09000032,2025-02-01/P1M,9130,,,
E09000032,2025-03-01/P1M,9855,,,
E06000007,2024-04-01/P1Y,11390,,,
E10000031,2024-04-01/P1M,5654,,suspicious,"Source audit: hours_public_computers: 2023/2024: 3,405,995; 2024/2025: 65,330 (0.02 times; -98.1%). Check units, collection scope and completeness; a change alone does not prove error. Values retained as reported pending source confirmation."
E10000031,2024-05-01/P1M,5586,,suspicious,"Source audit: hours_public_computers: 2023/2024: 3,405,995; 2024/2025: 65,330 (0.02 times; -98.1%). Check units, collection scope and completeness; a change alone does not prove error. Values retained as reported pending source confirmation."
E10000031,2024-06-01/P1M,5219,,suspicious,"Source audit: hours_public_computers: 2023/2024: 3,405,995; 2024/2025: 65,330 (0.02 times; -98.1%). Check units, collection scope and completeness; a change alone does not prove error. Values retained as reported pending source confirmation."
E10000031,2024-07-01/P1M,5448,,suspicious,"Source audit: hours_public_computers: 2023/2024: 3,405,995; 2024/2025: 65,330 (0.02 times; -98.1%). Check units, collection scope and completeness; a change alone does not prove error. Values retained as reported pending source confirmation."
E10000031,2024-08-01/P1M,5474,,suspicious,"Source audit: hours_public_computers: 2023/2024: 3,405,995; 2024/2025: 65,330 (0.02 times; -98.1%). Check units, collection scope and completeness; a change alone does not prove error. Values retained as reported pending source confirmation."
E10000031,2024-09-01/P1M,5431,,suspicious,"Source audit: hours_public_computers: 2023/2024: 3,405,995; 2024/2025: 65,330 (0.02 times; -98.1%). Check units, collection scope and completeness; a change alone does not prove error. Values retained as reported pending source confirmation."
E10000031,2024-10-01/P1M,5681,,suspicious,"Source audit: hours_public_computers: 2023/2024: 3,405,995; 2024/2025: 65,330 (0.02 times; -98.1%). Check units, collection scope and completeness; a change alone does not prove error. Values retained as reported pending source confirmation."
E10000031,2024-11-01/P1M,5458,,suspicious,"Source audit: hours_public_computers: 2023/2024: 3,405,995; 2024/2025: 65,330 (0.02 times; -98.1%). Check units, collection scope and completeness; a change alone does not prove error. Values retained as reported pending source confirmation."
E10000031,2024-12-01/P1M,4435,,suspicious,"Source audit: hours_public_computers: 2023/2024: 3,405,995; 2024/2025: 65,330 (0.02 times; -98.1%). Check units, collection scope and completeness; a change alone does not prove error. Values retained as reported pending source confirmation."
E10000031,2025-01-01/P1M,5660,,suspicious,"Source audit: hours_public_computers: 2023/2024: 3,405,995; 2024/2025: 65,330 (0.02 times; -98.1%). Check units, collection scope and completeness; a change alone does not prove error. Values retained as reported pending source confirmation."
E10000031,2025-02-01/P1M,5608,,suspicious,"Source audit: hours_public_computers: 2023/2024: 3,405,995; 2024/2025: 65,330 (0.02 times; -98.1%). Check units, collection scope and completeness; a change alone does not prove error. Values retained as reported pending source confirmation."
E10000031,2025-03-01/P1M,5676,,suspicious,"Source audit: hours_public_computers: 2023/2024: 3,405,995; 2024/2025: 65,330 (0.02 times; -98.1%). Check units, collection scope and completeness; a change alone does not prove error. Values retained as reported pending source confirmation."
E06000037,2024-04-01/P1M,1085,,,
E06000037,2024-05-01/P1M,1039,,,
E06000037,2024-06-01/P1M,979,,,
E06000037,2024-07-01/P1M,1192,,,
E06000037,2024-08-01/P1M,1022,,,
E06000037,2024-09-01/P1M,1128,,,
E06000037,2024-10-01/P1M,1310,,,
E06000037,2024-11-01/P1M,1191,,,
E06000037,2024-12-01/P1M,951,,,
E06000037,2025-01-01/P1M,1262,,,
E06000037,2025-02-01/P1M,1294,,,
E06000037,2025-03-01/P1M,1351,,,
E06000062,2024-04-01/P1M,3792,,,
E06000062,2024-05-01/P1M,1597,,,
E06000062,2024-06-01/P1M,1363,,,
E06000062,2024-07-01/P1M,1564,,,
E06000062,2024-08-01/P1M,1502,,,
E06000062,2024-09-01/P1M,1537,,,
E06000062,2024-10-01/P1M,2103,,,
E06000062,2024-11-01/P1M,2229,,,
E06000062,2024-12-01/P1M,1759,,,
E06000062,2025-01-01/P1M,2234,,,
E06000062,2025-02-01/P1M,2203,,,
E06000062,2025-03-01/P1M,2242,,,
E10000032,2024-04-01/P1M,10780,,,
E10000032,2024-05-01/P1M,10755,,,
E10000032,2024-06-01/P1M,9667,,,
E10000032,2024-07-01/P1M,11241,,,
E10000032,2024-08-01/P1M,10710,,,
E10000032,2024-09-01/P1M,10441,,,
E10000032,2024-10-01/P1M,11241,,,
E10000032,2024-11-01/P1M,10117,,,
E10000032,2024-12-01/P1M,8713,,,
E10000032,2025-01-01/P1M,11093,,,
E10000032,2025-02-01/P1M,10684,,,
E10000032,2025-03-01/P1M,11846,,,
E06000064,2024-04-01/P1M,1811,,,
E06000064,2024-05-01/P1M,1722,,,
E06000064,2024-06-01/P1M,1556,,,
E06000064,2024-07-01/P1M,1829,,,
E06000064,2024-08-01/P1M,1779,,,
E06000064,2024-09-01/P1M,1768,,,
E06000064,2024-10-01/P1M,1952,,,
E06000064,2024-11-01/P1M,1654,,,
E06000064,2024-12-01/P1M,1422,,,
E06000064,2025-01-01/P1M,1784,,,
E06000064,2025-02-01/P1M,1890,,,
E06000064,2025-03-01/P1M,1903,,,
E08000010,2024-04-01/P1M,2754,,,
E08000010,2024-05-01/P1M,3668,,,
E08000010,2024-06-01/P1M,3430,,,
E08000010,2024-07-01/P1M,3725,,,
E08000010,2024-08-01/P1M,3642,,,
E08000010,2024-09-01/P1M,3683,,,
E08000010,2024-10-01/P1M,3967,,,
E08000010,2024-11-01/P1M,3558,,,
E08000010,2024-12-01/P1M,2629,,,
E08000010,2025-01-01/P1M,3772,,,
E08000010,2025-02-01/P1M,3587,,,
E08000010,2025-03-01/P1M,3826,,,
E06000054,2024-04-01/P1M,4305,,,
E06000054,2024-05-01/P1M,4172,,,
E06000054,2024-06-01/P1M,3588,,,
E06000054,2024-07-01/P1M,4236,,,
E06000054,2024-08-01/P1M,4290,,,
E06000054,2024-09-01/P1M,4331,,,
E06000054,2024-10-01/P1M,4514,,,
E06000054,2024-11-01/P1M,4404,,,
E06000054,2024-12-01/P1M,3642,,,
E06000054,2025-01-01/P1M,4493,,,
E06000054,2025-02-01/P1M,4246,,,
E06000054,2025-03-01/P1M,4439,,,
E06000040,2024-04-01/P1M,3280,,,
E06000040,2024-05-01/P1M,4185,,,
E06000040,2024-06-01/P1M,3506,,,
E06000040,2024-07-01/P1M,3481,,,
E06000040,2024-08-01/P1M,1995,,,
E06000040,2024-09-01/P1M,3879,,,
E06000040,2024-10-01/P1M,3682,,,
E06000040,2024-11-01/P1M,3457,,,
E06000040,2024-12-01/P1M,2854,,,
E06000040,2025-01-01/P1M,3870,,,
E06000040,2025-02-01/P1M,3168,,,
E06000040,2025-03-01/P1M,3880,,,
E08000015,2024-04-01/P1M,1713,,,
E08000015,2024-05-01/P1M,1653,,,
E08000015,2024-06-01/P1M,1639,,,
E08000015,2024-07-01/P1M,1736,,,
E08000015,2024-08-01/P1M,1741,,,
E08000015,2024-09-01/P1M,1665,,,
E08000015,2024-10-01/P1M,1772,,,
E08000015,2024-11-01/P1M,1614,,,
E08000015,2024-12-01/P1M,1137,,,
E08000015,2025-01-01/P1M,1711,,,
E08000015,2025-02-01/P1M,1821,,,
E08000015,2025-03-01/P1M,2029,,,
E08000031,2024-04-01/P1M,3449,,,
E08000031,2024-05-01/P1M,3449,,,
E08000031,2024-06-01/P1M,3449,,,
E08000031,2024-07-01/P1M,3449,,,
E08000031,2024-08-01/P1M,3449,,,
E08000031,2024-09-01/P1M,3449,,,
E08000031,2024-10-01/P1M,3449,,,
E08000031,2024-11-01/P1M,3449,,,
E08000031,2024-12-01/P1M,3449,,,
E08000031,2025-01-01/P1M,3449,,,
E08000031,2025-02-01/P1M,3449,,,
E08000031,2025-03-01/P1M,3453,,,
E10000034,2024-04-01/P1M,13631,,,
E10000034,2024-05-01/P1M,12505,,,
E10000034,2024-06-01/P1M,12280,,,
E10000034,2024-07-01/P1M,12636,,,
E10000034,2024-08-01/P1M,12088,,,
E10000034,2024-09-01/P1M,12008,,,
E10000034,2024-10-01/P1M,13590,,,
E10000034,2024-11-01/P1M,13109,,,
E10000034,2024-12-01/P1M,10747,,,
E10000034,2025-01-01/P1M,12597,,,
E10000034,2025-02-01/P1M,11907,,,
E10000034,2025-03-01/P1M,13132,,,
E06000014,2024-04-01/P1M,3275,,,
E06000014,2024-05-01/P1M,3106,,,
E06000014,2024-06-01/P1M,2926,,,
E06000014,2024-07-01/P1M,3058,,,
E06000014,2024-08-01/P1M,3197,,,
E06000014,2024-09-01/P1M,3070,,,
E06000014,2024-10-01/P1M,3225,,,
E06000014,2024-11-01/P1M,3025,,,
E06000014,2024-12-01/P1M,2430,,,
E06000014,2025-01-01/P1M,3191,,,
E06000014,2025-02-01/P1M,3139,,,
E06000014,2025-03-01/P1M,3226,,,
E09000003,2025-04-01/P1M,8317,,,
E09000003,2025-05-01/P1M,8945,,,
E09000003,2025-06-01/P1M,6734,,,
E09000003,2025-07-01/P1M,6619,,,
E09000003,2025-08-01/P1M,6048,,,
E09000003,2025-09-01/P1M,6714,,,
E09000003,2025-10-01/P1M,7162,,,
E09000003,2025-11-01/P1M,5562,,,
E09000003,2025-12-01/P1M,4737,,,
E09000003,2026-01-01/P1M,5965,,,
E09000003,2026-02-01/P1M,6098,,,
E09000003,2026-03-01/P1M,6952,,,
E08000016,2025-04-01/P1M,2910,,,
E08000016,2025-05-01/P1M,2529,,,
E08000016,2025-06-01/P1M,2820,,,
E08000016,2025-07-01/P1M,3559,,,
E08000016,2025-08-01/P1M,3071,,,
E08000016,2025-09-01/P1M,3323,,,
E08000016,2025-10-01/P1M,3982,,,
E08000016,2025-11-01/P1M,3569,,,
E08000016,2025-12-01/P1M,3281,,,
E08000016,2026-01-01/P1M,4074,,,
E08000016,2026-02-01/P1M,4249,,,
E08000016,2026-03-01/P1M,4973,,,
E09000004,2025-04-01/P3M,15554,,,
E09000004,2025-07-01/P3M,13945,,,
E09000004,2025-10-01/P3M,13957,,,
E09000004,2026-01-01/P3M,15375,,,
E06000008,2025-04-01/P1Y,0,,,
E06000009,2025-04-01/P1M,2209,,,
E06000009,2025-05-01/P1M,2149,,,
E06000009,2025-06-01/P1M,2028,,,
E06000009,2025-07-01/P1M,2247,,,
E06000009,2025-08-01/P1M,2093,,,
E06000009,2025-09-01/P1M,1947,,,
E06000009,2025-10-01/P1M,2045,,,
E06000009,2025-11-01/P1M,1887,,,
E06000009,2025-12-01/P1M,1558,,,
E06000009,2026-01-01/P1M,2269,,,
E06000009,2026-02-01/P1M,2139,,,
E06000009,2026-03-01/P1M,1902,,,
E08000001,2025-04-01/P1M,4271,,,
E08000001,2025-05-01/P1M,4776,,,
E08000001,2025-06-01/P1M,4540,,,
E08000001,2025-07-01/P1M,4858,,,
E08000001,2025-08-01/P1M,4200,,,
E08000001,2025-09-01/P1M,4284,,,
E08000001,2025-10-01/P1M,4377,,,
E08000001,2025-11-01/P1M,3728,,,
E08000001,2025-12-01/P1M,3456,,,
E08000001,2026-01-01/P1M,4038,,,
E08000001,2026-02-01/P1M,3928,,,
E08000001,2026-03-01/P1M,3949,,,
E06000058,2025-04-01/P1M,6293,,,
E06000058,2025-05-01/P1M,6481,,,
E06000058,2025-06-01/P1M,9428,,,
E06000058,2025-07-01/P1M,9778,,,
E06000058,2025-08-01/P1M,9305,,,
E06000058,2025-09-01/P1M,6871,,,
E06000058,2025-10-01/P1M,3968,,,
E06000058,2025-11-01/P1M,6447,,,
E06000058,2025-12-01/P1M,5758,,,
E06000058,2026-01-01/P1M,6810,,,
E06000058,2026-02-01/P1M,6300,,,
E06000058,2026-03-01/P1M,6349,,,
E08000032,2025-04-01/P1M,2451,,,
E08000032,2025-05-01/P1M,2888,,,
E08000032,2025-06-01/P1M,2906,,,
E08000032,2025-07-01/P1M,3419,,,
E08000032,2025-08-01/P1M,2930,,,
E08000032,2025-09-01/P1M,3062,,,
E08000032,2025-10-01/P1M,3196,,,
E08000032,2025-11-01/P1M,2816,,,
E08000032,2025-12-01/P1M,2672,,,
E08000032,2026-01-01/P1M,2804,,,
E08000032,2026-02-01/P1M,2804,,,
E08000032,2026-03-01/P1M,3141,,,
E09000005,2025-04-01/P1M,7428,,,
E09000005,2025-05-01/P1M,7745,,,
E09000005,2025-06-01/P1M,7309,,,
E09000005,2025-07-01/P1M,7606,,,
E09000005,2025-08-01/P1M,7097,,,
E09000005,2025-09-01/P1M,7153,,,
E09000005,2025-10-01/P1M,7211,,,
E09000005,2025-11-01/P1M,6770,,,
E09000005,2025-12-01/P1M,6006,,,
E09000005,2026-01-01/P1M,6980,,,
E09000005,2026-02-01/P1M,7709,,,
E09000005,2026-03-01/P1M,8433,,,
E06000043,2025-04-01/P1M,4649,,,
E06000043,2025-05-01/P1M,4889,,,
E06000043,2025-06-01/P1M,4544,,,
E06000043,2025-07-01/P1M,4597,,,
E06000043,2025-08-01/P1M,4425,,,
E06000043,2025-09-01/P1M,4993,,,
E06000043,2025-10-01/P1M,5446,,,
E06000043,2025-11-01/P1M,6329,,,
E06000043,2025-12-01/P1M,3782,,,
E06000043,2026-01-01/P1M,5377,,,
E06000043,2026-02-01/P1M,5444,,,
E06000043,2026-03-01/P1M,5505,,,
E06000023,2025-04-01/P1M,8153,,,
E06000023,2025-05-01/P1M,7937,,,
E06000023,2025-06-01/P1M,8062,,,
E06000023,2025-07-01/P1M,8405,,,
E06000023,2025-08-01/P1M,8050,,,
E06000023,2025-09-01/P1M,8518,,,
E06000023,2025-10-01/P1M,9354,,,
E06000023,2025-11-01/P1M,8728,,,
E06000023,2025-12-01/P1M,7413,,,
E06000023,2026-01-01/P1M,8674,,,
E06000023,2026-02-01/P1M,7958,,,
E06000023,2026-03-01/P1M,8276,,,
E06000060,2025-04-01/P1M,349249,5820,replaced,All monthly returns: Computer time was recorded in minutes instead of hours. Converted to hours by dividing by 60.
E06000060,2025-05-01/P1M,349234,5820,replaced,All monthly returns: Computer time was recorded in minutes instead of hours. Converted to hours by dividing by 60.
E06000060,2025-06-01/P1M,349179,5819,replaced,All monthly returns: Computer time was recorded in minutes instead of hours. Converted to hours by dividing by 60.
E06000060,2025-07-01/P1M,349173,5819,replaced,All monthly returns: Computer time was recorded in minutes instead of hours. Converted to hours by dividing by 60.
E06000060,2025-08-01/P1M,349158,5819,replaced,All monthly returns: Computer time was recorded in minutes instead of hours. Converted to hours by dividing by 60.
E06000060,2025-09-01/P1M,349086,5818,replaced,All monthly returns: Computer time was recorded in minutes instead of hours. Converted to hours by dividing by 60.
E06000060,2025-10-01/P1M,353004,5883,replaced,All monthly returns: Computer time was recorded in minutes instead of hours. Converted to hours by dividing by 60.
E06000060,2025-11-01/P1M,348717,5811,replaced,All monthly returns: Computer time was recorded in minutes instead of hours. Converted to hours by dividing by 60.
E06000060,2025-12-01/P1M,342498,5708,replaced,All monthly returns: Computer time was recorded in minutes instead of hours. Converted to hours by dividing by 60.
E06000060,2026-01-01/P1M,339462,5657,replaced,All monthly returns: Computer time was recorded in minutes instead of hours. Converted to hours by dividing by 60.
E06000060,2026-02-01/P1M,339093,5651,replaced,All monthly returns: Computer time was recorded in minutes instead of hours. Converted to hours by dividing by 60.
E06000060,2026-03-01/P1M,338985,5649,replaced,All monthly returns: Computer time was recorded in minutes instead of hours. Converted to hours by dividing by 60.
E08000033,2025-04-01/P1Y,32018,,,
E09000007,2025-04-01/P1M,13277,,,
E09000007,2025-05-01/P1M,13650,,,
E09000007,2025-06-01/P1M,13719,,,
E09000007,2025-07-01/P1M,14952,,,
E09000007,2025-08-01/P1M,13821,,,
E09000007,2025-09-01/P1M,14704,,,
E09000007,2025-10-01/P1M,14228,,,
E09000007,2025-11-01/P1M,12941,,,
E09000007,2025-12-01/P1M,12008,,,
E09000007,2026-01-01/P1M,13544,,,
E09000007,2026-02-01/P1M,13249,,,
E09000007,2026-03-01/P1M,14264,,,
E10000003,2025-04-01/P1M,7583,,,
E10000003,2025-05-01/P1M,7530,,,
E10000003,2025-06-01/P1M,7049,,,
E10000003,2025-07-01/P1M,7475,,,
E10000003,2025-08-01/P1M,7362,,,
E10000003,2025-09-01/P1M,5905,,,
E10000003,2025-10-01/P1M,7367,,,
E10000003,2025-11-01/P1M,7409,,,
E10000003,2025-12-01/P1M,6385,,,
E10000003,2026-01-01/P1M,7716,,,
E10000003,2026-02-01/P1M,7399,,,
E10000003,2026-03-01/P1M,8070,,,
E06000056,2025-04-01/P1M,1924,,,
E06000056,2025-05-01/P1M,2005,,,
E06000056,2025-06-01/P1M,1856,,,
E06000056,2025-07-01/P1M,2336,,,
E06000056,2025-08-01/P1M,2366,,,
E06000056,2025-09-01/P1M,2007,,,
E06000056,2025-10-01/P1M,2256,,,
E06000056,2025-11-01/P1M,2031,,,
E06000056,2025-12-01/P1M,1681,,,
E06000056,2026-01-01/P1M,2080,,,
E06000056,2026-02-01/P1M,2124,,,
E06000056,2026-03-01/P1M,2097,,,
E06000049,2025-04-01/P1M,2219,,,
E06000049,2025-05-01/P1M,2194,,,
E06000049,2025-06-01/P1M,2249,,,
E06000049,2025-07-01/P1M,2439,,,
E06000049,2025-08-01/P1M,2337,,,
E06000049,2025-09-01/P1M,2374,,,
E06000049,2025-10-01/P1M,2516,,,
E06000049,2025-11-01/P1M,2194,,,
E06000049,2025-12-01/P1M,1816,,,
E06000049,2026-01-01/P1M,2197,,,
E06000049,2026-02-01/P1M,2257,,,
E06000049,2026-03-01/P1M,2504,,,
E06000050,2025-04-01/P1M,1991,,,
E06000050,2025-05-01/P1M,2156,,,
E06000050,2025-06-01/P1M,2224,,,
E06000050,2025-07-01/P1M,2427,,,
E06000050,2025-08-01/P1M,2314,,,
E06000050,2025-09-01/P1M,2284,,,
E06000050,2025-10-01/P1M,2283,,,
E06000050,2025-11-01/P1M,2139,,,
E06000050,2025-12-01/P1M,1811,,,
E06000050,2026-01-01/P1M,2161,,,
E06000050,2026-02-01/P1M,2154,,,
E06000050,2026-03-01/P1M,2289,,,
E09000001,2025-04-01/P3M,5107,,,
E09000001,2025-07-01/P3M,5065,,,
E09000001,2025-10-01/P3M,4652,,,
E09000001,2026-01-01/P3M,5207,,,
E06000052,2025-04-01/P1M,3244,,,
E06000052,2025-05-01/P1M,3224,,,
E06000052,2025-06-01/P1M,2816,,,
E06000052,2025-07-01/P1M,3418,,,
E06000052,2025-08-01/P1M,3093,,,
E06000052,2025-09-01/P1M,3398,,,
E06000052,2025-10-01/P1M,3464,,,
E06000052,2025-11-01/P1M,3199,,,
E06000052,2025-12-01/P1M,2416,,,
E06000052,2026-01-01/P1M,2840,,,
E06000052,2026-02-01/P1M,2912,,,
E06000052,2026-03-01/P1M,3253,,,
E08000026,2025-04-01/P1M,6832,,,
E08000026,2025-05-01/P1M,6793,,,
E08000026,2025-06-01/P1M,6943,,,
E08000026,2025-07-01/P1M,7532,,,
E08000026,2025-08-01/P1M,7446,,,
E08000026,2025-09-01/P1M,7127,,,
E08000026,2025-10-01/P1M,7749,,,
E08000026,2025-11-01/P1M,6921,,,
E08000026,2025-12-01/P1M,5324,,,
E08000026,2026-01-01/P1M,7019,,,
E08000026,2026-02-01/P1M,6834,,,
E08000026,2026-03-01/P1M,7288,,,
E09000008,2025-04-01/P1M,5501,,,
E09000008,2025-05-01/P1M,5607,,,
E09000008,2025-06-01/P1M,4845,,,
E09000008,2025-07-01/P1M,5033,,,
E09000008,2025-08-01/P1M,4941,,,
E09000008,2025-09-01/P1M,5498,,,
E09000008,2025-10-01/P1M,5816,,,
E09000008,2025-11-01/P1M,5608,,,
E09000008,2025-12-01/P1M,4590,,,
E09000008,2026-01-01/P1M,5722,,,
E09000008,2026-02-01/P1M,5617,,,
E09000008,2026-03-01/P1M,5562,,,
E06000063,2025-04-01/P1M,2191,,,
E06000063,2025-05-01/P1M,2281,,,
E06000063,2025-06-01/P1M,2424,,,
E06000063,2025-07-01/P1M,2722,,,
E06000063,2025-08-01/P1M,2415,,,
E06000063,2025-09-01/P1M,2237,,,
E06000063,2025-10-01/P1M,2313,,,
E06000063,2025-11-01/P1M,1418,,,
E06000063,2025-12-01/P1M,1354,,,
E06000063,2026-01-01/P1M,1590,,,
E06000063,2026-02-01/P1M,1915,,,
E06000063,2026-03-01/P1M,1921,,,
E06000005,2025-04-01/P1Y,54500,,suspicious,"Source audit: hours_public_computers: 2024/2025: 8,645; 2025/2026: 54,500 (6.30 times; +530.4%). Check units, collection scope and completeness; a change alone does not prove error. Values retained as reported pending source confirmation."
E06000015,2025-04-01/P1M,3107,,,
E06000015,2025-05-01/P1M,3126,,,
E06000015,2025-06-01/P1M,3393,,,
E06000015,2025-07-01/P1M,3506,,,
E06000015,2025-08-01/P1M,3161,,,
E06000015,2025-09-01/P1M,3479,,,
E06000015,2025-10-01/P1M,3653,,,
E06000015,2025-11-01/P1M,3035,,,
E06000015,2025-12-01/P1M,2737,,,
E06000015,2026-01-01/P1M,2975,,,
E06000015,2026-02-01/P1M,3246,,,
E06000015,2026-03-01/P1M,3626,,,
E10000007,2025-04-01/P1M,6670,,,
E10000007,2025-05-01/P1M,6774,,,
E10000007,2025-06-01/P1M,5543,,,
E10000007,2025-07-01/P1M,6288,,,
E10000007,2025-08-01/P1M,6305,,,
E10000007,2025-09-01/P1M,7137,,,
E10000007,2025-10-01/P1M,7599,,,
E10000007,2025-11-01/P1M,6576,,,
E10000007,2025-12-01/P1M,5781,,,
E10000007,2026-01-01/P1M,6872,,,
E10000007,2026-02-01/P1M,6670,,,
E10000007,2026-03-01/P1M,7215,,,
E10000008,2025-04-01/P1M,6807,,,
E10000008,2025-05-01/P1M,6898,,,
E10000008,2025-06-01/P1M,6648,,,
E10000008,2025-07-01/P1M,6694,,,
E10000008,2025-08-01/P1M,9140,,,
E10000008,2025-09-01/P1M,6678,,,
E10000008,2025-10-01/P1M,6769,,,
E10000008,2025-11-01/P1M,6217,,,
E10000008,2025-12-01/P1M,5214,,,
E10000008,2026-01-01/P1M,6470,,,
E10000008,2026-02-01/P1M,6207,,,
E10000008,2026-03-01/P1M,6513,,,
E08000017,2025-04-01/P1M,2307,,,
E08000017,2025-05-01/P1M,2353,,,
E08000017,2025-06-01/P1M,1577,,,
E08000017,2025-07-01/P1M,2543,,,
E08000017,2025-08-01/P1M,2192,,,
E08000017,2025-09-01/P1M,2414,,,
E08000017,2025-10-01/P1M,2843,,,
E08000017,2025-11-01/P1M,2322,,,
E08000017,2025-12-01/P1M,1584,,,
E08000017,2026-01-01/P1M,2265,,,
E08000017,2026-02-01/P1M,2331,,,
E08000017,2026-03-01/P1M,2276,,,
E06000059,2025-04-01/P1M,3379,,,
E06000059,2025-05-01/P1M,3055,,,
E06000059,2025-06-01/P1M,5972,,,
E06000059,2025-07-01/P1M,3110,,,
E06000059,2025-08-01/P1M,2987,,,
E06000059,2025-09-01/P1M,3085,,,
E06000059,2025-10-01/P1M,3220,,,
E06000059,2025-11-01/P1M,2932,,,
E06000059,2025-12-01/P1M,2511,,,
E06000059,2026-01-01/P1M,3059,,,
E06000059,2026-02-01/P1M,3039,,,
E06000059,2026-03-01/P1M,3213,,,
E08000027,2025-04-01/P1M,6663,,,
E08000027,2025-05-01/P1M,6821,,,
E08000027,2025-06-01/P1M,6935,,,
E08000027,2025-07-01/P1M,7614,,,
E08000027,2025-08-01/P1M,6936,,,
E08000027,2025-09-01/P1M,8750,,,
E08000027,2025-10-01/P1M,7558,,,
E08000027,2025-11-01/P1M,6594,,,
E08000027,2025-12-01/P1M,4953,,,
E08000027,2026-01-01/P1M,6286,,,
E08000027,2026-02-01/P1M,6097,,,
E08000027,2026-03-01/P1M,6821,,,
E10000011,2025-04-01/P1M,5538,,,
E10000011,2025-05-01/P1M,6024,,,
E10000011,2025-06-01/P1M,5402,,,
E10000011,2025-07-01/P1M,6072,,,
E10000011,2025-08-01/P1M,5548,,,
E10000011,2025-09-01/P1M,5495,,,
E10000011,2025-10-01/P1M,5863,,,
E10000011,2025-11-01/P1M,5271,,,
E10000011,2025-12-01/P1M,4576,,,
E10000011,2026-01-01/P1M,5766,,,
E10000011,2026-02-01/P1M,5288,,,
E10000011,2026-03-01/P1M,5493,,,
E08000037,2025-04-01/P1M,1880,,,
E08000037,2025-05-01/P1M,2098,,,
E08000037,2025-06-01/P1M,2230,,,
E08000037,2025-07-01/P1M,2790,,,
E08000037,2025-08-01/P1M,1975,,,
E08000037,2025-09-01/P1M,2175,,,
E08000037,2025-10-01/P1M,2171,,,
E08000037,2025-11-01/P1M,2221,,,
E08000037,2025-12-01/P1M,1969,,,
E08000037,2026-01-01/P1M,2373,,,
E08000037,2026-02-01/P1M,2293,,,
E08000037,2026-03-01/P1M,2209,,,
E10000013,2025-04-01/P1M,55702,5702,replaced,"Monthly return (April): April computer hours entered as 55,702, with an accidental duplicate '5'. Other months range around 5,500. Corrected to 5,702."
E10000013,2025-05-01/P1M,5728,,,
E10000013,2025-06-01/P1M,5746,,,
E10000013,2025-07-01/P1M,6535,,,
E10000013,2025-08-01/P1M,6038,,,
E10000013,2025-09-01/P1M,6332,,,
E10000013,2025-10-01/P1M,6435,,,
E10000013,2025-11-01/P1M,5220,,,
E10000013,2025-12-01/P1M,5498,,,
E10000013,2026-01-01/P1M,6824,,,
E10000013,2026-02-01/P1M,6309,,,
E10000013,2026-03-01/P1M,6918,,,
E09000011,2025-04-01/P1M,10829,,,
E09000011,2025-05-01/P1M,12235,,,
E09000011,2025-06-01/P1M,11488,,,
E09000011,2025-07-01/P1M,11517,,,
E09000011,2025-08-01/P1M,12991,,,
E09000011,2025-09-01/P1M,12057,,,
E09000011,2025-10-01/P1M,12117,,,
E09000011,2025-11-01/P1M,10700,,,
E09000011,2025-12-01/P1M,9430,,,
E09000011,2026-01-01/P1M,10108,,,
E09000011,2026-02-01/P1M,9389,,,
E09000011,2026-03-01/P1M,10350,,,
E06000006,2025-04-01/P1M,1845,,,
E06000006,2025-05-01/P1M,2016,,,
E06000006,2025-06-01/P1M,1981,,,
E06000006,2025-07-01/P1M,2009,,,
E06000006,2025-08-01/P1M,1800,,,
E06000006,2025-09-01/P1M,2059,,,
E06000006,2025-10-01/P1M,2187,,,
E06000006,2025-11-01/P1M,1766,,,
E06000006,2025-12-01/P1M,1633,,,
E06000006,2026-01-01/P1M,2066,,,
E06000006,2026-02-01/P1M,2071,,,
E06000006,2026-03-01/P1M,2148,,,
E09000013,2025-04-01/P1M,4183,,,
E09000013,2025-05-01/P1M,4152,,,
E09000013,2025-06-01/P1M,4180,,,
E09000013,2025-07-01/P1M,4591,,,
E09000013,2025-08-01/P1M,4219,,,
E09000013,2025-09-01/P1M,4641,,,
E09000013,2025-10-01/P1M,4636,,,
E09000013,2025-11-01/P1M,4402,,,
E09000013,2025-12-01/P1M,3305,,,
E09000013,2026-01-01/P1M,4609,,,
E09000013,2026-02-01/P1M,4488,,,
E09000013,2026-03-01/P1M,4793,,,
E06000001,2025-04-01/P1M,999,,,
E06000001,2025-05-01/P1M,1039,,,
E06000001,2025-06-01/P1M,998,,,
E06000001,2025-07-01/P1M,1105,,,
E06000001,2025-08-01/P1M,1056,,,
E06000001,2025-09-01/P1M,1192,,,
E06000001,2025-10-01/P1M,1235,,,
E06000001,2025-11-01/P1M,1173,,,
E06000001,2025-12-01/P1M,998,,,
E06000001,2026-01-01/P1M,1082,,,
E06000001,2026-02-01/P1M,1061,,,
E06000001,2026-03-01/P1M,1066,,,
E06000019,2025-04-01/P1M,779,,,
E06000019,2025-05-01/P1M,770,,,
E06000019,2025-06-01/P1M,748,,,
E06000019,2025-07-01/P1M,842,,,
E06000019,2025-08-01/P1M,831,,,
E06000019,2025-09-01/P1M,878,,,
E06000019,2025-10-01/P1M,899,,,
E06000019,2025-11-01/P1M,777,,,
E06000019,2025-12-01/P1M,819,,,
E06000019,2026-01-01/P1M,985,,,
E06000019,2026-02-01/P1M,947,,,
E06000019,2026-03-01/P1M,929,,,
E10000015,2025-04-01/P1M,4600,,,
E10000015,2025-05-01/P1M,6155,,,
E10000015,2025-06-01/P1M,5711,,,
E10000015,2025-07-01/P1M,5792,,,
E10000015,2025-08-01/P1M,4570,,,
E10000015,2025-09-01/P1M,5432,,,
E10000015,2025-10-01/P1M,6199,,,
E10000015,2025-11-01/P1M,4778,,,
E10000015,2025-12-01/P1M,3433,,,
E10000015,2026-01-01/P1M,4724,,,
E10000015,2026-02-01/P1M,4592,,,
E10000015,2026-03-01/P1M,6025,,,
E09000017,2025-04-01/P1M,6664,,,
E09000017,2025-05-01/P1M,7641,,,
E09000017,2025-06-01/P1M,6830,,,
E09000017,2025-07-01/P1M,7641,,,
E09000017,2025-08-01/P1M,7551,,,
E09000017,2025-09-01/P1M,7905,,,
E09000017,2025-10-01/P1M,7920,,,
E09000017,2025-11-01/P1M,7165,,,
E09000017,2025-12-01/P1M,6561,,,
E09000017,2026-01-01/P1M,7350,,,
E09000017,2026-02-01/P1M,7463,,,
E09000017,2026-03-01/P1M,8169,,,
E06000046,2025-04-01/P1M,868,,,
E06000046,2025-05-01/P1M,868,,,
E06000046,2025-06-01/P1M,868,,,
E06000046,2025-07-01/P1M,868,,,
E06000046,2025-08-01/P1M,868,,,
E06000046,2025-09-01/P1M,868,,,
E06000046,2025-10-01/P1M,868,,,
E06000046,2025-11-01/P1M,868,,,
E06000046,2025-12-01/P1M,868,,,
E06000046,2026-01-01/P1M,868,,,
E06000046,2026-02-01/P1M,868,,,
E06000046,2026-03-01/P1M,868,,,
E09000019,2025-04-01/P1M,5335,,,
E09000019,2025-05-01/P1M,5410,,,
E09000019,2025-06-01/P1M,5538,,,
E09000019,2025-07-01/P1M,5961,,,
E09000019,2025-08-01/P1M,5476,,,
E09000019,2025-09-01/P1M,5791,,,
E09000019,2025-10-01/P1M,6068,,,
E09000019,2025-11-01/P1M,5586,,,
E09000019,2025-12-01/P1M,4866,,,
E09000019,2026-01-01/P1M,5422,,,
E09000019,2026-02-01/P1M,4606,,,
E09000019,2026-03-01/P1M,5236,,,
E09000020,2025-04-01/P1M,3162,,suspicious,"Source audit: hours_public_computers: May 144 versus median nonzero month 3,181 (0.05 times). Could be a typo, changed scope or genuine activity; confirm with service. Values retained as reported pending source confirmation."
E09000020,2025-05-01/P1M,144,,suspicious,"Source audit: hours_public_computers: May 144 versus median nonzero month 3,181 (0.05 times). Could be a typo, changed scope or genuine activity; confirm with service. Values retained as reported pending source confirmation."
E09000020,2025-06-01/P1M,3463,,suspicious,"Source audit: hours_public_computers: May 144 versus median nonzero month 3,181 (0.05 times). Could be a typo, changed scope or genuine activity; confirm with service. Values retained as reported pending source confirmation."
E09000020,2025-07-01/P1M,3491,,suspicious,"Source audit: hours_public_computers: May 144 versus median nonzero month 3,181 (0.05 times). Could be a typo, changed scope or genuine activity; confirm with service. Values retained as reported pending source confirmation."
E09000020,2025-08-01/P1M,2889,,suspicious,"Source audit: hours_public_computers: May 144 versus median nonzero month 3,181 (0.05 times). Could be a typo, changed scope or genuine activity; confirm with service. Values retained as reported pending source confirmation."
E09000020,2025-09-01/P1M,3181,,suspicious,"Source audit: hours_public_computers: May 144 versus median nonzero month 3,181 (0.05 times). Could be a typo, changed scope or genuine activity; confirm with service. Values retained as reported pending source confirmation."
E09000020,2025-10-01/P1M,3503,,suspicious,"Source audit: hours_public_computers: May 144 versus median nonzero month 3,181 (0.05 times). Could be a typo, changed scope or genuine activity; confirm with service. Values retained as reported pending source confirmation."
E09000020,2025-11-01/P1M,0,,suspicious,"Source audit: hours_public_computers: May 144 versus median nonzero month 3,181 (0.05 times). Could be a typo, changed scope or genuine activity; confirm with service. Values retained as reported pending source confirmation."
E09000020,2025-12-01/P1M,0,,suspicious,"Source audit: hours_public_computers: May 144 versus median nonzero month 3,181 (0.05 times). Could be a typo, changed scope or genuine activity; confirm with service. Values retained as reported pending source confirmation."
E09000020,2026-01-01/P1M,0,,suspicious,"Source audit: hours_public_computers: May 144 versus median nonzero month 3,181 (0.05 times). Could be a typo, changed scope or genuine activity; confirm with service. Values retained as reported pending source confirmation."
E09000020,2026-02-01/P1M,0,,suspicious,"Source audit: hours_public_computers: May 144 versus median nonzero month 3,181 (0.05 times). Could be a typo, changed scope or genuine activity; confirm with service. Values retained as reported pending source confirmation."
E09000020,2026-03-01/P1M,0,,suspicious,"Source audit: hours_public_computers: May 144 versus median nonzero month 3,181 (0.05 times). Could be a typo, changed scope or genuine activity; confirm with service. Values retained as reported pending source confirmation."
E10000016,2025-04-01/P1M,14212,,,
E10000016,2025-05-01/P1M,14172,,,
E10000016,2025-06-01/P1M,13515,,,
E10000016,2025-07-01/P1M,15040,,,
E10000016,2025-08-01/P1M,14463,,,
E10000016,2025-09-01/P1M,15287,,,
E10000016,2025-10-01/P1M,14767,,,
E10000016,2025-11-01/P1M,12416,,,
E10000016,2025-12-01/P1M,10568,,,
E10000016,2026-01-01/P1M,12905,,,
E10000016,2026-02-01/P1M,12051,,,
E10000016,2026-03-01/P1M,12957,,,
E06000010,2025-04-01/P1M,2793,,,
E06000010,2025-05-01/P1M,2769,,,
E06000010,2025-06-01/P1M,2142,,,
E06000010,2025-07-01/P1M,2911,,,
E06000010,2025-08-01/P1M,2834,,,
E06000010,2025-09-01/P1M,2988,,,
E06000010,2025-10-01/P1M,3009,,,
E06000010,2025-11-01/P1M,2584,,,
E06000010,2025-12-01/P1M,2345,,,
E06000010,2026-01-01/P1M,2664,,,
E06000010,2026-02-01/P1M,2832,,,
E06000010,2026-03-01/P1M,3050,,,
E08000034,2025-04-01/P1Y,0,,,
E08000035,2025-04-01/P1M,13722,,,
E08000035,2025-05-01/P1M,12853,,,
E08000035,2025-06-01/P1M,12377,,,
E08000035,2025-07-01/P1M,13232,,,
E08000035,2025-08-01/P1M,11757,,,
E08000035,2025-09-01/P1M,9933,,,
E08000035,2025-10-01/P1M,9615,,,
E08000035,2025-11-01/P1M,9549,,,
E08000035,2025-12-01/P1M,8261,,,
E08000035,2026-01-01/P1M,10601,,,
E08000035,2026-02-01/P1M,10859,,,
E08000035,2026-03-01/P1M,11255,,,
E10000019,2025-04-01/P1M,5653,,,
E10000019,2025-05-01/P1M,5983,,,
E10000019,2025-06-01/P1M,6033,,,
E10000019,2025-07-01/P1M,6663,,,
E10000019,2025-08-01/P1M,6168,,,
E10000019,2025-09-01/P1M,6073,,,
E10000019,2025-10-01/P1M,6486,,,
E10000019,2025-11-01/P1M,5582,,,
E10000019,2025-12-01/P1M,5235,,,
E10000019,2026-01-01/P1M,5747,,,
E10000019,2026-02-01/P1M,5785,,,
E10000019,2026-03-01/P1M,6165,,,
E08000012,2025-04-01/P1M,2992,,,
E08000012,2025-05-01/P1M,2789,,,
E08000012,2025-06-01/P1M,2924,,,
E08000012,2025-07-01/P1M,2386,,,
E08000012,2025-08-01/P1M,2741,,,
E08000012,2025-09-01/P1M,5109,,,
E08000012,2025-10-01/P1M,8950,,,
E08000012,2025-11-01/P1M,8607,,,
E08000012,2025-12-01/P1M,7755,,,
E08000012,2026-01-01/P1M,8963,,,
E08000012,2026-02-01/P1M,8937,,,
E08000012,2026-03-01/P1M,9457,,,
E09000024,2025-04-01/P1M,6305,,,
E09000024,2025-05-01/P1M,6765,,,
E09000024,2025-06-01/P1M,5907,,,
E09000024,2025-07-01/P1M,5964,,,
E09000024,2025-08-01/P1M,5745,,,
E09000024,2025-09-01/P1M,5964,,,
E09000024,2025-10-01/P1M,6323,,,
E09000024,2025-11-01/P1M,6313,,,
E09000024,2025-12-01/P1M,5133,,,
E09000024,2026-01-01/P1M,5766,,,
E09000024,2026-02-01/P1M,5382,,,
E09000024,2026-03-01/P1M,6597,,,
E06000002,2025-04-01/P1M,900,,,
E06000002,2025-05-01/P1M,801,,,
E06000002,2025-06-01/P1M,810,,,
E06000002,2025-07-01/P1M,1000,,,
E06000002,2025-08-01/P1M,881,,,
E06000002,2025-09-01/P1M,1082,,,
E06000002,2025-10-01/P1M,1240,,,
E06000002,2025-11-01/P1M,987,,,
E06000002,2025-12-01/P1M,981,,,
E06000002,2026-01-01/P1M,1074,,,
E06000002,2026-02-01/P1M,1201,,,
E06000002,2026-03-01/P1M,1259,,,
E06000042,2025-04-01/P1M,784,,,
E06000042,2025-05-01/P1M,898,,,
E06000042,2025-06-01/P1M,821,,,
E06000042,2025-07-01/P1M,905,,,
E06000042,2025-08-01/P1M,856,,,
E06000042,2025-09-01/P1M,852,,,
E06000042,2025-10-01/P1M,779,,,
E06000042,2025-11-01/P1M,721,,,
E06000042,2025-12-01/P1M,673,,,
E06000042,2026-01-01/P1M,822,,,
E06000042,2026-02-01/P1M,827,,,
E06000042,2026-03-01/P1M,916,,,
E08000021,2025-04-01/P1M,5848,,,
E08000021,2025-05-01/P1M,5781,,,
E08000021,2025-06-01/P1M,5707,,,
E08000021,2025-07-01/P1M,5688,,,
E08000021,2025-08-01/P1M,5744,,,
E08000021,2025-09-01/P1M,5671,,,
E08000021,2025-10-01/P1M,6838,,,
E08000021,2025-11-01/P1M,6033,,,
E08000021,2025-12-01/P1M,4886,,,
E08000021,2026-01-01/P1M,5316,,,
E08000021,2026-02-01/P1M,5712,,,
E08000021,2026-03-01/P1M,6404,,,
E09000025,2025-04-01/P1M,11118,,,
E09000025,2025-05-01/P1M,10872,,,
E09000025,2025-06-01/P1M,10252,,,
E09000025,2025-07-01/P1M,10664,,,
E09000025,2025-08-01/P1M,10557,,,
E09000025,2025-09-01/P1M,10464,,,
E09000025,2025-10-01/P1M,11162,,,
E09000025,2025-11-01/P1M,10005,,,
E09000025,2025-12-01/P1M,5661,,,
E09000025,2026-01-01/P1M,8115,,,
E09000025,2026-02-01/P1M,9454,,,
E09000025,2026-03-01/P1M,10832,,,
E06000012,2025-04-01/P1M,396,,,
E06000012,2025-05-01/P1M,394,,,
E06000012,2025-06-01/P1M,399,,,
E06000012,2025-07-01/P1M,471,,,
E06000012,2025-08-01/P1M,363,,,
E06000012,2025-09-01/P1M,447,,,
E06000012,2025-10-01/P1M,350,,,
E06000012,2025-11-01/P1M,370,,,
E06000012,2025-12-01/P1M,309,,,
E06000012,2026-01-01/P1M,457,,,
E06000012,2026-02-01/P1M,393,,,
E06000012,2026-03-01/P1M,407,,,
E06000013,2025-04-01/P1M,622,,,
E06000013,2025-05-01/P1M,717,,,
E06000013,2025-06-01/P1M,720,,,
E06000013,2025-07-01/P1M,792,,,
E06000013,2025-08-01/P1M,726,,,
E06000013,2025-09-01/P1M,705,,,
E06000013,2025-10-01/P1M,777,,,
E06000013,2025-11-01/P1M,697,,,
E06000013,2025-12-01/P1M,585,,,
E06000013,2026-01-01/P1M,711,,,
E06000013,2026-02-01/P1M,638,,,
E06000013,2026-03-01/P1M,695,,,
E06000061,2025-04-01/P1M,2131,,suspicious,"Source audit: hours_public_computers: May 250 versus median nonzero month 2,152 (0.12 times). Could be a typo, changed scope or genuine activity; confirm with service. Values retained as reported pending source confirmation."
E06000061,2025-05-01/P1M,250,,suspicious,"Source audit: hours_public_computers: May 250 versus median nonzero month 2,152 (0.12 times). Could be a typo, changed scope or genuine activity; confirm with service. Values retained as reported pending source confirmation."
E06000061,2025-06-01/P1M,2172,,suspicious,"Source audit: hours_public_computers: May 250 versus median nonzero month 2,152 (0.12 times). Could be a typo, changed scope or genuine activity; confirm with service. Values retained as reported pending source confirmation."
E06000061,2025-07-01/P1M,2387,,suspicious,"Source audit: hours_public_computers: May 250 versus median nonzero month 2,152 (0.12 times). Could be a typo, changed scope or genuine activity; confirm with service. Values retained as reported pending source confirmation."
E06000061,2025-08-01/P1M,2071,,suspicious,"Source audit: hours_public_computers: May 250 versus median nonzero month 2,152 (0.12 times). Could be a typo, changed scope or genuine activity; confirm with service. Values retained as reported pending source confirmation."
E06000061,2025-09-01/P1M,2017,,suspicious,"Source audit: hours_public_computers: May 250 versus median nonzero month 2,152 (0.12 times). Could be a typo, changed scope or genuine activity; confirm with service. Values retained as reported pending source confirmation."
E06000061,2025-10-01/P1M,2342,,suspicious,"Source audit: hours_public_computers: May 250 versus median nonzero month 2,152 (0.12 times). Could be a typo, changed scope or genuine activity; confirm with service. Values retained as reported pending source confirmation."
E06000061,2025-11-01/P1M,2187,,suspicious,"Source audit: hours_public_computers: May 250 versus median nonzero month 2,152 (0.12 times). Could be a typo, changed scope or genuine activity; confirm with service. Values retained as reported pending source confirmation."
E06000061,2025-12-01/P1M,1834,,suspicious,"Source audit: hours_public_computers: May 250 versus median nonzero month 2,152 (0.12 times). Could be a typo, changed scope or genuine activity; confirm with service. Values retained as reported pending source confirmation."
E06000061,2026-01-01/P1M,2216,,suspicious,"Source audit: hours_public_computers: May 250 versus median nonzero month 2,152 (0.12 times). Could be a typo, changed scope or genuine activity; confirm with service. Values retained as reported pending source confirmation."
E06000061,2026-02-01/P1M,2078,,suspicious,"Source audit: hours_public_computers: May 250 versus median nonzero month 2,152 (0.12 times). Could be a typo, changed scope or genuine activity; confirm with service. Values retained as reported pending source confirmation."
E06000061,2026-03-01/P1M,2385,,suspicious,"Source audit: hours_public_computers: May 250 versus median nonzero month 2,152 (0.12 times). Could be a typo, changed scope or genuine activity; confirm with service. Values retained as reported pending source confirmation."
E06000024,2025-04-01/P1M,2662,,,
E06000024,2025-05-01/P1M,2396,,,
E06000024,2025-06-01/P1M,2120,,,
E06000024,2025-07-01/P1M,2242,,,
E06000024,2025-08-01/P1M,2281,,,
E06000024,2025-09-01/P1M,1478,,,
E06000024,2025-10-01/P1M,2845,,,
E06000024,2025-11-01/P1M,2492,,,
E06000024,2025-12-01/P1M,2176,,,
E06000024,2026-01-01/P1M,2511,,,
E06000024,2026-02-01/P1M,2366,,,
E06000024,2026-03-01/P1M,2614,,,
E08000022,2025-04-01/P1M,4589,,,
E08000022,2025-05-01/P1M,4913,,,
E08000022,2025-06-01/P1M,4581,,,
E08000022,2025-07-01/P1M,5101,,,
E08000022,2025-08-01/P1M,4775,,,
E08000022,2025-09-01/P1M,4985,,,
E08000022,2025-10-01/P1M,5208,,,
E08000022,2025-11-01/P1M,4465,,,
E08000022,2025-12-01/P1M,4224,,,
E08000022,2026-01-01/P1M,5166,,,
E08000022,2026-02-01/P1M,5108,,,
E08000022,2026-03-01/P1M,5442,,,
E06000065,2025-04-01/P1M,8392,,,
E06000065,2025-05-01/P1M,8642,,,
E06000065,2025-06-01/P1M,8449,,,
E06000065,2025-07-01/P1M,9201,,,
E06000065,2025-08-01/P1M,7606,,,
E06000065,2025-09-01/P1M,8431,,,
E06000065,2025-10-01/P1M,9556,,,
E06000065,2025-11-01/P1M,8160,,,
E06000065,2025-12-01/P1M,6550,,,
E06000065,2026-01-01/P1M,8816,,,
E06000065,2026-02-01/P1M,8393,,,
E06000065,2026-03-01/P1M,8839,,,
E06000057,2025-04-01/P1M,2029,,,
E06000057,2025-05-01/P1M,2020,,,
E06000057,2025-06-01/P1M,1984,,,
E06000057,2025-07-01/P1M,2347,,,
E06000057,2025-08-01/P1M,1978,,,
E06000057,2025-09-01/P1M,2122,,,
E06000057,2025-10-01/P1M,2125,,,
E06000057,2025-11-01/P1M,2000,,,
E06000057,2025-12-01/P1M,1756,,,
E06000057,2026-01-01/P1M,1841,,,
E06000057,2026-02-01/P1M,2010,,,
E06000057,2026-03-01/P1M,1707,,,
E06000018,2025-04-01/P1M,9223,,,
E06000018,2025-05-01/P1M,9024,,,
E06000018,2025-06-01/P1M,8406,,,
E06000018,2025-07-01/P1M,8854,,,
E06000018,2025-08-01/P1M,8644,,,
E06000018,2025-09-01/P1M,8533,,,
E06000018,2025-10-01/P1M,9449,,,
E06000018,2025-11-01/P1M,7717,,,
E06000018,2025-12-01/P1M,7276,,,
E06000018,2026-01-01/P1M,7701,,,
E06000018,2026-02-01/P1M,8206,,,
E06000018,2026-03-01/P1M,8744,,,
E10000024,2025-04-01/P1M,8221,,,
E10000024,2025-05-01/P1M,8513,,,
E10000024,2025-06-01/P1M,8627,,,
E10000024,2025-07-01/P1M,9720,,,
E10000024,2025-08-01/P1M,8617,,,
E10000024,2025-09-01/P1M,9468,,,
E10000024,2025-10-01/P1M,9635,,,
E10000024,2025-11-01/P1M,8749,,,
E10000024,2025-12-01/P1M,6648,,,
E10000024,2026-01-01/P1M,8663,,,
E10000024,2026-02-01/P1M,8663,,,
E10000024,2026-03-01/P1M,9463,,,
E08000004,2025-04-01/P1M,6430,,,
E08000004,2025-05-01/P1M,5956,,,
E08000004,2025-06-01/P1M,5627,,,
E08000004,2025-07-01/P1M,6788,,,
E08000004,2025-08-01/P1M,5909,,,
E08000004,2025-09-01/P1M,5559,,,
E08000004,2025-10-01/P1M,6002,,,
E08000004,2025-11-01/P1M,4948,,,
E08000004,2025-12-01/P1M,4502,,,
E08000004,2026-01-01/P1M,5331,,,
E08000004,2026-02-01/P1M,4432,,,
E08000004,2026-03-01/P1M,5067,,,
E10000025,2025-04-01/P1M,4574,,,
E10000025,2025-05-01/P1M,4449,,,
E10000025,2025-06-01/P1M,7031,,,
E10000025,2025-07-01/P1M,7328,,,
E10000025,2025-08-01/P1M,7386,,,
E10000025,2025-09-01/P1M,7134,,,
E10000025,2025-10-01/P1M,7120,,,
E10000025,2025-11-01/P1M,7075,,,
E10000025,2025-12-01/P1M,6005,,,
E10000025,2026-01-01/P1M,7897,,,
E10000025,2026-02-01/P1M,7811,,,
E10000025,2026-03-01/P1M,7217,,,
E06000031,2025-04-01/P1Y,0,,,
E06000044,2025-04-01/P1M,3587,,,
E06000044,2025-05-01/P1M,3462,,,
E06000044,2025-06-01/P1M,3476,,,
E06000044,2025-07-01/P1M,4171,,,
E06000044,2025-08-01/P1M,3515,,,
E06000044,2025-09-01/P1M,3958,,,
E06000044,2025-10-01/P1M,3732,,,
E06000044,2025-11-01/P1M,3845,,,
E06000044,2025-12-01/P1M,3401,,,
E06000044,2026-01-01/P1M,3641,,,
E06000044,2026-02-01/P1M,3659,,,
E06000044,2026-03-01/P1M,3997,,,
E06000038,2025-04-01/P1M,1556,,,
E06000038,2025-05-01/P1M,1705,,,
E06000038,2025-06-01/P1M,1538,,,
E06000038,2025-07-01/P1M,1863,,,
E06000038,2025-08-01/P1M,1910,,,
E06000038,2025-09-01/P1M,2074,,,
E06000038,2025-10-01/P1M,1995,,,
E06000038,2025-11-01/P1M,1807,,,
E06000038,2025-12-01/P1M,1424,,,
E06000038,2026-01-01/P1M,1774,,,
E06000038,2026-02-01/P1M,1764,,,
E06000038,2026-03-01/P1M,1777,,,
E09000027,2025-04-01/P1M,3762,,,
E09000027,2025-05-01/P1M,4021,,,
E09000027,2025-06-01/P1M,3814,,,
E09000027,2025-07-01/P1M,4340,,,
E09000027,2025-08-01/P1M,4225,,,
E09000027,2025-09-01/P1M,4293,,,
E09000027,2025-10-01/P1M,4599,,,
E09000027,2025-11-01/P1M,4108,,,
E09000027,2025-12-01/P1M,3565,,,
E09000027,2026-01-01/P1M,4107,,,
E09000027,2026-02-01/P1M,3901,,,
E09000027,2026-03-01/P1M,4317,,,
E08000018,2025-04-01/P1M,2893,,,
E08000018,2025-05-01/P1M,2708,,,
E08000018,2025-06-01/P1M,2589,,,
E08000018,2025-07-01/P1M,2942,,,
E08000018,2025-08-01/P1M,2778,,,
E08000018,2025-09-01/P1M,2887,,,
E08000018,2025-10-01/P1M,2904,,,
E08000018,2025-11-01/P1M,2730,,,
E08000018,2025-12-01/P1M,2215,,,
E08000018,2026-01-01/P1M,2951,,,
E08000018,2026-02-01/P1M,4470,,,
E08000018,2026-03-01/P1M,2581,,,
E08000028,2025-04-01/P1M,6512,,,
E08000028,2025-05-01/P1M,6783,,,
E08000028,2025-06-01/P1M,6293,,,
E08000028,2025-07-01/P1M,6981,,,
E08000028,2025-08-01/P1M,6315,,,
E08000028,2025-09-01/P1M,6233,,,
E08000028,2025-10-01/P1M,7107,,,
E08000028,2025-11-01/P1M,6410,,,
E08000028,2025-12-01/P1M,5767,,,
E08000028,2026-01-01/P1M,6299,,,
E08000028,2026-02-01/P1M,6277,,,
E08000028,2026-03-01/P1M,7013,,,
E08000014,2025-04-01/P1M,2513,,,
E08000014,2025-05-01/P1M,2393,,,
E08000014,2025-06-01/P1M,2371,,,
E08000014,2025-07-01/P1M,2638,,,
E08000014,2025-08-01/P1M,2991,,,
E08000014,2025-09-01/P1M,2786,,,
E08000014,2025-10-01/P1M,2953,,,
E08000014,2025-11-01/P1M,2473,,,
E08000014,2025-12-01/P1M,1859,,,
E08000014,2026-01-01/P1M,2538,,,
E08000014,2026-02-01/P1M,2564,,,
E08000014,2026-03-01/P1M,0,,,
E08000019,2025-04-01/P1M,5746,,,
E08000019,2025-05-01/P1M,6382,,,
E08000019,2025-06-01/P1M,5851,,,
E08000019,2025-07-01/P1M,6318,,,
E08000019,2025-08-01/P1M,6359,,,
E08000019,2025-09-01/P1M,6022,,,
E08000019,2025-10-01/P1M,6091,,,
E08000019,2025-11-01/P1M,5069,,,
E08000019,2025-12-01/P1M,4513,,,
E08000019,2026-01-01/P1M,5642,,,
E08000019,2026-02-01/P1M,5651,,,
E08000019,2026-03-01/P1M,5855,,,
E06000051,2025-04-01/P1M,2048,,,
E06000051,2025-05-01/P1M,2005,,,
E06000051,2025-06-01/P1M,1984,,,
E06000051,2025-07-01/P1M,2357,,,
E06000051,2025-08-01/P1M,2167,,,
E06000051,2025-09-01/P1M,2166,,,
E06000051,2025-10-01/P1M,2151,,,
E06000051,2025-11-01/P1M,1944,,,
E06000051,2025-12-01/P1M,1376,,,
E06000051,2026-01-01/P1M,1859,,,
E06000051,2026-02-01/P1M,1922,,,
E06000051,2026-03-01/P1M,2214,,,
E06000039,2025-04-01/P1M,2997,,,
E06000039,2025-05-01/P1M,3042,,,
E06000039,2025-06-01/P1M,2768,,,
E06000039,2025-07-01/P1M,3008,,,
E06000039,2025-08-01/P1M,2565,,,
E06000039,2025-09-01/P1M,2637,,,
E06000039,2025-10-01/P1M,2536,,,
E06000039,2025-11-01/P1M,2030,,,
E06000039,2025-12-01/P1M,2034,,,
E06000039,2026-01-01/P1M,2220,,,
E06000039,2026-02-01/P1M,2316,,,
E06000039,2026-03-01/P1M,2257,,,
E06000066,2025-04-01/P1M,5234,,,
E06000066,2025-05-01/P1M,5377,,,
E06000066,2025-06-01/P1M,5303,,,
E06000066,2025-07-01/P1M,6016,,,
E06000066,2025-08-01/P1M,5677,,,
E06000066,2025-09-01/P1M,6012,,,
E06000066,2025-10-01/P1M,5720,,,
E06000066,2025-11-01/P1M,4311,,,
E06000066,2025-12-01/P1M,4154,,,
E06000066,2026-01-01/P1M,4675,,,
E06000066,2026-02-01/P1M,5242,,,
E06000066,2026-03-01/P1M,4750,,,
E06000025,2025-04-01/P1M,176,,suspicious,"Source audit: hours_public_computers: 2024/2025: 48,138; 2025/2026: 2,052 (0.04 times; -95.7%). Check units, collection scope and completeness; a change alone does not prove error. Values retained as reported pending source confirmation."
E06000025,2025-05-01/P1M,173,,suspicious,"Source audit: hours_public_computers: 2024/2025: 48,138; 2025/2026: 2,052 (0.04 times; -95.7%). Check units, collection scope and completeness; a change alone does not prove error. Values retained as reported pending source confirmation."
E06000025,2025-06-01/P1M,167,,suspicious,"Source audit: hours_public_computers: 2024/2025: 48,138; 2025/2026: 2,052 (0.04 times; -95.7%). Check units, collection scope and completeness; a change alone does not prove error. Values retained as reported pending source confirmation."
E06000025,2025-07-01/P1M,164,,suspicious,"Source audit: hours_public_computers: 2024/2025: 48,138; 2025/2026: 2,052 (0.04 times; -95.7%). Check units, collection scope and completeness; a change alone does not prove error. Values retained as reported pending source confirmation."
E06000025,2025-08-01/P1M,163,,suspicious,"Source audit: hours_public_computers: 2024/2025: 48,138; 2025/2026: 2,052 (0.04 times; -95.7%). Check units, collection scope and completeness; a change alone does not prove error. Values retained as reported pending source confirmation."
E06000025,2025-09-01/P1M,172,,suspicious,"Source audit: hours_public_computers: 2024/2025: 48,138; 2025/2026: 2,052 (0.04 times; -95.7%). Check units, collection scope and completeness; a change alone does not prove error. Values retained as reported pending source confirmation."
E06000025,2025-10-01/P1M,191,,suspicious,"Source audit: hours_public_computers: 2024/2025: 48,138; 2025/2026: 2,052 (0.04 times; -95.7%). Check units, collection scope and completeness; a change alone does not prove error. Values retained as reported pending source confirmation."
E06000025,2025-11-01/P1M,162,,suspicious,"Source audit: hours_public_computers: 2024/2025: 48,138; 2025/2026: 2,052 (0.04 times; -95.7%). Check units, collection scope and completeness; a change alone does not prove error. Values retained as reported pending source confirmation."
E06000025,2025-12-01/P1M,150,,suspicious,"Source audit: hours_public_computers: 2024/2025: 48,138; 2025/2026: 2,052 (0.04 times; -95.7%). Check units, collection scope and completeness; a change alone does not prove error. Values retained as reported pending source confirmation."
E06000025,2026-01-01/P1M,185,,suspicious,"Source audit: hours_public_computers: 2024/2025: 48,138; 2025/2026: 2,052 (0.04 times; -95.7%). Check units, collection scope and completeness; a change alone does not prove error. Values retained as reported pending source confirmation."
E06000025,2026-02-01/P1M,161,,suspicious,"Source audit: hours_public_computers: 2024/2025: 48,138; 2025/2026: 2,052 (0.04 times; -95.7%). Check units, collection scope and completeness; a change alone does not prove error. Values retained as reported pending source confirmation."
E06000025,2026-03-01/P1M,188,,suspicious,"Source audit: hours_public_computers: 2024/2025: 48,138; 2025/2026: 2,052 (0.04 times; -95.7%). Check units, collection scope and completeness; a change alone does not prove error. Values retained as reported pending source confirmation."
E08000023,2025-04-01/P1M,3732,,,
E08000023,2025-05-01/P1M,4066,,,
E08000023,2025-06-01/P1M,3887,,,
E08000023,2025-07-01/P1M,4112,,,
E08000023,2025-08-01/P1M,3913,,,
E08000023,2025-09-01/P1M,4010,,,
E08000023,2025-10-01/P1M,4247,,,
E08000023,2025-11-01/P1M,3761,,,
E08000023,2025-12-01/P1M,3183,,,
E08000023,2026-01-01/P1M,3304,,,
E08000023,2026-02-01/P1M,3628,,,
E08000023,2026-03-01/P1M,3665,,,
E06000033,2025-04-01/P1M,2862,,,
E06000033,2025-05-01/P1M,2962,,,
E06000033,2025-06-01/P1M,2872,,,
E06000033,2025-07-01/P1M,3135,,,
E06000033,2025-08-01/P1M,2834,,,
E06000033,2025-09-01/P1M,3220,,,
E06000033,2025-10-01/P1M,3012,,,
E06000033,2025-11-01/P1M,2725,,,
E06000033,2025-12-01/P1M,2746,,,
E06000033,2026-01-01/P1M,3001,,,
E06000033,2026-02-01/P1M,2771,,,
E06000033,2026-03-01/P1M,2961,,,
E09000028,2025-04-01/P1M,11617,,,
E09000028,2025-05-01/P1M,11499,,,
E09000028,2025-06-01/P1M,11531,,,
E09000028,2025-07-01/P1M,11957,,,
E09000028,2025-08-01/P1M,11177,,,
E09000028,2025-09-01/P1M,12175,,,
E09000028,2025-10-01/P1M,12705,,,
E09000028,2025-11-01/P1M,11383,,,
E09000028,2025-12-01/P1M,9696,,,
E09000028,2026-01-01/P1M,11114,,,
E09000028,2026-02-01/P1M,10668,,,
E09000028,2026-03-01/P1M,11992,,,
E08000013,2025-04-01/P1Y,0,,,
E10000028,2025-04-01/P1Y,111759,,,
E06000004,2025-04-01/P1M,2495,,,
E06000004,2025-05-01/P1M,2479,,,
E06000004,2025-06-01/P1M,2482,,,
E06000004,2025-07-01/P1M,2801,,,
E06000004,2025-08-01/P1M,2540,,,
E06000004,2025-09-01/P1M,2688,,,
E06000004,2025-10-01/P1M,2772,,,
E06000004,2025-11-01/P1M,2437,,,
E06000004,2025-12-01/P1M,2074,,,
E06000004,2026-01-01/P1M,2530,,,
E06000004,2026-02-01/P1M,2550,,,
E06000004,2026-03-01/P1M,2628,,,
E06000021,2025-04-01/P1M,3624,,,
E06000021,2025-05-01/P1M,3619,,,
E06000021,2025-06-01/P1M,3856,,,
E06000021,2025-07-01/P1M,4148,,,
E06000021,2025-08-01/P1M,3460,,,
E06000021,2025-09-01/P1M,3552,,,
E06000021,2025-10-01/P1M,3785,,,
E06000021,2025-11-01/P1M,3442,,,
E06000021,2025-12-01/P1M,2574,,,
E06000021,2026-01-01/P1M,3571,,,
E06000021,2026-02-01/P1M,3515,,,
E06000021,2026-03-01/P1M,4093,,,
E10000030,2025-04-01/P1M,10804,,,
E10000030,2025-05-01/P1M,11937,,,
E10000030,2025-06-01/P1M,11186,,,
E10000030,2025-07-01/P1M,12191,,,
E10000030,2025-08-01/P1M,11954,,,
E10000030,2025-09-01/P1M,12610,,,
E10000030,2025-10-01/P1M,13241,,,
E10000030,2025-11-01/P1M,11304,,,
E10000030,2025-12-01/P1M,10351,,,
E10000030,2026-01-01/P1M,12442,,,
E10000030,2026-02-01/P1M,12106,,,
E10000030,2026-03-01/P1M,12716,,,
E09000029,2025-04-01/P1M,4456,,,
E09000029,2025-05-01/P1M,4567,,,
E09000029,2025-06-01/P1M,4357,,,
E09000029,2025-07-01/P1M,4779,,,
E09000029,2025-08-01/P1M,4607,,,
E09000029,2025-09-01/P1M,4380,,,
E09000029,2025-10-01/P1M,4523,,,
E09000029,2025-11-01/P1M,4315,,,
E09000029,2025-12-01/P1M,3733,,,
E09000029,2026-01-01/P1M,4613,,,
E09000029,2026-02-01/P1M,4553,,,
E09000029,2026-03-01/P1M,4544,,,
E08000008,2025-04-01/P1M,3762,,,
E08000008,2025-05-01/P1M,4061,,,
E08000008,2025-06-01/P1M,3794,,,
E08000008,2025-07-01/P1M,4420,,,
E08000008,2025-08-01/P1M,4197,,,
E08000008,2025-09-01/P1M,4307,,,
E08000008,2025-10-01/P1M,4293,,,
E08000008,2025-11-01/P1M,3822,,,
E08000008,2025-12-01/P1M,2940,,,
E08000008,2026-01-01/P1M,3475,,,
E08000008,2026-02-01/P1M,3441,,,
E08000008,2026-03-01/P1M,3521,,,
E06000020,2025-04-01/P1M,1932,,,
E06000020,2025-05-01/P1M,1877,,,
E06000020,2025-06-01/P1M,1740,,,
E06000020,2025-07-01/P1M,2022,,,
E06000020,2025-08-01/P1M,2121,,,
E06000020,2025-09-01/P1M,1989,,,
E06000020,2025-10-01/P1M,2087,,,
E06000020,2025-11-01/P1M,1939,,,
E06000020,2025-12-01/P1M,1285,,,
E06000020,2026-01-01/P1M,1931,,,
E06000020,2026-02-01/P1M,1909,,,
E06000020,2026-03-01/P1M,2107,,,
E06000034,2025-04-01/P1Y,24569,,,
E06000027,2025-04-01/P1M,1615,,,
E06000027,2025-05-01/P1M,1635,,,
E06000027,2025-06-01/P1M,1699,,,
E06000027,2025-07-01/P1M,1795,,,
E06000027,2025-08-01/P1M,2297,,,
E06000027,2025-09-01/P1M,1668,,,
E06000027,2025-10-01/P1M,1876,,,
E06000027,2025-11-01/P1M,1577,,,
E06000027,2025-12-01/P1M,1414,,,
E06000027,2026-01-01/P1M,1721,,,
E06000027,2026-02-01/P1M,1607,,,
E06000027,2026-03-01/P1M,1680,,,
E08000036,2025-04-01/P1M,4969,,,
E08000036,2025-05-01/P1M,4878,,,
E08000036,2025-06-01/P1M,5134,,,
E08000036,2025-07-01/P1M,5199,,,
E08000036,2025-08-01/P1M,4603,,,
E08000036,2025-09-01/P1M,4922,,,
E08000036,2025-10-01/P1M,4962,,,
E08000036,2025-11-01/P1M,4320,,,
E08000036,2025-12-01/P1M,1833,,,
E08000036,2026-01-01/P1M,2515,,,
E08000036,2026-02-01/P1M,6630,,,
E08000036,2026-03-01/P1M,2503,,,
E09000031,2025-04-01/P1M,5736,,,
E09000031,2025-05-01/P1M,6133,,,
E09000031,2025-06-01/P1M,5338,,,
E09000031,2025-07-01/P1M,5606,,,
E09000031,2025-08-01/P1M,5559,,,
E09000031,2025-09-01/P1M,5748,,,
E09000031,2025-10-01/P1M,6167,,,
E09000031,2025-11-01/P1M,5737,,,
E09000031,2025-12-01/P1M,4697,,,
E09000031,2026-01-01/P1M,5310,,,
E09000031,2026-02-01/P1M,5474,,,
E09000031,2026-03-01/P1M,5965,,,
E09000032,2025-04-01/P1M,8203,,,
E09000032,2025-05-01/P1M,8642,,,
E09000032,2025-06-01/P1M,8853,,,
E09000032,2025-07-01/P1M,9365,,,
E09000032,2025-08-01/P1M,9813,,,
E09000032,2025-09-01/P1M,9440,,,
E09000032,2025-10-01/P1M,9681,,,
E09000032,2025-11-01/P1M,9033,,,
E09000032,2025-12-01/P1M,8075,,,
E09000032,2026-01-01/P1M,9047,,,
E09000032,2026-02-01/P1M,8519,,,
E09000032,2026-03-01/P1M,9062,,,
E06000007,2025-04-01/P1Y,13910,,,
E10000031,2025-04-01/P1M,5289,,,
E10000031,2025-05-01/P1M,5065,,,
E10000031,2025-06-01/P1M,4754,,,
E10000031,2025-07-01/P1M,5125,,,
E10000031,2025-08-01/P1M,5029,,,
E10000031,2025-09-01/P1M,5216,,,
E10000031,2025-10-01/P1M,5124,,,
E10000031,2025-11-01/P1M,4752,,,
E10000031,2025-12-01/P1M,4089,,,
E10000031,2026-01-01/P1M,4874,,,
E10000031,2026-02-01/P1M,5074,,,
E10000031,2026-03-01/P1M,5336,,,
E06000037,2025-04-01/P1M,1242,,,
E06000037,2025-05-01/P1M,1274,,,
E06000037,2025-06-01/P1M,1221,,,
E06000037,2025-07-01/P1M,1272,,,
E06000037,2025-08-01/P1M,1338,,,
E06000037,2025-09-01/P1M,1376,,,
E06000037,2025-10-01/P1M,1432,,,
E06000037,2025-11-01/P1M,1248,,,
E06000037,2025-12-01/P1M,932,,,
E06000037,2026-01-01/P1M,1242,,,
E06000037,2026-02-01/P1M,1243,,,
E06000037,2026-03-01/P1M,1433,,,
E06000062,2025-04-01/P1M,1898,,,
E06000062,2025-05-01/P1M,1984,,,
E06000062,2025-06-01/P1M,2276,,,
E06000062,2025-07-01/P1M,1413,,,
E06000062,2025-08-01/P1M,1734,,,
E06000062,2025-09-01/P1M,2488,,,
E06000062,2025-10-01/P1M,1712,,,
E06000062,2025-11-01/P1M,2546,,,
E06000062,2025-12-01/P1M,1529,,,
E06000062,2026-01-01/P1M,1778,,,
E06000062,2026-02-01/P1M,1629,,,
E06000062,2026-03-01/P1M,1680,,,
E10000032,2025-04-01/P1M,10293,,,
E10000032,2025-05-01/P1M,10218,,,
E10000032,2025-06-01/P1M,10145,,,
E10000032,2025-07-01/P1M,11229,,,
E10000032,2025-08-01/P1M,10402,,,
E10000032,2025-09-01/P1M,10968,,,
E10000032,2025-10-01/P1M,10991,,,
E10000032,2025-11-01/P1M,10323,,,
E10000032,2025-12-01/P1M,9035,,,
E10000032,2026-01-01/P1M,9578,,,
E10000032,2026-02-01/P1M,10012,,,
E10000032,2026-03-01/P1M,10657,,,
E09000033,2025-04-01/P1M,6985,,,
E09000033,2025-05-01/P1M,7541,,,
E09000033,2025-06-01/P1M,7598,,,
E09000033,2025-07-01/P1M,8126,,,
E09000033,2025-08-01/P1M,7875,,,
E09000033,2025-09-01/P1M,8799,,,
E09000033,2025-10-01/P1M,9867,,,
E09000033,2025-11-01/P1M,8173,,,
E09000033,2025-12-01/P1M,5103,,,
E09000033,2026-01-01/P1M,4705,,,
E09000033,2026-02-01/P1M,5881,,,
E09000033,2026-03-01/P1M,6714,,,
E06000064,2025-04-01/P1M,1992,,,
E06000064,2025-05-01/P1M,1978,,,
E06000064,2025-06-01/P1M,2031,,,
E06000064,2025-07-01/P1M,2228,,,
E06000064,2025-08-01/P1M,2030,,,
E06000064,2025-09-01/P1M,2003,,,
E06000064,2025-10-01/P1M,2234,,,
E06000064,2025-11-01/P1M,1981,,,
E06000064,2025-12-01/P1M,1681,,,
E06000064,2026-01-01/P1M,2136,,,
E06000064,2026-02-01/P1M,2001,,,
E06000064,2026-03-01/P1M,2103,,,
E08000010,2025-04-01/P1M,3837,,,
E08000010,2025-05-01/P1M,3667,,,
E08000010,2025-06-01/P1M,3716,,,
E08000010,2025-07-01/P1M,4282,,,
E08000010,2025-08-01/P1M,10545,,,
E08000010,2025-09-01/P1M,6598,,,
E08000010,2025-10-01/P1M,4577,,,
E08000010,2025-11-01/P1M,3671,,,
E08000010,2025-12-01/P1M,2668,,,
E08000010,2026-01-01/P1M,3787,,,
E08000010,2026-02-01/P1M,3672,,,
E08000010,2026-03-01/P1M,4019,,,
E06000054,2025-04-01/P1M,3756,,,
E06000054,2025-05-01/P1M,3978,,,
E06000054,2025-06-01/P1M,4046,,,
E06000054,2025-07-01/P1M,4525,,,
E06000054,2025-08-01/P1M,4057,,,
E06000054,2025-09-01/P1M,4409,,,
E06000054,2025-10-01/P1M,4463,,,
E06000054,2025-11-01/P1M,3921,,,
E06000054,2025-12-01/P1M,3455,,,
E06000054,2026-01-01/P1M,4145,,,
E06000054,2026-02-01/P1M,4004,,,
E06000054,2026-03-01/P1M,4486,,,
E06000040,2025-04-01/P1M,2065,,,
E06000040,2025-05-01/P1M,2667,,,
E06000040,2025-06-01/P1M,3089,,,
E06000040,2025-07-01/P1M,2952,,,
E06000040,2025-08-01/P1M,1110,,,
E06000040,2025-09-01/P1M,3273,,,
E06000040,2025-10-01/P1M,3016,,,
E06000040,2025-11-01/P1M,3054,,,
E06000040,2025-12-01/P1M,2675,,,
E06000040,2026-01-01/P1M,3703,,,
E06000040,2026-02-01/P1M,3013,,,
E06000040,2026-03-01/P1M,3463,,,
E08000015,2025-04-01/P1M,1724,,,
E08000015,2025-05-01/P1M,1776,,,
E08000015,2025-06-01/P1M,1851,,,
E08000015,2025-07-01/P1M,1845,,,
E08000015,2025-08-01/P1M,1699,,,
E08000015,2025-09-01/P1M,1740,,,
E08000015,2025-10-01/P1M,1742,,,
E08000015,2025-11-01/P1M,1724,,,
E08000015,2025-12-01/P1M,1285,,,
E08000015,2026-01-01/P1M,1508,,,
E08000015,2026-02-01/P1M,1571,,,
E08000015,2026-03-01/P1M,1643,,,
E10000034,2025-04-01/P1M,12226,,,
E10000034,2025-05-01/P1M,11643,,,
E10000034,2025-06-01/P1M,11425,,,
E10000034,2025-07-01/P1M,11434,,,
E10000034,2025-08-01/P1M,11227,,,
E10000034,2025-09-01/P1M,11629,,,
E10000034,2025-10-01/P1M,12406,,,
E10000034,2025-11-01/P1M,11630,,,
E10000034,2025-12-01/P1M,9914,,,
E10000034,2026-01-01/P1M,11625,,,
E10000034,2026-02-01/P1M,11128,,,
E10000034,2026-03-01/P1M,11860,,,
E06000014,2025-04-01/P1M,2879,,,
E06000014,2025-05-01/P1M,3222,,,
E06000014,2025-06-01/P1M,2775,,,
E06000014,2025-07-01/P1M,3187,,,
E06000014,2025-08-01/P1M,3040,,,
E06000014,2025-09-01/P1M,3105,,,
E06000014,2025-10-01/P1M,3106,,,
E06000014,2025-11-01/P1M,2837,,,
E06000014,2025-12-01/P1M,2228,,,
E06000014,2026-01-01/P1M,3041,,,
E06000014,2026-02-01/P1M,2934,,,
E06000014,2026-03-01/P1M,3378,,,
E09000006,2025-04-01/P1M,6425,,,
E09000006,2025-05-01/P1M,6296,,,
E09000006,2025-06-01/P1M,5472,,,
E09000006,2025-07-01/P1M,5571,,,
E09000006,2025-08-01/P1M,5473,,,
E09000006,2025-09-01/P1M,5922,,,
E09000006,2025-10-01/P1M,6154,,,
E09000006,2025-11-01/P1M,5623,,,
E09000006,2025-12-01/P1M,5147,,,
E09000006,2026-01-01/P1M,6485,,,
E09000006,2026-02-01/P1M,6375,,,
E09000006,2026-03-01/P1M,7277,,,
E06000022,2025-04-01/P1M,1362,,,
E06000022,2025-05-01/P1M,1441,,,
E06000022,2025-06-01/P1M,1323,,,
E06000022,2025-07-01/P1M,1610,,,
E06000022,2025-08-01/P1M,1595,,,
E06000022,2025-09-01/P1M,1620,,,
E06000022,2025-10-01/P1M,1768,,,
E06000022,2025-11-01/P1M,1514,,,
E06000022,2025-12-01/P1M,1474,,,
E06000022,2026-01-01/P1M,1576,,,
E06000022,2026-02-01/P1M,1509,,,
E06000022,2026-03-01/P1M,1683,,,
