Authority,Event type,Age group,Period,Count,Estimated count,Status,Notes
E09000001,Physical,Adult,2023-04-01/P3M,364,,,
E09000001,Physical,Adult,2023-07-01/P3M,194,,,
E09000001,Physical,Adult,2023-10-01/P3M,489,,,
E09000001,Physical,Adult,2024-01-01/P3M,971,,,
E09000001,Physical,Under 12,2023-04-01/P3M,130,,,
E09000001,Physical,Under 12,2023-07-01/P3M,168,,,
E09000001,Physical,Under 12,2023-10-01/P3M,204,,,
E09000001,Physical,Under 12,2024-01-01/P3M,213,,,
E09000001,Physical,All ages,2023-04-01/P3M,41,,,
E09000001,Physical,All ages,2023-07-01/P3M,91,,,
E09000001,Physical,All ages,2023-10-01/P3M,81,,,
E09000001,Physical,All ages,2024-01-01/P3M,97,,,
E09000001,Digital,Adult,2023-04-01/P3M,43,,,
E09000001,Digital,Adult,2023-07-01/P3M,32,,,
E09000001,Digital,Adult,2023-10-01/P3M,43,,,
E09000001,Digital,Adult,2024-01-01/P3M,46,,,
E08000016,Physical,Adult,2023-04-01/P1M,261,,,
E08000016,Physical,Adult,2023-05-01/P1M,342,,,
E08000016,Physical,Adult,2023-06-01/P1M,359,,,
E08000016,Physical,Adult,2023-07-01/P1M,333,,,
E08000016,Physical,Adult,2023-08-01/P1M,303,,,
E08000016,Physical,Adult,2023-09-01/P1M,342,,,
E08000016,Physical,Adult,2023-10-01/P1M,385,,,
E08000016,Physical,Adult,2023-11-01/P1M,352,,,
E08000016,Physical,Adult,2023-12-01/P1M,213,,,
E08000016,Physical,Adult,2024-01-01/P1M,279,,,
E08000016,Physical,Adult,2024-02-01/P1M,324,,,
E08000016,Physical,Adult,2024-03-01/P1M,281,,,
E08000016,Physical,Under 12,2023-04-01/P1M,63,,,
E08000016,Physical,Under 12,2023-05-01/P1M,64,,,
E08000016,Physical,Under 12,2023-06-01/P1M,53,,,
E08000016,Physical,Under 12,2023-07-01/P1M,83,,,
E08000016,Physical,Under 12,2023-08-01/P1M,133,,,
E08000016,Physical,Under 12,2023-09-01/P1M,36,,,
E08000016,Physical,Under 12,2023-10-01/P1M,44,,,
E08000016,Physical,Under 12,2023-11-01/P1M,66,,,
E08000016,Physical,Under 12,2023-12-01/P1M,52,,,
E08000016,Physical,Under 12,2024-01-01/P1M,43,,,
E08000016,Physical,Under 12,2024-02-01/P1M,65,,,
E08000016,Physical,Under 12,2024-03-01/P1M,61,,,
E08000016,Physical,12-17,2023-04-01/P1M,11,,,
E08000016,Physical,12-17,2023-05-01/P1M,16,,,
E08000016,Physical,12-17,2023-06-01/P1M,11,,,
E08000016,Physical,12-17,2023-07-01/P1M,6,,,
E08000016,Physical,12-17,2023-08-01/P1M,4,,,
E08000016,Physical,12-17,2023-09-01/P1M,8,,,
E08000016,Physical,12-17,2023-10-01/P1M,15,,,
E08000016,Physical,12-17,2023-11-01/P1M,8,,,
E08000016,Physical,12-17,2023-12-01/P1M,8,,,
E08000016,Physical,12-17,2024-01-01/P1M,9,,,
E08000016,Physical,12-17,2024-02-01/P1M,13,,,
E08000016,Physical,12-17,2024-03-01/P1M,29,,,
E08000016,Physical,All ages,2023-05-01/P1M,4,,,
E08000016,Physical,All ages,2023-08-01/P1M,1,,,
E08000016,Physical,All ages,2023-09-01/P1M,1,,,
E08000016,Physical,All ages,2023-10-01/P1M,1,,,
E08000016,Physical,All ages,2024-01-01/P1M,22,,,
E08000016,Physical,All ages,2024-02-01/P1M,1,,,
E08000016,Physical,All ages,2024-03-01/P1M,1,,,
E06000022,Physical,Unknown,2023-04-01/P1M,54,,,
E06000022,Physical,Unknown,2023-05-01/P1M,85,,,
E06000022,Physical,Unknown,2023-06-01/P1M,98,,,
E06000022,Physical,Unknown,2023-07-01/P1M,100,,,
E06000022,Physical,Unknown,2023-08-01/P1M,86,,,
E06000022,Physical,Unknown,2023-09-01/P1M,110,,,
E06000022,Physical,Unknown,2023-10-01/P1M,117,,,
E06000022,Physical,Unknown,2023-11-01/P1M,118,,,
E06000022,Physical,Unknown,2023-12-01/P1M,78,,,
E06000022,Physical,Unknown,2024-01-01/P1M,147,,,
E06000022,Physical,Unknown,2024-02-01/P1M,133,,,
E06000022,Physical,Unknown,2024-03-01/P1M,110,,,
E06000022,Digital,Unknown,2023-04-01/P1M,1,,,
E06000022,Digital,Unknown,2023-05-01/P1M,1,,,
E06000022,Digital,Unknown,2023-06-01/P1M,1,,,
E06000022,Digital,Unknown,2023-07-01/P1M,1,,,
E06000022,Digital,Unknown,2023-08-01/P1M,1,,,
E06000022,Digital,Unknown,2023-09-01/P1M,1,,,
E06000022,Digital,Unknown,2023-10-01/P1M,1,,,
E06000022,Digital,Unknown,2023-11-01/P1M,1,,,
E06000022,Digital,Unknown,2023-12-01/P1M,1,,,
E06000022,Digital,Unknown,2024-01-01/P1M,1,,,
E06000022,Digital,Unknown,2024-02-01/P1M,1,,,
E06000022,Digital,Unknown,2024-03-01/P1M,1,,,
E06000008,Physical,Adult,2023-04-01/P1M,53,,,
E06000008,Physical,Adult,2023-05-01/P1M,66,,,
E06000008,Physical,Adult,2023-06-01/P1M,69,,,
E06000008,Physical,Adult,2023-07-01/P1M,63,,,
E06000008,Physical,Adult,2023-08-01/P1M,62,,,
E06000008,Physical,Adult,2023-09-01/P1M,71,,,
E06000008,Physical,Adult,2023-10-01/P1M,65,,,
E06000008,Physical,Adult,2023-11-01/P1M,72,,,
E06000008,Physical,Adult,2023-12-01/P1M,56,,,
E06000008,Physical,Adult,2024-01-01/P1M,82,,,
E06000008,Physical,Adult,2024-02-01/P1M,80,,,
E06000008,Physical,Adult,2024-03-01/P1M,73,,,
E06000008,Physical,Under 12,2023-04-01/P1M,58,,,
E06000008,Physical,Under 12,2023-05-01/P1M,38,,,
E06000008,Physical,Under 12,2023-06-01/P1M,54,,,
E06000008,Physical,Under 12,2023-07-01/P1M,40,,,
E06000008,Physical,Under 12,2023-08-01/P1M,53,,,
E06000008,Physical,Under 12,2023-09-01/P1M,44,,,
E06000008,Physical,Under 12,2023-10-01/P1M,91,,,
E06000008,Physical,Under 12,2023-11-01/P1M,52,,,
E06000008,Physical,Under 12,2023-12-01/P1M,46,,,
E06000008,Physical,Under 12,2024-01-01/P1M,62,,,
E06000008,Physical,Under 12,2024-02-01/P1M,72,,,
E06000008,Physical,Under 12,2024-03-01/P1M,69,,,
E06000008,Physical,12-17,2023-08-01/P1M,2,,,
E06000008,Physical,12-17,2023-10-01/P1M,1,,,
E06000008,Physical,12-17,2023-12-01/P1M,5,,,
E06000008,Physical,12-17,2024-01-01/P1M,5,,,
E06000008,Physical,12-17,2024-02-01/P1M,5,,,
E06000008,Physical,12-17,2024-03-01/P1M,8,,,
E06000008,Physical,All ages,2023-04-01/P1Y,1,,,
E06000008,Digital,12-17,2023-04-01/P1Y,1,,,
E06000009,Physical,Unknown,2023-04-01/P1M,115,,,
E06000009,Physical,Unknown,2023-05-01/P1M,129,,,
E06000009,Physical,Unknown,2023-06-01/P1M,130,,,
E06000009,Physical,Unknown,2023-07-01/P1M,133,,,
E06000009,Physical,Unknown,2023-08-01/P1M,142,,,
E06000009,Physical,Unknown,2023-09-01/P1M,129,,,
E06000009,Physical,Unknown,2023-10-01/P1M,184,,,
E06000009,Physical,Unknown,2023-11-01/P1M,204,,,
E06000009,Physical,Unknown,2023-12-01/P1M,103,,,
E06000009,Physical,Unknown,2024-01-01/P1M,145,,,
E06000009,Physical,Unknown,2024-02-01/P1M,169,,,
E06000009,Physical,Unknown,2024-03-01/P1M,142,,,
E06000009,Digital,Unknown,2023-04-01/P1M,5,,,
E06000009,Digital,Unknown,2023-05-01/P1M,5,,,
E06000009,Digital,Unknown,2023-06-01/P1M,5,,,
E06000009,Digital,Unknown,2023-07-01/P1M,5,,,
E06000009,Digital,Unknown,2023-08-01/P1M,5,,,
E06000009,Digital,Unknown,2023-09-01/P1M,5,,,
E06000009,Digital,Unknown,2023-10-01/P1M,5,,,
E06000009,Digital,Unknown,2023-11-01/P1M,5,,,
E06000009,Digital,Unknown,2023-12-01/P1M,5,,,
E06000009,Digital,Unknown,2024-01-01/P1M,5,,,
E06000009,Digital,Unknown,2024-02-01/P1M,5,,,
E06000009,Digital,Unknown,2024-03-01/P1M,5,,,
E08000001,Physical,Adult,2023-04-01/P1M,188,,,
E08000001,Physical,Adult,2023-05-01/P1M,200,,,
E08000001,Physical,Adult,2023-06-01/P1M,222,,,
E08000001,Physical,Adult,2023-07-01/P1M,239,,,
E08000001,Physical,Adult,2023-08-01/P1M,194,,,
E08000001,Physical,Adult,2023-09-01/P1M,207,,,
E08000001,Physical,Adult,2023-10-01/P1M,232,,,
E08000001,Physical,Adult,2023-11-01/P1M,253,,,
E08000001,Physical,Adult,2023-12-01/P1M,232,,,
E08000001,Physical,Adult,2024-01-01/P1M,273,,,
E08000001,Physical,Adult,2024-02-01/P1M,321,,,
E08000001,Physical,Adult,2024-03-01/P1M,248,,,
E08000001,Physical,Under 12,2023-04-01/P1M,108,,,
E08000001,Physical,Under 12,2023-05-01/P1M,106,,,
E08000001,Physical,Under 12,2023-06-01/P1M,128,,,
E08000001,Physical,Under 12,2023-07-01/P1M,97,,,
E08000001,Physical,Under 12,2023-08-01/P1M,123,,,
E08000001,Physical,Under 12,2023-09-01/P1M,92,,,
E08000001,Physical,Under 12,2023-10-01/P1M,142,,,
E08000001,Physical,Under 12,2023-11-01/P1M,146,,,
E08000001,Physical,Under 12,2023-12-01/P1M,119,,,
E08000001,Physical,Under 12,2024-01-01/P1M,153,,,
E08000001,Physical,Under 12,2024-02-01/P1M,149,,,
E08000001,Physical,Under 12,2024-03-01/P1M,146,,,
E06000058,Physical,Unknown,2023-04-01/P1M,915,,,
E06000058,Physical,Unknown,2023-05-01/P1M,913,,,
E06000058,Physical,Unknown,2023-06-01/P1M,910,,,
E06000058,Physical,Unknown,2023-07-01/P1M,900,,,
E06000058,Physical,Unknown,2023-08-01/P1M,1042,,,
E06000058,Physical,Unknown,2023-09-01/P1M,991,,,
E06000058,Physical,Unknown,2023-10-01/P1M,1068,,,
E06000058,Physical,Unknown,2023-11-01/P1M,994,,,
E06000058,Physical,Unknown,2023-12-01/P1M,794,,,
E06000058,Physical,Unknown,2024-01-01/P1M,901,,,
E06000058,Physical,Unknown,2024-02-01/P1M,960,,,
E06000058,Physical,Unknown,2024-03-01/P1M,917,,,
E06000036,Physical,Adult,2023-04-01/P1M,78,,,
E06000036,Physical,Adult,2023-05-01/P1M,78,,,
E06000036,Physical,Adult,2023-06-01/P1M,83,,,
E06000036,Physical,Adult,2023-07-01/P1M,78,,,
E06000036,Physical,Adult,2023-08-01/P1M,59,,,
E06000036,Physical,Adult,2023-09-01/P1M,80,,,
E06000036,Physical,Adult,2023-10-01/P1M,80,,,
E06000036,Physical,Adult,2023-11-01/P1M,70,,,
E06000036,Physical,Adult,2023-12-01/P1M,56,,,
E06000036,Physical,Adult,2024-01-01/P1M,66,,,
E06000036,Physical,Adult,2024-02-01/P1M,72,,,
E06000036,Physical,Adult,2024-03-01/P1M,71,,,
E06000036,Physical,Under 12,2023-04-01/P1M,61,,,
E06000036,Physical,Under 12,2023-05-01/P1M,59,,,
E06000036,Physical,Under 12,2023-06-01/P1M,67,,,
E06000036,Physical,Under 12,2023-07-01/P1M,56,,,
E06000036,Physical,Under 12,2023-08-01/P1M,55,,,
E06000036,Physical,Under 12,2023-09-01/P1M,60,,,
E06000036,Physical,Under 12,2023-10-01/P1M,47,,,
E06000036,Physical,Under 12,2023-11-01/P1M,54,,,
E06000036,Physical,Under 12,2023-12-01/P1M,45,,,
E06000036,Physical,Under 12,2024-01-01/P1M,53,,,
E06000036,Physical,Under 12,2024-02-01/P1M,62,,,
E06000036,Physical,Under 12,2024-03-01/P1M,71,,,
E06000036,Physical,12-17,2023-04-01/P1M,4,,,
E06000036,Physical,12-17,2023-05-01/P1M,16,,,
E06000036,Physical,12-17,2023-06-01/P1M,3,,,
E06000036,Physical,12-17,2023-07-01/P1M,15,,,
E06000036,Physical,12-17,2023-08-01/P1M,8,,,
E06000036,Physical,12-17,2023-09-01/P1M,16,,,
E06000036,Physical,12-17,2023-10-01/P1M,13,,,
E06000036,Physical,12-17,2023-11-01/P1M,21,,,
E06000036,Physical,12-17,2023-12-01/P1M,23,,,
E06000036,Physical,12-17,2024-01-01/P1M,4,,,
E06000036,Physical,12-17,2024-02-01/P1M,4,,,
E06000036,Physical,12-17,2024-03-01/P1M,17,,,
E06000036,Physical,All ages,2023-04-01/P1M,4,,,
E06000036,Physical,All ages,2023-05-01/P1M,7,,,
E06000036,Physical,All ages,2023-06-01/P1M,3,,,
E06000036,Physical,All ages,2023-07-01/P1M,2,,,
E06000036,Digital,Adult,2023-04-01/P1M,1,,,
E06000036,Digital,Adult,2023-08-01/P1M,3,,,
E06000036,Digital,Adult,2023-10-01/P1M,1,,,
E06000036,Digital,Adult,2023-11-01/P1M,2,,,
E06000036,Digital,Adult,2023-12-01/P1M,3,,,
E06000036,Digital,Adult,2024-01-01/P1M,1,,,
E06000036,Digital,Adult,2024-02-01/P1M,2,,,
E06000036,Digital,Adult,2024-03-01/P1M,1,,,
E06000036,Digital,12-17,2023-04-01/P1M,1,,,
E06000036,Digital,12-17,2023-05-01/P1M,5,,,
E06000036,Digital,12-17,2023-06-01/P1M,3,,,
E06000036,Digital,12-17,2023-07-01/P1M,3,,,
E06000036,Digital,12-17,2023-11-01/P1M,4,,,
E06000036,Digital,12-17,2023-12-01/P1M,1,,,
E06000036,Digital,12-17,2024-01-01/P1M,2,,,
E06000036,Digital,12-17,2024-02-01/P1M,2,,,
E06000036,Digital,12-17,2024-03-01/P1M,8,,,
E08000032,Physical,Unknown,2023-04-01/P1M,353,,,
E08000032,Physical,Unknown,2023-05-01/P1M,404,,,
E08000032,Physical,Unknown,2023-06-01/P1M,401,,,
E08000032,Physical,Unknown,2023-07-01/P1M,425,,,
E08000032,Physical,Unknown,2023-08-01/P1M,371,,,
E08000032,Physical,Unknown,2023-09-01/P1M,375,,,
E08000032,Physical,Unknown,2023-10-01/P1M,494,,,
E08000032,Physical,Unknown,2023-11-01/P1M,460,,,
E08000032,Physical,Unknown,2023-12-01/P1M,357,,,
E08000032,Physical,Unknown,2024-01-01/P1M,376,,,
E08000032,Physical,Unknown,2024-02-01/P1M,443,,,
E08000032,Physical,Unknown,2024-03-01/P1M,477,,,
E09000005,Physical,Adult,2023-04-01/P1M,31,,,
E09000005,Physical,Adult,2023-05-01/P1M,59,,,
E09000005,Physical,Adult,2023-06-01/P1M,67,,,
E09000005,Physical,Adult,2023-07-01/P1M,53,,,
E09000005,Physical,Adult,2023-08-01/P1M,26,,,
E09000005,Physical,Adult,2023-09-01/P1M,55,,,
E09000005,Physical,Adult,2023-10-01/P1M,70,,,
E09000005,Physical,Adult,2023-11-01/P1M,63,,,
E09000005,Physical,Adult,2023-12-01/P1M,26,,,
E09000005,Physical,Adult,2024-01-01/P1M,66,,,
E09000005,Physical,Adult,2024-02-01/P1M,67,,,
E09000005,Physical,Adult,2024-03-01/P1M,67,,,
E09000005,Physical,Under 12,2023-04-01/P1M,24,,,
E09000005,Physical,Under 12,2023-05-01/P1M,42,,,
E09000005,Physical,Under 12,2023-06-01/P1M,65,,,
E09000005,Physical,Under 12,2023-07-01/P1M,60,,,
E09000005,Physical,Under 12,2023-08-01/P1M,64,,,
E09000005,Physical,Under 12,2023-09-01/P1M,24,,,
E09000005,Physical,Under 12,2023-10-01/P1M,60,,,
E09000005,Physical,Under 12,2023-11-01/P1M,58,,,
E09000005,Physical,Under 12,2023-12-01/P1M,26,,,
E09000005,Physical,Under 12,2024-01-01/P1M,37,,,
E09000005,Physical,Under 12,2024-02-01/P1M,39,,,
E09000005,Physical,Under 12,2024-03-01/P1M,31,,,
E09000005,Physical,All ages,2023-04-01/P1M,8,,,
E09000005,Physical,All ages,2023-05-01/P1M,8,,,
E09000005,Physical,All ages,2023-06-01/P1M,7,,,
E09000005,Physical,All ages,2023-07-01/P1M,12,,,
E09000005,Physical,All ages,2023-08-01/P1M,5,,,
E09000005,Physical,All ages,2023-09-01/P1M,4,,,
E09000005,Physical,All ages,2023-10-01/P1M,5,,,
E09000005,Physical,All ages,2023-11-01/P1M,5,,,
E09000005,Physical,All ages,2023-12-01/P1M,5,,,
E09000005,Physical,All ages,2024-01-01/P1M,6,,,
E09000005,Physical,All ages,2024-02-01/P1M,2,,,
E09000005,Physical,All ages,2024-03-01/P1M,2,,,
E06000023,Physical,Adult,2023-04-01/P3M,421,,,
E06000023,Physical,Adult,2023-07-01/P3M,445,,,
E06000023,Physical,Adult,2023-10-01/P3M,511,,,
E06000023,Physical,Adult,2024-01-01/P3M,431,,,
E06000023,Physical,Under 12,2023-04-01/P3M,639,,,
E06000023,Physical,Under 12,2023-07-01/P3M,528,,,
E06000023,Physical,Under 12,2023-10-01/P3M,613,,,
E06000023,Physical,Under 12,2024-01-01/P3M,611,,,
E06000023,Physical,12-17,2023-04-01/P3M,20,,,
E06000023,Physical,12-17,2023-07-01/P3M,21,,,
E06000023,Physical,12-17,2023-10-01/P3M,43,,,
E06000023,Physical,12-17,2024-01-01/P3M,61,,,
E06000023,Physical,All ages,2023-04-01/P3M,20,,,
E06000023,Physical,All ages,2023-07-01/P3M,27,,,
E06000023,Physical,All ages,2023-10-01/P3M,81,,,
E06000023,Physical,All ages,2024-01-01/P3M,45,,,
E06000023,Digital,Adult,2023-04-01/P3M,22,,,
E06000023,Digital,Adult,2023-07-01/P3M,19,,,
E06000023,Digital,Adult,2023-10-01/P3M,32,,,
E06000023,Digital,Adult,2024-01-01/P3M,7,,,
E09000006,Physical,Adult,2023-04-01/P1M,91,,,
E09000006,Physical,Adult,2023-05-01/P1M,89,,,
E09000006,Physical,Adult,2023-06-01/P1M,94,,,
E09000006,Physical,Adult,2023-07-01/P1M,86,,,
E09000006,Physical,Adult,2023-08-01/P1M,96,,,
E09000006,Physical,Adult,2023-09-01/P1M,92,,,
E09000006,Physical,Adult,2023-10-01/P1M,94,,,
E09000006,Physical,Adult,2023-11-01/P1M,93,,,
E09000006,Physical,Adult,2023-12-01/P1M,86,,,
E09000006,Physical,Adult,2024-01-01/P1M,115,,,
E09000006,Physical,Adult,2024-02-01/P1M,92,,,
E09000006,Physical,Adult,2024-03-01/P1M,93,,,
E09000006,Physical,Under 12,2023-04-01/P1M,253,,,
E09000006,Physical,Under 12,2023-05-01/P1M,295,,,
E09000006,Physical,Under 12,2023-06-01/P1M,286,,,
E09000006,Physical,Under 12,2023-07-01/P1M,311,,,
E09000006,Physical,Under 12,2023-08-01/P1M,270,,,
E09000006,Physical,Under 12,2023-09-01/P1M,307,,,
E09000006,Physical,Under 12,2023-10-01/P1M,327,,,
E09000006,Physical,Under 12,2023-11-01/P1M,307,,,
E09000006,Physical,Under 12,2023-12-01/P1M,242,,,
E09000006,Physical,Under 12,2024-01-01/P1M,338,,,
E09000006,Physical,Under 12,2024-02-01/P1M,282,,,
E09000006,Physical,Under 12,2024-03-01/P1M,298,,,
E09000006,Physical,All ages,2023-04-01/P1M,36,,,
E09000006,Physical,All ages,2023-05-01/P1M,28,,,
E09000006,Physical,All ages,2023-06-01/P1M,18,,,
E09000006,Physical,All ages,2023-07-01/P1M,27,,,
E09000006,Physical,All ages,2023-08-01/P1M,31,,,
E09000006,Physical,All ages,2023-09-01/P1M,7,,,
E09000006,Physical,All ages,2023-10-01/P1M,6,,,
E09000006,Physical,All ages,2023-11-01/P1M,12,,,
E09000006,Physical,All ages,2023-12-01/P1M,52,,,
E09000006,Physical,All ages,2024-01-01/P1M,9,,,
E09000006,Physical,All ages,2024-02-01/P1M,27,,,
E09000006,Physical,All ages,2024-03-01/P1M,20,,,
E06000060,Physical,Adult,2023-04-01/P1M,71,,,
E06000060,Physical,Adult,2023-05-01/P1M,80,,,
E06000060,Physical,Adult,2023-06-01/P1M,88,,,
E06000060,Physical,Adult,2023-07-01/P1M,70,,,
E06000060,Physical,Adult,2023-08-01/P1M,72,,,
E06000060,Physical,Adult,2023-09-01/P1M,83,,,
E06000060,Physical,Adult,2023-10-01/P1M,79,,,
E06000060,Physical,Adult,2023-11-01/P1M,91,,,
E06000060,Physical,Adult,2023-12-01/P1M,77,,,
E06000060,Physical,Adult,2024-01-01/P1M,96,,,
E06000060,Physical,Adult,2024-02-01/P1M,117,,,
E06000060,Physical,Adult,2024-03-01/P1M,100,,,
E06000060,Physical,Under 12,2023-04-01/P1M,106,,,
E06000060,Physical,Under 12,2023-05-01/P1M,132,,,
E06000060,Physical,Under 12,2023-06-01/P1M,120,,,
E06000060,Physical,Under 12,2023-07-01/P1M,125,,,
E06000060,Physical,Under 12,2023-08-01/P1M,164,,,
E06000060,Physical,Under 12,2023-09-01/P1M,127,,,
E06000060,Physical,Under 12,2023-10-01/P1M,134,,,
E06000060,Physical,Under 12,2023-11-01/P1M,136,,,
E06000060,Physical,Under 12,2023-12-01/P1M,118,,,
E06000060,Physical,Under 12,2024-01-01/P1M,141,,,
E06000060,Physical,Under 12,2024-02-01/P1M,168,,,
E06000060,Physical,Under 12,2024-03-01/P1M,148,,,
E06000060,Physical,12-17,2023-04-01/P1M,1,,,
E06000060,Physical,12-17,2023-08-01/P1M,1,,,
E06000060,Physical,12-17,2023-09-01/P1M,2,,,
E06000060,Physical,12-17,2023-10-01/P1M,2,,,
E06000060,Physical,12-17,2023-11-01/P1M,2,,,
E06000060,Physical,12-17,2023-12-01/P1M,2,,,
E06000060,Physical,12-17,2024-01-01/P1M,1,,,
E06000060,Physical,12-17,2024-02-01/P1M,1,,,
E06000060,Physical,12-17,2024-03-01/P1M,1,,,
E06000060,Physical,All ages,2023-04-01/P1M,131,,,
E06000060,Physical,All ages,2023-05-01/P1M,122,,,
E06000060,Physical,All ages,2023-06-01/P1M,124,,,
E06000060,Physical,All ages,2023-07-01/P1M,113,,,
E06000060,Physical,All ages,2023-08-01/P1M,116,,,
E06000060,Physical,All ages,2023-09-01/P1M,97,,,
E06000060,Physical,All ages,2023-10-01/P1M,110,,,
E06000060,Physical,All ages,2023-11-01/P1M,141,,,
E06000060,Physical,All ages,2023-12-01/P1M,117,,,
E06000060,Physical,All ages,2024-01-01/P1M,103,,,
E06000060,Physical,All ages,2024-02-01/P1M,114,,,
E06000060,Physical,All ages,2024-03-01/P1M,102,,,
E06000060,Digital,Under 12,2023-04-01/P1Y,1,,,
E08000002,Physical,Adult,2023-04-01/P1M,64,,,
E08000002,Physical,Adult,2023-05-01/P1M,66,,,
E08000002,Physical,Adult,2023-06-01/P1M,61,,,
E08000002,Physical,Adult,2023-07-01/P1M,69,,,
E08000002,Physical,Adult,2023-08-01/P1M,80,,,
E08000002,Physical,Adult,2023-09-01/P1M,86,,,
E08000002,Physical,Adult,2023-10-01/P1M,86,,,
E08000002,Physical,Adult,2023-11-01/P1M,98,,,
E08000002,Physical,Adult,2023-12-01/P1M,64,,,
E08000002,Physical,Adult,2024-01-01/P1M,110,,,
E08000002,Physical,Adult,2024-02-01/P1M,116,,,
E08000002,Physical,Adult,2024-03-01/P1M,106,,,
E08000002,Physical,Under 12,2023-04-01/P1M,33,,,
E08000002,Physical,Under 12,2023-05-01/P1M,47,,,
E08000002,Physical,Under 12,2023-06-01/P1M,33,,,
E08000002,Physical,Under 12,2023-07-01/P1M,30,,,
E08000002,Physical,Under 12,2023-08-01/P1M,35,,,
E08000002,Physical,Under 12,2023-09-01/P1M,30,,,
E08000002,Physical,Under 12,2023-10-01/P1M,23,,,
E08000002,Physical,Under 12,2023-11-01/P1M,30,,,
E08000002,Physical,Under 12,2023-12-01/P1M,21,,,
E08000002,Physical,Under 12,2024-01-01/P1M,33,,,
E08000002,Physical,Under 12,2024-02-01/P1M,33,,,
E08000002,Physical,Under 12,2024-03-01/P1M,34,,,
E08000002,Physical,All ages,2023-04-01/P1M,64,,,
E08000002,Physical,All ages,2023-05-01/P1M,73,,,
E08000002,Physical,All ages,2023-06-01/P1M,62,,,
E08000002,Physical,All ages,2023-07-01/P1M,26,,,
E08000002,Physical,All ages,2023-08-01/P1M,39,,,
E08000002,Physical,All ages,2023-09-01/P1M,58,,,
E08000002,Physical,All ages,2023-10-01/P1M,82,,,
E08000002,Physical,All ages,2023-11-01/P1M,109,,,
E08000002,Physical,All ages,2023-12-01/P1M,42,,,
E08000002,Physical,All ages,2024-01-01/P1M,90,,,
E08000002,Physical,All ages,2024-02-01/P1M,94,,,
E08000002,Physical,All ages,2024-03-01/P1M,91,,,
E10000003,Physical,Unknown,2023-04-01/P1M,425,,,
E10000003,Physical,Unknown,2023-05-01/P1M,482,,,
E10000003,Physical,Unknown,2023-06-01/P1M,474,,,
E10000003,Physical,Unknown,2023-07-01/P1M,496,,,
E10000003,Physical,Unknown,2023-08-01/P1M,422,,,
E10000003,Physical,Unknown,2023-09-01/P1M,495,,,
E10000003,Physical,Unknown,2023-10-01/P1M,496,,,
E10000003,Physical,Unknown,2023-11-01/P1M,501,,,
E10000003,Physical,Unknown,2023-12-01/P1M,353,,,
E10000003,Physical,Unknown,2024-01-01/P1M,496,,,
E10000003,Physical,Unknown,2024-02-01/P1M,567,,,
E10000003,Physical,Unknown,2024-03-01/P1M,561,,,
E10000003,Digital,Unknown,2023-04-01/P1M,1,,,
E10000003,Digital,Unknown,2023-05-01/P1M,4,,,
E10000003,Digital,Unknown,2023-06-01/P1M,2,,,
E10000003,Digital,Unknown,2023-10-01/P1M,2,,,
E10000003,Digital,Unknown,2024-01-01/P1M,1,,,
E06000056,Physical,Adult,2023-04-01/P1M,110,,,
E06000056,Physical,Adult,2023-05-01/P1M,148,,,
E06000056,Physical,Adult,2023-06-01/P1M,123,,,
E06000056,Physical,Adult,2023-07-01/P1M,118,,,
E06000056,Physical,Adult,2023-08-01/P1M,117,,,
E06000056,Physical,Adult,2023-09-01/P1M,115,,,
E06000056,Physical,Adult,2023-10-01/P1M,111,,,
E06000056,Physical,Adult,2023-11-01/P1M,143,,,
E06000056,Physical,Adult,2023-12-01/P1M,108,,,
E06000056,Physical,Adult,2024-01-01/P1M,136,,,
E06000056,Physical,Adult,2024-02-01/P1M,119,,,
E06000056,Physical,Adult,2024-03-01/P1M,130,,,
E06000056,Physical,Under 12,2023-04-01/P1M,279,,,
E06000056,Physical,Under 12,2023-05-01/P1M,246,,,
E06000056,Physical,Under 12,2023-06-01/P1M,302,,,
E06000056,Physical,Under 12,2023-07-01/P1M,282,,,
E06000056,Physical,Under 12,2023-08-01/P1M,322,,,
E06000056,Physical,Under 12,2023-09-01/P1M,249,,,
E06000056,Physical,Under 12,2023-10-01/P1M,296,,,
E06000056,Physical,Under 12,2023-11-01/P1M,269,,,
E06000056,Physical,Under 12,2023-12-01/P1M,237,,,
E06000056,Physical,Under 12,2024-01-01/P1M,257,,,
E06000056,Physical,Under 12,2024-02-01/P1M,289,,,
E06000056,Physical,Under 12,2024-03-01/P1M,290,,,
E06000050,Physical,Adult,2023-04-01/P1M,268,,,
E06000050,Physical,Adult,2023-05-01/P1M,339,,,
E06000050,Physical,Adult,2023-06-01/P1M,381,,,
E06000050,Physical,Adult,2023-07-01/P1M,325,,,
E06000050,Physical,Adult,2023-08-01/P1M,253,,,
E06000050,Physical,Adult,2023-09-01/P1M,402,,,
E06000050,Physical,Adult,2023-10-01/P1M,421,,,
E06000050,Physical,Adult,2023-11-01/P1M,471,,,
E06000050,Physical,Adult,2023-12-01/P1M,334,,,
E06000050,Physical,Adult,2024-01-01/P1M,422,,,
E06000050,Physical,Adult,2024-02-01/P1M,468,,,
E06000050,Physical,Adult,2024-03-01/P1M,489,,,
E06000050,Physical,Under 12,2023-04-01/P1M,312,,,
E06000050,Physical,Under 12,2023-05-01/P1M,342,,,
E06000050,Physical,Under 12,2023-06-01/P1M,356,,,
E06000050,Physical,Under 12,2023-07-01/P1M,342,,,
E06000050,Physical,Under 12,2023-08-01/P1M,495,,,
E06000050,Physical,Under 12,2023-09-01/P1M,308,,,
E06000050,Physical,Under 12,2023-10-01/P1M,422,,,
E06000050,Physical,Under 12,2023-11-01/P1M,360,,,
E06000050,Physical,Under 12,2023-12-01/P1M,342,,,
E06000050,Physical,Under 12,2024-01-01/P1M,351,,,
E06000050,Physical,Under 12,2024-02-01/P1M,404,,,
E06000050,Physical,Under 12,2024-03-01/P1M,411,,,
E06000050,Physical,All ages,2023-04-01/P1M,1,,,
E06000050,Physical,All ages,2023-05-01/P1M,1,,,
E06000050,Physical,All ages,2023-06-01/P1M,2,,,
E06000050,Physical,All ages,2023-07-01/P1M,4,,,
E06000050,Physical,All ages,2023-08-01/P1M,1,,,
E06000050,Physical,All ages,2023-09-01/P1M,1,,,
E06000050,Physical,All ages,2023-10-01/P1M,1,,,
E06000050,Physical,All ages,2023-11-01/P1M,2,,,
E06000052,Physical,Unknown,2023-04-01/P1M,34,,,
E06000052,Physical,Unknown,2023-05-01/P1M,34,,,
E06000052,Physical,Unknown,2023-06-01/P1M,34,,,
E06000052,Physical,Unknown,2023-07-01/P1M,34,,,
E06000052,Physical,Unknown,2023-08-01/P1M,34,,,
E06000052,Physical,Unknown,2023-09-01/P1M,34,,,
E06000052,Physical,Unknown,2023-10-01/P1M,34,,,
E06000052,Physical,Unknown,2023-11-01/P1M,34,,,
E06000052,Physical,Unknown,2023-12-01/P1M,34,,,
E06000052,Physical,Unknown,2024-01-01/P1M,34,,,
E06000052,Physical,Unknown,2024-02-01/P1M,34,,,
E06000052,Physical,Unknown,2024-03-01/P1M,34,,,
E06000052,Digital,Unknown,2023-04-01/P1M,2,,,
E06000052,Digital,Unknown,2023-05-01/P1M,2,,,
E06000052,Digital,Unknown,2023-06-01/P1M,2,,,
E06000052,Digital,Unknown,2023-07-01/P1M,2,,,
E06000052,Digital,Unknown,2023-08-01/P1M,2,,,
E06000052,Digital,Unknown,2023-09-01/P1M,2,,,
E06000052,Digital,Unknown,2023-10-01/P1M,2,,,
E06000052,Digital,Unknown,2023-11-01/P1M,2,,,
E06000052,Digital,Unknown,2023-12-01/P1M,2,,,
E06000052,Digital,Unknown,2024-01-01/P1M,2,,,
E06000052,Digital,Unknown,2024-02-01/P1M,2,,,
E06000052,Digital,Unknown,2024-03-01/P1M,2,,,
E08000026,Physical,Unknown,2023-04-01/P1M,756,,,
E08000026,Physical,Unknown,2023-05-01/P1M,771,,,
E08000026,Physical,Unknown,2023-06-01/P1M,766,,,
E08000026,Physical,Unknown,2023-07-01/P1M,809,,,
E08000026,Physical,Unknown,2023-08-01/P1M,786,,,
E08000026,Physical,Unknown,2023-09-01/P1M,887,,,
E08000026,Physical,Unknown,2023-10-01/P1M,913,,,
E08000026,Physical,Unknown,2023-11-01/P1M,925,,,
E06000063,Physical,Unknown,2023-04-01/P3M,688,,,
E06000063,Physical,Unknown,2023-07-01/P3M,757,,,
E06000063,Physical,Unknown,2023-10-01/P3M,763,,,
E06000063,Physical,Unknown,2024-01-01/P3M,929,,,
E06000005,Physical,Adult,2023-04-01/P1M,11,,,
E06000005,Physical,Adult,2023-05-01/P1M,11,,,
E06000005,Physical,Adult,2023-06-01/P1M,9,,,
E06000005,Physical,Adult,2023-07-01/P1M,6,,,
E06000005,Physical,Adult,2023-08-01/P1M,2,,,
E06000005,Physical,Adult,2023-09-01/P1M,28,,,
E06000005,Physical,Adult,2023-10-01/P1M,35,,,
E06000005,Physical,Adult,2023-11-01/P1M,35,,,
E06000005,Physical,Adult,2023-12-01/P1M,24,,,
E06000005,Physical,Adult,2024-01-01/P1M,4,,,
E06000005,Physical,Adult,2024-02-01/P1M,33,,,
E06000005,Physical,Adult,2024-03-01/P1M,26,,,
E06000005,Physical,Under 12,2023-04-01/P1M,40,,,
E06000005,Physical,Under 12,2023-05-01/P1M,47,,,
E06000005,Physical,Under 12,2023-06-01/P1M,31,,,
E06000005,Physical,Under 12,2023-07-01/P1M,49,,,
E06000005,Physical,Under 12,2023-08-01/P1M,47,,,
E06000005,Physical,Under 12,2023-09-01/P1M,38,,,
E06000005,Physical,Under 12,2023-10-01/P1M,72,,,
E06000005,Physical,Under 12,2023-11-01/P1M,91,,,
E06000005,Physical,Under 12,2023-12-01/P1M,58,,,
E06000005,Physical,Under 12,2024-01-01/P1M,64,,,
E06000005,Physical,Under 12,2024-02-01/P1M,80,,,
E06000005,Physical,Under 12,2024-03-01/P1M,93,,,
E06000005,Physical,12-17,2023-04-01/P1M,1,,,
E06000005,Physical,12-17,2023-05-01/P1M,2,,,
E06000005,Physical,12-17,2023-06-01/P1M,1,,,
E06000005,Physical,12-17,2023-07-01/P1M,5,,,
E06000005,Physical,12-17,2023-09-01/P1M,1,,,
E06000005,Physical,12-17,2023-10-01/P1M,1,,,
E06000005,Physical,12-17,2023-11-01/P1M,1,,,
E06000005,Physical,12-17,2023-12-01/P1M,1,,,
E06000005,Physical,12-17,2024-01-01/P1M,1,,,
E06000005,Physical,12-17,2024-02-01/P1M,1,,,
E06000005,Physical,12-17,2024-03-01/P1M,1,,,
E06000005,Physical,All ages,2023-08-01/P1M,2,,,
E06000005,Physical,All ages,2023-09-01/P1M,4,,,
E06000005,Physical,All ages,2023-11-01/P1M,2,,,
E06000005,Physical,All ages,2023-12-01/P1M,1,,,
E06000015,Physical,Adult,2023-04-01/P1M,89,,,
E06000015,Physical,Adult,2023-05-01/P1M,110,,,
E06000015,Physical,Adult,2023-06-01/P1M,106,,,
E06000015,Physical,Adult,2023-07-01/P1M,96,,,
E06000015,Physical,Adult,2023-08-01/P1M,80,,,
E06000015,Physical,Adult,2023-09-01/P1M,85,,,
E06000015,Physical,Adult,2023-10-01/P1M,107,,,
E06000015,Physical,Adult,2023-11-01/P1M,83,,,
E06000015,Physical,Adult,2023-12-01/P1M,83,,,
E06000015,Physical,Adult,2024-01-01/P1M,118,,,
E06000015,Physical,Adult,2024-02-01/P1M,122,,,
E06000015,Physical,Adult,2024-03-01/P1M,117,,,
E06000015,Physical,Under 12,2023-04-01/P1M,52,,,
E06000015,Physical,Under 12,2023-05-01/P1M,62,,,
E06000015,Physical,Under 12,2023-06-01/P1M,81,,,
E06000015,Physical,Under 12,2023-07-01/P1M,57,,,
E06000015,Physical,Under 12,2023-08-01/P1M,38,,,
E06000015,Physical,Under 12,2023-09-01/P1M,58,,,
E06000015,Physical,Under 12,2023-10-01/P1M,62,,,
E06000015,Physical,Under 12,2023-11-01/P1M,52,,,
E06000015,Physical,Under 12,2023-12-01/P1M,57,,,
E06000015,Physical,Under 12,2024-01-01/P1M,66,,,
E06000015,Physical,Under 12,2024-02-01/P1M,69,,,
E06000015,Physical,Under 12,2024-03-01/P1M,62,,,
E10000007,Physical,Unknown,2023-04-01/P1M,1015,,,
E10000007,Physical,Unknown,2023-05-01/P1M,1103,,,
E10000007,Physical,Unknown,2023-06-01/P1M,637,,,
E10000007,Physical,Unknown,2023-07-01/P1M,1052,,,
E10000007,Physical,Unknown,2023-08-01/P1M,1059,,,
E10000007,Physical,Unknown,2023-09-01/P1M,1024,,,
E10000007,Physical,Unknown,2023-10-01/P1M,1757,,,
E10000007,Physical,Unknown,2023-11-01/P1M,1025,,,
E10000007,Physical,Unknown,2023-12-01/P1M,625,,,
E10000007,Physical,Unknown,2024-01-01/P1M,898,,,
E10000007,Physical,Unknown,2024-02-01/P1M,1011,,,
E10000007,Physical,Unknown,2024-03-01/P1M,1044,,,
E10000008,Physical,Unknown,2023-04-01/P1M,866,,,
E10000008,Physical,Unknown,2023-05-01/P1M,957,,,
E10000008,Physical,Unknown,2023-06-01/P1M,972,,,
E10000008,Physical,Unknown,2023-07-01/P1M,972,,,
E10000008,Physical,Unknown,2023-08-01/P1M,974,,,
E10000008,Physical,Unknown,2023-09-01/P1M,908,,,
E10000008,Physical,Unknown,2023-10-01/P1M,1002,,,
E10000008,Physical,Unknown,2023-11-01/P1M,941,,,
E10000008,Physical,Unknown,2023-12-01/P1M,690,,,
E10000008,Physical,Unknown,2024-01-01/P1M,926,,,
E10000008,Physical,Unknown,2024-02-01/P1M,1002,,,
E10000008,Physical,Unknown,2024-03-01/P1M,891,,,
E06000059,Physical,Unknown,2023-04-01/P1M,508,,,
E06000059,Physical,Unknown,2023-05-01/P1M,545,,,
E06000059,Physical,Unknown,2023-06-01/P1M,593,,,
E06000059,Physical,Unknown,2023-07-01/P1M,589,,,
E06000059,Physical,Unknown,2023-08-01/P1M,556,,,
E06000059,Physical,Unknown,2023-09-01/P1M,583,,,
E06000059,Physical,Unknown,2023-10-01/P1M,697,,,
E06000059,Physical,Unknown,2023-11-01/P1M,596,,,
E06000059,Physical,Unknown,2023-12-01/P1M,494,,,
E06000059,Physical,Unknown,2024-01-01/P1M,573,,,
E06000059,Physical,Unknown,2024-02-01/P1M,622,,,
E06000059,Physical,Unknown,2024-03-01/P1M,653,,,
E06000059,Digital,Unknown,2023-04-01/P1M,7,,,
E06000059,Digital,Unknown,2023-05-01/P1M,8,,,
E06000059,Digital,Unknown,2023-06-01/P1M,8,,,
E06000059,Digital,Unknown,2023-07-01/P1M,8,,,
E06000059,Digital,Unknown,2023-08-01/P1M,5,,,
E06000059,Digital,Unknown,2023-09-01/P1M,8,,,
E06000059,Digital,Unknown,2023-10-01/P1M,9,,,
E06000059,Digital,Unknown,2023-11-01/P1M,6,,,
E06000059,Digital,Unknown,2023-12-01/P1M,2,,,
E06000059,Digital,Unknown,2024-01-01/P1M,6,,,
E06000059,Digital,Unknown,2024-02-01/P1M,3,,,
E06000059,Digital,Unknown,2024-03-01/P1M,6,,,
E08000027,Physical,Unknown,2023-04-01/P1M,562,,,
E08000027,Physical,Unknown,2023-05-01/P1M,544,,,
E08000027,Physical,Unknown,2023-06-01/P1M,592,,,
E08000027,Physical,Unknown,2023-07-01/P1M,644,,,
E08000027,Physical,Unknown,2023-08-01/P1M,566,,,
E08000027,Physical,Unknown,2023-09-01/P1M,554,,,
E08000027,Physical,Unknown,2023-10-01/P1M,572,,,
E08000027,Physical,Unknown,2023-11-01/P1M,659,,,
E08000027,Physical,Unknown,2023-12-01/P1M,524,,,
E08000027,Physical,Unknown,2024-01-01/P1M,949,,,
E08000027,Physical,Unknown,2024-02-01/P1M,1075,,,
E08000027,Physical,Unknown,2024-03-01/P1M,778,,,
E10000011,Physical,Unknown,2023-04-01/P1M,407,,,
E10000011,Physical,Unknown,2023-05-01/P1M,487,,,
E10000011,Physical,Unknown,2023-06-01/P1M,482,,,
E10000011,Physical,Unknown,2023-07-01/P1M,448,,,
E10000011,Physical,Unknown,2023-08-01/P1M,515,,,
E10000011,Physical,Unknown,2023-09-01/P1M,533,,,
E10000011,Physical,Unknown,2023-10-01/P1M,472,,,
E10000011,Physical,Unknown,2023-11-01/P1M,514,,,
E10000011,Physical,Unknown,2023-12-01/P1M,404,,,
E10000011,Physical,Unknown,2024-01-01/P1M,448,,,
E10000011,Physical,Unknown,2024-02-01/P1M,522,,,
E10000011,Physical,Unknown,2024-03-01/P1M,534,,,
E06000014,Physical,Adult,2023-04-01/P1M,84,,suspicious,"Source audit: total_physical_events: Annual: reported total 2,956; category sum 3,145; difference -189. Categories exceed total; check duplication, scope and reporting frequency. Event audiences may overlap. Values retained as reported pending source confirmation."
E06000014,Physical,Adult,2023-05-01/P1M,86,,suspicious,"Source audit: total_physical_events: Annual: reported total 2,956; category sum 3,145; difference -189. Categories exceed total; check duplication, scope and reporting frequency. Event audiences may overlap. Values retained as reported pending source confirmation."
E06000014,Physical,Adult,2023-06-01/P1M,55,,suspicious,"Source audit: total_physical_events: Annual: reported total 2,956; category sum 3,145; difference -189. Categories exceed total; check duplication, scope and reporting frequency. Event audiences may overlap. Values retained as reported pending source confirmation."
E06000014,Physical,Adult,2023-07-01/P1M,50,,suspicious,"Source audit: total_physical_events: Annual: reported total 2,956; category sum 3,145; difference -189. Categories exceed total; check duplication, scope and reporting frequency. Event audiences may overlap. Values retained as reported pending source confirmation."
E06000014,Physical,Adult,2023-08-01/P1M,55,,suspicious,"Source audit: total_physical_events: Annual: reported total 2,956; category sum 3,145; difference -189. Categories exceed total; check duplication, scope and reporting frequency. Event audiences may overlap. Values retained as reported pending source confirmation."
E06000014,Physical,Adult,2023-09-01/P1M,70,,suspicious,"Source audit: total_physical_events: Annual: reported total 2,956; category sum 3,145; difference -189. Categories exceed total; check duplication, scope and reporting frequency. Event audiences may overlap. Values retained as reported pending source confirmation."
E06000014,Physical,Adult,2023-10-01/P1M,73,,suspicious,"Source audit: total_physical_events: Annual: reported total 2,956; category sum 3,145; difference -189. Categories exceed total; check duplication, scope and reporting frequency. Event audiences may overlap. Values retained as reported pending source confirmation."
E06000014,Physical,Adult,2023-11-01/P1M,69,,suspicious,"Source audit: total_physical_events: Annual: reported total 2,956; category sum 3,145; difference -189. Categories exceed total; check duplication, scope and reporting frequency. Event audiences may overlap. Values retained as reported pending source confirmation."
E06000014,Physical,Adult,2023-12-01/P1M,50,,suspicious,"Source audit: total_physical_events: Annual: reported total 2,956; category sum 3,145; difference -189. Categories exceed total; check duplication, scope and reporting frequency. Event audiences may overlap. Values retained as reported pending source confirmation."
E06000014,Physical,Adult,2024-01-01/P1M,76,,suspicious,"Source audit: total_physical_events: Annual: reported total 2,956; category sum 3,145; difference -189. Categories exceed total; check duplication, scope and reporting frequency. Event audiences may overlap. Values retained as reported pending source confirmation."
E06000014,Physical,Adult,2024-02-01/P1M,80,,suspicious,"Source audit: total_physical_events: Annual: reported total 2,956; category sum 3,145; difference -189. Categories exceed total; check duplication, scope and reporting frequency. Event audiences may overlap. Values retained as reported pending source confirmation."
E06000014,Physical,Adult,2024-03-01/P1M,83,,suspicious,"Source audit: total_physical_events: Annual: reported total 2,956; category sum 3,145; difference -189. Categories exceed total; check duplication, scope and reporting frequency. Event audiences may overlap. Values retained as reported pending source confirmation."
E06000014,Physical,Under 12,2023-04-01/P1M,193,,suspicious,"Source audit: total_physical_events: Annual: reported total 2,956; category sum 3,145; difference -189. Categories exceed total; check duplication, scope and reporting frequency. Event audiences may overlap. Values retained as reported pending source confirmation."
E06000014,Physical,Under 12,2023-05-01/P1M,186,,suspicious,"Source audit: total_physical_events: Annual: reported total 2,956; category sum 3,145; difference -189. Categories exceed total; check duplication, scope and reporting frequency. Event audiences may overlap. Values retained as reported pending source confirmation."
E06000014,Physical,Under 12,2023-06-01/P1M,177,,suspicious,"Source audit: total_physical_events: Annual: reported total 2,956; category sum 3,145; difference -189. Categories exceed total; check duplication, scope and reporting frequency. Event audiences may overlap. Values retained as reported pending source confirmation."
E06000014,Physical,Under 12,2023-07-01/P1M,201,,suspicious,"Source audit: total_physical_events: Annual: reported total 2,956; category sum 3,145; difference -189. Categories exceed total; check duplication, scope and reporting frequency. Event audiences may overlap. Values retained as reported pending source confirmation."
E06000014,Physical,Under 12,2023-08-01/P1M,222,,suspicious,"Source audit: total_physical_events: Annual: reported total 2,956; category sum 3,145; difference -189. Categories exceed total; check duplication, scope and reporting frequency. Event audiences may overlap. Values retained as reported pending source confirmation."
E06000014,Physical,Under 12,2023-09-01/P1M,173,,suspicious,"Source audit: total_physical_events: Annual: reported total 2,956; category sum 3,145; difference -189. Categories exceed total; check duplication, scope and reporting frequency. Event audiences may overlap. Values retained as reported pending source confirmation."
E06000014,Physical,Under 12,2023-10-01/P1M,195,,suspicious,"Source audit: total_physical_events: Annual: reported total 2,956; category sum 3,145; difference -189. Categories exceed total; check duplication, scope and reporting frequency. Event audiences may overlap. Values retained as reported pending source confirmation."
E06000014,Physical,Under 12,2023-11-01/P1M,198,,suspicious,"Source audit: total_physical_events: Annual: reported total 2,956; category sum 3,145; difference -189. Categories exceed total; check duplication, scope and reporting frequency. Event audiences may overlap. Values retained as reported pending source confirmation."
E06000014,Physical,Under 12,2023-12-01/P1M,140,,suspicious,"Source audit: total_physical_events: Annual: reported total 2,956; category sum 3,145; difference -189. Categories exceed total; check duplication, scope and reporting frequency. Event audiences may overlap. Values retained as reported pending source confirmation."
E06000014,Physical,Under 12,2024-01-01/P1M,189,,suspicious,"Source audit: total_physical_events: Annual: reported total 2,956; category sum 3,145; difference -189. Categories exceed total; check duplication, scope and reporting frequency. Event audiences may overlap. Values retained as reported pending source confirmation."
E06000014,Physical,Under 12,2024-02-01/P1M,209,,suspicious,"Source audit: total_physical_events: Annual: reported total 2,956; category sum 3,145; difference -189. Categories exceed total; check duplication, scope and reporting frequency. Event audiences may overlap. Values retained as reported pending source confirmation."
E06000014,Physical,Under 12,2024-03-01/P1M,194,,suspicious,"Source audit: total_physical_events: Annual: reported total 2,956; category sum 3,145; difference -189. Categories exceed total; check duplication, scope and reporting frequency. Event audiences may overlap. Values retained as reported pending source confirmation."
E06000014,Physical,12-17,2023-04-01/P1M,2,,suspicious,"Source audit: total_physical_events: Annual: reported total 2,956; category sum 3,145; difference -189. Categories exceed total; check duplication, scope and reporting frequency. Event audiences may overlap. Values retained as reported pending source confirmation."
E06000014,Physical,12-17,2023-05-01/P1M,2,,suspicious,"Source audit: total_physical_events: Annual: reported total 2,956; category sum 3,145; difference -189. Categories exceed total; check duplication, scope and reporting frequency. Event audiences may overlap. Values retained as reported pending source confirmation."
E06000014,Physical,12-17,2023-06-01/P1M,1,,suspicious,"Source audit: total_physical_events: Annual: reported total 2,956; category sum 3,145; difference -189. Categories exceed total; check duplication, scope and reporting frequency. Event audiences may overlap. Values retained as reported pending source confirmation."
E06000014,Physical,12-17,2023-07-01/P1M,3,,suspicious,"Source audit: total_physical_events: Annual: reported total 2,956; category sum 3,145; difference -189. Categories exceed total; check duplication, scope and reporting frequency. Event audiences may overlap. Values retained as reported pending source confirmation."
E06000014,Physical,12-17,2023-08-01/P1M,11,,suspicious,"Source audit: total_physical_events: Annual: reported total 2,956; category sum 3,145; difference -189. Categories exceed total; check duplication, scope and reporting frequency. Event audiences may overlap. Values retained as reported pending source confirmation."
E06000014,Physical,12-17,2023-09-01/P1M,3,,suspicious,"Source audit: total_physical_events: Annual: reported total 2,956; category sum 3,145; difference -189. Categories exceed total; check duplication, scope and reporting frequency. Event audiences may overlap. Values retained as reported pending source confirmation."
E06000014,Physical,12-17,2023-10-01/P1M,3,,suspicious,"Source audit: total_physical_events: Annual: reported total 2,956; category sum 3,145; difference -189. Categories exceed total; check duplication, scope and reporting frequency. Event audiences may overlap. Values retained as reported pending source confirmation."
E06000014,Physical,12-17,2023-11-01/P1M,3,,suspicious,"Source audit: total_physical_events: Annual: reported total 2,956; category sum 3,145; difference -189. Categories exceed total; check duplication, scope and reporting frequency. Event audiences may overlap. Values retained as reported pending source confirmation."
E06000014,Physical,12-17,2023-12-01/P1M,1,,suspicious,"Source audit: total_physical_events: Annual: reported total 2,956; category sum 3,145; difference -189. Categories exceed total; check duplication, scope and reporting frequency. Event audiences may overlap. Values retained as reported pending source confirmation."
E06000014,Physical,12-17,2024-01-01/P1M,2,,suspicious,"Source audit: total_physical_events: Annual: reported total 2,956; category sum 3,145; difference -189. Categories exceed total; check duplication, scope and reporting frequency. Event audiences may overlap. Values retained as reported pending source confirmation."
E06000014,Physical,12-17,2024-02-01/P1M,3,,suspicious,"Source audit: total_physical_events: Annual: reported total 2,956; category sum 3,145; difference -189. Categories exceed total; check duplication, scope and reporting frequency. Event audiences may overlap. Values retained as reported pending source confirmation."
E06000014,Physical,12-17,2024-03-01/P1M,3,,suspicious,"Source audit: total_physical_events: Annual: reported total 2,956; category sum 3,145; difference -189. Categories exceed total; check duplication, scope and reporting frequency. Event audiences may overlap. Values retained as reported pending source confirmation."
E06000014,Digital,Adult,2023-04-01/P1M,9,,,
E06000014,Digital,Adult,2023-05-01/P1M,9,,,
E06000014,Digital,Adult,2023-06-01/P1M,5,,,
E06000014,Digital,Adult,2023-07-01/P1M,5,,,
E06000014,Digital,Adult,2023-08-01/P1M,9,,,
E06000014,Digital,Adult,2023-09-01/P1M,6,,,
E06000014,Digital,Adult,2023-10-01/P1M,8,,,
E06000014,Digital,Adult,2023-11-01/P1M,8,,,
E06000014,Digital,Adult,2023-12-01/P1M,8,,,
E06000014,Digital,Adult,2024-01-01/P1M,16,,,
E06000014,Digital,Adult,2024-02-01/P1M,11,,,
E06000014,Digital,Adult,2024-03-01/P1M,11,,,
E06000014,Digital,12-17,2023-04-01/P1Y,2,,,
E08000037,Physical,Adult,2023-04-01/P1M,33,,,
E08000037,Physical,Adult,2023-05-01/P1M,45,,,
E08000037,Physical,Adult,2023-06-01/P1M,38,,,
E08000037,Physical,Adult,2023-07-01/P1M,30,,,
E08000037,Physical,Adult,2023-08-01/P1M,17,,,
E08000037,Physical,Adult,2023-09-01/P1M,42,,,
E08000037,Physical,Adult,2023-10-01/P1M,47,,,
E08000037,Physical,Adult,2023-11-01/P1M,56,,,
E08000037,Physical,Adult,2023-12-01/P1M,32,,,
E08000037,Physical,Adult,2024-01-01/P1M,36,,,
E08000037,Physical,Adult,2024-02-01/P1M,39,,,
E08000037,Physical,Adult,2024-03-01/P1M,37,,,
E08000037,Physical,Under 12,2023-04-01/P1M,89,,,
E08000037,Physical,Under 12,2023-05-01/P1M,126,,,
E08000037,Physical,Under 12,2023-06-01/P1M,135,,,
E08000037,Physical,Under 12,2023-07-01/P1M,108,,,
E08000037,Physical,Under 12,2023-08-01/P1M,105,,,
E08000037,Physical,Under 12,2023-09-01/P1M,81,,,
E08000037,Physical,Under 12,2023-10-01/P1M,113,,,
E08000037,Physical,Under 12,2023-11-01/P1M,131,,,
E08000037,Physical,Under 12,2023-12-01/P1M,77,,,
E08000037,Physical,Under 12,2024-01-01/P1M,78,,,
E08000037,Physical,Under 12,2024-02-01/P1M,120,,,
E08000037,Physical,Under 12,2024-03-01/P1M,114,,,
E08000037,Physical,12-17,2023-04-01/P1M,10,,,
E08000037,Physical,12-17,2023-05-01/P1M,14,,,
E08000037,Physical,12-17,2023-06-01/P1M,16,,,
E08000037,Physical,12-17,2023-07-01/P1M,9,,,
E08000037,Physical,12-17,2023-08-01/P1M,9,,,
E08000037,Physical,12-17,2023-09-01/P1M,12,,,
E08000037,Physical,12-17,2023-10-01/P1M,11,,,
E08000037,Physical,12-17,2023-11-01/P1M,14,,,
E08000037,Physical,12-17,2023-12-01/P1M,2,,,
E08000037,Physical,12-17,2024-01-01/P1M,3,,,
E08000037,Physical,12-17,2024-02-01/P1M,4,,,
E08000037,Physical,12-17,2024-03-01/P1M,7,,,
E08000037,Physical,All ages,2023-04-01/P1M,7,,,
E08000037,Physical,All ages,2023-05-01/P1M,6,,,
E08000037,Physical,All ages,2023-06-01/P1M,15,,,
E08000037,Physical,All ages,2023-07-01/P1M,7,,,
E08000037,Physical,All ages,2023-08-01/P1M,1,,,
E08000037,Physical,All ages,2023-09-01/P1M,3,,,
E08000037,Physical,All ages,2023-10-01/P1M,13,,,
E08000037,Physical,All ages,2023-11-01/P1M,5,,,
E08000037,Physical,All ages,2023-12-01/P1M,12,,,
E08000037,Physical,All ages,2024-01-01/P1M,14,,,
E08000037,Physical,All ages,2024-02-01/P1M,15,,,
E08000037,Physical,All ages,2024-03-01/P1M,12,,,
E09000011,Physical,Adult,2023-04-01/P1M,230,,,
E09000011,Physical,Adult,2023-05-01/P1M,230,,,
E09000011,Physical,Adult,2023-06-01/P1M,230,,,
E09000011,Physical,Adult,2023-07-01/P1M,230,,,
E09000011,Physical,Adult,2023-08-01/P1M,230,,,
E09000011,Physical,Adult,2023-09-01/P1M,230,,,
E09000011,Physical,Adult,2023-10-01/P1M,250,,,
E09000011,Physical,Adult,2023-11-01/P1M,250,,,
E09000011,Physical,Adult,2023-12-01/P1M,220,,,
E09000011,Physical,Adult,2024-01-01/P1M,250,,,
E09000011,Physical,Adult,2024-02-01/P1M,250,,,
E09000011,Physical,Adult,2024-03-01/P1M,250,,,
E09000011,Physical,Under 12,2023-04-01/P1M,380,,,
E09000011,Physical,Under 12,2023-05-01/P1M,380,,,
E09000011,Physical,Under 12,2023-06-01/P1M,380,,,
E09000011,Physical,Under 12,2023-07-01/P1M,380,,,
E09000011,Physical,Under 12,2023-08-01/P1M,380,,,
E09000011,Physical,Under 12,2023-09-01/P1M,380,,,
E09000011,Physical,Under 12,2023-10-01/P1M,390,,,
E09000011,Physical,Under 12,2023-11-01/P1M,390,,,
E09000011,Physical,Under 12,2023-12-01/P1M,340,,,
E09000011,Physical,Under 12,2024-01-01/P1M,390,,,
E09000011,Physical,Under 12,2024-02-01/P1M,390,,,
E09000011,Physical,Under 12,2024-03-01/P1M,390,,,
E09000011,Physical,12-17,2023-04-01/P1M,7,,,
E09000011,Physical,12-17,2023-05-01/P1M,7,,,
E09000011,Physical,12-17,2023-06-01/P1M,7,,,
E09000011,Physical,12-17,2023-07-01/P1M,7,,,
E09000011,Physical,12-17,2023-08-01/P1M,7,,,
E09000011,Physical,12-17,2023-09-01/P1M,7,,,
E09000011,Physical,12-17,2023-10-01/P1M,10,,,
E09000011,Physical,12-17,2023-11-01/P1M,10,,,
E09000011,Physical,12-17,2023-12-01/P1M,8,,,
E09000011,Physical,12-17,2024-01-01/P1M,10,,,
E09000011,Physical,12-17,2024-02-01/P1M,10,,,
E09000011,Physical,12-17,2024-03-01/P1M,10,,,
E09000011,Physical,All ages,2023-04-01/P1M,0,,,
E09000011,Physical,All ages,2023-05-01/P1M,0,,,
E09000011,Physical,All ages,2023-06-01/P1M,0,,,
E09000011,Physical,All ages,2023-07-01/P1M,0,,,
E09000011,Physical,All ages,2023-08-01/P1M,0,,,
E09000011,Physical,All ages,2023-09-01/P1M,0,,,
E09000011,Physical,All ages,2023-10-01/P1M,0,,,
E09000011,Physical,All ages,2023-11-01/P1M,0,,,
E09000011,Physical,All ages,2023-12-01/P1M,0,,,
E09000011,Physical,All ages,2024-01-01/P1M,0,,,
E09000011,Physical,All ages,2024-02-01/P1M,0,,,
E09000011,Physical,All ages,2024-03-01/P1M,0,,,
E09000011,Digital,Adult,2023-04-01/P1M,1,,,
E09000011,Digital,Adult,2023-05-01/P1M,1,,,
E09000011,Digital,Adult,2023-06-01/P1M,1,,,
E09000011,Digital,Adult,2023-07-01/P1M,1,,,
E09000011,Digital,Adult,2023-08-01/P1M,1,,,
E09000011,Digital,Adult,2023-09-01/P1M,1,,,
E09000011,Digital,Adult,2023-10-01/P1M,1,,,
E09000011,Digital,Adult,2023-11-01/P1M,1,,,
E09000011,Digital,Adult,2023-12-01/P1M,1,,,
E09000011,Digital,Adult,2024-01-01/P1M,1,,,
E09000011,Digital,Adult,2024-02-01/P1M,1,,,
E09000011,Digital,Adult,2024-03-01/P1M,1,,,
E09000011,Digital,Under 12,2023-04-01/P1M,3,,,
E09000011,Digital,Under 12,2023-05-01/P1M,3,,,
E09000011,Digital,Under 12,2023-06-01/P1M,3,,,
E09000011,Digital,Under 12,2023-07-01/P1M,3,,,
E09000011,Digital,Under 12,2023-08-01/P1M,3,,,
E09000011,Digital,Under 12,2023-09-01/P1M,3,,,
E09000011,Digital,Under 12,2023-10-01/P1M,3,,,
E09000011,Digital,Under 12,2023-11-01/P1M,3,,,
E09000011,Digital,Under 12,2023-12-01/P1M,3,,,
E09000011,Digital,Under 12,2024-01-01/P1M,3,,,
E09000011,Digital,Under 12,2024-02-01/P1M,3,,,
E09000011,Digital,Under 12,2024-03-01/P1M,3,,,
E09000011,Digital,12-17,2023-04-01/P1M,1,,suspicious,"Source audit: digital_events_12_17: digital_events_12_17 and digital_events_adults are identical across every supplied month. Possible copied series; may be deliberate combined-age reporting, so no correction inferred. Values retained as reported pending source confirmation."
E09000011,Digital,12-17,2023-05-01/P1M,1,,suspicious,"Source audit: digital_events_12_17: digital_events_12_17 and digital_events_adults are identical across every supplied month. Possible copied series; may be deliberate combined-age reporting, so no correction inferred. Values retained as reported pending source confirmation."
E09000011,Digital,12-17,2023-06-01/P1M,1,,suspicious,"Source audit: digital_events_12_17: digital_events_12_17 and digital_events_adults are identical across every supplied month. Possible copied series; may be deliberate combined-age reporting, so no correction inferred. Values retained as reported pending source confirmation."
E09000011,Digital,12-17,2023-07-01/P1M,1,,suspicious,"Source audit: digital_events_12_17: digital_events_12_17 and digital_events_adults are identical across every supplied month. Possible copied series; may be deliberate combined-age reporting, so no correction inferred. Values retained as reported pending source confirmation."
E09000011,Digital,12-17,2023-08-01/P1M,1,,suspicious,"Source audit: digital_events_12_17: digital_events_12_17 and digital_events_adults are identical across every supplied month. Possible copied series; may be deliberate combined-age reporting, so no correction inferred. Values retained as reported pending source confirmation."
E09000011,Digital,12-17,2023-09-01/P1M,1,,suspicious,"Source audit: digital_events_12_17: digital_events_12_17 and digital_events_adults are identical across every supplied month. Possible copied series; may be deliberate combined-age reporting, so no correction inferred. Values retained as reported pending source confirmation."
E09000011,Digital,12-17,2023-10-01/P1M,1,,suspicious,"Source audit: digital_events_12_17: digital_events_12_17 and digital_events_adults are identical across every supplied month. Possible copied series; may be deliberate combined-age reporting, so no correction inferred. Values retained as reported pending source confirmation."
E09000011,Digital,12-17,2023-11-01/P1M,1,,suspicious,"Source audit: digital_events_12_17: digital_events_12_17 and digital_events_adults are identical across every supplied month. Possible copied series; may be deliberate combined-age reporting, so no correction inferred. Values retained as reported pending source confirmation."
E09000011,Digital,12-17,2023-12-01/P1M,1,,suspicious,"Source audit: digital_events_12_17: digital_events_12_17 and digital_events_adults are identical across every supplied month. Possible copied series; may be deliberate combined-age reporting, so no correction inferred. Values retained as reported pending source confirmation."
E09000011,Digital,12-17,2024-01-01/P1M,1,,suspicious,"Source audit: digital_events_12_17: digital_events_12_17 and digital_events_adults are identical across every supplied month. Possible copied series; may be deliberate combined-age reporting, so no correction inferred. Values retained as reported pending source confirmation."
E09000011,Digital,12-17,2024-02-01/P1M,1,,suspicious,"Source audit: digital_events_12_17: digital_events_12_17 and digital_events_adults are identical across every supplied month. Possible copied series; may be deliberate combined-age reporting, so no correction inferred. Values retained as reported pending source confirmation."
E09000011,Digital,12-17,2024-03-01/P1M,1,,suspicious,"Source audit: digital_events_12_17: digital_events_12_17 and digital_events_adults are identical across every supplied month. Possible copied series; may be deliberate combined-age reporting, so no correction inferred. Values retained as reported pending source confirmation."
E09000011,Digital,All ages,2023-04-01/P1M,0,,,
E09000011,Digital,All ages,2023-05-01/P1M,0,,,
E09000011,Digital,All ages,2023-06-01/P1M,0,,,
E09000011,Digital,All ages,2023-07-01/P1M,0,,,
E09000011,Digital,All ages,2023-08-01/P1M,0,,,
E09000011,Digital,All ages,2023-09-01/P1M,0,,,
E09000011,Digital,All ages,2023-10-01/P1M,0,,,
E09000011,Digital,All ages,2023-11-01/P1M,0,,,
E09000011,Digital,All ages,2023-12-01/P1M,0,,,
E09000011,Digital,All ages,2024-01-01/P1M,0,,,
E09000011,Digital,All ages,2024-02-01/P1M,0,,,
E09000011,Digital,All ages,2024-03-01/P1M,0,,,
E09000012,Physical,Adult,2023-04-01/P1M,5,,,
E09000012,Physical,Adult,2023-05-01/P1M,4,,,
E09000012,Physical,Adult,2023-06-01/P1M,6,,,
E09000012,Physical,Adult,2023-07-01/P1M,4,,,
E09000012,Physical,Adult,2023-08-01/P1M,7,,,
E09000012,Physical,Adult,2023-09-01/P1M,3,,,
E09000012,Physical,Adult,2023-10-01/P1M,6,,,
E09000012,Physical,Adult,2023-11-01/P1M,7,,,
E09000012,Physical,Adult,2023-12-01/P1M,6,,,
E09000012,Physical,Adult,2024-01-01/P1M,10,,,
E09000012,Physical,Adult,2024-02-01/P1M,12,,,
E09000012,Physical,Adult,2024-03-01/P1M,8,,,
E09000012,Physical,Under 12,2023-04-01/P1M,117,,,
E09000012,Physical,Under 12,2023-05-01/P1M,126,,,
E09000012,Physical,Under 12,2023-06-01/P1M,107,,,
E09000012,Physical,Under 12,2023-07-01/P1M,70,,,
E09000012,Physical,Under 12,2023-08-01/P1M,65,,,
E09000012,Physical,Under 12,2023-09-01/P1M,98,,,
E09000012,Physical,Under 12,2023-10-01/P1M,139,,,
E09000012,Physical,Under 12,2023-11-01/P1M,150,,,
E09000012,Physical,Under 12,2023-12-01/P1M,94,,,
E09000012,Physical,Under 12,2024-01-01/P1M,152,,,
E09000012,Physical,Under 12,2024-02-01/P1M,148,,,
E09000012,Physical,Under 12,2024-03-01/P1M,95,,,
E06000006,Physical,Adult,2023-04-01/P1M,12,,,
E06000006,Physical,Adult,2023-05-01/P1M,17,,,
E06000006,Physical,Adult,2023-06-01/P1M,18,,,
E06000006,Physical,Adult,2023-07-01/P1M,18,,,
E06000006,Physical,Adult,2023-08-01/P1M,18,,,
E06000006,Physical,Adult,2023-09-01/P1M,16,,,
E06000006,Physical,Adult,2023-10-01/P1M,21,,,
E06000006,Physical,Adult,2023-11-01/P1M,41,,,
E06000006,Physical,Adult,2023-12-01/P1M,36,,,
E06000006,Physical,Adult,2024-01-01/P1M,40,,,
E06000006,Physical,Adult,2024-02-01/P1M,36,,,
E06000006,Physical,Adult,2024-03-01/P1M,29,,,
E06000006,Physical,Under 12,2023-04-01/P1M,81,,,
E06000006,Physical,Under 12,2023-05-01/P1M,67,,,
E06000006,Physical,Under 12,2023-06-01/P1M,63,,,
E06000006,Physical,Under 12,2023-07-01/P1M,75,,,
E06000006,Physical,Under 12,2023-08-01/P1M,98,,,
E06000006,Physical,Under 12,2023-09-01/P1M,75,,,
E06000006,Physical,Under 12,2023-10-01/P1M,91,,,
E06000006,Physical,Under 12,2023-11-01/P1M,94,,,
E06000006,Physical,Under 12,2023-12-01/P1M,65,,,
E06000006,Physical,Under 12,2024-01-01/P1M,58,,,
E06000006,Physical,Under 12,2024-02-01/P1M,63,,,
E06000006,Physical,Under 12,2024-03-01/P1M,102,,,
E06000006,Physical,12-17,2023-08-01/P1M,5,,,
E06000006,Physical,12-17,2023-10-01/P1M,5,,,
E06000006,Physical,12-17,2023-11-01/P1M,4,,,
E06000006,Physical,12-17,2023-12-01/P1M,3,,,
E06000006,Physical,12-17,2024-01-01/P1M,5,,,
E06000006,Physical,12-17,2024-02-01/P1M,4,,,
E06000006,Physical,12-17,2024-03-01/P1M,4,,,
E06000006,Physical,All ages,2023-04-01/P1Y,2,,,
E10000014,Physical,Adult,2023-04-01/P1M,212,,,
E10000014,Physical,Adult,2023-05-01/P1M,244,,,
E10000014,Physical,Adult,2023-06-01/P1M,259,,,
E10000014,Physical,Adult,2023-07-01/P1M,271,,,
E10000014,Physical,Adult,2023-08-01/P1M,299,,,
E10000014,Physical,Adult,2023-09-01/P1M,295,,,
E10000014,Physical,Adult,2023-10-01/P1M,341,,,
E10000014,Physical,Adult,2023-11-01/P1M,336,,,
E10000014,Physical,Adult,2023-12-01/P1M,258,,,
E10000014,Physical,Adult,2024-01-01/P1M,367,,,
E10000014,Physical,Adult,2024-02-01/P1M,341,,,
E10000014,Physical,Adult,2024-03-01/P1M,320,,,
E10000014,Physical,Under 12,2023-04-01/P1M,578,,,
E10000014,Physical,Under 12,2023-05-01/P1M,570,,,
E10000014,Physical,Under 12,2023-06-01/P1M,653,,,
E10000014,Physical,Under 12,2023-07-01/P1M,671,,,
E10000014,Physical,Under 12,2023-08-01/P1M,621,,,
E10000014,Physical,Under 12,2023-09-01/P1M,650,,,
E10000014,Physical,Under 12,2023-10-01/P1M,683,,,
E10000014,Physical,Under 12,2023-11-01/P1M,680,,,
E10000014,Physical,Under 12,2023-12-01/P1M,563,,,
E10000014,Physical,Under 12,2024-01-01/P1M,687,,,
E10000014,Physical,Under 12,2024-02-01/P1M,670,,,
E10000014,Physical,Under 12,2024-03-01/P1M,701,,,
E10000014,Physical,12-17,2023-04-01/P1M,397,,,
E10000014,Physical,12-17,2023-05-01/P1M,397,,,
E10000014,Physical,12-17,2023-06-01/P1M,396,,,
E10000014,Physical,12-17,2023-07-01/P1M,388,,,
E10000014,Physical,12-17,2023-08-01/P1M,467,,,
E10000014,Physical,12-17,2023-09-01/P1M,384,,,
E10000014,Physical,12-17,2023-10-01/P1M,430,,,
E10000014,Physical,12-17,2023-11-01/P1M,401,,,
E10000014,Physical,12-17,2023-12-01/P1M,412,,,
E10000014,Physical,12-17,2024-01-01/P1M,383,,,
E10000014,Physical,12-17,2024-02-01/P1M,390,,,
E10000014,Physical,12-17,2024-03-01/P1M,423,,,
E10000014,Physical,All ages,2023-04-01/P1M,28,,,
E10000014,Physical,All ages,2023-05-01/P1M,22,,,
E10000014,Physical,All ages,2023-06-01/P1M,16,,,
E10000014,Physical,All ages,2023-07-01/P1M,23,,,
E10000014,Physical,All ages,2023-08-01/P1M,15,,,
E10000014,Physical,All ages,2023-09-01/P1M,20,,,
E10000014,Physical,All ages,2023-10-01/P1M,24,,,
E10000014,Physical,All ages,2023-11-01/P1M,28,,,
E10000014,Physical,All ages,2023-12-01/P1M,21,,,
E10000014,Physical,All ages,2024-01-01/P1M,21,,,
E10000014,Physical,All ages,2024-02-01/P1M,13,,,
E10000014,Physical,All ages,2024-03-01/P1M,22,,,
E10000014,Digital,Adult,2023-04-01/P1M,1,,,
E10000014,Digital,Adult,2023-05-01/P1M,1,,,
E10000014,Digital,Adult,2023-06-01/P1M,1,,,
E10000014,Digital,Adult,2023-07-01/P1M,1,,,
E10000014,Digital,Adult,2023-08-01/P1M,1,,,
E10000014,Digital,Adult,2023-09-01/P1M,1,,,
E10000014,Digital,Adult,2023-10-01/P1M,1,,,
E10000014,Digital,Adult,2023-11-01/P1M,1,,,
E10000014,Digital,Adult,2023-12-01/P1M,1,,,
E10000014,Digital,Adult,2024-01-01/P1M,1,,,
E10000014,Digital,Adult,2024-02-01/P1M,1,,,
E10000014,Digital,Adult,2024-03-01/P1M,1,,,
E09000014,Physical,Adult,2023-04-01/P1M,5,,,
E09000014,Physical,Adult,2023-05-01/P1M,19,,,
E09000014,Physical,Adult,2023-06-01/P1M,16,,,
E09000014,Physical,Adult,2023-07-01/P1M,20,,,
E09000014,Physical,Adult,2023-08-01/P1M,16,,,
E09000014,Physical,Adult,2023-09-01/P1M,22,,,
E09000014,Physical,Adult,2023-10-01/P1M,19,,,
E09000014,Physical,Adult,2023-11-01/P1M,13,,,
E09000014,Physical,Adult,2023-12-01/P1M,7,,,
E09000014,Physical,Adult,2024-01-01/P1M,12,,,
E09000014,Physical,Adult,2024-02-01/P1M,23,,,
E09000014,Physical,Adult,2024-03-01/P1M,21,,,
E09000014,Physical,Under 12,2023-04-01/P1M,65,,,
E09000014,Physical,Under 12,2023-05-01/P1M,80,,,
E09000014,Physical,Under 12,2023-06-01/P1M,107,,,
E09000014,Physical,Under 12,2023-07-01/P1M,94,,,
E09000014,Physical,Under 12,2023-08-01/P1M,72,,,
E09000014,Physical,Under 12,2023-09-01/P1M,73,,,
E09000014,Physical,Under 12,2023-10-01/P1M,86,,,
E09000014,Physical,Under 12,2023-11-01/P1M,83,,,
E09000014,Physical,Under 12,2023-12-01/P1M,65,,,
E09000014,Physical,Under 12,2024-01-01/P1M,65,,,
E09000014,Physical,Under 12,2024-02-01/P1M,88,,,
E09000014,Physical,Under 12,2024-03-01/P1M,110,,,
E09000014,Physical,12-17,2023-04-01/P1M,1,,,
E09000014,Physical,12-17,2023-05-01/P1M,3,,,
E09000014,Physical,12-17,2023-06-01/P1M,10,,,
E09000014,Physical,12-17,2023-07-01/P1M,2,,,
E09000014,Physical,12-17,2023-09-01/P1M,4,,,
E09000014,Physical,12-17,2023-10-01/P1M,5,,,
E09000014,Physical,12-17,2023-11-01/P1M,3,,,
E09000014,Physical,12-17,2024-01-01/P1M,1,,,
E09000014,Physical,12-17,2024-02-01/P1M,6,,,
E09000014,Physical,12-17,2024-03-01/P1M,6,,,
E09000014,Physical,All ages,2023-04-01/P1M,8,,,
E09000014,Physical,All ages,2023-05-01/P1M,8,,,
E09000014,Physical,All ages,2023-06-01/P1M,6,,,
E09000014,Physical,All ages,2023-07-01/P1M,9,,,
E09000014,Physical,All ages,2023-08-01/P1M,8,,,
E09000014,Physical,All ages,2023-09-01/P1M,6,,,
E09000014,Physical,All ages,2023-10-01/P1M,8,,,
E09000014,Physical,All ages,2023-11-01/P1M,4,,,
E09000014,Physical,All ages,2024-01-01/P1M,10,,,
E09000014,Physical,All ages,2024-02-01/P1M,6,,,
E09000014,Physical,All ages,2024-03-01/P1M,9,,,
E09000015,Physical,Adult,2023-04-01/P1M,41,,,
E09000015,Physical,Adult,2023-05-01/P1M,50,,,
E09000015,Physical,Adult,2023-06-01/P1M,68,,,
E09000015,Physical,Adult,2023-07-01/P1M,41,,,
E09000015,Physical,Adult,2023-08-01/P1M,54,,,
E09000015,Physical,Adult,2023-09-01/P1M,84,,,
E09000015,Physical,Adult,2023-10-01/P1M,81,,,
E09000015,Physical,Adult,2023-11-01/P1M,71,,,
E09000015,Physical,Adult,2023-12-01/P1M,49,,,
E09000015,Physical,Adult,2024-01-01/P1M,66,,,
E09000015,Physical,Adult,2024-02-01/P1M,69,,,
E09000015,Physical,Adult,2024-03-01/P1M,70,,,
E09000015,Physical,Under 12,2023-04-01/P1M,99,,,
E09000015,Physical,Under 12,2023-05-01/P1M,97,,,
E09000015,Physical,Under 12,2023-06-01/P1M,91,,,
E09000015,Physical,Under 12,2023-07-01/P1M,106,,,
E09000015,Physical,Under 12,2023-08-01/P1M,120,,,
E09000015,Physical,Under 12,2023-09-01/P1M,90,,,
E09000015,Physical,Under 12,2023-10-01/P1M,110,,,
E09000015,Physical,Under 12,2023-11-01/P1M,101,,,
E09000015,Physical,Under 12,2023-12-01/P1M,76,,,
E09000015,Physical,Under 12,2024-01-01/P1M,87,,,
E09000015,Physical,Under 12,2024-02-01/P1M,106,,,
E09000015,Physical,Under 12,2024-03-01/P1M,125,,,
E09000015,Physical,12-17,2023-04-01/P1M,2,,,
E09000015,Physical,12-17,2023-05-01/P1M,3,,,
E09000015,Physical,12-17,2023-10-01/P1M,2,,,
E09000015,Physical,12-17,2023-12-01/P1M,3,,,
E09000015,Physical,12-17,2024-01-01/P1M,2,,,
E09000015,Physical,12-17,2024-02-01/P1M,2,,,
E09000015,Physical,12-17,2024-03-01/P1M,5,,,
E09000015,Physical,All ages,2023-04-01/P1M,5,,,
E09000015,Physical,All ages,2023-05-01/P1M,3,,,
E09000015,Physical,All ages,2023-06-01/P1M,9,,,
E09000015,Physical,All ages,2023-07-01/P1M,12,,,
E09000015,Physical,All ages,2023-08-01/P1M,19,,,
E09000015,Physical,All ages,2023-09-01/P1M,6,,,
E09000015,Physical,All ages,2023-10-01/P1M,15,,,
E09000015,Physical,All ages,2023-11-01/P1M,10,,,
E09000015,Physical,All ages,2023-12-01/P1M,8,,,
E09000015,Physical,All ages,2024-01-01/P1M,7,,,
E09000015,Physical,All ages,2024-02-01/P1M,1,,,
E09000015,Physical,All ages,2024-03-01/P1M,13,,,
E09000015,Digital,Adult,2023-04-01/P1M,2,,,
E09000015,Digital,Adult,2023-05-01/P1M,6,,,
E09000015,Digital,Adult,2023-06-01/P1M,1,,,
E09000015,Digital,Adult,2023-09-01/P1M,1,,,
E09000015,Digital,Adult,2023-10-01/P1M,2,,,
E09000015,Digital,Under 12,2023-04-01/P1M,9,,,
E09000015,Digital,Under 12,2023-06-01/P1M,3,,,
E09000015,Digital,Under 12,2023-07-01/P1M,18,,,
E09000015,Digital,Under 12,2023-08-01/P1M,4,,,
E09000015,Digital,Under 12,2023-10-01/P1M,2,,,
E09000015,Digital,Under 12,2024-02-01/P1M,1,,,
E09000015,Digital,Under 12,2024-03-01/P1M,6,,,
E06000019,Physical,Adult,2023-04-01/P1M,37,,,
E06000019,Physical,Adult,2023-05-01/P1M,31,,,
E06000019,Physical,Adult,2023-06-01/P1M,61,,,
E06000019,Physical,Adult,2023-07-01/P1M,41,,,
E06000019,Physical,Adult,2023-08-01/P1M,52,,,
E06000019,Physical,Adult,2023-09-01/P1M,52,,,
E06000019,Physical,Adult,2023-10-01/P1M,61,,,
E06000019,Physical,Adult,2023-11-01/P1M,64,,,
E06000019,Physical,Adult,2023-12-01/P1M,50,,,
E06000019,Physical,Adult,2024-01-01/P1M,49,,,
E06000019,Physical,Adult,2024-02-01/P1M,57,,,
E06000019,Physical,Adult,2024-03-01/P1M,60,,,
E06000019,Physical,Under 12,2023-04-01/P1M,20,,,
E06000019,Physical,Under 12,2023-05-01/P1M,23,,,
E06000019,Physical,Under 12,2023-06-01/P1M,43,,,
E06000019,Physical,Under 12,2023-07-01/P1M,43,,,
E06000019,Physical,Under 12,2023-08-01/P1M,13,,,
E06000019,Physical,Under 12,2023-09-01/P1M,20,,,
E06000019,Physical,Under 12,2023-10-01/P1M,44,,,
E06000019,Physical,Under 12,2023-11-01/P1M,41,,,
E06000019,Physical,Under 12,2023-12-01/P1M,28,,,
E06000019,Physical,Under 12,2024-01-01/P1M,44,,,
E06000019,Physical,Under 12,2024-02-01/P1M,60,,,
E06000019,Physical,Under 12,2024-03-01/P1M,47,,,
E10000015,Physical,Unknown,2023-04-01/P1M,593,,,
E10000015,Physical,Unknown,2023-05-01/P1M,602,,,
E10000015,Physical,Unknown,2023-06-01/P1M,715,,,
E10000015,Physical,Unknown,2023-07-01/P1M,653,,,
E10000015,Physical,Unknown,2023-08-01/P1M,660,,,
E10000015,Physical,Unknown,2023-09-01/P1M,704,,,
E10000015,Physical,Unknown,2023-10-01/P1M,801,,,
E10000015,Physical,Unknown,2023-11-01/P1M,784,,,
E10000015,Physical,Unknown,2023-12-01/P1M,675,,,
E10000015,Physical,Unknown,2024-01-01/P1M,721,,,
E10000015,Physical,Unknown,2024-02-01/P1M,766,,,
E10000015,Physical,Unknown,2024-03-01/P1M,758,,,
E10000015,Digital,Unknown,2023-04-01/P1M,4,,,
E10000015,Digital,Unknown,2023-05-01/P1M,4,,,
E10000015,Digital,Unknown,2023-06-01/P1M,5,,,
E10000015,Digital,Unknown,2023-07-01/P1M,4,,,
E10000015,Digital,Unknown,2023-08-01/P1M,5,,,
E10000015,Digital,Unknown,2023-09-01/P1M,4,,,
E10000015,Digital,Unknown,2023-10-01/P1M,4,,,
E10000015,Digital,Unknown,2023-11-01/P1M,4,,,
E10000015,Digital,Unknown,2023-12-01/P1M,4,,,
E10000015,Digital,Unknown,2024-01-01/P1M,4,,,
E10000015,Digital,Unknown,2024-02-01/P1M,5,,,
E10000015,Digital,Unknown,2024-03-01/P1M,4,,,
E06000010,Physical,Unknown,2023-04-01/P1M,133,,,
E06000010,Physical,Unknown,2023-05-01/P1M,189,,,
E06000010,Physical,Unknown,2023-06-01/P1M,223,,,
E06000010,Physical,Unknown,2023-07-01/P1M,164,,,
E06000010,Physical,Unknown,2023-08-01/P1M,202,,,
E06000010,Physical,Unknown,2023-09-01/P1M,155,,,
E06000010,Physical,Unknown,2023-10-01/P1M,153,,,
E06000010,Physical,Unknown,2023-11-01/P1M,162,,,
E06000010,Physical,Unknown,2023-12-01/P1M,201,,,
E06000010,Physical,Unknown,2024-01-01/P1M,172,,,
E06000010,Physical,Unknown,2024-02-01/P1M,155,,,
E06000010,Physical,Unknown,2024-03-01/P1M,167,,,
E06000010,Digital,Adult,2023-04-01/P1M,10,,,
E06000010,Digital,Adult,2023-05-01/P1M,13,,,
E06000010,Digital,Adult,2023-06-01/P1M,9,,,
E06000010,Digital,Adult,2023-07-01/P1M,8,,,
E06000010,Digital,Adult,2023-08-01/P1M,9,,,
E06000010,Digital,Adult,2023-09-01/P1M,8,,,
E06000010,Digital,Adult,2023-10-01/P1M,9,,,
E06000010,Digital,Adult,2023-11-01/P1M,10,,,
E06000010,Digital,Adult,2023-12-01/P1M,7,,,
E06000010,Digital,Adult,2024-01-01/P1M,9,,,
E06000010,Digital,Adult,2024-02-01/P1M,11,,,
E06000010,Digital,Adult,2024-03-01/P1M,8,,,
E06000046,Physical,Adult,2023-04-01/P1M,121,,,
E06000046,Physical,Adult,2023-05-01/P1M,127,,,
E06000046,Physical,Adult,2023-06-01/P1M,138,,,
E06000046,Physical,Adult,2023-07-01/P1M,126,,,
E06000046,Physical,Adult,2023-08-01/P1M,123,,,
E06000046,Physical,Adult,2023-09-01/P1M,141,,,
E06000046,Physical,Adult,2023-10-01/P1M,138,,,
E06000046,Physical,Adult,2023-11-01/P1M,145,,,
E06000046,Physical,Adult,2023-12-01/P1M,100,,,
E06000046,Physical,Adult,2024-01-01/P1M,128,,,
E06000046,Physical,Adult,2024-02-01/P1M,134,,,
E06000046,Physical,Adult,2024-03-01/P1M,137,,,
E06000046,Physical,Under 12,2023-04-01/P1M,66,,,
E06000046,Physical,Under 12,2023-05-01/P1M,65,,,
E06000046,Physical,Under 12,2023-06-01/P1M,53,,,
E06000046,Physical,Under 12,2023-07-01/P1M,69,,,
E06000046,Physical,Under 12,2023-08-01/P1M,78,,,
E06000046,Physical,Under 12,2023-09-01/P1M,72,,,
E06000046,Physical,Under 12,2023-10-01/P1M,86,,,
E06000046,Physical,Under 12,2023-11-01/P1M,75,,,
E06000046,Physical,Under 12,2023-12-01/P1M,66,,,
E06000046,Physical,Under 12,2024-01-01/P1M,98,,,
E06000046,Physical,Under 12,2024-02-01/P1M,76,,,
E06000046,Physical,Under 12,2024-03-01/P1M,87,,,
E06000046,Physical,12-17,2023-04-01/P1M,6,,,
E06000046,Physical,12-17,2023-05-01/P1M,5,,,
E06000046,Physical,12-17,2023-06-01/P1M,5,,,
E06000046,Physical,12-17,2023-07-01/P1M,5,,,
E06000046,Physical,12-17,2023-09-01/P1M,6,,,
E06000046,Physical,12-17,2023-10-01/P1M,6,,,
E06000046,Physical,12-17,2023-11-01/P1M,6,,,
E06000046,Physical,12-17,2023-12-01/P1M,5,,,
E06000046,Physical,12-17,2024-01-01/P1M,6,,,
E06000046,Physical,12-17,2024-02-01/P1M,6,,,
E06000046,Physical,12-17,2024-03-01/P1M,6,,,
E09000019,Physical,Unknown,2023-04-01/P1M,224,,,
E09000019,Physical,Unknown,2023-05-01/P1M,237,,,
E09000019,Physical,Unknown,2023-06-01/P1M,240,,,
E09000019,Physical,Unknown,2023-07-01/P1M,272,,,
E09000019,Physical,Unknown,2023-08-01/P1M,310,,,
E09000019,Physical,Unknown,2023-09-01/P1M,277,,,
E09000019,Physical,Unknown,2023-10-01/P1M,308,,,
E09000019,Physical,Unknown,2023-11-01/P1M,290,,,
E09000019,Physical,Unknown,2023-12-01/P1M,278,,,
E09000019,Physical,Unknown,2024-01-01/P1M,284,,,
E09000019,Physical,Unknown,2024-02-01/P1M,281,,,
E09000019,Physical,Unknown,2024-03-01/P1M,282,,,
E09000020,Physical,Unknown,2023-04-01/P1M,112,,,
E09000020,Physical,Unknown,2023-05-01/P1M,156,,,
E09000020,Physical,Unknown,2023-06-01/P1M,204,,,
E09000020,Physical,Unknown,2023-07-01/P1M,156,,,
E09000020,Physical,Unknown,2023-08-01/P1M,131,,,
E09000020,Physical,Unknown,2023-09-01/P1M,179,,,
E09000020,Physical,Unknown,2023-10-01/P1M,209,,,
E09000020,Physical,Unknown,2023-11-01/P1M,245,,,
E09000020,Physical,Unknown,2023-12-01/P1M,120,,,
E09000020,Physical,Unknown,2024-01-01/P1M,185,,,
E09000020,Physical,Unknown,2024-02-01/P1M,201,,,
E09000020,Physical,Unknown,2024-03-01/P1M,18,,,
E10000016,Physical,Adult,2023-04-01/P1M,615,,,
E10000016,Physical,Adult,2023-05-01/P1M,707,,,
E10000016,Physical,Adult,2023-06-01/P1M,747,,,
E10000016,Physical,Adult,2023-07-01/P1M,768,,,
E10000016,Physical,Adult,2023-08-01/P1M,653,,,
E10000016,Physical,Adult,2023-09-01/P1M,663,,,
E10000016,Physical,Adult,2023-10-01/P1M,740,,,
E10000016,Physical,Adult,2023-11-01/P1M,744,,,
E10000016,Physical,Adult,2023-12-01/P1M,561,,,
E10000016,Physical,Adult,2024-01-01/P1M,722,,,
E10000016,Physical,Adult,2024-02-01/P1M,714,,,
E10000016,Physical,Adult,2024-03-01/P1M,707,,,
E10000016,Physical,Under 12,2023-04-01/P1M,463,,,
E10000016,Physical,Under 12,2023-05-01/P1M,598,,,
E10000016,Physical,Under 12,2023-06-01/P1M,655,,,
E10000016,Physical,Under 12,2023-07-01/P1M,595,,,
E10000016,Physical,Under 12,2023-08-01/P1M,414,,,
E10000016,Physical,Under 12,2023-09-01/P1M,526,,,
E10000016,Physical,Under 12,2023-10-01/P1M,612,,,
E10000016,Physical,Under 12,2023-11-01/P1M,681,,,
E10000016,Physical,Under 12,2023-12-01/P1M,442,,,
E10000016,Physical,Under 12,2024-01-01/P1M,638,,,
E10000016,Physical,Under 12,2024-02-01/P1M,639,,,
E10000016,Physical,Under 12,2024-03-01/P1M,724,,,
E10000016,Physical,12-17,2023-04-01/P1M,21,,,
E10000016,Physical,12-17,2023-05-01/P1M,4,,,
E10000016,Physical,12-17,2023-06-01/P1M,8,,,
E10000016,Physical,12-17,2023-07-01/P1M,7,,,
E10000016,Physical,12-17,2023-08-01/P1M,6,,,
E10000016,Physical,12-17,2023-09-01/P1M,8,,,
E10000016,Physical,12-17,2023-10-01/P1M,8,,,
E10000016,Physical,12-17,2023-11-01/P1M,8,,,
E10000016,Physical,12-17,2023-12-01/P1M,9,,,
E10000016,Physical,12-17,2024-01-01/P1M,11,,,
E10000016,Physical,12-17,2024-02-01/P1M,7,,,
E10000016,Physical,12-17,2024-03-01/P1M,10,,,
E10000016,Digital,Under 12,2023-07-01/P1M,1,,,
E10000016,Digital,Under 12,2024-03-01/P1M,2,,,
E09000021,Physical,Adult,2023-04-01/P1M,73,,,
E09000021,Physical,Adult,2023-05-01/P1M,87,,,
E09000021,Physical,Adult,2023-06-01/P1M,74,,,
E09000021,Physical,Adult,2023-07-01/P1M,71,,,
E09000021,Physical,Adult,2023-08-01/P1M,62,,,
E09000021,Physical,Adult,2023-09-01/P1M,74,,,
E09000021,Physical,Adult,2023-10-01/P1M,89,,,
E09000021,Physical,Adult,2023-11-01/P1M,87,,,
E09000021,Physical,Adult,2023-12-01/P1M,62,,,
E09000021,Physical,Adult,2024-01-01/P1M,80,,,
E09000021,Physical,Adult,2024-02-01/P1M,89,,,
E09000021,Physical,Adult,2024-03-01/P1M,80,,,
E09000021,Physical,Under 12,2023-04-01/P1M,70,,,
E09000021,Physical,Under 12,2023-05-01/P1M,83,,,
E09000021,Physical,Under 12,2023-06-01/P1M,86,,,
E09000021,Physical,Under 12,2023-07-01/P1M,83,,,
E09000021,Physical,Under 12,2023-08-01/P1M,52,,,
E09000021,Physical,Under 12,2023-09-01/P1M,61,,,
E09000021,Physical,Under 12,2023-10-01/P1M,95,,,
E09000021,Physical,Under 12,2023-11-01/P1M,88,,,
E09000021,Physical,Under 12,2023-12-01/P1M,73,,,
E09000021,Physical,Under 12,2024-01-01/P1M,75,,,
E09000021,Physical,Under 12,2024-02-01/P1M,98,,,
E09000021,Physical,Under 12,2024-03-01/P1M,89,,,
E08000034,Physical,Unknown,2023-04-01/P1M,579,,,
E08000034,Physical,Unknown,2023-05-01/P1M,574,,,
E08000034,Physical,Unknown,2023-06-01/P1M,639,,,
E08000034,Physical,Unknown,2023-07-01/P1M,607,,,
E08000034,Physical,Unknown,2023-08-01/P1M,590,,,
E08000034,Physical,Unknown,2023-09-01/P1M,609,,,
E08000034,Physical,Unknown,2023-10-01/P1M,670,,,
E08000034,Physical,Unknown,2023-11-01/P1M,691,,,
E08000034,Physical,Unknown,2023-12-01/P1M,509,,,
E08000034,Physical,Unknown,2024-01-01/P1M,627,,,
E08000034,Physical,Unknown,2024-02-01/P1M,635,,,
E08000034,Physical,Unknown,2024-03-01/P1M,701,,,
E08000011,Physical,Adult,2023-04-01/P1M,117,,,
E08000011,Physical,Adult,2023-05-01/P1M,118,,,
E08000011,Physical,Adult,2023-06-01/P1M,124,,,
E08000011,Physical,Adult,2023-07-01/P1M,138,,,
E08000011,Physical,Adult,2023-08-01/P1M,134,,,
E08000011,Physical,Adult,2023-09-01/P1M,139,,,
E08000011,Physical,Adult,2023-10-01/P1M,160,,,
E08000011,Physical,Adult,2023-11-01/P1M,162,,,
E08000011,Physical,Adult,2023-12-01/P1M,83,,,
E08000011,Physical,Adult,2024-01-01/P1M,197,,,
E08000011,Physical,Adult,2024-02-01/P1M,177,,,
E08000011,Physical,Adult,2024-03-01/P1M,187,,,
E08000011,Physical,Under 12,2023-04-01/P1M,115,,,
E08000011,Physical,Under 12,2023-05-01/P1M,106,,,
E08000011,Physical,Under 12,2023-06-01/P1M,67,,,
E08000011,Physical,Under 12,2023-07-01/P1M,83,,,
E08000011,Physical,Under 12,2023-08-01/P1M,139,,,
E08000011,Physical,Under 12,2023-09-01/P1M,74,,,
E08000011,Physical,Under 12,2023-10-01/P1M,97,,,
E08000011,Physical,Under 12,2023-11-01/P1M,106,,,
E08000011,Physical,Under 12,2023-12-01/P1M,52,,,
E08000011,Physical,Under 12,2024-01-01/P1M,116,,,
E08000011,Physical,Under 12,2024-02-01/P1M,128,,,
E08000011,Physical,Under 12,2024-03-01/P1M,114,,,
E08000011,Physical,12-17,2023-04-01/P1Y,34,,,
E10000017,Physical,Unknown,2023-04-01/P1M,1997,,,
E10000017,Physical,Unknown,2023-05-01/P1M,2055,,,
E10000017,Physical,Unknown,2023-06-01/P1M,1211,,,
E10000017,Physical,Unknown,2023-07-01/P1M,2329,,,
E10000017,Physical,Unknown,2023-08-01/P1M,2384,,,
E10000017,Physical,Unknown,2023-09-01/P1M,2439,,,
E10000017,Physical,Unknown,2023-10-01/P1M,2674,,,
E10000017,Physical,Unknown,2023-11-01/P1M,2488,,,
E10000017,Physical,Unknown,2023-12-01/P1M,2324,,,
E10000017,Physical,Unknown,2024-01-01/P1M,2224,,,
E10000017,Physical,Unknown,2024-02-01/P1M,2310,,,
E10000017,Physical,Unknown,2024-03-01/P1M,2321,,,
E06000016,Physical,Adult,2023-04-01/P1M,340,,,
E06000016,Physical,Adult,2023-05-01/P1M,379,,,
E06000016,Physical,Adult,2023-06-01/P1M,411,,,
E06000016,Physical,Adult,2023-07-01/P1M,888,,,
E06000016,Physical,Adult,2023-08-01/P1M,461,,,
E06000016,Physical,Adult,2023-09-01/P1M,826,,,
E06000016,Physical,Adult,2023-10-01/P1M,849,,,
E06000016,Physical,Adult,2023-11-01/P1M,657,,,
E06000016,Physical,Adult,2023-12-01/P1M,503,,,
E06000016,Physical,Adult,2024-01-01/P1M,264,,,
E06000016,Physical,Adult,2024-02-01/P1M,195,,,
E06000016,Physical,Adult,2024-03-01/P1M,589,,,
E10000018,Physical,Unknown,2023-04-01/P1M,196,,,
E10000018,Physical,Unknown,2023-05-01/P1M,220,,,
E10000018,Physical,Unknown,2023-06-01/P1M,235,,,
E10000018,Physical,Unknown,2023-07-01/P1M,221,,,
E10000018,Physical,Unknown,2023-08-01/P1M,287,,,
E10000018,Physical,Unknown,2023-09-01/P1M,242,,,
E10000018,Physical,Unknown,2023-10-01/P1M,293,,,
E10000018,Physical,Unknown,2023-11-01/P1M,258,,,
E10000018,Physical,Unknown,2023-12-01/P1M,168,,,
E10000018,Physical,Unknown,2024-01-01/P1M,260,,,
E10000018,Physical,Unknown,2024-02-01/P1M,242,,,
E10000018,Physical,Unknown,2024-03-01/P1M,192,,,
E09000023,Physical,Unknown,2023-04-01/P1M,256,,,
E09000023,Physical,Unknown,2023-05-01/P1M,273,,,
E09000023,Physical,Unknown,2023-06-01/P1M,288,,,
E09000023,Physical,Unknown,2023-07-01/P1M,279,,,
E09000023,Physical,Unknown,2023-08-01/P1M,257,,,
E09000023,Physical,Unknown,2023-09-01/P1M,259,,,
E09000023,Physical,Unknown,2023-10-01/P1M,293,,,
E09000023,Physical,Unknown,2023-11-01/P1M,271,,,
E09000023,Physical,Unknown,2023-12-01/P1M,199,,,
E09000023,Physical,Unknown,2024-01-01/P1M,239,,,
E09000023,Physical,Unknown,2024-02-01/P1M,270,,,
E09000023,Physical,Unknown,2024-03-01/P1M,262,,,
E09000023,Digital,Unknown,2023-04-01/P1M,1,,,
E09000023,Digital,Unknown,2023-05-01/P1M,1,,,
E09000023,Digital,Unknown,2023-06-01/P1M,2,,,
E09000023,Digital,Unknown,2023-07-01/P1M,2,,,
E09000023,Digital,Unknown,2023-08-01/P1M,1,,,
E09000023,Digital,Unknown,2023-09-01/P1M,1,,,
E09000023,Digital,Unknown,2023-10-01/P1M,2,,,
E09000023,Digital,Unknown,2023-11-01/P1M,1,,,
E09000023,Digital,Unknown,2023-12-01/P1M,1,,,
E09000023,Digital,Unknown,2024-01-01/P1M,1,,,
E09000023,Digital,Unknown,2024-02-01/P1M,1,,,
E09000023,Digital,Unknown,2024-03-01/P1M,1,,,
E10000019,Physical,Unknown,2023-04-01/P1M,510,,,
E10000019,Physical,Unknown,2023-05-01/P1M,536,,,
E10000019,Physical,Unknown,2023-06-01/P1M,557,,,
E10000019,Physical,Unknown,2023-07-01/P1M,521,,,
E10000019,Physical,Unknown,2023-08-01/P1M,536,,,
E10000019,Physical,Unknown,2023-09-01/P1M,539,,,
E10000019,Physical,Unknown,2023-10-01/P1M,587,,,
E10000019,Physical,Unknown,2023-11-01/P1M,583,,,
E10000019,Physical,Unknown,2023-12-01/P1M,513,,,
E10000019,Physical,Unknown,2024-01-01/P1M,598,,,
E10000019,Physical,Unknown,2024-02-01/P1M,631,,,
E10000019,Physical,Unknown,2024-03-01/P1M,738,,,
E09000002,Physical,Under 12,2023-04-01/P1M,158,,,
E09000002,Physical,Under 12,2023-05-01/P1M,195,,,
E09000002,Physical,Under 12,2023-06-01/P1M,212,,,
E09000002,Physical,Under 12,2023-07-01/P1M,177,,,
E09000002,Physical,Under 12,2023-08-01/P1M,147,,,
E09000002,Physical,Under 12,2023-09-01/P1M,152,,,
E09000002,Physical,Under 12,2023-10-01/P1M,204,,,
E09000002,Physical,Under 12,2023-11-01/P1M,244,,,
E09000002,Physical,Under 12,2023-12-01/P1M,128,,,
E09000002,Physical,Under 12,2024-01-01/P1M,191,,,
E09000002,Physical,Under 12,2024-02-01/P1M,175,,,
E09000002,Physical,Under 12,2024-03-01/P1M,146,,,
E09000002,Physical,All ages,2023-04-01/P1M,143,,,
E09000002,Physical,All ages,2023-05-01/P1M,190,,,
E09000002,Physical,All ages,2023-06-01/P1M,189,,,
E09000002,Physical,All ages,2023-07-01/P1M,173,,,
E09000002,Physical,All ages,2023-08-01/P1M,179,,,
E09000002,Physical,All ages,2023-09-01/P1M,187,,,
E09000002,Physical,All ages,2023-10-01/P1M,215,,,
E09000002,Physical,All ages,2023-11-01/P1M,239,,,
E09000002,Physical,All ages,2023-12-01/P1M,145,,,
E09000002,Physical,All ages,2024-01-01/P1M,237,,,
E09000002,Physical,All ages,2024-02-01/P1M,232,,,
E09000002,Physical,All ages,2024-03-01/P1M,254,,,
E09000003,Physical,Adult,2023-04-01/P1M,53,,,
E09000003,Physical,Adult,2023-05-01/P1M,63,,,
E09000003,Physical,Adult,2023-06-01/P1M,65,,,
E09000003,Physical,Adult,2023-07-01/P1M,46,,,
E09000003,Physical,Adult,2023-08-01/P1M,26,,,
E09000003,Physical,Adult,2023-09-01/P1M,50,,,
E09000003,Physical,Adult,2023-10-01/P1M,53,,,
E09000003,Physical,Adult,2023-11-01/P1M,71,,,
E09000003,Physical,Adult,2023-12-01/P1M,44,,,
E09000003,Physical,Adult,2024-01-01/P1M,75,,,
E09000003,Physical,Adult,2024-02-01/P1M,67,,,
E09000003,Physical,Adult,2024-03-01/P1M,80,,,
E09000003,Physical,Under 12,2023-04-01/P1M,89,,,
E09000003,Physical,Under 12,2023-05-01/P1M,118,,,
E09000003,Physical,Under 12,2023-06-01/P1M,125,,,
E09000003,Physical,Under 12,2023-07-01/P1M,95,,,
E09000003,Physical,Under 12,2023-08-01/P1M,37,,,
E09000003,Physical,Under 12,2023-09-01/P1M,75,,,
E09000003,Physical,Under 12,2023-10-01/P1M,98,,,
E09000003,Physical,Under 12,2023-11-01/P1M,127,,,
E09000003,Physical,Under 12,2023-12-01/P1M,82,,,
E09000003,Physical,Under 12,2024-01-01/P1M,106,,,
E09000003,Physical,Under 12,2024-02-01/P1M,99,,,
E09000003,Physical,Under 12,2024-03-01/P1M,135,,,
E09000003,Physical,12-17,2023-04-01/P1M,4,,,
E09000003,Physical,12-17,2023-05-01/P1M,1,,,
E09000003,Physical,12-17,2023-06-01/P1M,3,,,
E09000003,Physical,12-17,2023-07-01/P1M,2,,,
E09000003,Physical,12-17,2023-08-01/P1M,1,,,
E09000003,Physical,12-17,2023-09-01/P1M,1,,,
E09000003,Physical,12-17,2023-10-01/P1M,3,,,
E09000003,Physical,12-17,2023-11-01/P1M,3,,,
E09000003,Physical,12-17,2023-12-01/P1M,2,,,
E09000003,Physical,12-17,2024-02-01/P1M,5,,,
E09000003,Physical,12-17,2024-03-01/P1M,1,,,
E09000003,Physical,All ages,2023-05-01/P1M,1,,,
E09000003,Physical,All ages,2023-06-01/P1M,1,,,
E09000003,Physical,All ages,2023-07-01/P1M,1,,,
E09000003,Physical,All ages,2023-08-01/P1M,5,,,
E09000003,Physical,All ages,2023-09-01/P1M,10,,,
E09000003,Physical,All ages,2023-10-01/P1M,18,,,
E09000003,Physical,All ages,2023-11-01/P1M,8,,,
E09000003,Physical,All ages,2023-12-01/P1M,11,,,
E09000003,Physical,All ages,2024-01-01/P1M,11,,,
E09000003,Physical,All ages,2024-02-01/P1M,26,,,
E09000003,Physical,All ages,2024-03-01/P1M,10,,,
E09000003,Digital,Adult,2023-04-01/P1M,3,,,
E09000003,Digital,Adult,2023-05-01/P1M,6,,,
E09000003,Digital,Adult,2023-06-01/P1M,6,,,
E09000003,Digital,Adult,2023-07-01/P1M,6,,,
E09000003,Digital,Adult,2023-08-01/P1M,2,,,
E09000003,Digital,Adult,2023-09-01/P1M,8,,,
E09000003,Digital,Adult,2023-10-01/P1M,5,,,
E09000003,Digital,Adult,2023-11-01/P1M,9,,,
E09000003,Digital,Adult,2023-12-01/P1M,6,,,
E09000003,Digital,Adult,2024-01-01/P1M,6,,,
E09000003,Digital,Adult,2024-02-01/P1M,8,,,
E09000003,Digital,Adult,2024-03-01/P1M,9,,,
E09000003,Digital,Under 12,2023-07-01/P1M,2,,,
E09000003,Digital,Under 12,2023-12-01/P1M,1,,,
E09000007,Physical,Adult,2023-04-01/P1M,85,,,
E09000007,Physical,Adult,2023-05-01/P1M,116,,,
E09000007,Physical,Adult,2023-06-01/P1M,69,,,
E09000007,Physical,Adult,2023-07-01/P1M,70,,,
E09000007,Physical,Adult,2023-08-01/P1M,69,,,
E09000007,Physical,Adult,2023-09-01/P1M,69,,,
E09000007,Physical,Adult,2023-10-01/P1M,93,,,
E09000007,Physical,Adult,2023-11-01/P1M,91,,,
E09000007,Physical,Adult,2023-12-01/P1M,68,,,
E09000007,Physical,Adult,2024-01-01/P1M,134,,,
E09000007,Physical,Adult,2024-02-01/P1M,90,,,
E09000007,Physical,Adult,2024-03-01/P1M,97,,,
E09000007,Physical,Under 12,2023-04-01/P1M,107,,,
E09000007,Physical,Under 12,2023-05-01/P1M,126,,,
E09000007,Physical,Under 12,2023-06-01/P1M,102,,,
E09000007,Physical,Under 12,2023-07-01/P1M,129,,,
E09000007,Physical,Under 12,2023-08-01/P1M,92,,,
E09000007,Physical,Under 12,2023-09-01/P1M,128,,,
E09000007,Physical,Under 12,2023-10-01/P1M,160,,,
E09000007,Physical,Under 12,2023-11-01/P1M,166,,,
E09000007,Physical,Under 12,2023-12-01/P1M,123,,,
E09000007,Physical,Under 12,2024-01-01/P1M,134,,,
E09000007,Physical,Under 12,2024-02-01/P1M,131,,,
E09000007,Physical,Under 12,2024-03-01/P1M,134,,,
E09000007,Digital,Adult,2023-05-01/P1M,1,,,
E09000007,Digital,Adult,2023-11-01/P1M,2,,,
E09000009,Physical,Unknown,2023-04-01/P1M,346,,,
E09000009,Physical,Unknown,2023-05-01/P1M,300,,,
E09000009,Physical,Unknown,2023-06-01/P1M,300,,,
E09000009,Physical,Unknown,2023-07-01/P1M,281,,,
E09000009,Physical,Unknown,2023-08-01/P1M,315,,,
E09000009,Physical,Unknown,2023-09-01/P1M,397,,,
E09000009,Physical,Unknown,2023-10-01/P1M,353,,,
E09000009,Physical,Unknown,2023-11-01/P1M,356,,,
E09000009,Physical,Unknown,2023-12-01/P1M,239,,,
E09000009,Physical,Unknown,2024-01-01/P1M,336,,,
E09000009,Physical,Unknown,2024-02-01/P1M,375,,,
E09000009,Physical,Unknown,2024-03-01/P1M,355,,,
E09000017,Physical,Adult,2023-04-01/P1M,221,,,
E09000017,Physical,Adult,2023-05-01/P1M,254,,,
E09000017,Physical,Adult,2023-06-01/P1M,237,,,
E09000017,Physical,Adult,2023-07-01/P1M,225,,,
E09000017,Physical,Adult,2023-08-01/P1M,192,,,
E09000017,Physical,Adult,2023-09-01/P1M,237,,,
E09000017,Physical,Adult,2023-10-01/P1M,270,,,
E09000017,Physical,Adult,2023-11-01/P1M,251,,,
E09000017,Physical,Adult,2023-12-01/P1M,199,,,
E09000017,Physical,Adult,2024-01-01/P1M,245,,,
E09000017,Physical,Adult,2024-02-01/P1M,220,,,
E09000017,Physical,Adult,2024-03-01/P1M,196,,,
E09000017,Physical,Under 12,2023-04-01/P1M,180,,,
E09000017,Physical,Under 12,2023-05-01/P1M,231,,,
E09000017,Physical,Under 12,2023-06-01/P1M,251,,,
E09000017,Physical,Under 12,2023-07-01/P1M,208,,,
E09000017,Physical,Under 12,2023-08-01/P1M,90,,,
E09000017,Physical,Under 12,2023-09-01/P1M,201,,,
E09000017,Physical,Under 12,2023-10-01/P1M,245,,,
E09000017,Physical,Under 12,2023-11-01/P1M,260,,,
E09000017,Physical,Under 12,2023-12-01/P1M,159,,,
E09000017,Physical,Under 12,2024-01-01/P1M,205,,,
E09000017,Physical,Under 12,2024-02-01/P1M,211,,,
E09000017,Physical,Under 12,2024-03-01/P1M,263,,,
E09000017,Physical,12-17,2023-04-01/P1M,15,,,
E09000017,Physical,12-17,2023-05-01/P1M,26,,,
E09000017,Physical,12-17,2023-06-01/P1M,11,,,
E09000017,Physical,12-17,2023-07-01/P1M,15,,,
E09000017,Physical,12-17,2023-08-01/P1M,19,,,
E09000017,Physical,12-17,2023-09-01/P1M,20,,,
E09000017,Physical,12-17,2023-10-01/P1M,68,,,
E09000017,Physical,12-17,2023-11-01/P1M,35,,,
E09000017,Physical,12-17,2023-12-01/P1M,23,,,
E09000017,Physical,12-17,2024-01-01/P1M,38,,,
E09000017,Physical,12-17,2024-02-01/P1M,39,,,
E09000017,Physical,12-17,2024-03-01/P1M,28,,,
E09000017,Physical,All ages,2023-04-01/P1M,57,,,
E09000017,Physical,All ages,2023-05-01/P1M,58,,,
E09000017,Physical,All ages,2023-06-01/P1M,68,,,
E09000017,Physical,All ages,2023-07-01/P1M,69,,,
E09000017,Physical,All ages,2023-08-01/P1M,75,,,
E09000017,Physical,All ages,2023-09-01/P1M,52,,,
E09000017,Physical,All ages,2023-10-01/P1M,87,,,
E09000017,Physical,All ages,2023-11-01/P1M,81,,,
E09000017,Physical,All ages,2023-12-01/P1M,84,,,
E09000017,Physical,All ages,2024-01-01/P1M,101,,,
E09000017,Physical,All ages,2024-02-01/P1M,121,,,
E09000017,Physical,All ages,2024-03-01/P1M,133,,,
E09000017,Digital,Under 12,2023-07-01/P1M,1,,,
E09000017,Digital,Under 12,2023-11-01/P1M,1,,,
E09000017,Digital,12-17,2023-04-01/P1M,1,,,
E09000017,Digital,12-17,2023-05-01/P1M,1,,,
E09000017,Digital,12-17,2023-06-01/P1M,4,,,
E09000017,Digital,12-17,2023-07-01/P1M,2,,,
E09000017,Digital,12-17,2023-09-01/P1M,2,,,
E09000017,Digital,12-17,2023-10-01/P1M,2,,,
E09000017,Digital,12-17,2023-11-01/P1M,1,,,
E09000017,Digital,12-17,2023-12-01/P1M,3,,,
E09000017,Digital,12-17,2024-01-01/P1M,3,,,
E09000017,Digital,12-17,2024-02-01/P1M,3,,,
E09000017,Digital,12-17,2024-03-01/P1M,1,,,
E09000018,Physical,Adult,2023-04-01/P3M,42,,,
E09000018,Physical,Adult,2023-07-01/P3M,42,,,
E09000018,Physical,Adult,2023-10-01/P3M,42,,,
E09000018,Physical,Adult,2024-01-01/P3M,42,,,
E09000018,Physical,Under 12,2023-04-01/P3M,150,,,
E09000018,Physical,Under 12,2023-07-01/P3M,194,,,
E09000018,Physical,Under 12,2023-10-01/P3M,150,,,
E09000018,Physical,Under 12,2024-01-01/P3M,139,,,
E09000027,Physical,Adult,2023-04-01/P1M,64,,,
E09000027,Physical,Adult,2023-05-01/P1M,141,,,
E09000027,Physical,Adult,2023-06-01/P1M,109,,,
E09000027,Physical,Adult,2023-07-01/P1M,99,,,
E09000027,Physical,Adult,2023-08-01/P1M,54,,,
E09000027,Physical,Adult,2023-09-01/P1M,104,,,
E09000027,Physical,Adult,2023-10-01/P1M,85,,,
E09000027,Physical,Adult,2023-11-01/P1M,105,,,
E09000027,Physical,Adult,2023-12-01/P1M,51,,,
E09000027,Physical,Adult,2024-01-01/P1M,106,,,
E09000027,Physical,Adult,2024-02-01/P1M,118,,,
E09000027,Physical,Adult,2024-03-01/P1M,122,,,
E09000027,Physical,Under 12,2023-04-01/P1M,97,,,
E09000027,Physical,Under 12,2023-05-01/P1M,96,,,
E09000027,Physical,Under 12,2023-06-01/P1M,92,,,
E09000027,Physical,Under 12,2023-07-01/P1M,98,,,
E09000027,Physical,Under 12,2023-08-01/P1M,209,,,
E09000027,Physical,Under 12,2023-09-01/P1M,104,,,
E09000027,Physical,Under 12,2023-10-01/P1M,125,,,
E09000027,Physical,Under 12,2023-11-01/P1M,125,,,
E09000027,Physical,Under 12,2023-12-01/P1M,94,,,
E09000027,Physical,Under 12,2024-01-01/P1M,130,,,
E09000027,Physical,Under 12,2024-02-01/P1M,122,,,
E09000027,Physical,Under 12,2024-03-01/P1M,122,,,
E09000029,Physical,Adult,2023-04-01/P1M,78,,,
E09000029,Physical,Adult,2023-05-01/P1M,120,,,
E09000029,Physical,Adult,2023-06-01/P1M,106,,,
E09000029,Physical,Adult,2023-07-01/P1M,108,,,
E09000029,Physical,Adult,2023-08-01/P1M,74,,,
E09000029,Physical,Adult,2023-09-01/P1M,108,,,
E09000029,Physical,Adult,2023-10-01/P1M,112,,,
E09000029,Physical,Adult,2023-11-01/P1M,136,,,
E09000029,Physical,Adult,2023-12-01/P1M,78,,,
E09000029,Physical,Adult,2024-01-01/P1M,122,,,
E09000029,Physical,Adult,2024-02-01/P1M,114,,,
E09000029,Physical,Adult,2024-03-01/P1M,127,,,
E09000029,Physical,Under 12,2023-04-01/P1M,87,,,
E09000029,Physical,Under 12,2023-05-01/P1M,89,,,
E09000029,Physical,Under 12,2023-06-01/P1M,90,,,
E09000029,Physical,Under 12,2023-07-01/P1M,88,,,
E09000029,Physical,Under 12,2023-08-01/P1M,115,,,
E09000029,Physical,Under 12,2023-09-01/P1M,102,,,
E09000029,Physical,Under 12,2023-10-01/P1M,95,,,
E09000029,Physical,Under 12,2023-11-01/P1M,127,,,
E09000029,Physical,Under 12,2023-12-01/P1M,100,,,
E09000029,Physical,Under 12,2024-01-01/P1M,137,,,
E09000029,Physical,Under 12,2024-02-01/P1M,120,,,
E09000029,Physical,Under 12,2024-03-01/P1M,116,,,
E06000032,Physical,Unknown,2023-04-01/P1M,62,,,
E06000032,Physical,Unknown,2023-05-01/P1M,97,,,
E06000032,Physical,Unknown,2023-06-01/P1M,135,,,
E06000032,Physical,Unknown,2023-07-01/P1M,135,,,
E06000032,Physical,Unknown,2023-08-01/P1M,75,,,
E06000032,Physical,Unknown,2023-09-01/P1M,125,,,
E06000032,Physical,Unknown,2023-10-01/P1M,106,,,
E06000032,Physical,Unknown,2023-11-01/P1M,154,,,
E06000032,Physical,Unknown,2023-12-01/P1M,83,,,
E06000032,Physical,Unknown,2024-01-01/P1M,139,,,
E06000032,Physical,Unknown,2024-02-01/P1M,140,,,
E06000032,Physical,Unknown,2024-03-01/P1M,145,,,
E08000003,Physical,Unknown,2023-04-01/P1M,919,,,
E08000003,Physical,Unknown,2023-05-01/P1M,921,,,
E08000003,Physical,Unknown,2023-06-01/P1M,951,,,
E08000003,Physical,Unknown,2023-07-01/P1M,1010,,,
E08000003,Physical,Unknown,2023-08-01/P1M,940,,,
E08000003,Physical,Unknown,2023-09-01/P1M,987,,,
E08000003,Physical,Unknown,2023-10-01/P1M,1096,,,
E08000003,Physical,Unknown,2023-11-01/P1M,1282,,,
E08000003,Physical,Unknown,2023-12-01/P1M,814,,,
E08000003,Physical,Unknown,2024-01-01/P1M,1214,,,
E08000003,Physical,Unknown,2024-02-01/P1M,1358,,,
E08000003,Physical,Unknown,2024-03-01/P1M,1098,,,
E08000003,Digital,Unknown,2023-04-01/P1M,13,,,
E08000003,Digital,Unknown,2023-05-01/P1M,13,,,
E08000003,Digital,Unknown,2023-06-01/P1M,11,,,
E08000003,Digital,Unknown,2023-07-01/P1M,8,,,
E08000003,Digital,Unknown,2023-08-01/P1M,8,,,
E08000003,Digital,Unknown,2023-09-01/P1M,8,,,
E08000003,Digital,Unknown,2023-10-01/P1M,4,,,
E08000003,Digital,Unknown,2023-11-01/P1M,9,,,
E08000003,Digital,Unknown,2023-12-01/P1M,8,,,
E08000003,Digital,Unknown,2024-01-01/P1M,5,,,
E08000003,Digital,Unknown,2024-02-01/P1M,10,,,
E08000003,Digital,Unknown,2024-03-01/P1M,10,,,
E09000024,Physical,Adult,2023-04-01/P1M,274,,,
E09000024,Physical,Adult,2023-05-01/P1M,335,,,
E09000024,Physical,Adult,2023-06-01/P1M,373,,,
E09000024,Physical,Adult,2023-07-01/P1M,379,,,
E09000024,Physical,Adult,2023-08-01/P1M,249,,,
E09000024,Physical,Adult,2023-09-01/P1M,352,,,
E09000024,Physical,Adult,2023-10-01/P1M,433,,,
E09000024,Physical,Adult,2023-11-01/P1M,434,,,
E09000024,Physical,Adult,2023-12-01/P1M,251,,,
E09000024,Physical,Adult,2024-01-01/P1M,420,,,
E09000024,Physical,Adult,2024-02-01/P1M,448,,,
E09000024,Physical,Adult,2024-03-01/P1M,409,,,
E09000024,Physical,Under 12,2023-04-01/P1M,159,,,
E09000024,Physical,Under 12,2023-05-01/P1M,217,,,
E09000024,Physical,Under 12,2023-06-01/P1M,213,,,
E09000024,Physical,Under 12,2023-07-01/P1M,197,,,
E09000024,Physical,Under 12,2023-08-01/P1M,210,,,
E09000024,Physical,Under 12,2023-09-01/P1M,247,,,
E09000024,Physical,Under 12,2023-10-01/P1M,293,,,
E09000024,Physical,Under 12,2023-11-01/P1M,276,,,
E09000024,Physical,Under 12,2023-12-01/P1M,214,,,
E09000024,Physical,Under 12,2024-01-01/P1M,254,,,
E09000024,Physical,Under 12,2024-02-01/P1M,276,,,
E09000024,Physical,Under 12,2024-03-01/P1M,311,,,
E09000024,Physical,12-17,2023-04-01/P1M,10,,,
E09000024,Physical,12-17,2023-05-01/P1M,2,,,
E09000024,Physical,12-17,2023-06-01/P1M,2,,,
E09000024,Physical,12-17,2023-07-01/P1M,24,,,
E09000024,Physical,12-17,2023-08-01/P1M,2,,,
E09000024,Physical,12-17,2023-09-01/P1M,3,,,
E09000024,Physical,12-17,2023-10-01/P1M,5,,,
E09000024,Physical,12-17,2023-11-01/P1M,5,,,
E09000024,Physical,12-17,2024-01-01/P1M,4,,,
E09000024,Physical,12-17,2024-02-01/P1M,3,,,
E09000024,Physical,12-17,2024-03-01/P1M,5,,,
E09000024,Physical,All ages,2023-04-01/P1M,46,,,
E09000024,Physical,All ages,2023-05-01/P1M,47,,,
E09000024,Physical,All ages,2023-06-01/P1M,27,,,
E09000024,Physical,All ages,2023-07-01/P1M,49,,,
E09000024,Physical,All ages,2023-08-01/P1M,45,,,
E09000024,Physical,All ages,2023-09-01/P1M,35,,,
E09000024,Physical,All ages,2023-10-01/P1M,46,,,
E09000024,Physical,All ages,2023-11-01/P1M,40,,,
E09000024,Physical,All ages,2023-12-01/P1M,38,,,
E09000024,Physical,All ages,2024-01-01/P1M,33,,,
E09000024,Physical,All ages,2024-02-01/P1M,39,,,
E09000024,Physical,All ages,2024-03-01/P1M,38,,,
E08000021,Physical,Unknown,2023-04-01/P1M,98,,,
E08000021,Physical,Unknown,2023-05-01/P1M,120,,,
E08000021,Physical,Unknown,2023-06-01/P1M,102,,,
E08000021,Physical,Unknown,2023-07-01/P1M,106,,,
E08000021,Physical,Unknown,2023-08-01/P1M,103,,,
E08000021,Physical,Unknown,2023-09-01/P1M,109,,,
E08000021,Physical,Unknown,2023-10-01/P1M,152,,,
E08000021,Physical,Unknown,2023-11-01/P1M,152,,,
E08000021,Physical,Unknown,2023-12-01/P1M,86,,,
E08000021,Physical,Unknown,2024-01-01/P1M,171,,,
E08000021,Physical,Unknown,2024-02-01/P1M,206,,,
E08000021,Physical,Unknown,2024-03-01/P1M,147,,,
E08000021,Digital,Unknown,2023-04-01/P1Y,3,,,
E09000025,Physical,Unknown,2023-04-01/P1M,922,,,
E09000025,Physical,Unknown,2023-05-01/P1M,1139,,,
E09000025,Physical,Unknown,2023-06-01/P1M,1110,,,
E09000025,Physical,Unknown,2023-07-01/P1M,1106,,,
E09000025,Physical,Unknown,2023-08-01/P1M,1133,,,
E09000025,Physical,Unknown,2023-09-01/P1M,1065,,,
E09000025,Physical,Unknown,2023-10-01/P1M,1237,,,
E09000025,Physical,Unknown,2023-11-01/P1M,1211,,,
E09000025,Physical,Unknown,2023-12-01/P1M,1185,,,
E09000025,Physical,Unknown,2024-01-01/P1M,1137,,,
E09000025,Physical,Unknown,2024-02-01/P1M,1260,,,
E09000025,Physical,Unknown,2024-03-01/P1M,1261,,,
E10000020,Physical,Unknown,2023-04-01/P1Y,7076,,,
E10000020,Digital,Unknown,2023-04-01/P1Y,653,,,
E06000012,Physical,Adult,2023-04-01/P1M,6,,,
E06000012,Physical,Adult,2023-05-01/P1M,16,,,
E06000012,Physical,Adult,2023-06-01/P1M,7,,,
E06000012,Physical,Adult,2023-07-01/P1M,13,,,
E06000012,Physical,Adult,2023-08-01/P1M,5,,,
E06000012,Physical,Adult,2023-09-01/P1M,9,,,
E06000012,Physical,Adult,2023-10-01/P1M,14,,,
E06000012,Physical,Adult,2023-11-01/P1M,8,,,
E06000012,Physical,Adult,2023-12-01/P1M,4,,,
E06000012,Physical,Adult,2024-01-01/P1M,9,,,
E06000012,Physical,Adult,2024-02-01/P1M,7,,,
E06000012,Physical,Adult,2024-03-01/P1M,5,,,
E06000012,Physical,Under 12,2023-04-01/P1M,27,,,
E06000012,Physical,Under 12,2023-05-01/P1M,36,,,
E06000012,Physical,Under 12,2023-06-01/P1M,29,,,
E06000012,Physical,Under 12,2023-07-01/P1M,27,,,
E06000012,Physical,Under 12,2023-08-01/P1M,32,,,
E06000012,Physical,Under 12,2023-09-01/P1M,32,,,
E06000012,Physical,Under 12,2023-10-01/P1M,33,,,
E06000012,Physical,Under 12,2023-11-01/P1M,37,,,
E06000012,Physical,Under 12,2023-12-01/P1M,21,,,
E06000012,Physical,Under 12,2024-01-01/P1M,32,,,
E06000012,Physical,Under 12,2024-02-01/P1M,37,,,
E06000012,Physical,Under 12,2024-03-01/P1M,31,,,
E06000012,Digital,Adult,2023-04-01/P1M,2,,,
E06000012,Digital,Adult,2023-05-01/P1M,6,,,
E06000012,Digital,Adult,2023-06-01/P1M,2,,,
E06000012,Digital,Adult,2023-07-01/P1M,1,,,
E06000012,Digital,Adult,2023-08-01/P1M,1,,,
E06000012,Digital,Adult,2023-09-01/P1M,1,,,
E06000012,Digital,Adult,2023-10-01/P1M,2,,,
E06000012,Digital,Adult,2023-11-01/P1M,8,,,
E06000012,Digital,Adult,2024-01-01/P1M,2,,,
E06000012,Digital,Adult,2024-02-01/P1M,2,,,
E06000012,Digital,Adult,2024-03-01/P1M,4,,,
E06000013,Physical,Adult,2023-04-01/P1M,3,,,
E06000013,Physical,Adult,2023-05-01/P1M,9,,,
E06000013,Physical,Adult,2023-06-01/P1M,4,,,
E06000013,Physical,Adult,2023-07-01/P1M,3,,,
E06000013,Physical,Adult,2023-08-01/P1M,3,,,
E06000013,Physical,Adult,2023-09-01/P1M,7,,,
E06000013,Physical,Adult,2023-10-01/P1M,10,,,
E06000013,Physical,Adult,2023-11-01/P1M,10,,,
E06000013,Physical,Adult,2023-12-01/P1M,6,,,
E06000013,Physical,Adult,2024-01-01/P1M,5,,,
E06000013,Physical,Adult,2024-02-01/P1M,7,,,
E06000013,Physical,Adult,2024-03-01/P1M,5,,,
E06000013,Physical,Under 12,2023-04-01/P1M,30,,,
E06000013,Physical,Under 12,2023-05-01/P1M,35,,,
E06000013,Physical,Under 12,2023-06-01/P1M,21,,,
E06000013,Physical,Under 12,2023-07-01/P1M,21,,,
E06000013,Physical,Under 12,2023-08-01/P1M,38,,,
E06000013,Physical,Under 12,2023-09-01/P1M,10,,,
E06000013,Physical,Under 12,2023-10-01/P1M,15,,,
E06000013,Physical,Under 12,2023-11-01/P1M,15,,,
E06000013,Physical,Under 12,2023-12-01/P1M,4,,,
E06000013,Physical,Under 12,2024-01-01/P1M,13,,,
E06000013,Physical,Under 12,2024-02-01/P1M,23,,,
E06000013,Physical,Under 12,2024-03-01/P1M,17,,,
E06000013,Physical,12-17,2023-08-01/P1M,6,,,
E06000013,Physical,12-17,2024-02-01/P1M,1,,,
E06000013,Physical,12-17,2024-03-01/P1M,1,,,
E06000013,Physical,All ages,2023-04-01/P1M,4,,,
E06000013,Physical,All ages,2023-05-01/P1M,6,,,
E06000013,Physical,All ages,2023-06-01/P1M,6,,,
E06000013,Physical,All ages,2023-07-01/P1M,5,,,
E06000013,Physical,All ages,2023-08-01/P1M,5,,,
E06000013,Physical,All ages,2023-09-01/P1M,5,,,
E06000013,Physical,All ages,2023-10-01/P1M,5,,,
E06000013,Physical,All ages,2023-11-01/P1M,6,,,
E06000013,Physical,All ages,2023-12-01/P1M,4,,,
E06000013,Physical,All ages,2024-01-01/P1M,5,,,
E06000013,Physical,All ages,2024-02-01/P1M,5,,,
E06000013,Physical,All ages,2024-03-01/P1M,9,,,
E06000024,Physical,Adult,2023-04-01/P3M,359,,,
E06000024,Physical,Adult,2023-07-01/P3M,383,,,
E06000024,Physical,Adult,2023-10-01/P3M,382,,,
E06000024,Physical,Adult,2024-01-01/P3M,410,,,
E06000024,Physical,Under 12,2023-04-01/P3M,431,,,
E06000024,Physical,Under 12,2023-07-01/P3M,391,,,
E06000024,Physical,Under 12,2023-10-01/P3M,473,,,
E06000024,Physical,Under 12,2024-01-01/P3M,528,,,
E06000024,Physical,12-17,2023-04-01/P3M,2,,,
E06000024,Physical,12-17,2023-07-01/P3M,7,,,
E06000024,Physical,12-17,2023-10-01/P3M,6,,,
E06000024,Physical,12-17,2024-01-01/P3M,17,,,
E08000022,Physical,Adult,2023-04-01/P1M,65,,,
E08000022,Physical,Adult,2023-05-01/P1M,80,,,
E08000022,Physical,Adult,2023-06-01/P1M,73,,,
E08000022,Physical,Adult,2023-07-01/P1M,67,,,
E08000022,Physical,Adult,2023-08-01/P1M,58,,,
E08000022,Physical,Adult,2023-09-01/P1M,67,,,
E08000022,Physical,Adult,2023-10-01/P1M,73,,,
E08000022,Physical,Adult,2023-11-01/P1M,73,,,
E08000022,Physical,Adult,2023-12-01/P1M,60,,,
E08000022,Physical,Adult,2024-01-01/P1M,61,,,
E08000022,Physical,Adult,2024-02-01/P1M,58,,,
E08000022,Physical,Adult,2024-03-01/P1M,55,,,
E08000022,Physical,Under 12,2023-04-01/P1M,128,,,
E08000022,Physical,Under 12,2023-05-01/P1M,116,,,
E08000022,Physical,Under 12,2023-06-01/P1M,115,,,
E08000022,Physical,Under 12,2023-07-01/P1M,116,,,
E08000022,Physical,Under 12,2023-08-01/P1M,177,,,
E08000022,Physical,Under 12,2023-09-01/P1M,109,,,
E08000022,Physical,Under 12,2023-10-01/P1M,128,,,
E08000022,Physical,Under 12,2023-11-01/P1M,129,,,
E08000022,Physical,Under 12,2023-12-01/P1M,118,,,
E08000022,Physical,Under 12,2024-01-01/P1M,142,,,
E08000022,Physical,Under 12,2024-02-01/P1M,150,,,
E08000022,Physical,Under 12,2024-03-01/P1M,130,,,
E06000065,Physical,Adult,2023-04-01/P1M,95,,,
E06000065,Physical,Adult,2023-05-01/P1M,97,,,
E06000065,Physical,Adult,2023-06-01/P1M,106,,,
E06000065,Physical,Adult,2023-07-01/P1M,100,,,
E06000065,Physical,Adult,2023-08-01/P1M,91,,,
E06000065,Physical,Adult,2023-09-01/P1M,119,,,
E06000065,Physical,Adult,2023-10-01/P1M,145,,,
E06000065,Physical,Adult,2023-11-01/P1M,159,,,
E06000065,Physical,Adult,2023-12-01/P1M,97,,,
E06000065,Physical,Adult,2024-01-01/P1M,123,,,
E06000065,Physical,Adult,2024-02-01/P1M,159,,,
E06000065,Physical,Adult,2024-03-01/P1M,139,,,
E06000065,Physical,Under 12,2023-04-01/P1M,231,,,
E06000065,Physical,Under 12,2023-05-01/P1M,293,,,
E06000065,Physical,Under 12,2023-06-01/P1M,325,,,
E06000065,Physical,Under 12,2023-07-01/P1M,334,,,
E06000065,Physical,Under 12,2023-08-01/P1M,242,,,
E06000065,Physical,Under 12,2023-09-01/P1M,254,,,
E06000065,Physical,Under 12,2023-10-01/P1M,348,,,
E06000065,Physical,Under 12,2023-11-01/P1M,381,,,
E06000065,Physical,Under 12,2023-12-01/P1M,249,,,
E06000065,Physical,Under 12,2024-01-01/P1M,286,,,
E06000065,Physical,Under 12,2024-02-01/P1M,323,,,
E06000065,Physical,Under 12,2024-03-01/P1M,313,,,
E06000065,Physical,12-17,2023-04-01/P1M,30,,,
E06000065,Physical,12-17,2023-05-01/P1M,13,,,
E06000065,Physical,12-17,2023-06-01/P1M,7,,,
E06000065,Physical,12-17,2023-07-01/P1M,15,,,
E06000065,Physical,12-17,2023-08-01/P1M,14,,,
E06000065,Physical,12-17,2023-09-01/P1M,18,,,
E06000065,Physical,12-17,2023-10-01/P1M,18,,,
E06000065,Physical,12-17,2023-11-01/P1M,27,,,
E06000065,Physical,12-17,2023-12-01/P1M,25,,,
E06000065,Physical,12-17,2024-01-01/P1M,34,,,
E06000065,Physical,12-17,2024-02-01/P1M,31,,,
E06000065,Physical,12-17,2024-03-01/P1M,36,,,
E06000065,Physical,All ages,2023-04-01/P1M,271,,,
E06000065,Physical,All ages,2023-05-01/P1M,325,,,
E06000065,Physical,All ages,2023-06-01/P1M,303,,,
E06000065,Physical,All ages,2023-07-01/P1M,299,,,
E06000065,Physical,All ages,2023-08-01/P1M,294,,,
E06000065,Physical,All ages,2023-09-01/P1M,314,,,
E06000065,Physical,All ages,2023-10-01/P1M,363,,,
E06000065,Physical,All ages,2023-11-01/P1M,379,,,
E06000065,Physical,All ages,2023-12-01/P1M,293,,,
E06000065,Physical,All ages,2024-01-01/P1M,341,,,
E06000065,Physical,All ages,2024-02-01/P1M,355,,,
E06000065,Physical,All ages,2024-03-01/P1M,373,,,
E06000065,Digital,Unknown,2023-10-01/P1M,1,,,
E06000065,Digital,Unknown,2024-03-01/P1M,1,,,
E06000057,Physical,Adult,2023-06-01/P1M,42,,,
E06000057,Physical,Adult,2023-07-01/P1M,79,,,
E06000057,Physical,Adult,2023-08-01/P1M,73,,,
E06000057,Physical,Adult,2023-09-01/P1M,112,,,
E06000057,Physical,Adult,2023-10-01/P1M,157,,,
E06000057,Physical,Adult,2023-11-01/P1M,155,,,
E06000057,Physical,Adult,2023-12-01/P1M,96,,,
E06000057,Physical,Adult,2024-01-01/P1M,133,,,
E06000057,Physical,Adult,2024-02-01/P1M,169,,,
E06000057,Physical,Adult,2024-03-01/P1M,149,,,
E06000057,Physical,Under 12,2023-06-01/P1M,13,,,
E06000057,Physical,Under 12,2023-07-01/P1M,76,,,
E06000057,Physical,Under 12,2023-08-01/P1M,91,,,
E06000057,Physical,Under 12,2023-09-01/P1M,88,,,
E06000057,Physical,Under 12,2023-10-01/P1M,108,,,
E06000057,Physical,Under 12,2023-11-01/P1M,11,,,
E06000057,Physical,Under 12,2023-12-01/P1M,67,,,
E06000057,Physical,Under 12,2024-01-01/P1M,97,,,
E06000057,Physical,Under 12,2024-02-01/P1M,115,,,
E06000057,Physical,Under 12,2024-03-01/P1M,145,,,
E06000057,Digital,Adult,2023-09-01/P1M,1,,,
E06000057,Digital,Adult,2023-11-01/P1M,1,,,
E06000018,Physical,Adult,2023-04-01/P1M,171,,,
E06000018,Physical,Adult,2023-05-01/P1M,167,,,
E06000018,Physical,Adult,2023-06-01/P1M,189,,,
E06000018,Physical,Adult,2023-07-01/P1M,202,,,
E06000018,Physical,Adult,2023-08-01/P1M,149,,,
E06000018,Physical,Adult,2023-09-01/P1M,189,,,
E06000018,Physical,Adult,2023-10-01/P1M,219,,,
E06000018,Physical,Adult,2023-11-01/P1M,198,,,
E06000018,Physical,Adult,2023-12-01/P1M,201,,,
E06000018,Physical,Adult,2024-01-01/P1M,253,,,
E06000018,Physical,Adult,2024-02-01/P1M,258,,,
E06000018,Physical,Adult,2024-03-01/P1M,264,,,
E06000018,Physical,Under 12,2023-04-01/P1M,115,,,
E06000018,Physical,Under 12,2023-05-01/P1M,117,,,
E06000018,Physical,Under 12,2023-06-01/P1M,157,,,
E06000018,Physical,Under 12,2023-07-01/P1M,116,,,
E06000018,Physical,Under 12,2023-08-01/P1M,106,,,
E06000018,Physical,Under 12,2023-09-01/P1M,147,,,
E06000018,Physical,Under 12,2023-10-01/P1M,171,,,
E06000018,Physical,Under 12,2023-11-01/P1M,194,,,
E06000018,Physical,Under 12,2023-12-01/P1M,127,,,
E06000018,Physical,Under 12,2024-01-01/P1M,184,,,
E06000018,Physical,Under 12,2024-02-01/P1M,198,,,
E06000018,Physical,Under 12,2024-03-01/P1M,194,,,
E06000018,Digital,Adult,2023-04-01/P1M,13,,,
E06000018,Digital,Adult,2023-05-01/P1M,21,,,
E06000018,Digital,Adult,2023-06-01/P1M,26,,,
E06000018,Digital,Adult,2023-07-01/P1M,24,,,
E06000018,Digital,Adult,2023-08-01/P1M,23,,,
E06000018,Digital,Adult,2023-09-01/P1M,24,,,
E06000018,Digital,Adult,2023-10-01/P1M,29,,,
E06000018,Digital,Adult,2023-11-01/P1M,35,,,
E06000018,Digital,Adult,2023-12-01/P1M,20,,,
E06000018,Digital,Adult,2024-01-01/P1M,19,,,
E06000018,Digital,Adult,2024-02-01/P1M,19,,,
E06000018,Digital,Adult,2024-03-01/P1M,6,,,
E10000024,Physical,Unknown,2023-04-01/P1M,1262,,,
E10000024,Physical,Unknown,2023-05-01/P1M,1300,,,
E10000024,Physical,Unknown,2023-06-01/P1M,1406,,,
E10000024,Physical,Unknown,2023-07-01/P1M,1486,,,
E10000024,Physical,Unknown,2023-08-01/P1M,1374,,,
E10000024,Physical,Unknown,2023-09-01/P1M,1367,,,
E10000024,Physical,Unknown,2023-10-01/P1M,1441,,,
E10000024,Physical,Unknown,2023-11-01/P1M,1696,,,
E10000024,Physical,Unknown,2023-12-01/P1M,1463,,,
E10000024,Physical,Unknown,2024-01-01/P1M,1586,,,
E10000024,Physical,Unknown,2024-02-01/P1M,2262,,,
E10000024,Physical,Unknown,2024-03-01/P1M,2017,,,
E10000024,Digital,Unknown,2023-04-01/P1M,18,,,
E10000024,Digital,Unknown,2023-05-01/P1M,16,,,
E10000024,Digital,Unknown,2023-06-01/P1M,21,,,
E10000024,Digital,Unknown,2023-07-01/P1M,22,,,
E10000024,Digital,Unknown,2023-08-01/P1M,18,,,
E10000024,Digital,Unknown,2023-09-01/P1M,22,,,
E10000024,Digital,Unknown,2023-10-01/P1M,7,,,
E10000024,Digital,Unknown,2023-11-01/P1M,7,,,
E10000024,Digital,Unknown,2023-12-01/P1M,7,,,
E10000024,Digital,Unknown,2024-01-01/P1M,6,,,
E10000024,Digital,Unknown,2024-02-01/P1M,4,,,
E10000024,Digital,Unknown,2024-03-01/P1M,15,,,
E08000004,Physical,Adult,2023-04-01/P1M,205,,,
E08000004,Physical,Adult,2023-05-01/P1M,239,,,
E08000004,Physical,Adult,2023-06-01/P1M,259,,,
E08000004,Physical,Adult,2023-07-01/P1M,243,,,
E08000004,Physical,Adult,2023-08-01/P1M,215,,,
E08000004,Physical,Adult,2023-09-01/P1M,232,,,
E08000004,Physical,Adult,2023-10-01/P1M,251,,,
E08000004,Physical,Adult,2023-11-01/P1M,281,,,
E08000004,Physical,Adult,2023-12-01/P1M,180,,,
E08000004,Physical,Adult,2024-01-01/P1M,258,,,
E08000004,Physical,Adult,2024-02-01/P1M,259,,,
E08000004,Physical,Adult,2024-03-01/P1M,253,,,
E08000004,Physical,Under 12,2023-04-01/P1M,68,,,
E08000004,Physical,Under 12,2023-05-01/P1M,71,,,
E08000004,Physical,Under 12,2023-06-01/P1M,78,,,
E08000004,Physical,Under 12,2023-07-01/P1M,69,,,
E08000004,Physical,Under 12,2023-08-01/P1M,70,,,
E08000004,Physical,Under 12,2023-09-01/P1M,74,,,
E08000004,Physical,Under 12,2023-10-01/P1M,72,,,
E08000004,Physical,Under 12,2023-11-01/P1M,79,,,
E08000004,Physical,Under 12,2023-12-01/P1M,55,,,
E08000004,Physical,Under 12,2024-01-01/P1M,84,,,
E08000004,Physical,Under 12,2024-02-01/P1M,68,,,
E08000004,Physical,Under 12,2024-03-01/P1M,66,,,
E08000004,Physical,12-17,2023-04-01/P1M,1,,,
E08000004,Physical,12-17,2023-05-01/P1M,1,,,
E08000004,Physical,12-17,2023-06-01/P1M,1,,,
E08000004,Physical,12-17,2023-07-01/P1M,2,,,
E08000004,Physical,12-17,2023-08-01/P1M,2,,,
E08000004,Physical,12-17,2023-10-01/P1M,1,,,
E08000004,Physical,12-17,2023-11-01/P1M,1,,,
E08000004,Physical,12-17,2023-12-01/P1M,3,,,
E08000004,Physical,12-17,2024-01-01/P1M,1,,,
E08000004,Physical,12-17,2024-02-01/P1M,1,,,
E08000004,Physical,12-17,2024-03-01/P1M,1,,,
E08000004,Physical,All ages,2023-04-01/P1M,65,,,
E08000004,Physical,All ages,2023-05-01/P1M,46,,,
E08000004,Physical,All ages,2023-06-01/P1M,52,,,
E08000004,Physical,All ages,2023-07-01/P1M,54,,,
E08000004,Physical,All ages,2023-08-01/P1M,109,,,
E08000004,Physical,All ages,2023-09-01/P1M,37,,,
E08000004,Physical,All ages,2023-10-01/P1M,51,,,
E08000004,Physical,All ages,2023-11-01/P1M,35,,,
E08000004,Physical,All ages,2023-12-01/P1M,20,,,
E08000004,Physical,All ages,2024-01-01/P1M,53,,,
E08000004,Physical,All ages,2024-02-01/P1M,36,,,
E08000004,Physical,All ages,2024-03-01/P1M,66,,,
E08000004,Digital,Adult,2023-04-01/P1Y,2,,,
E10000025,Physical,Adult,2023-04-01/P1M,268,,,
E10000025,Physical,Adult,2023-05-01/P1M,301,,,
E10000025,Physical,Adult,2023-06-01/P1M,304,,,
E10000025,Physical,Adult,2023-07-01/P1M,279,,,
E10000025,Physical,Adult,2023-08-01/P1M,239,,,
E10000025,Physical,Adult,2023-09-01/P1M,286,,,
E10000025,Physical,Adult,2023-10-01/P1M,308,,,
E10000025,Physical,Adult,2023-11-01/P1M,359,,,
E10000025,Physical,Adult,2023-12-01/P1M,241,,,
E10000025,Physical,Adult,2024-01-01/P1M,325,,,
E10000025,Physical,Adult,2024-02-01/P1M,362,,,
E10000025,Physical,Adult,2024-03-01/P1M,335,,,
E10000025,Physical,Under 12,2023-04-01/P1M,477,,,
E10000025,Physical,Under 12,2023-05-01/P1M,541,,,
E10000025,Physical,Under 12,2023-06-01/P1M,544,,,
E10000025,Physical,Under 12,2023-07-01/P1M,658,,,
E10000025,Physical,Under 12,2023-08-01/P1M,485,,,
E10000025,Physical,Under 12,2023-09-01/P1M,524,,,
E10000025,Physical,Under 12,2023-10-01/P1M,672,,,
E10000025,Physical,Under 12,2023-11-01/P1M,774,,,
E10000025,Physical,Under 12,2023-12-01/P1M,556,,,
E10000025,Physical,Under 12,2024-01-01/P1M,616,,,
E10000025,Physical,Under 12,2024-02-01/P1M,690,,,
E10000025,Physical,Under 12,2024-03-01/P1M,712,,,
E06000031,Physical,Adult,2023-04-01/P1M,55,,,
E06000031,Physical,Adult,2023-05-01/P1M,48,,,
E06000031,Physical,Adult,2023-06-01/P1M,60,,,
E06000031,Physical,Adult,2023-07-01/P1M,53,,,
E06000031,Physical,Adult,2023-08-01/P1M,55,,,
E06000031,Physical,Adult,2023-09-01/P1M,45,,,
E06000031,Physical,Adult,2023-10-01/P1M,56,,,
E06000031,Physical,Adult,2023-11-01/P1M,50,,,
E06000031,Physical,Adult,2023-12-01/P1M,28,,,
E06000031,Physical,Adult,2024-01-01/P1M,45,,,
E06000031,Physical,Adult,2024-02-01/P1M,52,,,
E06000031,Physical,Adult,2024-03-01/P1M,53,,,
E06000031,Physical,Under 12,2023-04-01/P1M,97,,,
E06000031,Physical,Under 12,2023-05-01/P1M,91,,,
E06000031,Physical,Under 12,2023-06-01/P1M,94,,,
E06000031,Physical,Under 12,2023-07-01/P1M,83,,,
E06000031,Physical,Under 12,2023-08-01/P1M,100,,,
E06000031,Physical,Under 12,2023-09-01/P1M,52,,,
E06000031,Physical,Under 12,2023-10-01/P1M,74,,,
E06000031,Physical,Under 12,2023-11-01/P1M,53,,,
E06000031,Physical,Under 12,2023-12-01/P1M,42,,,
E06000031,Physical,Under 12,2024-01-01/P1M,62,,,
E06000031,Physical,Under 12,2024-02-01/P1M,69,,,
E06000031,Physical,Under 12,2024-03-01/P1M,61,,,
E06000031,Physical,12-17,2023-04-01/P1Y,1,,,
E06000031,Physical,All ages,2023-04-01/P1M,2,,,
E06000031,Physical,All ages,2023-12-01/P1M,1,,,
E06000031,Physical,All ages,2024-03-01/P1M,1,,,
E06000044,Physical,Adult,2023-04-01/P1M,98,,,
E06000044,Physical,Adult,2023-05-01/P1M,95,,,
E06000044,Physical,Adult,2023-06-01/P1M,140,,,
E06000044,Physical,Adult,2023-07-01/P1M,134,,,
E06000044,Physical,Adult,2023-08-01/P1M,136,,,
E06000044,Physical,Adult,2023-09-01/P1M,122,,,
E06000044,Physical,Adult,2023-10-01/P1M,170,,,
E06000044,Physical,Adult,2023-11-01/P1M,156,,,
E06000044,Physical,Adult,2023-12-01/P1M,106,,,
E06000044,Physical,Adult,2024-01-01/P1M,146,,,
E06000044,Physical,Adult,2024-02-01/P1M,152,,,
E06000044,Physical,Adult,2024-03-01/P1M,150,,,
E06000044,Physical,Under 12,2023-04-01/P1M,150,,,
E06000044,Physical,Under 12,2023-05-01/P1M,160,,,
E06000044,Physical,Under 12,2023-06-01/P1M,125,,,
E06000044,Physical,Under 12,2023-07-01/P1M,148,,,
E06000044,Physical,Under 12,2023-08-01/P1M,190,,,
E06000044,Physical,Under 12,2023-09-01/P1M,98,,,
E06000044,Physical,Under 12,2023-10-01/P1M,150,,,
E06000044,Physical,Under 12,2023-11-01/P1M,125,,,
E06000044,Physical,Under 12,2023-12-01/P1M,80,,,
E06000044,Physical,Under 12,2024-01-01/P1M,66,,,
E06000044,Physical,Under 12,2024-02-01/P1M,80,,,
E06000044,Physical,Under 12,2024-03-01/P1M,82,,,
E06000044,Physical,12-17,2023-09-01/P1M,1,,,
E06000044,Physical,12-17,2023-10-01/P1M,2,,,
E06000044,Physical,12-17,2023-11-01/P1M,2,,,
E06000044,Physical,12-17,2024-01-01/P1M,2,,,
E06000044,Physical,All ages,2023-04-01/P1Y,1,,,
E06000044,Digital,Adult,2023-06-01/P1M,2,,,
E06000044,Digital,Adult,2023-07-01/P1M,2,,,
E06000038,Physical,Adult,2023-04-01/P1Y,15,,,
E06000038,Physical,Under 12,2023-04-01/P3M,48,,,
E06000038,Physical,Under 12,2023-07-01/P3M,60,,,
E06000038,Physical,Under 12,2023-10-01/P3M,38,,,
E06000038,Physical,Under 12,2024-01-01/P3M,48,,,
E08000005,Physical,Adult,2023-04-01/P3M,300,,,
E08000005,Physical,Adult,2023-07-01/P3M,300,,,
E08000005,Physical,Adult,2023-10-01/P3M,300,,,
E08000005,Physical,Adult,2024-01-01/P3M,250,,,
E08000005,Physical,Under 12,2023-04-01/P3M,200,,,
E08000005,Physical,Under 12,2023-07-01/P3M,300,,,
E08000005,Physical,Under 12,2023-10-01/P3M,280,,,
E08000005,Physical,Under 12,2024-01-01/P3M,350,,,
E08000005,Physical,12-17,2023-06-01/P1M,500,,,
E08000005,Physical,12-17,2023-12-01/P1M,5,,,
E08000005,Physical,All ages,2023-06-01/P1M,5,,,
E08000005,Physical,All ages,2023-09-01/P1M,5,,,
E08000005,Digital,Adult,2023-04-01/P3M,60,,,
E08000005,Digital,Adult,2023-07-01/P3M,60,,,
E08000005,Digital,Adult,2023-10-01/P3M,60,,,
E08000005,Digital,Adult,2024-01-01/P3M,60,,,
E06000040,Physical,All ages,2023-04-01/P1M,151,,,
E06000040,Physical,All ages,2023-05-01/P1M,178,,,
E06000040,Physical,All ages,2023-06-01/P1M,143,,,
E06000040,Physical,All ages,2023-07-01/P1M,156,,,
E06000040,Physical,All ages,2023-08-01/P1M,75,,,
E06000040,Physical,All ages,2023-09-01/P1M,131,,,
E06000040,Physical,All ages,2023-10-01/P1M,158,,,
E06000040,Physical,All ages,2023-11-01/P1M,166,,,
E06000040,Physical,All ages,2023-12-01/P1M,115,,,
E06000040,Physical,All ages,2024-01-01/P1M,175,,,
E06000040,Physical,All ages,2024-02-01/P1M,143,,,
E06000040,Physical,All ages,2024-03-01/P1M,112,,,
E06000040,Digital,All ages,2023-04-01/P1Y,1,,,
E06000017,Physical,Adult,2023-05-01/P1M,2,,,
E06000017,Physical,Adult,2023-06-01/P1M,1,,,
E06000017,Physical,Adult,2023-10-01/P1M,1,,,
E06000017,Physical,Adult,2024-02-01/P1M,1,,,
E06000017,Physical,Under 12,2023-04-01/P1M,15,,,
E06000017,Physical,Under 12,2023-05-01/P1M,13,,,
E06000017,Physical,Under 12,2023-06-01/P1M,5,,,
E06000017,Physical,Under 12,2023-07-01/P1M,8,,,
E06000017,Physical,Under 12,2023-08-01/P1M,9,,,
E06000017,Physical,Under 12,2023-09-01/P1M,9,,,
E06000017,Physical,Under 12,2023-10-01/P1M,13,,,
E06000017,Physical,Under 12,2023-11-01/P1M,12,,,
E06000017,Physical,Under 12,2023-12-01/P1M,11,,,
E06000017,Physical,Under 12,2024-01-01/P1M,10,,,
E06000017,Physical,Under 12,2024-02-01/P1M,7,,,
E06000017,Physical,Under 12,2024-03-01/P1M,8,,,
E08000006,Physical,Unknown,2023-04-01/P1M,102,,,
E08000006,Physical,Unknown,2023-05-01/P1M,109,,,
E08000006,Physical,Unknown,2023-06-01/P1M,110,,,
E08000006,Physical,Unknown,2023-07-01/P1M,93,,,
E08000006,Physical,Unknown,2023-08-01/P1M,91,,,
E08000006,Physical,Unknown,2023-09-01/P1M,130,,,
E08000006,Physical,Unknown,2023-10-01/P1M,155,,,
E08000006,Physical,Unknown,2023-11-01/P1M,171,,,
E08000006,Physical,Unknown,2023-12-01/P1M,138,,,
E08000006,Physical,Unknown,2024-01-01/P1M,167,,,
E08000006,Physical,Unknown,2024-02-01/P1M,187,,,
E08000006,Physical,Unknown,2024-03-01/P1M,157,,,
E08000006,Digital,Adult,2023-04-01/P1M,2,,,
E08000006,Digital,Adult,2023-05-01/P1M,1,,,
E08000006,Digital,Adult,2023-06-01/P1M,2,,,
E08000006,Digital,Adult,2023-07-01/P1M,2,,,
E08000006,Digital,Adult,2023-09-01/P1M,3,,,
E08000006,Digital,Adult,2023-10-01/P1M,4,,,
E08000006,Digital,Adult,2023-11-01/P1M,3,,,
E08000006,Digital,Adult,2023-12-01/P1M,2,,,
E08000006,Digital,Adult,2024-01-01/P1M,3,,,
E08000006,Digital,Adult,2024-02-01/P1M,3,,,
E08000006,Digital,Adult,2024-03-01/P1M,3,,,
E08000028,Physical,Unknown,2023-04-01/P1M,838,,,
E08000028,Physical,Unknown,2023-05-01/P1M,836,,,
E08000028,Physical,Unknown,2023-06-01/P1M,844,,,
E08000028,Physical,Unknown,2023-07-01/P1M,855,,,
E08000028,Physical,Unknown,2023-08-01/P1M,881,,,
E08000028,Physical,Unknown,2023-09-01/P1M,841,,,
E08000028,Physical,Unknown,2023-10-01/P1M,888,,,
E08000028,Physical,Unknown,2023-11-01/P1M,920,,,
E08000028,Physical,Unknown,2023-12-01/P1M,682,,,
E08000028,Physical,Unknown,2024-01-01/P1M,968,,,
E08000028,Physical,Unknown,2024-02-01/P1M,1084,,,
E08000028,Physical,Unknown,2024-03-01/P1M,1052,,,
E08000014,Physical,Adult,2023-04-01/P3M,157,,,
E08000014,Physical,Adult,2023-07-01/P3M,161,,,
E08000014,Physical,Adult,2023-10-01/P3M,78,,,
E08000014,Physical,Adult,2024-01-01/P3M,99,,,
E08000014,Physical,Under 12,2023-04-01/P3M,264,,,
E08000014,Physical,Under 12,2023-07-01/P3M,154,,,
E08000014,Physical,Under 12,2023-10-01/P3M,223,,,
E08000014,Physical,Under 12,2024-01-01/P3M,137,,,
E08000014,Physical,12-17,2023-04-01/P3M,7,,,
E08000014,Physical,12-17,2023-07-01/P3M,5,,,
E08000014,Physical,12-17,2023-10-01/P3M,27,,,
E08000014,Physical,12-17,2024-01-01/P3M,3,,,
E08000014,Digital,Adult,2023-04-01/P3M,8,,,
E08000014,Digital,Adult,2023-07-01/P3M,1,,,
E08000014,Digital,Adult,2023-10-01/P3M,8,,,
E08000014,Digital,Adult,2024-01-01/P3M,8,,,
E08000019,Physical,Unknown,2023-04-01/P1M,158,,,
E08000019,Physical,Unknown,2023-05-01/P1M,194,,,
E08000019,Physical,Unknown,2023-06-01/P1M,222,,,
E08000019,Physical,Unknown,2023-07-01/P1M,172,,,
E08000019,Physical,Unknown,2023-08-01/P1M,126,,,
E08000019,Physical,Unknown,2023-09-01/P1M,130,,,
E08000019,Physical,Unknown,2023-10-01/P1M,188,,,
E08000019,Physical,Unknown,2023-11-01/P1M,235,,,
E08000019,Physical,Unknown,2023-12-01/P1M,142,,,
E08000019,Physical,Unknown,2024-01-01/P1M,215,,,
E08000019,Physical,Unknown,2024-02-01/P1M,206,,,
E08000019,Physical,Unknown,2024-03-01/P1M,210,,,
E06000051,Physical,Adult,2023-04-01/P1M,177,,,
E06000051,Physical,Adult,2023-05-01/P1M,182,,,
E06000051,Physical,Adult,2023-06-01/P1M,205,,,
E06000051,Physical,Adult,2023-07-01/P1M,182,,,
E06000051,Physical,Adult,2023-08-01/P1M,177,,,
E06000051,Physical,Adult,2023-09-01/P1M,201,,,
E06000051,Physical,Adult,2023-10-01/P1M,223,,,
E06000051,Physical,Adult,2023-11-01/P1M,210,,,
E06000051,Physical,Adult,2023-12-01/P1M,136,,,
E06000051,Physical,Adult,2024-01-01/P1M,216,,,
E06000051,Physical,Adult,2024-02-01/P1M,238,,,
E06000051,Physical,Adult,2024-03-01/P1M,237,,,
E06000051,Physical,Under 12,2023-04-01/P1M,80,,,
E06000051,Physical,Under 12,2023-05-01/P1M,79,,,
E06000051,Physical,Under 12,2023-06-01/P1M,93,,,
E06000051,Physical,Under 12,2023-07-01/P1M,114,,,
E06000051,Physical,Under 12,2023-08-01/P1M,110,,,
E06000051,Physical,Under 12,2023-09-01/P1M,74,,,
E06000051,Physical,Under 12,2023-10-01/P1M,100,,,
E06000051,Physical,Under 12,2023-11-01/P1M,96,,,
E06000051,Physical,Under 12,2023-12-01/P1M,75,,,
E06000051,Physical,Under 12,2024-01-01/P1M,86,,,
E06000051,Physical,Under 12,2024-02-01/P1M,100,,,
E06000051,Physical,Under 12,2024-03-01/P1M,124,,,
E06000051,Physical,12-17,2023-04-01/P1M,8,,,
E06000051,Physical,12-17,2023-05-01/P1M,11,,,
E06000051,Physical,12-17,2023-06-01/P1M,11,,,
E06000051,Physical,12-17,2023-07-01/P1M,13,,,
E06000051,Physical,12-17,2023-08-01/P1M,6,,,
E06000051,Physical,12-17,2023-09-01/P1M,13,,,
E06000051,Physical,12-17,2023-10-01/P1M,14,,,
E06000051,Physical,12-17,2023-11-01/P1M,12,,,
E06000051,Physical,12-17,2023-12-01/P1M,6,,,
E06000051,Physical,12-17,2024-01-01/P1M,8,,,
E06000051,Physical,12-17,2024-02-01/P1M,10,,,
E06000051,Physical,12-17,2024-03-01/P1M,9,,,
E06000051,Physical,All ages,2023-04-01/P1M,41,,,
E06000051,Physical,All ages,2023-05-01/P1M,40,,,
E06000051,Physical,All ages,2023-06-01/P1M,30,,,
E06000051,Physical,All ages,2023-07-01/P1M,39,,,
E06000051,Physical,All ages,2023-08-01/P1M,36,,,
E06000051,Physical,All ages,2023-09-01/P1M,29,,,
E06000051,Physical,All ages,2023-10-01/P1M,24,,,
E06000051,Physical,All ages,2023-11-01/P1M,23,,,
E06000051,Physical,All ages,2023-12-01/P1M,17,,,
E06000051,Physical,All ages,2024-01-01/P1M,14,,,
E06000051,Physical,All ages,2024-02-01/P1M,17,,,
E06000051,Physical,All ages,2024-03-01/P1M,26,,,
E08000029,Physical,Adult,2023-04-01/P1M,40,,,
E08000029,Physical,Adult,2023-05-01/P1M,64,,,
E08000029,Physical,Adult,2023-06-01/P1M,50,,,
E08000029,Physical,Adult,2023-07-01/P1M,46,,,
E08000029,Physical,Adult,2023-08-01/P1M,38,,,
E08000029,Physical,Adult,2023-09-01/P1M,44,,,
E08000029,Physical,Adult,2023-10-01/P1M,45,,,
E08000029,Physical,Adult,2023-11-01/P1M,36,,,
E08000029,Physical,Adult,2023-12-01/P1M,53,,,
E08000029,Physical,Adult,2024-01-01/P1M,47,,,
E08000029,Physical,Adult,2024-02-01/P1M,45,,,
E08000029,Physical,Adult,2024-03-01/P1M,58,,,
E08000029,Physical,Under 12,2023-04-01/P1M,72,,,
E08000029,Physical,Under 12,2023-05-01/P1M,79,,,
E08000029,Physical,Under 12,2023-06-01/P1M,78,,,
E08000029,Physical,Under 12,2023-07-01/P1M,69,,,
E08000029,Physical,Under 12,2023-08-01/P1M,68,,,
E08000029,Physical,Under 12,2023-09-01/P1M,61,,,
E08000029,Physical,Under 12,2023-10-01/P1M,80,,,
E08000029,Physical,Under 12,2023-11-01/P1M,78,,,
E08000029,Physical,Under 12,2023-12-01/P1M,92,,,
E08000029,Physical,Under 12,2024-01-01/P1M,76,,,
E08000029,Physical,Under 12,2024-02-01/P1M,88,,,
E08000029,Physical,Under 12,2024-03-01/P1M,95,,,
E06000066,Physical,Adult,2023-04-01/P1M,262,,,
E06000066,Physical,Adult,2023-05-01/P1M,303,,,
E06000066,Physical,Adult,2023-06-01/P1M,324,,,
E06000066,Physical,Adult,2023-07-01/P1M,291,,,
E06000066,Physical,Adult,2023-08-01/P1M,235,,,
E06000066,Physical,Adult,2023-09-01/P1M,269,,,
E06000066,Physical,Adult,2023-10-01/P1M,333,,,
E06000066,Physical,Adult,2023-11-01/P1M,349,,,
E06000066,Physical,Adult,2023-12-01/P1M,196,,,
E06000066,Physical,Adult,2024-01-01/P1M,295,,,
E06000066,Physical,Adult,2024-02-01/P1M,350,,,
E06000066,Physical,Adult,2024-03-01/P1M,337,,,
E06000066,Physical,Under 12,2023-04-01/P1M,175,,,
E06000066,Physical,Under 12,2023-05-01/P1M,204,,,
E06000066,Physical,Under 12,2023-06-01/P1M,218,,,
E06000066,Physical,Under 12,2023-07-01/P1M,226,,,
E06000066,Physical,Under 12,2023-08-01/P1M,149,,,
E06000066,Physical,Under 12,2023-09-01/P1M,177,,,
E06000066,Physical,Under 12,2023-10-01/P1M,195,,,
E06000066,Physical,Under 12,2023-11-01/P1M,213,,,
E06000066,Physical,Under 12,2023-12-01/P1M,140,,,
E06000066,Physical,Under 12,2024-01-01/P1M,224,,,
E06000066,Physical,Under 12,2024-02-01/P1M,220,,,
E06000066,Physical,Under 12,2024-03-01/P1M,212,,,
E06000066,Physical,12-17,2023-04-01/P1M,1,,,
E06000066,Physical,12-17,2023-05-01/P1M,2,,,
E06000066,Physical,12-17,2023-08-01/P1M,3,,,
E06000066,Physical,12-17,2023-09-01/P1M,4,,,
E06000066,Physical,12-17,2023-10-01/P1M,6,,,
E06000066,Physical,12-17,2023-11-01/P1M,3,,,
E06000066,Physical,12-17,2023-12-01/P1M,1,,,
E06000066,Physical,12-17,2024-01-01/P1M,1,,,
E06000066,Physical,12-17,2024-02-01/P1M,2,,,
E06000066,Physical,12-17,2024-03-01/P1M,6,,,
E06000066,Physical,All ages,2023-04-01/P1M,127,,,
E06000066,Physical,All ages,2023-05-01/P1M,97,,,
E06000066,Physical,All ages,2023-06-01/P1M,119,,,
E06000066,Physical,All ages,2023-07-01/P1M,148,,,
E06000066,Physical,All ages,2023-08-01/P1M,248,,,
E06000066,Physical,All ages,2023-09-01/P1M,107,,,
E06000066,Physical,All ages,2023-10-01/P1M,140,,,
E06000066,Physical,All ages,2023-11-01/P1M,111,,,
E06000066,Physical,All ages,2023-12-01/P1M,145,,,
E06000066,Physical,All ages,2024-01-01/P1M,91,,,
E06000066,Physical,All ages,2024-02-01/P1M,136,,,
E06000066,Physical,All ages,2024-03-01/P1M,143,,,
E06000025,Physical,Adult,2023-04-01/P1M,45,,,
E06000025,Physical,Adult,2023-05-01/P1M,59,,,
E06000025,Physical,Adult,2023-06-01/P1M,58,,,
E06000025,Physical,Adult,2023-07-01/P1M,73,,,
E06000025,Physical,Adult,2023-08-01/P1M,54,,,
E06000025,Physical,Adult,2023-09-01/P1M,85,,,
E06000025,Physical,Adult,2023-10-01/P1M,78,,,
E06000025,Physical,Adult,2023-11-01/P1M,102,,,
E06000025,Physical,Adult,2023-12-01/P1M,65,,,
E06000025,Physical,Adult,2024-01-01/P1M,101,,,
E06000025,Physical,Adult,2024-02-01/P1M,92,,,
E06000025,Physical,Adult,2024-03-01/P1M,76,,,
E06000025,Physical,Under 12,2023-04-01/P1M,149,,,
E06000025,Physical,Under 12,2023-05-01/P1M,180,,,
E06000025,Physical,Under 12,2023-06-01/P1M,200,,,
E06000025,Physical,Under 12,2023-07-01/P1M,252,,,
E06000025,Physical,Under 12,2023-08-01/P1M,188,,,
E06000025,Physical,Under 12,2023-09-01/P1M,144,,,
E06000025,Physical,Under 12,2023-10-01/P1M,181,,,
E06000025,Physical,Under 12,2023-11-01/P1M,203,,,
E06000025,Physical,Under 12,2023-12-01/P1M,173,,,
E06000025,Physical,Under 12,2024-01-01/P1M,201,,,
E06000025,Physical,Under 12,2024-02-01/P1M,206,,,
E06000025,Physical,Under 12,2024-03-01/P1M,239,,,
E06000025,Physical,12-17,2023-04-01/P1M,1,,,
E06000025,Physical,12-17,2023-05-01/P1M,1,,,
E06000025,Physical,12-17,2023-07-01/P1M,1,,,
E06000025,Physical,12-17,2023-09-01/P1M,1,,,
E06000025,Physical,12-17,2023-10-01/P1M,1,,,
E06000025,Physical,12-17,2023-11-01/P1M,1,,,
E06000025,Physical,12-17,2023-12-01/P1M,1,,,
E06000025,Physical,12-17,2024-01-01/P1M,1,,,
E06000025,Physical,12-17,2024-02-01/P1M,2,,,
E06000025,Physical,12-17,2024-03-01/P1M,1,,,
E08000023,Physical,Adult,2023-04-01/P1M,32,,,
E08000023,Physical,Adult,2023-05-01/P1M,34,,,
E08000023,Physical,Adult,2023-06-01/P1M,33,,,
E08000023,Physical,Adult,2023-07-01/P1M,49,,,
E08000023,Physical,Adult,2023-08-01/P1M,46,,,
E08000023,Physical,Adult,2023-09-01/P1M,40,,,
E08000023,Physical,Adult,2023-10-01/P1M,35,,,
E08000023,Physical,Adult,2023-11-01/P1M,49,,,
E08000023,Physical,Adult,2023-12-01/P1M,31,,,
E08000023,Physical,Adult,2024-01-01/P1M,38,,,
E08000023,Physical,Adult,2024-02-01/P1M,41,,,
E08000023,Physical,Adult,2024-03-01/P1M,40,,,
E08000023,Physical,Under 12,2023-04-01/P1M,36,,,
E08000023,Physical,Under 12,2023-05-01/P1M,36,,,
E08000023,Physical,Under 12,2023-06-01/P1M,55,,,
E08000023,Physical,Under 12,2023-07-01/P1M,31,,,
E08000023,Physical,Under 12,2023-08-01/P1M,23,,,
E08000023,Physical,Under 12,2023-09-01/P1M,20,,,
E08000023,Physical,Under 12,2023-10-01/P1M,41,,,
E08000023,Physical,Under 12,2023-11-01/P1M,47,,,
E08000023,Physical,Under 12,2023-12-01/P1M,21,,,
E08000023,Physical,Under 12,2024-01-01/P1M,35,,,
E08000023,Physical,Under 12,2024-02-01/P1M,34,,,
E08000023,Physical,Under 12,2024-03-01/P1M,34,,,
E08000023,Physical,12-17,2023-04-01/P1M,4,,,
E08000023,Physical,12-17,2023-05-01/P1M,4,,,
E08000023,Physical,12-17,2023-06-01/P1M,4,,,
E08000023,Physical,12-17,2023-07-01/P1M,4,,,
E08000023,Physical,12-17,2023-09-01/P1M,5,,,
E08000023,Physical,12-17,2023-10-01/P1M,4,,,
E08000023,Physical,12-17,2023-11-01/P1M,4,,,
E08000023,Physical,12-17,2023-12-01/P1M,4,,,
E08000023,Physical,12-17,2024-01-01/P1M,4,,,
E08000023,Physical,12-17,2024-02-01/P1M,4,,,
E08000023,Physical,12-17,2024-03-01/P1M,5,,,
E08000023,Physical,All ages,2023-04-01/P1M,7,,,
E08000023,Physical,All ages,2023-05-01/P1M,11,,,
E08000023,Physical,All ages,2023-06-01/P1M,3,,,
E08000023,Physical,All ages,2023-07-01/P1M,3,,,
E08000023,Physical,All ages,2023-08-01/P1M,11,,,
E08000023,Physical,All ages,2023-09-01/P1M,6,,,
E08000023,Physical,All ages,2023-10-01/P1M,7,,,
E08000023,Physical,All ages,2023-11-01/P1M,5,,,
E08000023,Physical,All ages,2023-12-01/P1M,4,,,
E08000023,Physical,All ages,2024-01-01/P1M,1,,,
E08000023,Physical,All ages,2024-02-01/P1M,4,,,
E08000023,Physical,All ages,2024-03-01/P1M,10,,,
E06000045,Physical,Adult,2023-06-01/P1M,317,,,
E06000045,Physical,Adult,2023-09-01/P1M,303,,,
E06000045,Physical,Adult,2023-11-01/P1M,223,,,
E06000045,Physical,Under 12,2023-06-01/P1M,253,,,
E06000045,Physical,Under 12,2023-09-01/P1M,357,,,
E06000045,Physical,Under 12,2023-11-01/P1M,178,,,
E06000045,Physical,All ages,2023-04-01/P1Y,4,,,
E09000028,Physical,Unknown,2023-04-01/P1M,491,,,
E09000028,Physical,Unknown,2023-05-01/P1M,532,,,
E09000028,Physical,Unknown,2023-06-01/P1M,566,,,
E09000028,Physical,Unknown,2023-07-01/P1M,528,,,
E09000028,Physical,Unknown,2023-08-01/P1M,643,,,
E09000028,Physical,Unknown,2023-09-01/P1M,410,,,
E09000028,Physical,Unknown,2023-10-01/P1M,650,,,
E09000028,Physical,Unknown,2023-11-01/P1M,466,,,
E09000028,Physical,Unknown,2023-12-01/P1M,448,,,
E09000028,Physical,Unknown,2024-01-01/P1M,889,,,
E09000028,Physical,Unknown,2024-02-01/P1M,975,,,
E09000028,Physical,Unknown,2024-03-01/P1M,1146,,,
E09000028,Digital,Unknown,2023-04-01/P1M,1,,,
E09000028,Digital,Unknown,2023-05-01/P1M,1,,,
E09000028,Digital,Unknown,2023-06-01/P1M,1,,,
E09000028,Digital,Unknown,2023-07-01/P1M,1,,,
E09000028,Digital,Unknown,2023-08-01/P1M,1,,,
E09000028,Digital,Unknown,2023-09-01/P1M,1,,,
E09000028,Digital,Unknown,2023-10-01/P1M,1,,,
E09000028,Digital,Unknown,2023-11-01/P1M,1,,,
E09000028,Digital,Unknown,2024-01-01/P1M,1,,,
E09000028,Digital,Unknown,2024-02-01/P1M,1,,,
E09000028,Digital,Unknown,2024-03-01/P1M,1,,,
E08000013,Physical,Unknown,2023-04-01/P1M,238,,,
E08000013,Physical,Unknown,2023-05-01/P1M,266,,,
E08000013,Physical,Unknown,2023-06-01/P1M,312,,,
E08000013,Physical,Unknown,2023-07-01/P1M,295,,,
E08000013,Physical,Unknown,2023-08-01/P1M,297,,,
E08000013,Physical,Unknown,2023-09-01/P1M,284,,,
E08000013,Physical,Unknown,2023-10-01/P1M,336,,,
E08000013,Physical,Unknown,2023-11-01/P1M,313,,,
E08000013,Physical,Unknown,2023-12-01/P1M,229,,,
E08000013,Physical,Unknown,2024-01-01/P1M,247,,,
E08000013,Physical,Unknown,2024-02-01/P1M,226,,,
E08000013,Physical,Unknown,2024-03-01/P1M,224,,,
E10000028,Physical,Unknown,2023-04-01/P1M,763,,,
E10000028,Physical,Unknown,2023-05-01/P1M,763,,,
E10000028,Physical,Unknown,2023-06-01/P1M,763,,,
E10000028,Physical,Unknown,2023-07-01/P1M,763,,,
E10000028,Physical,Unknown,2023-08-01/P1M,763,,,
E10000028,Physical,Unknown,2023-09-01/P1M,763,,,
E10000028,Physical,Unknown,2023-10-01/P1M,763,,,
E10000028,Physical,Unknown,2023-11-01/P1M,763,,,
E10000028,Physical,Unknown,2023-12-01/P1M,762,,,
E10000028,Physical,Unknown,2024-01-01/P1M,762,,,
E10000028,Physical,Unknown,2024-02-01/P1M,763,,,
E10000028,Physical,Unknown,2024-03-01/P1M,763,,,
E10000028,Digital,Unknown,2023-04-01/P1M,1,,,
E10000028,Digital,Unknown,2023-05-01/P1M,1,,,
E10000028,Digital,Unknown,2023-06-01/P1M,1,,,
E10000028,Digital,Unknown,2023-07-01/P1M,1,,,
E10000028,Digital,Unknown,2023-09-01/P1M,1,,,
E10000028,Digital,Unknown,2023-10-01/P1M,1,,,
E10000028,Digital,Unknown,2023-12-01/P1M,1,,,
E10000028,Digital,Unknown,2024-01-01/P1M,1,,,
E10000028,Digital,Unknown,2024-02-01/P1M,1,,,
E10000028,Digital,Unknown,2024-03-01/P1M,1,,,
E08000007,Physical,Adult,2023-04-01/P1M,60,,,
E08000007,Physical,Adult,2023-05-01/P1M,62,,,
E08000007,Physical,Adult,2023-06-01/P1M,75,,,
E08000007,Physical,Adult,2023-07-01/P1M,75,,,
E08000007,Physical,Adult,2023-08-01/P1M,64,,,
E08000007,Physical,Adult,2023-09-01/P1M,79,,,
E08000007,Physical,Adult,2023-10-01/P1M,94,,,
E08000007,Physical,Adult,2023-11-01/P1M,76,,,
E08000007,Physical,Adult,2023-12-01/P1M,69,,,
E08000007,Physical,Adult,2024-01-01/P1M,94,,,
E08000007,Physical,Adult,2024-02-01/P1M,76,,,
E08000007,Physical,Adult,2024-03-01/P1M,90,,,
E08000007,Physical,Under 12,2023-04-01/P1M,85,,,
E08000007,Physical,Under 12,2023-05-01/P1M,82,,,
E08000007,Physical,Under 12,2023-06-01/P1M,89,,,
E08000007,Physical,Under 12,2023-07-01/P1M,89,,,
E08000007,Physical,Under 12,2023-08-01/P1M,129,,,
E08000007,Physical,Under 12,2023-09-01/P1M,71,,,
E08000007,Physical,Under 12,2023-10-01/P1M,105,,,
E08000007,Physical,Under 12,2023-11-01/P1M,92,,,
E08000007,Physical,Under 12,2023-12-01/P1M,82,,,
E08000007,Physical,Under 12,2024-01-01/P1M,97,,,
E08000007,Physical,Under 12,2024-02-01/P1M,103,,,
E08000007,Physical,Under 12,2024-03-01/P1M,105,,,
E06000004,Physical,Unknown,2023-04-01/P1M,268,,,
E06000004,Physical,Unknown,2023-05-01/P1M,298,,,
E06000004,Physical,Unknown,2023-06-01/P1M,279,,,
E06000004,Physical,Unknown,2023-07-01/P1M,245,,,
E06000004,Physical,Unknown,2023-08-01/P1M,198,,,
E06000004,Physical,Unknown,2023-09-01/P1M,205,,,
E06000004,Physical,Unknown,2023-10-01/P1M,238,,,
E06000004,Physical,Unknown,2023-11-01/P1M,265,,,
E06000004,Physical,Unknown,2023-12-01/P1M,200,,,
E06000004,Physical,Unknown,2024-01-01/P1M,269,,,
E06000004,Physical,Unknown,2024-02-01/P1M,241,,,
E06000004,Physical,Unknown,2024-03-01/P1M,267,,,
E06000021,Physical,Unknown,2023-04-01/P1M,149,,,
E06000021,Physical,Unknown,2023-05-01/P1M,153,,,
E06000021,Physical,Unknown,2023-06-01/P1M,157,,,
E06000021,Physical,Unknown,2023-07-01/P1M,170,,,
E06000021,Physical,Unknown,2023-08-01/P1M,177,,,
E06000021,Physical,Unknown,2023-09-01/P1M,162,,,
E06000021,Physical,Unknown,2023-10-01/P1M,176,,,
E06000021,Physical,Unknown,2023-11-01/P1M,188,,,
E06000021,Physical,Unknown,2023-12-01/P1M,101,,,
E06000021,Physical,Unknown,2024-01-01/P1M,175,,,
E06000021,Physical,Unknown,2024-02-01/P1M,154,,,
E06000021,Physical,Unknown,2024-03-01/P1M,161,,,
E10000029,Physical,Adult,2023-04-01/P3M,886,,,
E10000029,Physical,Adult,2023-07-01/P3M,824,,,
E10000029,Physical,Adult,2023-10-01/P3M,787,,,
E10000029,Physical,Adult,2024-01-01/P3M,932,,,
E10000029,Physical,Under 12,2023-04-01/P3M,1272,,,
E10000029,Physical,Under 12,2023-07-01/P3M,1302,,,
E10000029,Physical,Under 12,2023-10-01/P3M,1378,,,
E10000029,Physical,Under 12,2024-01-01/P3M,1427,,,
E10000029,Physical,12-17,2023-04-01/P3M,29,,,
E10000029,Physical,12-17,2023-07-01/P3M,44,,,
E10000029,Physical,12-17,2023-10-01/P3M,41,,,
E10000029,Physical,12-17,2024-01-01/P3M,59,,,
E10000029,Physical,All ages,2023-04-01/P3M,919,,,
E10000029,Physical,All ages,2023-07-01/P3M,819,,,
E10000029,Physical,All ages,2023-10-01/P3M,858,,,
E10000029,Physical,All ages,2024-01-01/P3M,914,,,
E08000024,Physical,Adult,2023-04-01/P1M,28,,suspicious,"Source audit: total_physical_events: Annual: reported total 456; category sum 912; difference -456. Categories exceed total; check duplication, scope and reporting frequency. Event audiences may overlap. Values retained as reported pending source confirmation."
E08000024,Physical,Adult,2023-05-01/P1M,30,,suspicious,"Source audit: total_physical_events: Annual: reported total 456; category sum 912; difference -456. Categories exceed total; check duplication, scope and reporting frequency. Event audiences may overlap. Values retained as reported pending source confirmation."
E08000024,Physical,Adult,2023-06-01/P1M,30,,suspicious,"Source audit: total_physical_events: Annual: reported total 456; category sum 912; difference -456. Categories exceed total; check duplication, scope and reporting frequency. Event audiences may overlap. Values retained as reported pending source confirmation."
E08000024,Physical,Adult,2023-07-01/P1M,30,,suspicious,"Source audit: total_physical_events: Annual: reported total 456; category sum 912; difference -456. Categories exceed total; check duplication, scope and reporting frequency. Event audiences may overlap. Values retained as reported pending source confirmation."
E08000024,Physical,Adult,2023-08-01/P1M,30,,suspicious,"Source audit: total_physical_events: Annual: reported total 456; category sum 912; difference -456. Categories exceed total; check duplication, scope and reporting frequency. Event audiences may overlap. Values retained as reported pending source confirmation."
E08000024,Physical,Adult,2023-09-01/P1M,30,,suspicious,"Source audit: total_physical_events: Annual: reported total 456; category sum 912; difference -456. Categories exceed total; check duplication, scope and reporting frequency. Event audiences may overlap. Values retained as reported pending source confirmation."
E08000024,Physical,Adult,2023-10-01/P1M,70,,suspicious,"Source audit: total_physical_events: Annual: reported total 456; category sum 912; difference -456. Categories exceed total; check duplication, scope and reporting frequency. Event audiences may overlap. Values retained as reported pending source confirmation."
E08000024,Physical,Adult,2023-11-01/P1M,11,,suspicious,"Source audit: total_physical_events: Annual: reported total 456; category sum 912; difference -456. Categories exceed total; check duplication, scope and reporting frequency. Event audiences may overlap. Values retained as reported pending source confirmation."
E08000024,Physical,Adult,2024-01-01/P1M,1,,suspicious,"Source audit: total_physical_events: Annual: reported total 456; category sum 912; difference -456. Categories exceed total; check duplication, scope and reporting frequency. Event audiences may overlap. Values retained as reported pending source confirmation."
E08000024,Physical,Adult,2024-02-01/P1M,6,,suspicious,"Source audit: total_physical_events: Annual: reported total 456; category sum 912; difference -456. Categories exceed total; check duplication, scope and reporting frequency. Event audiences may overlap. Values retained as reported pending source confirmation."
E08000024,Physical,Adult,2024-03-01/P1M,7,,suspicious,"Source audit: total_physical_events: Annual: reported total 456; category sum 912; difference -456. Categories exceed total; check duplication, scope and reporting frequency. Event audiences may overlap. Values retained as reported pending source confirmation."
E08000024,Physical,Under 12,2023-04-01/P1M,20,,suspicious,"Source audit: total_physical_events: Annual: reported total 456; category sum 912; difference -456. Categories exceed total; check duplication, scope and reporting frequency. Event audiences may overlap. Values retained as reported pending source confirmation."
E08000024,Physical,Under 12,2023-05-01/P1M,13,,suspicious,"Source audit: total_physical_events: Annual: reported total 456; category sum 912; difference -456. Categories exceed total; check duplication, scope and reporting frequency. Event audiences may overlap. Values retained as reported pending source confirmation."
E08000024,Physical,Under 12,2023-06-01/P1M,2,,suspicious,"Source audit: total_physical_events: Annual: reported total 456; category sum 912; difference -456. Categories exceed total; check duplication, scope and reporting frequency. Event audiences may overlap. Values retained as reported pending source confirmation."
E08000024,Physical,Under 12,2023-07-01/P1M,20,,suspicious,"Source audit: total_physical_events: Annual: reported total 456; category sum 912; difference -456. Categories exceed total; check duplication, scope and reporting frequency. Event audiences may overlap. Values retained as reported pending source confirmation."
E08000024,Physical,Under 12,2023-08-01/P1M,39,,suspicious,"Source audit: total_physical_events: Annual: reported total 456; category sum 912; difference -456. Categories exceed total; check duplication, scope and reporting frequency. Event audiences may overlap. Values retained as reported pending source confirmation."
E08000024,Physical,Under 12,2023-09-01/P1M,10,,suspicious,"Source audit: total_physical_events: Annual: reported total 456; category sum 912; difference -456. Categories exceed total; check duplication, scope and reporting frequency. Event audiences may overlap. Values retained as reported pending source confirmation."
E08000024,Physical,Under 12,2023-10-01/P1M,23,,suspicious,"Source audit: total_physical_events: Annual: reported total 456; category sum 912; difference -456. Categories exceed total; check duplication, scope and reporting frequency. Event audiences may overlap. Values retained as reported pending source confirmation."
E08000024,Physical,Under 12,2023-11-01/P1M,15,,suspicious,"Source audit: total_physical_events: Annual: reported total 456; category sum 912; difference -456. Categories exceed total; check duplication, scope and reporting frequency. Event audiences may overlap. Values retained as reported pending source confirmation."
E08000024,Physical,Under 12,2023-12-01/P1M,6,,suspicious,"Source audit: total_physical_events: Annual: reported total 456; category sum 912; difference -456. Categories exceed total; check duplication, scope and reporting frequency. Event audiences may overlap. Values retained as reported pending source confirmation."
E08000024,Physical,Under 12,2024-01-01/P1M,7,,suspicious,"Source audit: total_physical_events: Annual: reported total 456; category sum 912; difference -456. Categories exceed total; check duplication, scope and reporting frequency. Event audiences may overlap. Values retained as reported pending source confirmation."
E08000024,Physical,Under 12,2024-02-01/P1M,13,,suspicious,"Source audit: total_physical_events: Annual: reported total 456; category sum 912; difference -456. Categories exceed total; check duplication, scope and reporting frequency. Event audiences may overlap. Values retained as reported pending source confirmation."
E08000024,Physical,Under 12,2024-03-01/P1M,15,,suspicious,"Source audit: total_physical_events: Annual: reported total 456; category sum 912; difference -456. Categories exceed total; check duplication, scope and reporting frequency. Event audiences may overlap. Values retained as reported pending source confirmation."
E08000024,Physical,All ages,2023-04-01/P1M,48,,suspicious,"Source audit: total_physical_events: Annual: reported total 456; category sum 912; difference -456. Categories exceed total; check duplication, scope and reporting frequency. Event audiences may overlap. Values retained as reported pending source confirmation."
E08000024,Physical,All ages,2023-05-01/P1M,43,,suspicious,"Source audit: total_physical_events: Annual: reported total 456; category sum 912; difference -456. Categories exceed total; check duplication, scope and reporting frequency. Event audiences may overlap. Values retained as reported pending source confirmation."
E08000024,Physical,All ages,2023-06-01/P1M,32,,suspicious,"Source audit: total_physical_events: Annual: reported total 456; category sum 912; difference -456. Categories exceed total; check duplication, scope and reporting frequency. Event audiences may overlap. Values retained as reported pending source confirmation."
E08000024,Physical,All ages,2023-07-01/P1M,50,,suspicious,"Source audit: total_physical_events: Annual: reported total 456; category sum 912; difference -456. Categories exceed total; check duplication, scope and reporting frequency. Event audiences may overlap. Values retained as reported pending source confirmation."
E08000024,Physical,All ages,2023-08-01/P1M,69,,suspicious,"Source audit: total_physical_events: Annual: reported total 456; category sum 912; difference -456. Categories exceed total; check duplication, scope and reporting frequency. Event audiences may overlap. Values retained as reported pending source confirmation."
E08000024,Physical,All ages,2023-09-01/P1M,40,,suspicious,"Source audit: total_physical_events: Annual: reported total 456; category sum 912; difference -456. Categories exceed total; check duplication, scope and reporting frequency. Event audiences may overlap. Values retained as reported pending source confirmation."
E08000024,Physical,All ages,2023-10-01/P1M,93,,suspicious,"Source audit: total_physical_events: Annual: reported total 456; category sum 912; difference -456. Categories exceed total; check duplication, scope and reporting frequency. Event audiences may overlap. Values retained as reported pending source confirmation."
E08000024,Physical,All ages,2023-11-01/P1M,26,,suspicious,"Source audit: total_physical_events: Annual: reported total 456; category sum 912; difference -456. Categories exceed total; check duplication, scope and reporting frequency. Event audiences may overlap. Values retained as reported pending source confirmation."
E08000024,Physical,All ages,2023-12-01/P1M,6,,suspicious,"Source audit: total_physical_events: Annual: reported total 456; category sum 912; difference -456. Categories exceed total; check duplication, scope and reporting frequency. Event audiences may overlap. Values retained as reported pending source confirmation."
E08000024,Physical,All ages,2024-01-01/P1M,8,,suspicious,"Source audit: total_physical_events: Annual: reported total 456; category sum 912; difference -456. Categories exceed total; check duplication, scope and reporting frequency. Event audiences may overlap. Values retained as reported pending source confirmation."
E08000024,Physical,All ages,2024-02-01/P1M,19,,suspicious,"Source audit: total_physical_events: Annual: reported total 456; category sum 912; difference -456. Categories exceed total; check duplication, scope and reporting frequency. Event audiences may overlap. Values retained as reported pending source confirmation."
E08000024,Physical,All ages,2024-03-01/P1M,22,,suspicious,"Source audit: total_physical_events: Annual: reported total 456; category sum 912; difference -456. Categories exceed total; check duplication, scope and reporting frequency. Event audiences may overlap. Values retained as reported pending source confirmation."
E10000030,Physical,Adult,2023-04-01/P1M,94,,,
E10000030,Physical,Adult,2023-05-01/P1M,96,,,
E10000030,Physical,Adult,2023-06-01/P1M,121,,,
E10000030,Physical,Adult,2023-07-01/P1M,92,,,
E10000030,Physical,Adult,2023-08-01/P1M,89,,,
E10000030,Physical,Adult,2023-09-01/P1M,104,,,
E10000030,Physical,Adult,2023-10-01/P1M,148,,,
E10000030,Physical,Adult,2023-11-01/P1M,152,,,
E10000030,Physical,Adult,2023-12-01/P1M,112,,,
E10000030,Physical,Adult,2024-01-01/P1M,138,,,
E10000030,Physical,Adult,2024-02-01/P1M,164,,,
E10000030,Physical,Adult,2024-03-01/P1M,149,,,
E10000030,Physical,Under 12,2023-04-01/P1M,472,,,
E10000030,Physical,Under 12,2023-05-01/P1M,495,,,
E10000030,Physical,Under 12,2023-06-01/P1M,573,,,
E10000030,Physical,Under 12,2023-07-01/P1M,555,,,
E10000030,Physical,Under 12,2023-08-01/P1M,605,,,
E10000030,Physical,Under 12,2023-09-01/P1M,484,,,
E10000030,Physical,Under 12,2023-10-01/P1M,557,,,
E10000030,Physical,Under 12,2023-11-01/P1M,521,,,
E10000030,Physical,Under 12,2023-12-01/P1M,486,,,
E10000030,Physical,Under 12,2024-01-01/P1M,484,,,
E10000030,Physical,Under 12,2024-02-01/P1M,601,,,
E10000030,Physical,Under 12,2024-03-01/P1M,604,,,
E10000030,Physical,12-17,2023-04-01/P1M,9,,,
E10000030,Physical,12-17,2023-05-01/P1M,19,,,
E10000030,Physical,12-17,2023-06-01/P1M,8,,,
E10000030,Physical,12-17,2023-07-01/P1M,8,,,
E10000030,Physical,12-17,2023-08-01/P1M,5,,,
E10000030,Physical,12-17,2023-09-01/P1M,7,,,
E10000030,Physical,12-17,2023-10-01/P1M,4,,,
E10000030,Physical,12-17,2023-11-01/P1M,13,,,
E10000030,Physical,12-17,2023-12-01/P1M,3,,,
E10000030,Physical,12-17,2024-01-01/P1M,8,,,
E10000030,Physical,12-17,2024-02-01/P1M,10,,,
E10000030,Physical,12-17,2024-03-01/P1M,20,,,
E10000030,Physical,All ages,2023-04-01/P1M,179,,,
E10000030,Physical,All ages,2023-05-01/P1M,231,,,
E10000030,Physical,All ages,2023-06-01/P1M,219,,,
E10000030,Physical,All ages,2023-07-01/P1M,241,,,
E10000030,Physical,All ages,2023-08-01/P1M,239,,,
E10000030,Physical,All ages,2023-09-01/P1M,215,,,
E10000030,Physical,All ages,2023-10-01/P1M,256,,,
E10000030,Physical,All ages,2023-11-01/P1M,195,,,
E10000030,Physical,All ages,2023-12-01/P1M,157,,,
E10000030,Physical,All ages,2024-01-01/P1M,181,,,
E10000030,Physical,All ages,2024-02-01/P1M,174,,,
E10000030,Physical,All ages,2024-03-01/P1M,184,,,
E08000008,Physical,Adult,2023-04-01/P1M,59,,,
E08000008,Physical,Adult,2023-05-01/P1M,64,,,
E08000008,Physical,Adult,2023-06-01/P1M,68,,,
E08000008,Physical,Adult,2023-07-01/P1M,68,,,
E08000008,Physical,Adult,2023-08-01/P1M,61,,,
E08000008,Physical,Adult,2023-09-01/P1M,62,,,
E08000008,Physical,Adult,2023-10-01/P1M,62,,,
E08000008,Physical,Adult,2023-11-01/P1M,84,,,
E08000008,Physical,Adult,2023-12-01/P1M,49,,,
E08000008,Physical,Adult,2024-01-01/P1M,63,,,
E08000008,Physical,Adult,2024-02-01/P1M,69,,,
E08000008,Physical,Adult,2024-03-01/P1M,62,,,
E08000008,Physical,Under 12,2023-04-01/P1M,56,,,
E08000008,Physical,Under 12,2023-05-01/P1M,50,,,
E08000008,Physical,Under 12,2023-06-01/P1M,66,,,
E08000008,Physical,Under 12,2023-07-01/P1M,77,,,
E08000008,Physical,Under 12,2023-08-01/P1M,56,,,
E08000008,Physical,Under 12,2023-09-01/P1M,39,,,
E08000008,Physical,Under 12,2023-10-01/P1M,8,,,
E08000008,Physical,Under 12,2023-11-01/P1M,65,,,
E08000008,Physical,Under 12,2023-12-01/P1M,44,,,
E08000008,Physical,Under 12,2024-01-01/P1M,5,,,
E08000008,Physical,Under 12,2024-02-01/P1M,70,,,
E08000008,Physical,Under 12,2024-03-01/P1M,89,,,
E08000008,Physical,12-17,2023-05-01/P1M,1,,,
E08000008,Physical,12-17,2023-06-01/P1M,2,,,
E08000008,Physical,All ages,2023-04-01/P1M,1,,,
E08000008,Physical,All ages,2023-08-01/P1M,1,,,
E08000008,Physical,All ages,2024-02-01/P1M,1,,,
E08000008,Digital,Adult,2023-05-01/P1M,1,,,
E08000008,Digital,Adult,2023-06-01/P1M,1,,,
E08000008,Digital,Adult,2023-07-01/P1M,1,,,
E08000008,Digital,Adult,2023-10-01/P1M,1,,,
E08000008,Digital,Adult,2023-11-01/P1M,1,,,
E08000008,Digital,Adult,2023-12-01/P1M,1,,,
E08000008,Digital,Adult,2024-02-01/P1M,1,,,
E08000008,Digital,Under 12,2023-04-01/P1M,3,,,
E08000008,Digital,Under 12,2023-05-01/P1M,4,,,
E08000008,Digital,Under 12,2023-07-01/P1M,1,,,
E08000008,Digital,Under 12,2023-10-01/P1M,3,,,
E08000008,Digital,Under 12,2023-11-01/P1M,4,,,
E08000008,Digital,Under 12,2023-12-01/P1M,2,,,
E08000008,Digital,Under 12,2024-01-01/P1M,4,,,
E08000008,Digital,Under 12,2024-02-01/P1M,5,,,
E08000008,Digital,Under 12,2024-03-01/P1M,4,,,
E06000020,Physical,Adult,2023-04-01/P1M,3,,,
E06000020,Physical,Adult,2023-05-01/P1M,5,,,
E06000020,Physical,Adult,2023-08-01/P1M,1,,,
E06000020,Physical,Under 12,2023-04-01/P1M,14,,,
E06000020,Physical,Under 12,2023-05-01/P1M,21,,,
E06000020,Physical,Under 12,2023-06-01/P1M,20,,,
E06000020,Physical,Under 12,2023-07-01/P1M,19,,,
E06000020,Physical,Under 12,2023-08-01/P1M,21,,,
E06000020,Physical,Under 12,2023-09-01/P1M,16,,,
E06000020,Physical,Under 12,2023-10-01/P1M,18,,,
E06000020,Physical,Under 12,2023-11-01/P1M,15,,,
E06000020,Physical,Under 12,2023-12-01/P1M,12,,,
E06000020,Physical,Under 12,2024-01-01/P1M,19,,,
E06000020,Physical,Under 12,2024-02-01/P1M,18,,,
E06000020,Physical,Under 12,2024-03-01/P1M,16,,,
E06000020,Physical,12-17,2023-04-01/P1Y,2,,,
E06000020,Physical,All ages,2023-07-01/P1M,1,,,
E06000020,Physical,All ages,2023-08-01/P1M,1,,,
E06000020,Physical,All ages,2023-10-01/P1M,1,,,
E06000034,Physical,Unknown,2023-04-01/P1Y,3998,,,
E06000027,Physical,Unknown,2023-04-01/P1M,96,,,
E06000027,Physical,Unknown,2023-05-01/P1M,91,,,
E06000027,Physical,Unknown,2023-06-01/P1M,120,,,
E06000027,Physical,Unknown,2023-07-01/P1M,107,,,
E06000027,Physical,Unknown,2023-08-01/P1M,93,,,
E06000027,Physical,Unknown,2023-09-01/P1M,95,,,
E06000027,Physical,Unknown,2023-10-01/P1M,109,,,
E06000027,Physical,Unknown,2023-11-01/P1M,126,,,
E06000027,Physical,Unknown,2023-12-01/P1M,86,,,
E06000027,Physical,Unknown,2024-01-01/P1M,130,,,
E06000027,Physical,Unknown,2024-02-01/P1M,120,,,
E06000027,Physical,Unknown,2024-03-01/P1M,121,,,
E09000030,Physical,Adult,2023-04-01/P1M,65,,,
E09000030,Physical,Adult,2023-05-01/P1M,69,,,
E09000030,Physical,Adult,2023-06-01/P1M,69,,,
E09000030,Physical,Adult,2023-07-01/P1M,65,,,
E09000030,Physical,Adult,2023-08-01/P1M,65,,,
E09000030,Physical,Adult,2023-09-01/P1M,65,,,
E09000030,Physical,Adult,2023-10-01/P1M,66,,,
E09000030,Physical,Adult,2023-11-01/P1M,93,,,
E09000030,Physical,Adult,2023-12-01/P1M,67,,,
E09000030,Physical,Adult,2024-01-01/P1M,87,,,
E09000030,Physical,Adult,2024-02-01/P1M,86,,,
E09000030,Physical,Adult,2024-03-01/P1M,86,,,
E09000030,Physical,Under 12,2023-04-01/P1M,1260,,,
E09000030,Physical,Under 12,2023-05-01/P1M,1302,,,
E09000030,Physical,Under 12,2023-06-01/P1M,1260,,,
E09000030,Physical,Under 12,2023-07-01/P1M,1302,,,
E09000030,Physical,Under 12,2023-08-01/P1M,1308,,,
E09000030,Physical,Under 12,2023-09-01/P1M,1302,,,
E09000030,Physical,Under 12,2023-10-01/P1M,1266,,,
E09000030,Physical,Under 12,2023-11-01/P1M,1266,,,
E09000030,Physical,Under 12,2023-12-01/P1M,1044,,,
E09000030,Physical,Under 12,2024-01-01/P1M,1102,,,
E09000030,Physical,Under 12,2024-02-01/P1M,1288,,,
E09000030,Physical,Under 12,2024-03-01/P1M,1366,,,
E09000030,Digital,Adult,2023-04-01/P1M,20,,,
E09000030,Digital,Adult,2023-05-01/P1M,23,,,
E09000030,Digital,Adult,2023-06-01/P1M,21,,,
E09000030,Digital,Adult,2023-07-01/P1M,17,,,
E09000030,Digital,Adult,2023-08-01/P1M,20,,,
E09000030,Digital,Adult,2023-09-01/P1M,16,,,
E09000030,Digital,Adult,2023-10-01/P1M,25,,,
E09000030,Digital,Adult,2023-11-01/P1M,18,,,
E09000030,Digital,Adult,2023-12-01/P1M,12,,,
E09000030,Digital,Adult,2024-01-01/P1M,17,,,
E09000030,Digital,Adult,2024-02-01/P1M,17,,,
E09000030,Digital,Adult,2024-03-01/P1M,16,,,
E09000030,Digital,All ages,2023-04-01/P1Y,5,,,
E09000026,Physical,Adult,2023-04-01/P1M,19,,,
E09000026,Physical,Adult,2023-05-01/P1M,16,,,
E09000026,Physical,Adult,2023-06-01/P1M,40,,,
E09000026,Physical,Adult,2023-07-01/P1M,51,,,
E09000026,Physical,Adult,2023-08-01/P1M,53,,,
E09000026,Physical,Adult,2023-09-01/P1M,44,,,
E09000026,Physical,Adult,2023-10-01/P1M,55,,,
E09000026,Physical,Adult,2023-11-01/P1M,47,,,
E09000026,Physical,Adult,2023-12-01/P1M,34,,,
E09000026,Physical,Adult,2024-01-01/P1M,49,,,
E09000026,Physical,Adult,2024-02-01/P1M,46,,,
E09000026,Physical,Adult,2024-03-01/P1M,36,,,
E09000026,Physical,Under 12,2023-04-01/P1M,90,,,
E09000026,Physical,Under 12,2023-05-01/P1M,104,,,
E09000026,Physical,Under 12,2023-06-01/P1M,114,,,
E09000026,Physical,Under 12,2023-07-01/P1M,110,,,
E09000026,Physical,Under 12,2023-08-01/P1M,110,,,
E09000026,Physical,Under 12,2023-09-01/P1M,111,,,
E09000026,Physical,Under 12,2023-10-01/P1M,113,,,
E09000026,Physical,Under 12,2023-11-01/P1M,112,,,
E09000026,Physical,Under 12,2023-12-01/P1M,73,,,
E09000026,Physical,Under 12,2024-01-01/P1M,104,,,
E09000026,Physical,Under 12,2024-02-01/P1M,113,,,
E09000026,Physical,Under 12,2024-03-01/P1M,121,,,
E09000026,Digital,Adult,2023-04-01/P1M,2,,,
E09000026,Digital,Adult,2023-05-01/P1M,2,,,
E09000026,Digital,Adult,2023-06-01/P1M,2,,,
E09000026,Digital,Adult,2023-07-01/P1M,2,,,
E09000026,Digital,Adult,2023-08-01/P1M,2,,,
E09000026,Digital,Adult,2023-09-01/P1M,2,,,
E09000026,Digital,Adult,2023-10-01/P1M,2,,,
E09000026,Digital,Adult,2023-11-01/P1M,2,,,
E09000026,Digital,Adult,2023-12-01/P1M,2,,,
E09000026,Digital,Adult,2024-01-01/P1M,2,,,
E09000026,Digital,Adult,2024-02-01/P1M,2,,,
E09000026,Digital,Adult,2024-03-01/P1M,2,,,
E08000036,Physical,Adult,2023-04-01/P1M,215,,,
E08000036,Physical,Adult,2023-05-01/P1M,293,,,
E08000036,Physical,Adult,2023-06-01/P1M,323,,,
E08000036,Physical,Adult,2023-07-01/P1M,288,,,
E08000036,Physical,Adult,2023-08-01/P1M,324,,,
E08000036,Physical,Adult,2023-09-01/P1M,321,,,
E08000036,Physical,Adult,2023-10-01/P1M,344,,,
E08000036,Physical,Adult,2023-11-01/P1M,321,,,
E08000036,Physical,Adult,2023-12-01/P1M,223,,,
E08000036,Physical,Adult,2024-01-01/P1M,330,,,
E08000036,Physical,Adult,2024-02-01/P1M,376,,,
E08000036,Physical,Adult,2024-03-01/P1M,375,,,
E08000036,Physical,Under 12,2023-04-01/P1M,173,,,
E08000036,Physical,Under 12,2023-05-01/P1M,204,,,
E08000036,Physical,Under 12,2023-06-01/P1M,184,,,
E08000036,Physical,Under 12,2023-07-01/P1M,192,,,
E08000036,Physical,Under 12,2023-08-01/P1M,351,,,
E08000036,Physical,Under 12,2023-09-01/P1M,175,,,
E08000036,Physical,Under 12,2023-10-01/P1M,217,,,
E08000036,Physical,Under 12,2023-11-01/P1M,201,,,
E08000036,Physical,Under 12,2023-12-01/P1M,166,,,
E08000036,Physical,Under 12,2024-01-01/P1M,212,,,
E08000036,Physical,Under 12,2024-02-01/P1M,220,,,
E08000036,Physical,Under 12,2024-03-01/P1M,201,,,
E08000036,Digital,Adult,2023-04-01/P1M,6,,,
E08000036,Digital,Adult,2023-05-01/P1M,8,,,
E08000036,Digital,Adult,2023-06-01/P1M,5,,,
E08000036,Digital,Adult,2023-07-01/P1M,5,,,
E08000036,Digital,Adult,2023-08-01/P1M,3,,,
E08000036,Digital,Adult,2023-09-01/P1M,4,,,
E08000036,Digital,Adult,2023-10-01/P1M,9,,,
E08000036,Digital,Adult,2023-11-01/P1M,11,,,
E08000036,Digital,Adult,2023-12-01/P1M,8,,,
E08000036,Digital,Adult,2024-01-01/P1M,9,,,
E08000036,Digital,Adult,2024-02-01/P1M,9,,,
E08000036,Digital,Adult,2024-03-01/P1M,7,,,
E08000036,Digital,Under 12,2023-04-01/P1M,4,,,
E08000036,Digital,Under 12,2023-05-01/P1M,5,,,
E08000036,Digital,Under 12,2023-06-01/P1M,10,,,
E08000036,Digital,Under 12,2023-07-01/P1M,12,,,
E08000036,Digital,Under 12,2023-08-01/P1M,12,,,
E08000036,Digital,Under 12,2023-09-01/P1M,5,,,
E08000036,Digital,Under 12,2023-10-01/P1M,11,,,
E08000036,Digital,Under 12,2023-11-01/P1M,13,,,
E08000036,Digital,Under 12,2023-12-01/P1M,8,,,
E08000036,Digital,Under 12,2024-01-01/P1M,9,,,
E08000036,Digital,Under 12,2024-02-01/P1M,9,,,
E08000036,Digital,Under 12,2024-03-01/P1M,7,,,
E08000030,Physical,Adult,2023-04-01/P1M,63,,,
E08000030,Physical,Adult,2023-05-01/P1M,71,,,
E08000030,Physical,Adult,2023-06-01/P1M,79,,,
E08000030,Physical,Adult,2023-07-01/P1M,67,,,
E08000030,Physical,Adult,2023-08-01/P1M,63,,,
E08000030,Physical,Adult,2023-09-01/P1M,83,,,
E08000030,Physical,Adult,2023-10-01/P1M,88,,,
E08000030,Physical,Adult,2023-11-01/P1M,77,,,
E08000030,Physical,Adult,2023-12-01/P1M,65,,,
E08000030,Physical,Adult,2024-01-01/P1M,74,,,
E08000030,Physical,Adult,2024-02-01/P1M,74,,,
E08000030,Physical,Adult,2024-03-01/P1M,76,,,
E08000030,Physical,Under 12,2023-04-01/P1M,98,,,
E08000030,Physical,Under 12,2023-05-01/P1M,111,,,
E08000030,Physical,Under 12,2023-06-01/P1M,115,,,
E08000030,Physical,Under 12,2023-07-01/P1M,84,,,
E08000030,Physical,Under 12,2023-08-01/P1M,100,,,
E08000030,Physical,Under 12,2023-09-01/P1M,107,,,
E08000030,Physical,Under 12,2023-10-01/P1M,106,,,
E08000030,Physical,Under 12,2023-11-01/P1M,111,,,
E08000030,Physical,Under 12,2023-12-01/P1M,96,,,
E08000030,Physical,Under 12,2024-01-01/P1M,106,,,
E08000030,Physical,Under 12,2024-02-01/P1M,111,,,
E08000030,Physical,Under 12,2024-03-01/P1M,132,,,
E09000032,Physical,Adult,2023-04-01/P1M,105,,,
E09000032,Physical,Adult,2023-05-01/P1M,104,,,
E09000032,Physical,Adult,2023-06-01/P1M,146,,,
E09000032,Physical,Adult,2023-07-01/P1M,120,,,
E09000032,Physical,Adult,2023-08-01/P1M,134,,,
E09000032,Physical,Adult,2023-09-01/P1M,174,,,
E09000032,Physical,Adult,2023-10-01/P1M,179,,,
E09000032,Physical,Adult,2023-11-01/P1M,123,,,
E09000032,Physical,Adult,2023-12-01/P1M,145,,,
E09000032,Physical,Adult,2024-01-01/P1M,164,,,
E09000032,Physical,Adult,2024-02-01/P1M,162,,,
E09000032,Physical,Adult,2024-03-01/P1M,148,,,
E09000032,Physical,Under 12,2023-04-01/P1M,153,,,
E09000032,Physical,Under 12,2023-05-01/P1M,151,,,
E09000032,Physical,Under 12,2023-06-01/P1M,156,,,
E09000032,Physical,Under 12,2023-07-01/P1M,185,,,
E09000032,Physical,Under 12,2023-08-01/P1M,189,,,
E09000032,Physical,Under 12,2023-09-01/P1M,143,,,
E09000032,Physical,Under 12,2023-10-01/P1M,159,,,
E09000032,Physical,Under 12,2023-11-01/P1M,175,,,
E09000032,Physical,Under 12,2023-12-01/P1M,161,,,
E09000032,Physical,Under 12,2024-01-01/P1M,133,,,
E09000032,Physical,Under 12,2024-02-01/P1M,188,,,
E09000032,Physical,Under 12,2024-03-01/P1M,152,,,
E06000007,Physical,Adult,2023-04-01/P3M,180,,,
E06000007,Physical,Adult,2023-07-01/P3M,180,,,
E06000007,Physical,Adult,2023-10-01/P3M,309,,,
E06000007,Physical,Adult,2024-01-01/P3M,315,,,
E06000007,Physical,Under 12,2023-04-01/P3M,412,,,
E06000007,Physical,Under 12,2023-07-01/P3M,301,,,
E06000007,Physical,Under 12,2023-10-01/P3M,394,,,
E06000007,Physical,Under 12,2024-01-01/P3M,495,,,
E10000031,Physical,Adult,2023-04-01/P1M,160,,,
E10000031,Physical,Adult,2023-05-01/P1M,174,,,
E10000031,Physical,Adult,2023-06-01/P1M,207,,,
E10000031,Physical,Adult,2023-07-01/P1M,172,,,
E10000031,Physical,Adult,2023-08-01/P1M,168,,,
E10000031,Physical,Adult,2023-09-01/P1M,215,,,
E10000031,Physical,Adult,2023-10-01/P1M,220,,,
E10000031,Physical,Adult,2023-11-01/P1M,235,,,
E10000031,Physical,Adult,2023-12-01/P1M,185,,,
E10000031,Physical,Adult,2024-01-01/P1M,256,,,
E10000031,Physical,Adult,2024-02-01/P1M,271,,,
E10000031,Physical,Adult,2024-03-01/P1M,252,,,
E10000031,Physical,Under 12,2023-04-01/P1M,12,,,
E10000031,Physical,Under 12,2023-05-01/P1M,13,,,
E10000031,Physical,Under 12,2023-06-01/P1M,23,,,
E10000031,Physical,Under 12,2023-07-01/P1M,16,,,
E10000031,Physical,Under 12,2023-08-01/P1M,5,,,
E10000031,Physical,Under 12,2023-09-01/P1M,24,,,
E10000031,Physical,Under 12,2023-10-01/P1M,20,,,
E10000031,Physical,Under 12,2023-11-01/P1M,18,,,
E10000031,Physical,Under 12,2023-12-01/P1M,21,,,
E10000031,Physical,Under 12,2024-01-01/P1M,21,,,
E10000031,Physical,Under 12,2024-02-01/P1M,18,,,
E10000031,Physical,Under 12,2024-03-01/P1M,11,,,
E10000031,Physical,12-17,2023-05-01/P1M,2,,,
E10000031,Physical,12-17,2023-06-01/P1M,1,,,
E10000031,Physical,12-17,2023-07-01/P1M,2,,,
E10000031,Physical,12-17,2023-10-01/P1M,1,,,
E10000031,Physical,12-17,2023-11-01/P1M,2,,,
E10000031,Physical,12-17,2023-12-01/P1M,1,,,
E10000031,Physical,12-17,2024-02-01/P1M,2,,,
E10000031,Physical,All ages,2023-04-01/P1M,7,,,
E10000031,Physical,All ages,2023-05-01/P1M,6,,,
E10000031,Physical,All ages,2023-06-01/P1M,2,,,
E10000031,Physical,All ages,2023-07-01/P1M,1,,,
E10000031,Physical,All ages,2023-08-01/P1M,4,,,
E10000031,Physical,All ages,2023-09-01/P1M,3,,,
E10000031,Physical,All ages,2023-10-01/P1M,9,,,
E10000031,Physical,All ages,2023-11-01/P1M,2,,,
E10000031,Physical,All ages,2023-12-01/P1M,11,,,
E10000031,Physical,All ages,2024-01-01/P1M,3,,,
E10000031,Physical,All ages,2024-02-01/P1M,11,,,
E10000031,Physical,All ages,2024-03-01/P1M,7,,,
E10000031,Digital,Adult,2023-04-01/P1M,3,,,
E10000031,Digital,Adult,2023-05-01/P1M,3,,,
E10000031,Digital,Adult,2023-06-01/P1M,2,,,
E10000031,Digital,Adult,2023-07-01/P1M,1,,,
E10000031,Digital,Adult,2023-08-01/P1M,1,,,
E10000031,Digital,Adult,2023-09-01/P1M,3,,,
E10000031,Digital,Adult,2023-10-01/P1M,2,,,
E10000031,Digital,Adult,2023-11-01/P1M,1,,,
E10000031,Digital,Adult,2023-12-01/P1M,2,,,
E10000031,Digital,Adult,2024-01-01/P1M,2,,,
E10000031,Digital,Adult,2024-02-01/P1M,1,,,
E10000031,Digital,Under 12,2023-04-01/P1Y,1,,,
E10000031,Digital,12-17,2023-04-01/P1M,2,,,
E10000031,Digital,12-17,2023-05-01/P1M,3,,,
E10000031,Digital,12-17,2023-06-01/P1M,3,,,
E10000031,Digital,12-17,2023-07-01/P1M,1,,,
E06000037,Physical,Unknown,2023-04-01/P1M,166,,,
E06000037,Physical,Unknown,2023-05-01/P1M,213,,,
E06000037,Physical,Unknown,2023-06-01/P1M,196,,,
E06000037,Physical,Unknown,2023-07-01/P1M,196,,,
E06000037,Physical,Unknown,2023-08-01/P1M,222,,,
E06000037,Physical,Unknown,2023-09-01/P1M,207,,,
E06000037,Physical,Unknown,2023-10-01/P1M,192,,,
E06000037,Physical,Unknown,2023-11-01/P1M,186,,,
E06000037,Physical,Unknown,2023-12-01/P1M,152,,,
E06000037,Physical,Unknown,2024-01-01/P1M,182,,,
E06000037,Physical,Unknown,2024-02-01/P1M,189,,,
E06000037,Physical,Unknown,2024-03-01/P1M,190,,,
E06000037,Digital,Under 12,2023-04-01/P1M,8,,,
E06000037,Digital,Under 12,2023-05-01/P1M,9,,,
E06000037,Digital,Under 12,2023-06-01/P1M,8,,,
E06000037,Digital,Under 12,2023-07-01/P1M,7,,,
E06000037,Digital,Under 12,2023-08-01/P1M,4,,,
E06000037,Digital,Under 12,2023-09-01/P1M,9,,,
E06000037,Digital,Under 12,2023-10-01/P1M,7,,,
E06000037,Digital,Under 12,2023-11-01/P1M,8,,,
E06000037,Digital,Under 12,2023-12-01/P1M,9,,,
E06000037,Digital,Under 12,2024-01-01/P1M,9,,,
E06000037,Digital,Under 12,2024-02-01/P1M,9,,,
E06000037,Digital,Under 12,2024-03-01/P1M,11,,,
E10000032,Physical,Unknown,2023-04-01/P1M,677,,,
E10000032,Physical,Unknown,2023-05-01/P1M,672,,,
E10000032,Physical,Unknown,2023-06-01/P1M,739,,,
E10000032,Physical,Unknown,2023-07-01/P1M,759,,,
E10000032,Physical,Unknown,2023-08-01/P1M,688,,,
E10000032,Physical,Unknown,2023-09-01/P1M,676,,,
E10000032,Physical,Unknown,2023-10-01/P1M,685,,,
E10000032,Physical,Unknown,2023-11-01/P1M,678,,,
E10000032,Physical,Unknown,2023-12-01/P1M,668,,,
E10000032,Physical,Unknown,2024-01-01/P1M,655,,,
E10000032,Physical,Unknown,2024-02-01/P1M,690,,,
E10000032,Physical,Unknown,2024-03-01/P1M,703,,,
E09000033,Physical,Unknown,2023-04-01/P1M,307,,,
E09000033,Physical,Unknown,2023-05-01/P1M,453,,,
E09000033,Physical,Unknown,2023-06-01/P1M,414,,,
E09000033,Physical,Unknown,2023-07-01/P1M,320,,,
E09000033,Physical,Unknown,2023-08-01/P1M,296,,,
E09000033,Physical,Unknown,2023-09-01/P1M,308,,,
E09000033,Physical,Unknown,2023-10-01/P1M,481,,,
E09000033,Physical,Unknown,2023-11-01/P1M,508,,,
E09000033,Physical,Unknown,2023-12-01/P1M,297,,,
E09000033,Physical,Unknown,2024-01-01/P1M,399,,,
E09000033,Physical,Unknown,2024-02-01/P1M,418,,,
E09000033,Physical,Unknown,2024-03-01/P1M,48,,,
E06000064,Physical,Unknown,2023-04-01/P3M,646,,,
E06000064,Physical,Unknown,2023-07-01/P3M,693,,,
E06000064,Physical,Unknown,2023-10-01/P3M,566,,,
E06000064,Physical,Unknown,2024-01-01/P3M,742,,,
E08000010,Physical,Unknown,2023-04-01/P1M,438,,,
E08000010,Physical,Unknown,2023-05-01/P1M,434,,,
E08000010,Physical,Unknown,2023-06-01/P1M,529,,,
E08000010,Physical,Unknown,2023-07-01/P1M,503,,,
E08000010,Physical,Unknown,2023-08-01/P1M,491,,,
E08000010,Physical,Unknown,2023-09-01/P1M,556,,,
E08000010,Physical,Unknown,2023-10-01/P1M,667,,,
E08000010,Physical,Unknown,2023-11-01/P1M,652,,,
E08000010,Physical,Unknown,2023-12-01/P1M,440,,,
E08000010,Physical,Unknown,2024-01-01/P1M,630,,,
E08000010,Physical,Unknown,2024-02-01/P1M,733,,,
E08000010,Physical,Unknown,2024-03-01/P1M,721,,,
E06000054,Physical,Adult,2023-04-01/P1M,133,,,
E06000054,Physical,Adult,2023-05-01/P1M,149,,,
E06000054,Physical,Adult,2023-06-01/P1M,215,,,
E06000054,Physical,Adult,2023-07-01/P1M,154,,,
E06000054,Physical,Adult,2023-08-01/P1M,155,,,
E06000054,Physical,Adult,2023-09-01/P1M,202,,,
E06000054,Physical,Adult,2023-10-01/P1M,272,,,
E06000054,Physical,Adult,2023-11-01/P1M,315,,,
E06000054,Physical,Adult,2023-12-01/P1M,227,,,
E06000054,Physical,Adult,2024-01-01/P1M,300,,,
E06000054,Physical,Adult,2024-02-01/P1M,265,,,
E06000054,Physical,Adult,2024-03-01/P1M,232,,,
E06000054,Physical,Under 12,2023-04-01/P1M,269,,,
E06000054,Physical,Under 12,2023-05-01/P1M,281,,,
E06000054,Physical,Under 12,2023-06-01/P1M,335,,,
E06000054,Physical,Under 12,2023-07-01/P1M,382,,,
E06000054,Physical,Under 12,2023-08-01/P1M,273,,,
E06000054,Physical,Under 12,2023-09-01/P1M,331,,,
E06000054,Physical,Under 12,2023-10-01/P1M,346,,,
E06000054,Physical,Under 12,2023-11-01/P1M,326,,,
E06000054,Physical,Under 12,2023-12-01/P1M,259,,,
E06000054,Physical,Under 12,2024-01-01/P1M,316,,,
E06000054,Physical,Under 12,2024-02-01/P1M,367,,,
E06000054,Physical,Under 12,2024-03-01/P1M,381,,,
E06000054,Physical,12-17,2023-04-01/P1M,9,,,
E06000054,Physical,12-17,2023-05-01/P1M,4,,,
E06000054,Physical,12-17,2023-06-01/P1M,7,,,
E06000054,Physical,12-17,2023-07-01/P1M,4,,,
E06000054,Physical,12-17,2023-08-01/P1M,2,,,
E06000054,Physical,12-17,2023-09-01/P1M,3,,,
E06000054,Physical,12-17,2023-10-01/P1M,4,,,
E06000054,Physical,12-17,2023-11-01/P1M,3,,,
E06000054,Physical,12-17,2023-12-01/P1M,3,,,
E06000054,Physical,12-17,2024-01-01/P1M,5,,,
E06000054,Physical,12-17,2024-02-01/P1M,4,,,
E06000054,Physical,12-17,2024-03-01/P1M,3,,,
E06000054,Physical,All ages,2023-04-01/P1M,16,,,
E06000054,Physical,All ages,2023-05-01/P1M,26,,,
E06000054,Physical,All ages,2023-06-01/P1M,17,,,
E06000054,Physical,All ages,2023-07-01/P1M,28,,,
E06000054,Physical,All ages,2023-08-01/P1M,14,,,
E06000054,Physical,All ages,2023-09-01/P1M,4,,,
E06000054,Physical,All ages,2023-10-01/P1M,16,,,
E06000054,Physical,All ages,2023-11-01/P1M,18,,,
E06000054,Physical,All ages,2023-12-01/P1M,20,,,
E06000054,Physical,All ages,2024-01-01/P1M,11,,,
E06000054,Physical,All ages,2024-02-01/P1M,19,,,
E06000054,Physical,All ages,2024-03-01/P1M,14,,,
E06000054,Digital,Adult,2023-04-01/P1M,1,,,
E06000054,Digital,Adult,2023-05-01/P1M,1,,,
E06000054,Digital,Adult,2023-06-01/P1M,1,,,
E06000054,Digital,Adult,2023-07-01/P1M,1,,,
E06000054,Digital,Adult,2023-09-01/P1M,2,,,
E08000015,Physical,Adult,2023-04-01/P1M,3,,,
E08000015,Physical,Adult,2023-05-01/P1M,4,,,
E08000015,Physical,Adult,2023-06-01/P1M,7,,,
E08000015,Physical,Adult,2023-07-01/P1M,2,,,
E08000015,Physical,Adult,2023-08-01/P1M,3,,,
E08000015,Physical,Adult,2023-09-01/P1M,1,,,
E08000015,Physical,Adult,2023-10-01/P1M,9,,,
E08000015,Physical,Adult,2023-11-01/P1M,10,,,
E08000015,Physical,Adult,2023-12-01/P1M,6,,,
E08000015,Physical,Adult,2024-01-01/P1M,2,,,
E08000015,Physical,Adult,2024-02-01/P1M,9,,,
E08000015,Physical,Adult,2024-03-01/P1M,6,,,
E08000015,Physical,Under 12,2023-04-01/P1M,54,,,
E08000015,Physical,Under 12,2023-05-01/P1M,56,,,
E08000015,Physical,Under 12,2023-06-01/P1M,70,,,
E08000015,Physical,Under 12,2023-07-01/P1M,58,,,
E08000015,Physical,Under 12,2023-08-01/P1M,59,,,
E08000015,Physical,Under 12,2023-09-01/P1M,63,,,
E08000015,Physical,Under 12,2023-10-01/P1M,78,,,
E08000015,Physical,Under 12,2023-11-01/P1M,90,,,
E08000015,Physical,Under 12,2023-12-01/P1M,57,,,
E08000015,Physical,Under 12,2024-01-01/P1M,110,,,
E08000015,Physical,Under 12,2024-02-01/P1M,97,,,
E08000015,Physical,Under 12,2024-03-01/P1M,88,,,
E08000015,Physical,All ages,2023-04-01/P1M,2,,,
E08000015,Physical,All ages,2023-05-01/P1M,1,,,
E08000015,Physical,All ages,2023-07-01/P1M,1,,,
E08000015,Physical,All ages,2023-08-01/P1M,1,,,
E08000015,Physical,All ages,2023-09-01/P1M,2,,,
E08000015,Physical,All ages,2023-10-01/P1M,3,,,
E08000015,Physical,All ages,2023-11-01/P1M,6,,,
E08000015,Physical,All ages,2023-12-01/P1M,8,,,
E08000015,Physical,All ages,2024-01-01/P1M,7,,,
E08000015,Physical,All ages,2024-02-01/P1M,8,,,
E08000015,Physical,All ages,2024-03-01/P1M,1,,,
E08000015,Digital,Adult,2023-04-01/P1M,1,,,
E08000015,Digital,Adult,2023-05-01/P1M,1,,,
E08000015,Digital,Adult,2023-06-01/P1M,1,,,
E08000015,Digital,Adult,2023-07-01/P1M,1,,,
E08000015,Digital,Adult,2023-08-01/P1M,1,,,
E08000015,Digital,Adult,2023-09-01/P1M,1,,,
E08000015,Digital,Adult,2023-10-01/P1M,1,,,
E08000015,Digital,Adult,2023-11-01/P1M,1,,,
E08000015,Digital,Adult,2023-12-01/P1M,1,,,
E08000015,Digital,Adult,2024-01-01/P1M,1,,,
E08000015,Digital,Adult,2024-02-01/P1M,1,,,
E08000015,Digital,Adult,2024-03-01/P1M,1,,,
E08000031,Physical,All ages,2023-04-01/P1Y,2209,,,
E08000031,Digital,Adult,2023-04-01/P1Y,73,,,
E10000034,Physical,Unknown,2023-04-01/P1M,670,,,
E10000034,Physical,Unknown,2023-05-01/P1M,828,,,
E10000034,Physical,Unknown,2023-06-01/P1M,690,,,
E10000034,Physical,Unknown,2023-07-01/P1M,737,,,
E10000034,Physical,Unknown,2023-08-01/P1M,696,,,
E10000034,Physical,Unknown,2023-09-01/P1M,796,,,
E10000034,Physical,Unknown,2023-10-01/P1M,809,,,
E10000034,Physical,Unknown,2023-11-01/P1M,837,,,
E10000034,Physical,Unknown,2023-12-01/P1M,739,,,
E10000034,Physical,Unknown,2024-01-01/P1M,826,,,
E10000034,Physical,Unknown,2024-02-01/P1M,829,,,
E10000034,Physical,Unknown,2024-03-01/P1M,808,,,
E10000034,Digital,Unknown,2023-04-01/P1M,8,,,
E10000034,Digital,Unknown,2023-05-01/P1M,6,,,
E10000034,Digital,Unknown,2023-06-01/P1M,6,,,
E10000034,Digital,Unknown,2023-07-01/P1M,5,,,
E10000034,Digital,Unknown,2023-09-01/P1M,5,,,
E10000034,Digital,Unknown,2023-10-01/P1M,6,,,
E10000034,Digital,Unknown,2023-11-01/P1M,6,,,
E10000034,Digital,Unknown,2024-01-01/P1M,4,,,
E10000034,Digital,Unknown,2024-02-01/P1M,5,,,
E10000034,Digital,Unknown,2024-03-01/P1M,4,,,
E09000003,Physical,Adult,2024-04-01/P1M,41,,,
E09000003,Physical,Adult,2024-05-01/P1M,56,,,
E09000003,Physical,Adult,2024-06-01/P1M,50,,,
E09000003,Physical,Adult,2024-07-01/P1M,50,,,
E09000003,Physical,Adult,2024-08-01/P1M,40,,,
E09000003,Physical,Adult,2024-09-01/P1M,46,,,
E09000003,Physical,Adult,2024-10-01/P1M,69,,,
E09000003,Physical,Adult,2024-11-01/P1M,50,,,
E09000003,Physical,Adult,2024-12-01/P1M,24,,,
E09000003,Physical,Adult,2025-01-01/P1M,62,,,
E09000003,Physical,Adult,2025-02-01/P1M,58,,,
E09000003,Physical,Adult,2025-03-01/P1M,55,,,
E09000003,Physical,Under 12,2024-04-01/P1M,108,,,
E09000003,Physical,Under 12,2024-05-01/P1M,112,,,
E09000003,Physical,Under 12,2024-06-01/P1M,130,,,
E09000003,Physical,Under 12,2024-07-01/P1M,119,,,
E09000003,Physical,Under 12,2024-08-01/P1M,40,,,
E09000003,Physical,Under 12,2024-09-01/P1M,101,,,
E09000003,Physical,Under 12,2024-10-01/P1M,137,,,
E09000003,Physical,Under 12,2024-11-01/P1M,128,,,
E09000003,Physical,Under 12,2024-12-01/P1M,88,,,
E09000003,Physical,Under 12,2025-01-01/P1M,112,,,
E09000003,Physical,Under 12,2025-02-01/P1M,116,,,
E09000003,Physical,Under 12,2025-03-01/P1M,132,,,
E09000003,Physical,12-17,2024-04-01/P1M,0,,,
E09000003,Physical,12-17,2024-05-01/P1M,1,,,
E09000003,Physical,12-17,2024-06-01/P1M,0,,,
E09000003,Physical,12-17,2024-07-01/P1M,0,,,
E09000003,Physical,12-17,2024-08-01/P1M,0,,,
E09000003,Physical,12-17,2024-09-01/P1M,0,,,
E09000003,Physical,12-17,2024-10-01/P1M,1,,,
E09000003,Physical,12-17,2024-11-01/P1M,0,,,
E09000003,Physical,12-17,2024-12-01/P1M,0,,,
E09000003,Physical,12-17,2025-01-01/P1M,0,,,
E09000003,Physical,12-17,2025-02-01/P1M,0,,,
E09000003,Physical,12-17,2025-03-01/P1M,0,,,
E09000003,Physical,All ages,2024-04-01/P1M,0,,,
E09000003,Physical,All ages,2024-05-01/P1M,1,,,
E09000003,Physical,All ages,2024-06-01/P1M,0,,,
E09000003,Physical,All ages,2024-07-01/P1M,1,,,
E09000003,Physical,All ages,2024-08-01/P1M,2,,,
E09000003,Physical,All ages,2024-09-01/P1M,2,,,
E09000003,Physical,All ages,2024-10-01/P1M,4,,,
E09000003,Physical,All ages,2024-11-01/P1M,1,,,
E09000003,Physical,All ages,2024-12-01/P1M,0,,,
E09000003,Physical,All ages,2025-01-01/P1M,0,,,
E09000003,Physical,All ages,2025-02-01/P1M,0,,,
E09000003,Physical,All ages,2025-03-01/P1M,0,,,
E09000003,Digital,Adult,2024-04-01/P1M,3,,,
E09000003,Digital,Adult,2024-05-01/P1M,6,,,
E09000003,Digital,Adult,2024-06-01/P1M,9,,,
E09000003,Digital,Adult,2024-07-01/P1M,6,,,
E09000003,Digital,Adult,2024-08-01/P1M,2,,,
E09000003,Digital,Adult,2024-09-01/P1M,8,,,
E09000003,Digital,Adult,2024-10-01/P1M,8,,,
E09000003,Digital,Adult,2024-11-01/P1M,5,,,
E09000003,Digital,Adult,2024-12-01/P1M,5,,,
E09000003,Digital,Adult,2025-01-01/P1M,8,,,
E09000003,Digital,Adult,2025-02-01/P1M,6,,,
E09000003,Digital,Adult,2025-03-01/P1M,5,,,
E09000003,Digital,Under 12,2024-04-01/P1M,0,,,
E09000003,Digital,Under 12,2024-05-01/P1M,0,,,
E09000003,Digital,Under 12,2024-06-01/P1M,0,,,
E09000003,Digital,Under 12,2024-07-01/P1M,2,,,
E09000003,Digital,Under 12,2024-08-01/P1M,0,,,
E09000003,Digital,Under 12,2024-09-01/P1M,0,,,
E09000003,Digital,Under 12,2024-10-01/P1M,0,,,
E09000003,Digital,Under 12,2024-11-01/P1M,1,,,
E09000003,Digital,Under 12,2024-12-01/P1M,0,,,
E09000003,Digital,Under 12,2025-01-01/P1M,0,,,
E09000003,Digital,Under 12,2025-02-01/P1M,0,,,
E09000003,Digital,Under 12,2025-03-01/P1M,1,,,
E09000003,Digital,12-17,2024-04-01/P1Y,0,,,
E09000003,Digital,All ages,2024-04-01/P1Y,0,,,
E08000016,Physical,Adult,2024-04-01/P1M,344,,,
E08000016,Physical,Adult,2024-05-01/P1M,369,,,
E08000016,Physical,Adult,2024-06-01/P1M,410,,,
E08000016,Physical,Adult,2024-07-01/P1M,462,,,
E08000016,Physical,Adult,2024-08-01/P1M,361,,,
E08000016,Physical,Adult,2024-09-01/P1M,476,,,
E08000016,Physical,Adult,2024-10-01/P1M,485,,,
E08000016,Physical,Adult,2024-11-01/P1M,455,,,
E08000016,Physical,Adult,2024-12-01/P1M,286,,,
E08000016,Physical,Adult,2025-01-01/P1M,389,,,
E08000016,Physical,Adult,2025-02-01/P1M,472,,,
E08000016,Physical,Adult,2025-03-01/P1M,529,,,
E08000016,Physical,Under 12,2024-04-01/P1M,257,,,
E08000016,Physical,Under 12,2024-05-01/P1M,247,,,
E08000016,Physical,Under 12,2024-06-01/P1M,251,,,
E08000016,Physical,Under 12,2024-07-01/P1M,266,,,
E08000016,Physical,Under 12,2024-08-01/P1M,290,,,
E08000016,Physical,Under 12,2024-09-01/P1M,258,,,
E08000016,Physical,Under 12,2024-10-01/P1M,298,,,
E08000016,Physical,Under 12,2024-11-01/P1M,292,,,
E08000016,Physical,Under 12,2024-12-01/P1M,110,,,
E08000016,Physical,Under 12,2025-01-01/P1M,307,,,
E08000016,Physical,Under 12,2025-02-01/P1M,325,,,
E08000016,Physical,Under 12,2025-03-01/P1M,315,,,
E08000016,Physical,12-17,2024-04-01/P1M,0,,,
E08000016,Physical,12-17,2024-05-01/P1M,3,,,
E08000016,Physical,12-17,2024-06-01/P1M,3,,,
E08000016,Physical,12-17,2024-07-01/P1M,3,,,
E08000016,Physical,12-17,2024-08-01/P1M,3,,,
E08000016,Physical,12-17,2024-09-01/P1M,2,,,
E08000016,Physical,12-17,2024-10-01/P1M,0,,,
E08000016,Physical,12-17,2024-11-01/P1M,0,,,
E08000016,Physical,12-17,2024-12-01/P1M,1,,,
E08000016,Physical,12-17,2025-01-01/P1M,0,,,
E08000016,Physical,12-17,2025-02-01/P1M,4,,,
E08000016,Physical,12-17,2025-03-01/P1M,1,,,
E08000016,Physical,All ages,2024-04-01/P1M,0,,,
E08000016,Physical,All ages,2024-05-01/P1M,0,,,
E08000016,Physical,All ages,2024-06-01/P1M,5,,,
E08000016,Physical,All ages,2024-07-01/P1M,1,,,
E08000016,Physical,All ages,2024-08-01/P1M,0,,,
E08000016,Physical,All ages,2024-09-01/P1M,2,,,
E08000016,Physical,All ages,2024-10-01/P1M,2,,,
E08000016,Physical,All ages,2024-11-01/P1M,1,,,
E08000016,Physical,All ages,2024-12-01/P1M,0,,,
E08000016,Physical,All ages,2025-01-01/P1M,0,,,
E08000016,Physical,All ages,2025-02-01/P1M,3,,,
E08000016,Physical,All ages,2025-03-01/P1M,1,,,
E08000016,Digital,Unknown,2024-04-01/P1Y,0,,,
E08000016,Digital,Adult,2024-04-01/P1Y,0,,,
E08000016,Digital,Under 12,2024-04-01/P1Y,0,,,
E08000016,Digital,12-17,2024-04-01/P1Y,0,,,
E08000016,Digital,All ages,2024-04-01/P1Y,0,,,
E06000022,Physical,Unknown,2024-04-01/P1M,120,,,
E06000022,Physical,Unknown,2024-05-01/P1M,92,,,
E06000022,Physical,Unknown,2024-06-01/P1M,113,,,
E06000022,Physical,Unknown,2024-07-01/P1M,85,,,
E06000022,Physical,Unknown,2024-08-01/P1M,82,,,
E06000022,Physical,Unknown,2024-09-01/P1M,119,,,
E06000022,Physical,Unknown,2024-10-01/P1M,175,,,
E06000022,Physical,Unknown,2024-11-01/P1M,156,,,
E06000022,Physical,Unknown,2024-12-01/P1M,107,,,
E06000022,Physical,Unknown,2025-01-01/P1M,153,,,
E06000022,Physical,Unknown,2025-02-01/P1M,160,,,
E06000022,Physical,Unknown,2025-03-01/P1M,166,,,
E06000022,Physical,Adult,2024-04-01/P1Y,0,,,
E06000022,Physical,Under 12,2024-04-01/P1Y,0,,,
E06000022,Physical,12-17,2024-04-01/P1Y,0,,,
E06000022,Physical,All ages,2024-04-01/P1Y,0,,,
E06000022,Digital,Adult,2024-04-01/P1M,1,,,
E06000022,Digital,Adult,2024-05-01/P1M,1,,,
E06000022,Digital,Adult,2024-06-01/P1M,1,,,
E06000022,Digital,Adult,2024-07-01/P1M,1,,,
E06000022,Digital,Adult,2024-08-01/P1M,1,,,
E06000022,Digital,Adult,2024-09-01/P1M,1,,,
E06000022,Digital,Adult,2024-10-01/P1M,1,,,
E06000022,Digital,Adult,2024-11-01/P1M,1,,,
E06000022,Digital,Adult,2024-12-01/P1M,0,,,
E06000022,Digital,Adult,2025-01-01/P1M,2,,,
E06000022,Digital,Adult,2025-02-01/P1M,2,,,
E06000022,Digital,Adult,2025-03-01/P1M,1,,,
E06000022,Digital,Under 12,2024-04-01/P1Y,0,,,
E06000022,Digital,12-17,2024-04-01/P1Y,0,,,
E06000022,Digital,All ages,2024-04-01/P1Y,0,,,
E08000025,Physical,Unknown,2024-04-01/P1M,1061,,,
E08000025,Physical,Unknown,2024-05-01/P1M,1144,,,
E08000025,Physical,Unknown,2024-06-01/P1M,1099,,,
E08000025,Physical,Unknown,2024-07-01/P1M,1158,,,
E08000025,Physical,Unknown,2024-08-01/P1M,1113,,,
E08000025,Physical,Unknown,2024-09-01/P1M,860,,,
E08000025,Physical,Unknown,2024-10-01/P1M,1064,,,
E08000025,Physical,Unknown,2024-11-01/P1M,875,,,
E08000025,Physical,Unknown,2024-12-01/P1M,751,,,
E08000025,Physical,Unknown,2025-01-01/P1M,1142,,,
E08000025,Physical,Unknown,2025-02-01/P1M,1185,,,
E08000025,Physical,Unknown,2025-03-01/P1M,2327,,,
E08000025,Physical,Adult,2024-04-01/P1Y,0,,,
E08000025,Physical,Under 12,2024-04-01/P1Y,0,,,
E08000025,Physical,12-17,2024-04-01/P1Y,0,,,
E08000025,Physical,All ages,2024-04-01/P1Y,0,,,
E08000025,Digital,Unknown,2024-04-01/P1Y,0,,,
E08000025,Digital,Adult,2024-04-01/P1Y,0,,,
E08000025,Digital,Under 12,2024-04-01/P1Y,0,,,
E08000025,Digital,12-17,2024-04-01/P1Y,0,,,
E08000025,Digital,All ages,2024-04-01/P1Y,0,,,
E06000008,Physical,Adult,2024-04-01/P1M,59,,,
E06000008,Physical,Adult,2024-05-01/P1M,66,,,
E06000008,Physical,Adult,2024-06-01/P1M,65,,,
E06000008,Physical,Adult,2024-07-01/P1M,63,,,
E06000008,Physical,Adult,2024-08-01/P1M,55,,,
E06000008,Physical,Adult,2024-09-01/P1M,61,,,
E06000008,Physical,Adult,2024-10-01/P1M,71,,,
E06000008,Physical,Adult,2024-11-01/P1M,71,,,
E06000008,Physical,Adult,2024-12-01/P1M,55,,,
E06000008,Physical,Adult,2025-01-01/P1M,70,,,
E06000008,Physical,Adult,2025-02-01/P1M,68,,,
E06000008,Physical,Adult,2025-03-01/P1M,76,,,
E06000008,Physical,Under 12,2024-04-01/P1Y,0,,,
E06000008,Physical,12-17,2024-04-01/P1Y,0,,,
E06000008,Physical,All ages,2024-04-01/P1Y,0,,,
E06000008,Digital,Unknown,2024-04-01/P1Y,0,,,
E06000008,Digital,Adult,2024-04-01/P1Y,0,,,
E06000008,Digital,Under 12,2024-04-01/P1Y,0,,,
E06000008,Digital,12-17,2024-04-01/P1Y,0,,,
E06000008,Digital,All ages,2024-04-01/P1Y,0,,,
E06000009,Physical,Unknown,2024-04-01/P1M,156,,,
E06000009,Physical,Unknown,2024-05-01/P1M,185,,,
E06000009,Physical,Unknown,2024-06-01/P1M,165,,,
E06000009,Physical,Unknown,2024-07-01/P1M,171,,,
E06000009,Physical,Unknown,2024-08-01/P1M,166,,,
E06000009,Physical,Unknown,2024-09-01/P1M,176,,,
E06000009,Physical,Unknown,2024-10-01/P1M,144,,,
E06000009,Physical,Unknown,2024-11-01/P1M,195,,,
E06000009,Physical,Unknown,2024-12-01/P1M,132,,,
E06000009,Physical,Unknown,2025-01-01/P1M,192,,,
E06000009,Physical,Unknown,2025-02-01/P1M,221,,,
E06000009,Physical,Unknown,2025-03-01/P1M,204,,,
E06000009,Physical,Adult,2024-04-01/P1Y,0,,,
E06000009,Physical,Under 12,2024-04-01/P1Y,0,,,
E06000009,Physical,12-17,2024-04-01/P1Y,0,,,
E06000009,Physical,All ages,2024-04-01/P1Y,0,,,
E06000009,Digital,Unknown,2024-04-01/P1Y,0,,,
E06000009,Digital,Adult,2024-04-01/P1Y,0,,,
E06000009,Digital,Under 12,2024-04-01/P1Y,0,,,
E06000009,Digital,12-17,2024-04-01/P1Y,0,,,
E06000009,Digital,All ages,2024-04-01/P1Y,0,,,
E08000001,Physical,Adult,2024-04-01/P1M,255,,,
E08000001,Physical,Adult,2024-05-01/P1M,238,,,
E08000001,Physical,Adult,2024-06-01/P1M,256,,,
E08000001,Physical,Adult,2024-07-01/P1M,248,,,
E08000001,Physical,Adult,2024-08-01/P1M,237,,,
E08000001,Physical,Adult,2024-09-01/P1M,248,,,
E08000001,Physical,Adult,2024-10-01/P1M,287,,,
E08000001,Physical,Adult,2024-11-01/P1M,259,,,
E08000001,Physical,Adult,2024-12-01/P1M,204,,,
E08000001,Physical,Adult,2025-01-01/P1M,265,,,
E08000001,Physical,Adult,2025-02-01/P1M,263,,,
E08000001,Physical,Adult,2025-03-01/P1M,282,,,
E08000001,Physical,Under 12,2024-04-01/P1M,146,,,
E08000001,Physical,Under 12,2024-05-01/P1M,142,,,
E08000001,Physical,Under 12,2024-06-01/P1M,159,,,
E08000001,Physical,Under 12,2024-07-01/P1M,168,,,
E08000001,Physical,Under 12,2024-08-01/P1M,189,,,
E08000001,Physical,Under 12,2024-09-01/P1M,127,,,
E08000001,Physical,Under 12,2024-10-01/P1M,150,,,
E08000001,Physical,Under 12,2024-11-01/P1M,154,,,
E08000001,Physical,Under 12,2024-12-01/P1M,142,,,
E08000001,Physical,Under 12,2025-01-01/P1M,189,,,
E08000001,Physical,Under 12,2025-02-01/P1M,157,,,
E08000001,Physical,Under 12,2025-03-01/P1M,185,,,
E08000001,Physical,12-17,2024-04-01/P1Y,0,,,
E08000001,Physical,All ages,2024-04-01/P1Y,0,,,
E08000001,Digital,Unknown,2024-04-01/P1Y,0,,,
E08000001,Digital,Adult,2024-04-01/P1Y,0,,,
E08000001,Digital,Under 12,2024-04-01/P1Y,0,,,
E08000001,Digital,12-17,2024-04-01/P1Y,0,,,
E08000001,Digital,All ages,2024-04-01/P1Y,0,,,
E06000058,Physical,Adult,2024-04-01/P1M,370,,,
E06000058,Physical,Adult,2024-05-01/P1M,377,,,
E06000058,Physical,Adult,2024-06-01/P1M,334,,,
E06000058,Physical,Adult,2024-07-01/P1M,339,,,
E06000058,Physical,Adult,2024-08-01/P1M,294,,,
E06000058,Physical,Adult,2024-09-01/P1M,283,,,
E06000058,Physical,Adult,2024-10-01/P1M,300,,,
E06000058,Physical,Adult,2024-11-01/P1M,301,,,
E06000058,Physical,Adult,2024-12-01/P1M,258,,,
E06000058,Physical,Adult,2025-01-01/P1M,319,,,
E06000058,Physical,Adult,2025-02-01/P1M,263,,,
E06000058,Physical,Adult,2025-03-01/P1M,287,,,
E06000058,Physical,Under 12,2024-04-01/P1M,543,,,
E06000058,Physical,Under 12,2024-05-01/P1M,536,,,
E06000058,Physical,Under 12,2024-06-01/P1M,435,,,
E06000058,Physical,Under 12,2024-07-01/P1M,436,,,
E06000058,Physical,Under 12,2024-08-01/P1M,637,,,
E06000058,Physical,Under 12,2024-09-01/P1M,426,,,
E06000058,Physical,Under 12,2024-10-01/P1M,501,,,
E06000058,Physical,Under 12,2024-11-01/P1M,515,,,
E06000058,Physical,Under 12,2024-12-01/P1M,411,,,
E06000058,Physical,Under 12,2025-01-01/P1M,483,,,
E06000058,Physical,Under 12,2025-02-01/P1M,466,,,
E06000058,Physical,Under 12,2025-03-01/P1M,476,,,
E06000058,Physical,12-17,2024-04-01/P1M,1,,,
E06000058,Physical,12-17,2024-05-01/P1M,0,,,
E06000058,Physical,12-17,2024-06-01/P1M,1,,,
E06000058,Physical,12-17,2024-07-01/P1M,0,,,
E06000058,Physical,12-17,2024-08-01/P1M,0,,,
E06000058,Physical,12-17,2024-09-01/P1M,0,,,
E06000058,Physical,12-17,2024-10-01/P1M,0,,,
E06000058,Physical,12-17,2024-11-01/P1M,0,,,
E06000058,Physical,12-17,2024-12-01/P1M,0,,,
E06000058,Physical,12-17,2025-01-01/P1M,0,,,
E06000058,Physical,12-17,2025-02-01/P1M,0,,,
E06000058,Physical,12-17,2025-03-01/P1M,0,,,
E06000058,Physical,All ages,2024-04-01/P1M,123,,,
E06000058,Physical,All ages,2024-05-01/P1M,102,,,
E06000058,Physical,All ages,2024-06-01/P1M,118,,,
E06000058,Physical,All ages,2024-07-01/P1M,112,,,
E06000058,Physical,All ages,2024-08-01/P1M,116,,,
E06000058,Physical,All ages,2024-09-01/P1M,105,,,
E06000058,Physical,All ages,2024-10-01/P1M,133,,,
E06000058,Physical,All ages,2024-11-01/P1M,112,,,
E06000058,Physical,All ages,2024-12-01/P1M,83,,,
E06000058,Physical,All ages,2025-01-01/P1M,135,,,
E06000058,Physical,All ages,2025-02-01/P1M,61,,,
E06000058,Physical,All ages,2025-03-01/P1M,78,,,
E06000058,Digital,Adult,2024-04-01/P1M,1,,,
E06000058,Digital,Adult,2024-05-01/P1M,1,,,
E06000058,Digital,Adult,2024-06-01/P1M,2,,,
E06000058,Digital,Adult,2024-07-01/P1M,0,,,
E06000058,Digital,Adult,2024-08-01/P1M,1,,,
E06000058,Digital,Adult,2024-09-01/P1M,1,,,
E06000058,Digital,Adult,2024-10-01/P1M,3,,,
E06000058,Digital,Adult,2024-11-01/P1M,1,,,
E06000058,Digital,Adult,2024-12-01/P1M,1,,,
E06000058,Digital,Adult,2025-01-01/P1M,1,,,
E06000058,Digital,Adult,2025-02-01/P1M,1,,,
E06000058,Digital,Adult,2025-03-01/P1M,2,,,
E06000058,Digital,Under 12,2024-04-01/P1M,1,,,
E06000058,Digital,Under 12,2024-05-01/P1M,2,,,
E06000058,Digital,Under 12,2024-06-01/P1M,2,,,
E06000058,Digital,Under 12,2024-07-01/P1M,2,,,
E06000058,Digital,Under 12,2024-08-01/P1M,2,,,
E06000058,Digital,Under 12,2024-09-01/P1M,1,,,
E06000058,Digital,Under 12,2024-10-01/P1M,2,,,
E06000058,Digital,Under 12,2024-11-01/P1M,2,,,
E06000058,Digital,Under 12,2024-12-01/P1M,0,,,
E06000058,Digital,Under 12,2025-01-01/P1M,0,,,
E06000058,Digital,Under 12,2025-02-01/P1M,2,,,
E06000058,Digital,Under 12,2025-03-01/P1M,2,,,
E06000058,Digital,12-17,2024-04-01/P1Y,0,,,
E06000058,Digital,All ages,2024-04-01/P1Y,0,,,
E08000032,Physical,Adult,2024-04-01/P1M,178,,,
E08000032,Physical,Adult,2024-05-01/P1M,189,,,
E08000032,Physical,Adult,2024-06-01/P1M,163,,,
E08000032,Physical,Adult,2024-07-01/P1M,175,,,
E08000032,Physical,Adult,2024-08-01/P1M,149,,,
E08000032,Physical,Adult,2024-09-01/P1M,200,,,
E08000032,Physical,Adult,2024-10-01/P1M,211,,,
E08000032,Physical,Adult,2024-11-01/P1M,211,,,
E08000032,Physical,Adult,2024-12-01/P1M,135,,,
E08000032,Physical,Adult,2025-01-01/P1M,193,,,
E08000032,Physical,Adult,2025-02-01/P1M,212,,,
E08000032,Physical,Adult,2025-03-01/P1M,325,,,
E08000032,Physical,Under 12,2024-04-01/P1M,212,,,
E08000032,Physical,Under 12,2024-05-01/P1M,236,,,
E08000032,Physical,Under 12,2024-06-01/P1M,231,,,
E08000032,Physical,Under 12,2024-07-01/P1M,324,,,
E08000032,Physical,Under 12,2024-08-01/P1M,253,,,
E08000032,Physical,Under 12,2024-09-01/P1M,209,,,
E08000032,Physical,Under 12,2024-10-01/P1M,237,,,
E08000032,Physical,Under 12,2024-11-01/P1M,254,,,
E08000032,Physical,Under 12,2024-12-01/P1M,180,,,
E08000032,Physical,Under 12,2025-01-01/P1M,209,,,
E08000032,Physical,Under 12,2025-02-01/P1M,256,,,
E08000032,Physical,Under 12,2025-03-01/P1M,286,,,
E08000032,Physical,12-17,2024-04-01/P1Y,0,,,
E08000032,Physical,All ages,2024-04-01/P1Y,0,,,
E08000032,Digital,Unknown,2024-04-01/P1Y,0,,,
E08000032,Digital,Adult,2024-04-01/P1Y,0,,,
E08000032,Digital,Under 12,2024-04-01/P1Y,0,,,
E08000032,Digital,12-17,2024-04-01/P1Y,0,,,
E08000032,Digital,All ages,2024-04-01/P1Y,0,,,
E09000005,Physical,Adult,2024-04-01/P1M,43,,,
E09000005,Physical,Adult,2024-05-01/P1M,59,,,
E09000005,Physical,Adult,2024-06-01/P1M,56,,,
E09000005,Physical,Adult,2024-07-01/P1M,36,,,
E09000005,Physical,Adult,2024-08-01/P1M,9,,,
E09000005,Physical,Adult,2024-09-01/P1M,50,,,
E09000005,Physical,Adult,2024-10-01/P1M,83,,,
E09000005,Physical,Adult,2024-11-01/P1M,74,,,
E09000005,Physical,Adult,2024-12-01/P1M,29,,,
E09000005,Physical,Adult,2025-01-01/P1M,59,,,
E09000005,Physical,Adult,2025-02-01/P1M,73,,,
E09000005,Physical,Adult,2025-03-01/P1M,57,,,
E09000005,Physical,Under 12,2024-04-01/P1M,65,,,
E09000005,Physical,Under 12,2024-05-01/P1M,61,,,
E09000005,Physical,Under 12,2024-06-01/P1M,57,,,
E09000005,Physical,Under 12,2024-07-01/P1M,51,,,
E09000005,Physical,Under 12,2024-08-01/P1M,81,,,
E09000005,Physical,Under 12,2024-09-01/P1M,24,,,
E09000005,Physical,Under 12,2024-10-01/P1M,67,,,
E09000005,Physical,Under 12,2024-11-01/P1M,81,,,
E09000005,Physical,Under 12,2024-12-01/P1M,47,,,
E09000005,Physical,Under 12,2025-01-01/P1M,50,,,
E09000005,Physical,Under 12,2025-02-01/P1M,81,,,
E09000005,Physical,Under 12,2025-03-01/P1M,96,,,
E09000005,Physical,12-17,2024-04-01/P1Y,0,,,
E09000005,Physical,All ages,2024-04-01/P1Y,0,,,
E09000005,Digital,Unknown,2024-04-01/P1Y,0,,,
E09000005,Digital,Adult,2024-04-01/P1Y,0,,,
E09000005,Digital,Under 12,2024-04-01/P1Y,0,,,
E09000005,Digital,12-17,2024-04-01/P1Y,0,,,
E09000005,Digital,All ages,2024-04-01/P1Y,0,,,
E06000023,Physical,Adult,2024-04-01/P3M,618,,,
E06000023,Physical,Adult,2024-07-01/P3M,598,,,
E06000023,Physical,Adult,2024-10-01/P3M,602,,,
E06000023,Physical,Adult,2025-01-01/P3M,603,,,
E06000023,Physical,Under 12,2024-04-01/P3M,599,,,
E06000023,Physical,Under 12,2024-07-01/P3M,498,,,
E06000023,Physical,Under 12,2024-10-01/P3M,619,,,
E06000023,Physical,Under 12,2025-01-01/P3M,680,,,
E06000023,Physical,12-17,2024-04-01/P3M,53,,,
E06000023,Physical,12-17,2024-07-01/P3M,17,,,
E06000023,Physical,12-17,2024-10-01/P3M,21,,,
E06000023,Physical,12-17,2025-01-01/P3M,67,,,
E06000023,Physical,All ages,2024-04-01/P3M,18,,,
E06000023,Physical,All ages,2024-07-01/P3M,26,,,
E06000023,Physical,All ages,2024-10-01/P3M,39,,,
E06000023,Physical,All ages,2025-01-01/P3M,77,,,
E06000023,Digital,Adult,2024-04-01/P3M,54,,,
E06000023,Digital,Adult,2024-07-01/P3M,27,,,
E06000023,Digital,Adult,2024-10-01/P3M,43,,,
E06000023,Digital,Adult,2025-01-01/P3M,15,,,
E06000023,Digital,Under 12,2024-04-01/P1Y,0,,,
E06000023,Digital,12-17,2024-04-01/P1Y,0,,,
E06000023,Digital,All ages,2024-04-01/P1Y,0,,,
E09000006,Physical,Adult,2024-04-01/P1M,86,,,
E09000006,Physical,Adult,2024-05-01/P1M,91,,,
E09000006,Physical,Adult,2024-06-01/P1M,59,,,
E09000006,Physical,Adult,2024-07-01/P1M,95,,,
E09000006,Physical,Adult,2024-08-01/P1M,89,,,
E09000006,Physical,Adult,2024-09-01/P1M,96,,,
E09000006,Physical,Adult,2024-10-01/P1M,94,,,
E09000006,Physical,Adult,2024-11-01/P1M,105,,,
E09000006,Physical,Adult,2024-12-01/P1M,102,,,
E09000006,Physical,Adult,2025-01-01/P1M,109,,,
E09000006,Physical,Adult,2025-02-01/P1M,96,,,
E09000006,Physical,Adult,2025-03-01/P1M,126,,,
E09000006,Physical,Under 12,2024-04-01/P1M,258,,,
E09000006,Physical,Under 12,2024-05-01/P1M,231,,,
E09000006,Physical,Under 12,2024-06-01/P1M,246,,,
E09000006,Physical,Under 12,2024-07-01/P1M,297,,,
E09000006,Physical,Under 12,2024-08-01/P1M,201,,,
E09000006,Physical,Under 12,2024-09-01/P1M,252,,,
E09000006,Physical,Under 12,2024-10-01/P1M,310,,,
E09000006,Physical,Under 12,2024-11-01/P1M,298,,,
E09000006,Physical,Under 12,2024-12-01/P1M,203,,,
E09000006,Physical,Under 12,2025-01-01/P1M,280,,,
E09000006,Physical,Under 12,2025-02-01/P1M,248,,,
E09000006,Physical,Under 12,2025-03-01/P1M,301,,,
E09000006,Physical,12-17,2024-04-01/P1Y,0,,,
E09000006,Physical,All ages,2024-04-01/P1M,43,,,
E09000006,Physical,All ages,2024-05-01/P1M,50,,,
E09000006,Physical,All ages,2024-06-01/P1M,2,,,
E09000006,Physical,All ages,2024-07-01/P1M,16,,,
E09000006,Physical,All ages,2024-08-01/P1M,50,,,
E09000006,Physical,All ages,2024-09-01/P1M,55,,,
E09000006,Physical,All ages,2024-10-01/P1M,23,,,
E09000006,Physical,All ages,2024-11-01/P1M,5,,,
E09000006,Physical,All ages,2024-12-01/P1M,24,,,
E09000006,Physical,All ages,2025-01-01/P1M,20,,,
E09000006,Physical,All ages,2025-02-01/P1M,57,,,
E09000006,Physical,All ages,2025-03-01/P1M,7,,,
E09000006,Digital,Unknown,2024-04-01/P1Y,0,,,
E09000006,Digital,Adult,2024-04-01/P1Y,0,,,
E09000006,Digital,Under 12,2024-04-01/P1Y,0,,,
E09000006,Digital,12-17,2024-04-01/P1Y,0,,,
E09000006,Digital,All ages,2024-04-01/P1Y,0,,,
E08000033,Physical,Unknown,2024-04-01/P1Y,1829,,,
E08000033,Physical,Adult,2024-04-01/P1Y,0,,,
E08000033,Physical,Under 12,2024-04-01/P1Y,0,,,
E08000033,Physical,12-17,2024-04-01/P1Y,0,,,
E08000033,Physical,All ages,2024-04-01/P1Y,0,,,
E08000033,Digital,Unknown,2024-04-01/P1Y,0,,,
E08000033,Digital,Adult,2024-04-01/P1Y,0,,,
E08000033,Digital,Under 12,2024-04-01/P1Y,0,,,
E08000033,Digital,12-17,2024-04-01/P1Y,0,,,
E08000033,Digital,All ages,2024-04-01/P1Y,0,,,
E10000003,Physical,Adult,2024-04-01/P1M,53,,,
E10000003,Physical,Adult,2024-05-01/P1M,55,,,
E10000003,Physical,Adult,2024-06-01/P1M,58,,,
E10000003,Physical,Adult,2024-07-01/P1M,55,,,
E10000003,Physical,Adult,2024-08-01/P1M,46,,,
E10000003,Physical,Adult,2024-09-01/P1M,66,,,
E10000003,Physical,Adult,2024-10-01/P1M,92,,,
E10000003,Physical,Adult,2024-11-01/P1M,65,,,
E10000003,Physical,Adult,2024-12-01/P1M,51,,,
E10000003,Physical,Adult,2025-01-01/P1M,55,,,
E10000003,Physical,Adult,2025-02-01/P1M,62,,,
E10000003,Physical,Adult,2025-03-01/P1M,61,,,
E10000003,Physical,Under 12,2024-04-01/P1M,252,,,
E10000003,Physical,Under 12,2024-05-01/P1M,271,,,
E10000003,Physical,Under 12,2024-06-01/P1M,345,,,
E10000003,Physical,Under 12,2024-07-01/P1M,327,,,
E10000003,Physical,Under 12,2024-08-01/P1M,210,,,
E10000003,Physical,Under 12,2024-09-01/P1M,262,,,
E10000003,Physical,Under 12,2024-10-01/P1M,313,,,
E10000003,Physical,Under 12,2024-11-01/P1M,288,,,
E10000003,Physical,Under 12,2024-12-01/P1M,150,,,
E10000003,Physical,Under 12,2025-01-01/P1M,196,,,
E10000003,Physical,Under 12,2025-02-01/P1M,165,,,
E10000003,Physical,Under 12,2025-03-01/P1M,201,,,
E10000003,Physical,12-17,2024-04-01/P1M,10,,,
E10000003,Physical,12-17,2024-05-01/P1M,14,,,
E10000003,Physical,12-17,2024-06-01/P1M,9,,,
E10000003,Physical,12-17,2024-07-01/P1M,9,,,
E10000003,Physical,12-17,2024-08-01/P1M,9,,,
E10000003,Physical,12-17,2024-09-01/P1M,4,,,
E10000003,Physical,12-17,2024-10-01/P1M,13,,,
E10000003,Physical,12-17,2024-11-01/P1M,7,,,
E10000003,Physical,12-17,2024-12-01/P1M,5,,,
E10000003,Physical,12-17,2025-01-01/P1M,5,,,
E10000003,Physical,12-17,2025-02-01/P1M,3,,,
E10000003,Physical,12-17,2025-03-01/P1M,5,,,
E10000003,Physical,All ages,2024-04-01/P1M,247,,,
E10000003,Physical,All ages,2024-05-01/P1M,263,,,
E10000003,Physical,All ages,2024-06-01/P1M,227,,,
E10000003,Physical,All ages,2024-07-01/P1M,289,,,
E10000003,Physical,All ages,2024-08-01/P1M,298,,,
E10000003,Physical,All ages,2024-09-01/P1M,271,,,
E10000003,Physical,All ages,2024-10-01/P1M,307,,,
E10000003,Physical,All ages,2024-11-01/P1M,327,,,
E10000003,Physical,All ages,2024-12-01/P1M,295,,,
E10000003,Physical,All ages,2025-01-01/P1M,345,,,
E10000003,Physical,All ages,2025-02-01/P1M,411,,,
E10000003,Physical,All ages,2025-03-01/P1M,409,,,
E10000003,Digital,Unknown,2024-04-01/P1Y,0,,,
E10000003,Digital,Adult,2024-04-01/P1Y,0,,,
E10000003,Digital,Under 12,2024-04-01/P1Y,0,,,
E10000003,Digital,12-17,2024-04-01/P1Y,0,,,
E10000003,Digital,All ages,2024-04-01/P1Y,0,,,
E06000049,Physical,Adult,2024-04-01/P1M,321,,,
E06000049,Physical,Adult,2024-05-01/P1M,360,,,
E06000049,Physical,Adult,2024-06-01/P1M,407,,,
E06000049,Physical,Adult,2024-07-01/P1M,396,,,
E06000049,Physical,Adult,2024-08-01/P1M,314,,,
E06000049,Physical,Adult,2024-09-01/P1M,435,,,
E06000049,Physical,Adult,2024-10-01/P1M,477,,,
E06000049,Physical,Adult,2024-11-01/P1M,393,,,
E06000049,Physical,Adult,2024-12-01/P1M,283,,,
E06000049,Physical,Adult,2025-01-01/P1M,358,,,
E06000049,Physical,Adult,2025-02-01/P1M,414,,,
E06000049,Physical,Adult,2025-03-01/P1M,443,,,
E06000049,Physical,Under 12,2024-04-01/P1M,283,,,
E06000049,Physical,Under 12,2024-05-01/P1M,327,,,
E06000049,Physical,Under 12,2024-06-01/P1M,319,,,
E06000049,Physical,Under 12,2024-07-01/P1M,363,,,
E06000049,Physical,Under 12,2024-08-01/P1M,347,,,
E06000049,Physical,Under 12,2024-09-01/P1M,281,,,
E06000049,Physical,Under 12,2024-10-01/P1M,341,,,
E06000049,Physical,Under 12,2024-11-01/P1M,308,,,
E06000049,Physical,Under 12,2024-12-01/P1M,226,,,
E06000049,Physical,Under 12,2025-01-01/P1M,260,,,
E06000049,Physical,Under 12,2025-02-01/P1M,305,,,
E06000049,Physical,Under 12,2025-03-01/P1M,312,,,
E06000049,Physical,12-17,2024-04-01/P1Y,0,,,
E06000049,Physical,All ages,2024-04-01/P1Y,0,,,
E06000049,Digital,Unknown,2024-04-01/P1M,11,,,
E06000049,Digital,Unknown,2024-05-01/P1M,32,,,
E06000049,Digital,Unknown,2024-06-01/P1M,50,,,
E06000049,Digital,Unknown,2024-07-01/P1M,68,,,
E06000049,Digital,Unknown,2024-08-01/P1M,50,,,
E06000049,Digital,Unknown,2024-09-01/P1M,32,,,
E06000049,Digital,Unknown,2024-10-01/P1M,52,,,
E06000049,Digital,Unknown,2024-11-01/P1M,31,,,
E06000049,Digital,Unknown,2024-12-01/P1M,25,,,
E06000049,Digital,Unknown,2025-01-01/P1M,26,,,
E06000049,Digital,Unknown,2025-02-01/P1M,28,,,
E06000049,Digital,Unknown,2025-03-01/P1M,25,,,
E06000049,Digital,Adult,2024-04-01/P1Y,0,,,
E06000049,Digital,Under 12,2024-04-01/P1Y,0,,,
E06000049,Digital,12-17,2024-04-01/P1Y,0,,,
E06000049,Digital,All ages,2024-04-01/P1Y,0,,,
E06000050,Physical,Adult,2024-04-01/P1M,446,,,
E06000050,Physical,Adult,2024-05-01/P1M,494,,,
E06000050,Physical,Adult,2024-06-01/P1M,492,,,
E06000050,Physical,Adult,2024-07-01/P1M,501,,,
E06000050,Physical,Adult,2024-08-01/P1M,317,,,
E06000050,Physical,Adult,2024-09-01/P1M,506,,,
E06000050,Physical,Adult,2024-10-01/P1M,570,,,
E06000050,Physical,Adult,2024-11-01/P1M,536,,,
E06000050,Physical,Adult,2024-12-01/P1M,364,,,
E06000050,Physical,Adult,2025-01-01/P1M,484,,,
E06000050,Physical,Adult,2025-02-01/P1M,493,,,
E06000050,Physical,Adult,2025-03-01/P1M,551,,,
E06000050,Physical,Under 12,2024-04-01/P1M,452,,,
E06000050,Physical,Under 12,2024-05-01/P1M,403,,,
E06000050,Physical,Under 12,2024-06-01/P1M,379,,,
E06000050,Physical,Under 12,2024-07-01/P1M,403,,,
E06000050,Physical,Under 12,2024-08-01/P1M,559,,,
E06000050,Physical,Under 12,2024-09-01/P1M,348,,,
E06000050,Physical,Under 12,2024-10-01/P1M,436,,,
E06000050,Physical,Under 12,2024-11-01/P1M,399,,,
E06000050,Physical,Under 12,2024-12-01/P1M,320,,,
E06000050,Physical,Under 12,2025-01-01/P1M,369,,,
E06000050,Physical,Under 12,2025-02-01/P1M,354,,,
E06000050,Physical,Under 12,2025-03-01/P1M,412,,,
E06000050,Physical,12-17,2024-04-01/P1Y,0,,,
E06000050,Physical,All ages,2024-04-01/P1Y,0,,,
E06000050,Digital,Unknown,2024-04-01/P1Y,0,,,
E06000050,Digital,Adult,2024-04-01/P1Y,0,,,
E06000050,Digital,Under 12,2024-04-01/P1Y,0,,,
E06000050,Digital,12-17,2024-04-01/P1Y,0,,,
E06000050,Digital,All ages,2024-04-01/P1Y,0,,,
E09000001,Physical,Adult,2024-04-01/P3M,1020,,,
E09000001,Physical,Adult,2024-07-01/P3M,1142,,,
E09000001,Physical,Adult,2024-10-01/P3M,957,,,
E09000001,Physical,Adult,2025-01-01/P3M,1226,,,
E09000001,Physical,Under 12,2024-04-01/P3M,116,,,
E09000001,Physical,Under 12,2024-07-01/P3M,210,,,
E09000001,Physical,Under 12,2024-10-01/P3M,195,,,
E09000001,Physical,Under 12,2025-01-01/P3M,192,,,
E09000001,Physical,12-17,2024-04-01/P1Y,1,,,
E09000001,Physical,All ages,2024-04-01/P3M,154,,,
E09000001,Physical,All ages,2024-07-01/P3M,126,,,
E09000001,Physical,All ages,2024-10-01/P3M,148,,,
E09000001,Physical,All ages,2025-01-01/P3M,70,,,
E09000001,Digital,Adult,2024-04-01/P3M,51,,,
E09000001,Digital,Adult,2024-07-01/P3M,34,,,
E09000001,Digital,Adult,2024-10-01/P3M,42,,,
E09000001,Digital,Adult,2025-01-01/P3M,42,,,
E09000001,Digital,Under 12,2024-04-01/P1Y,0,,,
E09000001,Digital,12-17,2024-04-01/P1Y,0,,,
E09000001,Digital,All ages,2024-04-01/P1Y,0,,,
E06000052,Physical,Unknown,2024-04-01/P1Y,0,,,
E06000052,Physical,Adult,2024-04-01/P1Y,0,,,
E06000052,Physical,Under 12,2024-04-01/P1Y,0,,,
E06000052,Physical,12-17,2024-04-01/P1Y,0,,,
E06000052,Physical,All ages,2024-04-01/P1Y,0,,,
E06000052,Digital,Unknown,2024-04-01/P1Y,0,,,
E06000052,Digital,Adult,2024-04-01/P1Y,0,,,
E06000052,Digital,Under 12,2024-04-01/P1Y,0,,,
E06000052,Digital,12-17,2024-04-01/P1Y,0,,,
E06000052,Digital,All ages,2024-04-01/P1Y,0,,,
E08000026,Physical,Adult,2024-04-01/P1M,0,,,
E08000026,Physical,Adult,2024-05-01/P1M,0,,,
E08000026,Physical,Adult,2024-06-01/P1M,0,,,
E08000026,Physical,Adult,2024-07-01/P1M,0,,,
E08000026,Physical,Adult,2024-08-01/P1M,0,,,
E08000026,Physical,Adult,2024-09-01/P1M,0,,,
E08000026,Physical,Adult,2024-10-01/P1M,543,,,
E08000026,Physical,Adult,2024-11-01/P1M,518,,,
E08000026,Physical,Adult,2024-12-01/P1M,380,,,
E08000026,Physical,Adult,2025-01-01/P1M,486,,,
E08000026,Physical,Adult,2025-02-01/P1M,491,,,
E08000026,Physical,Adult,2025-03-01/P1M,536,,,
E08000026,Physical,Under 12,2024-04-01/P1M,0,,,
E08000026,Physical,Under 12,2024-05-01/P1M,0,,,
E08000026,Physical,Under 12,2024-06-01/P1M,0,,,
E08000026,Physical,Under 12,2024-07-01/P1M,0,,,
E08000026,Physical,Under 12,2024-08-01/P1M,0,,,
E08000026,Physical,Under 12,2024-09-01/P1M,0,,,
E08000026,Physical,Under 12,2024-10-01/P1M,449,,,
E08000026,Physical,Under 12,2024-11-01/P1M,438,,,
E08000026,Physical,Under 12,2024-12-01/P1M,327,,,
E08000026,Physical,Under 12,2025-01-01/P1M,395,,,
E08000026,Physical,Under 12,2025-02-01/P1M,404,,,
E08000026,Physical,Under 12,2025-03-01/P1M,456,,,
E08000026,Physical,12-17,2024-04-01/P1Y,0,,,
E08000026,Physical,All ages,2024-04-01/P1Y,0,,,
E08000026,Digital,Unknown,2024-04-01/P1M,54,,,
E08000026,Digital,Unknown,2024-05-01/P1M,56,,,
E08000026,Digital,Unknown,2024-06-01/P1M,59,,,
E08000026,Digital,Unknown,2024-07-01/P1M,41,,,
E08000026,Digital,Unknown,2024-08-01/P1M,25,,,
E08000026,Digital,Unknown,2024-09-01/P1M,20,,,
E08000026,Digital,Unknown,2024-10-01/P1M,68,,,
E08000026,Digital,Unknown,2024-11-01/P1M,43,,,
E08000026,Digital,Unknown,2024-12-01/P1M,33,,,
E08000026,Digital,Unknown,2025-01-01/P1M,57,,,
E08000026,Digital,Unknown,2025-02-01/P1M,54,,,
E08000026,Digital,Unknown,2025-03-01/P1M,58,,,
E08000026,Digital,Adult,2024-04-01/P1Y,0,,,
E08000026,Digital,Under 12,2024-04-01/P1Y,0,,,
E08000026,Digital,12-17,2024-04-01/P1Y,0,,,
E08000026,Digital,All ages,2024-04-01/P1Y,0,,,
E09000008,Physical,Adult,2024-04-01/P1M,154,,,
E09000008,Physical,Adult,2024-05-01/P1M,181,,,
E09000008,Physical,Adult,2024-06-01/P1M,189,,,
E09000008,Physical,Adult,2024-07-01/P1M,160,,,
E09000008,Physical,Adult,2024-08-01/P1M,113,,,
E09000008,Physical,Adult,2024-09-01/P1M,145,,,
E09000008,Physical,Adult,2024-10-01/P1M,135,,,
E09000008,Physical,Adult,2024-11-01/P1M,173,,,
E09000008,Physical,Adult,2024-12-01/P1M,107,,,
E09000008,Physical,Adult,2025-01-01/P1M,145,,,
E09000008,Physical,Adult,2025-02-01/P1M,138,,,
E09000008,Physical,Adult,2025-03-01/P1M,152,,,
E09000008,Physical,Under 12,2024-04-01/P1M,132,,,
E09000008,Physical,Under 12,2024-05-01/P1M,120,,,
E09000008,Physical,Under 12,2024-06-01/P1M,136,,,
E09000008,Physical,Under 12,2024-07-01/P1M,119,,,
E09000008,Physical,Under 12,2024-08-01/P1M,170,,,
E09000008,Physical,Under 12,2024-09-01/P1M,100,,,
E09000008,Physical,Under 12,2024-10-01/P1M,119,,,
E09000008,Physical,Under 12,2024-11-01/P1M,112,,,
E09000008,Physical,Under 12,2024-12-01/P1M,75,,,
E09000008,Physical,Under 12,2025-01-01/P1M,97,,,
E09000008,Physical,Under 12,2025-02-01/P1M,107,,,
E09000008,Physical,Under 12,2025-03-01/P1M,130,,,
E09000008,Physical,12-17,2024-04-01/P1M,1,,,
E09000008,Physical,12-17,2024-05-01/P1M,1,,,
E09000008,Physical,12-17,2024-06-01/P1M,1,,,
E09000008,Physical,12-17,2024-07-01/P1M,2,,,
E09000008,Physical,12-17,2024-08-01/P1M,4,,,
E09000008,Physical,12-17,2024-09-01/P1M,1,,,
E09000008,Physical,12-17,2024-10-01/P1M,1,,,
E09000008,Physical,12-17,2024-11-01/P1M,1,,,
E09000008,Physical,12-17,2024-12-01/P1M,6,,,
E09000008,Physical,12-17,2025-01-01/P1M,1,,,
E09000008,Physical,12-17,2025-02-01/P1M,1,,,
E09000008,Physical,12-17,2025-03-01/P1M,1,,,
E09000008,Physical,All ages,2024-04-01/P1M,5,,,
E09000008,Physical,All ages,2024-05-01/P1M,6,,,
E09000008,Physical,All ages,2024-06-01/P1M,6,,,
E09000008,Physical,All ages,2024-07-01/P1M,7,,,
E09000008,Physical,All ages,2024-08-01/P1M,34,,,
E09000008,Physical,All ages,2024-09-01/P1M,22,,,
E09000008,Physical,All ages,2024-10-01/P1M,10,,,
E09000008,Physical,All ages,2024-11-01/P1M,3,,,
E09000008,Physical,All ages,2024-12-01/P1M,9,,,
E09000008,Physical,All ages,2025-01-01/P1M,0,,,
E09000008,Physical,All ages,2025-02-01/P1M,5,,,
E09000008,Physical,All ages,2025-03-01/P1M,0,,,
E09000008,Digital,Unknown,2024-04-01/P1Y,0,,,
E09000008,Digital,Adult,2024-04-01/P1Y,0,,,
E09000008,Digital,Under 12,2024-04-01/P1Y,0,,,
E09000008,Digital,12-17,2024-04-01/P1Y,0,,,
E09000008,Digital,All ages,2024-04-01/P1Y,0,,,
E06000063,Physical,Unknown,2024-04-01/P1M,251,,,
E06000063,Physical,Unknown,2024-05-01/P1M,265,,,
E06000063,Physical,Unknown,2024-06-01/P1M,289,,,
E06000063,Physical,Unknown,2024-07-01/P1M,266,,,
E06000063,Physical,Unknown,2024-08-01/P1M,223,,,
E06000063,Physical,Unknown,2024-09-01/P1M,219,,,
E06000063,Physical,Unknown,2024-10-01/P1M,292,,,
E06000063,Physical,Unknown,2024-11-01/P1M,287,,,
E06000063,Physical,Unknown,2024-12-01/P1M,197,,,
E06000063,Physical,Unknown,2025-01-01/P1M,255,,,
E06000063,Physical,Unknown,2025-02-01/P1M,231,,,
E06000063,Physical,Unknown,2025-03-01/P1M,262,,,
E06000063,Physical,Adult,2024-04-01/P1Y,0,,,
E06000063,Physical,Under 12,2024-04-01/P1Y,0,,,
E06000063,Physical,12-17,2024-04-01/P1Y,0,,,
E06000063,Physical,All ages,2024-04-01/P1Y,0,,,
E06000063,Digital,Unknown,2024-04-01/P1Y,0,,,
E06000063,Digital,Adult,2024-04-01/P1Y,0,,,
E06000063,Digital,Under 12,2024-04-01/P1Y,0,,,
E06000063,Digital,12-17,2024-04-01/P1Y,0,,,
E06000063,Digital,All ages,2024-04-01/P1Y,0,,,
E06000005,Physical,Adult,2024-04-01/P1M,33,,,
E06000005,Physical,Adult,2024-05-01/P1M,37,,,
E06000005,Physical,Adult,2024-06-01/P1M,38,,,
E06000005,Physical,Adult,2024-07-01/P1M,30,,,
E06000005,Physical,Adult,2024-08-01/P1M,3,,,
E06000005,Physical,Adult,2024-09-01/P1M,45,,,
E06000005,Physical,Adult,2024-10-01/P1M,38,,,
E06000005,Physical,Adult,2024-11-01/P1M,26,,,
E06000005,Physical,Adult,2024-12-01/P1M,11,,,
E06000005,Physical,Adult,2025-01-01/P1M,48,,,
E06000005,Physical,Adult,2025-02-01/P1M,33,,,
E06000005,Physical,Adult,2025-03-01/P1M,50,,,
E06000005,Physical,Under 12,2024-04-01/P1Y,0,,,
E06000005,Physical,12-17,2024-04-01/P1Y,0,,,
E06000005,Physical,All ages,2024-04-01/P1M,62,,,
E06000005,Physical,All ages,2024-05-01/P1M,69,,,
E06000005,Physical,All ages,2024-06-01/P1M,94,,,
E06000005,Physical,All ages,2024-07-01/P1M,90,,,
E06000005,Physical,All ages,2024-08-01/P1M,128,,,
E06000005,Physical,All ages,2024-09-01/P1M,57,,,
E06000005,Physical,All ages,2024-10-01/P1M,96,,,
E06000005,Physical,All ages,2024-11-01/P1M,81,,,
E06000005,Physical,All ages,2024-12-01/P1M,46,,,
E06000005,Physical,All ages,2025-01-01/P1M,78,,,
E06000005,Physical,All ages,2025-02-01/P1M,91,,,
E06000005,Physical,All ages,2025-03-01/P1M,107,,,
E06000005,Digital,Unknown,2024-04-01/P1Y,0,,,
E06000005,Digital,Adult,2024-04-01/P1Y,0,,,
E06000005,Digital,Under 12,2024-04-01/P1Y,0,,,
E06000005,Digital,12-17,2024-04-01/P1Y,0,,,
E06000005,Digital,All ages,2024-04-01/P1Y,0,,,
E10000007,Physical,Unknown,2024-04-01/P1M,952,,,
E10000007,Physical,Unknown,2024-05-01/P1M,1137,,,
E10000007,Physical,Unknown,2024-06-01/P1M,1008,,,
E10000007,Physical,Unknown,2024-07-01/P1M,987,,,
E10000007,Physical,Unknown,2024-08-01/P1M,1139,,,
E10000007,Physical,Unknown,2024-09-01/P1M,978,,,
E10000007,Physical,Unknown,2024-10-01/P1M,1060,,,
E10000007,Physical,Unknown,2024-11-01/P1M,1102,,,
E10000007,Physical,Unknown,2024-12-01/P1M,865,,,
E10000007,Physical,Unknown,2025-01-01/P1M,860,,,
E10000007,Physical,Unknown,2025-02-01/P1M,836,,,
E10000007,Physical,Unknown,2025-03-01/P1M,1078,,,
E10000007,Physical,Adult,2024-04-01/P1Y,0,,,
E10000007,Physical,Under 12,2024-04-01/P1Y,0,,,
E10000007,Physical,12-17,2024-04-01/P1Y,0,,,
E10000007,Physical,All ages,2024-04-01/P1Y,0,,,
E10000007,Digital,Unknown,2024-04-01/P1Y,0,,,
E10000007,Digital,Adult,2024-04-01/P1Y,0,,,
E10000007,Digital,Under 12,2024-04-01/P1Y,0,,,
E10000007,Digital,12-17,2024-04-01/P1Y,0,,,
E10000007,Digital,All ages,2024-04-01/P1Y,0,,,
E10000008,Physical,Adult,2024-04-01/P1M,232,,,
E10000008,Physical,Adult,2024-05-01/P1M,320,,,
E10000008,Physical,Adult,2024-06-01/P1M,321,,,
E10000008,Physical,Adult,2024-07-01/P1M,329,,,
E10000008,Physical,Adult,2024-08-01/P1M,265,,,
E10000008,Physical,Adult,2024-09-01/P1M,313,,,
E10000008,Physical,Adult,2024-10-01/P1M,366,,,
E10000008,Physical,Adult,2024-11-01/P1M,387,,,
E10000008,Physical,Adult,2024-12-01/P1M,261,,,
E10000008,Physical,Adult,2025-01-01/P1M,385,,,
E10000008,Physical,Adult,2025-02-01/P1M,411,,,
E10000008,Physical,Adult,2025-03-01/P1M,437,,,
E10000008,Physical,Under 12,2024-04-01/P1M,313,,,
E10000008,Physical,Under 12,2024-05-01/P1M,428,,,
E10000008,Physical,Under 12,2024-06-01/P1M,392,,,
E10000008,Physical,Under 12,2024-07-01/P1M,438,,,
E10000008,Physical,Under 12,2024-08-01/P1M,391,,,
E10000008,Physical,Under 12,2024-09-01/P1M,312,,,
E10000008,Physical,Under 12,2024-10-01/P1M,373,,,
E10000008,Physical,Under 12,2024-11-01/P1M,375,,,
E10000008,Physical,Under 12,2024-12-01/P1M,242,,,
E10000008,Physical,Under 12,2025-01-01/P1M,329,,,
E10000008,Physical,Under 12,2025-02-01/P1M,402,,,
E10000008,Physical,Under 12,2025-03-01/P1M,411,,,
E10000008,Physical,12-17,2024-04-01/P1M,4,,,
E10000008,Physical,12-17,2024-05-01/P1M,12,,,
E10000008,Physical,12-17,2024-06-01/P1M,9,,,
E10000008,Physical,12-17,2024-07-01/P1M,10,,,
E10000008,Physical,12-17,2024-08-01/P1M,6,,,
E10000008,Physical,12-17,2024-09-01/P1M,11,,,
E10000008,Physical,12-17,2024-10-01/P1M,13,,,
E10000008,Physical,12-17,2024-11-01/P1M,10,,,
E10000008,Physical,12-17,2024-12-01/P1M,12,,,
E10000008,Physical,12-17,2025-01-01/P1M,12,,,
E10000008,Physical,12-17,2025-02-01/P1M,12,,,
E10000008,Physical,12-17,2025-03-01/P1M,18,,,
E10000008,Physical,All ages,2024-04-01/P1M,279,,,
E10000008,Physical,All ages,2024-05-01/P1M,192,,,
E10000008,Physical,All ages,2024-06-01/P1M,213,,,
E10000008,Physical,All ages,2024-07-01/P1M,244,,,
E10000008,Physical,All ages,2024-08-01/P1M,246,,,
E10000008,Physical,All ages,2024-09-01/P1M,240,,,
E10000008,Physical,All ages,2024-10-01/P1M,351,,,
E10000008,Physical,All ages,2024-11-01/P1M,464,,,
E10000008,Physical,All ages,2024-12-01/P1M,349,,,
E10000008,Physical,All ages,2025-01-01/P1M,460,,,
E10000008,Physical,All ages,2025-02-01/P1M,395,,,
E10000008,Physical,All ages,2025-03-01/P1M,399,,,
E10000008,Digital,Unknown,2024-04-01/P1Y,0,,,
E10000008,Digital,Adult,2024-04-01/P1Y,0,,,
E10000008,Digital,Under 12,2024-04-01/P1Y,0,,,
E10000008,Digital,12-17,2024-04-01/P1Y,0,,,
E10000008,Digital,All ages,2024-04-01/P1Y,0,,,
E08000017,Physical,Unknown,2024-04-01/P1Y,0,,,
E08000017,Physical,Adult,2024-04-01/P1Y,0,,,
E08000017,Physical,Under 12,2024-04-01/P1Y,0,,,
E08000017,Physical,12-17,2024-04-01/P1Y,0,,,
E08000017,Physical,All ages,2024-04-01/P1Y,0,,,
E08000017,Digital,Unknown,2024-04-01/P1Y,0,,,
E08000017,Digital,Adult,2024-04-01/P1Y,0,,,
E08000017,Digital,Under 12,2024-04-01/P1Y,0,,,
E08000017,Digital,12-17,2024-04-01/P1Y,0,,,
E08000017,Digital,All ages,2024-04-01/P1Y,0,,,
E06000059,Physical,Unknown,2024-04-01/P1M,649,,,
E06000059,Physical,Unknown,2024-05-01/P1M,486,,,
E06000059,Physical,Unknown,2024-06-01/P1M,502,,,
E06000059,Physical,Unknown,2024-07-01/P1M,537,,,
E06000059,Physical,Unknown,2024-08-01/P1M,514,,,
E06000059,Physical,Unknown,2024-09-01/P1M,498,,,
E06000059,Physical,Unknown,2024-10-01/P1M,620,,,
E06000059,Physical,Unknown,2024-11-01/P1M,580,,,
E06000059,Physical,Unknown,2024-12-01/P1M,502,,,
E06000059,Physical,Unknown,2025-01-01/P1M,525,,,
E06000059,Physical,Unknown,2025-02-01/P1M,568,,,
E06000059,Physical,Unknown,2025-03-01/P1M,629,,,
E06000059,Physical,Adult,2024-04-01/P1Y,0,,,
E06000059,Physical,Under 12,2024-04-01/P1Y,0,,,
E06000059,Physical,12-17,2024-04-01/P1Y,0,,,
E06000059,Physical,All ages,2024-04-01/P1Y,0,,,
E06000059,Digital,Unknown,2024-04-01/P1M,3,,,
E06000059,Digital,Unknown,2024-05-01/P1M,1,,,
E06000059,Digital,Unknown,2024-06-01/P1M,3,,,
E06000059,Digital,Unknown,2024-07-01/P1M,4,,,
E06000059,Digital,Unknown,2024-08-01/P1M,2,,,
E06000059,Digital,Unknown,2024-09-01/P1M,5,,,
E06000059,Digital,Unknown,2024-10-01/P1M,3,,,
E06000059,Digital,Unknown,2024-11-01/P1M,2,,,
E06000059,Digital,Unknown,2024-12-01/P1M,1,,,
E06000059,Digital,Unknown,2025-01-01/P1M,1,,,
E06000059,Digital,Unknown,2025-02-01/P1M,2,,,
E06000059,Digital,Unknown,2025-03-01/P1M,4,,,
E06000059,Digital,Adult,2024-04-01/P1Y,0,,,
E06000059,Digital,Under 12,2024-04-01/P1Y,0,,,
E06000059,Digital,12-17,2024-04-01/P1Y,0,,,
E06000059,Digital,All ages,2024-04-01/P1Y,0,,,
E08000027,Physical,Adult,2024-04-01/P1Y,0,,,
E08000027,Physical,Under 12,2024-04-01/P1M,518,,,
E08000027,Physical,Under 12,2024-05-01/P1M,489,,,
E08000027,Physical,Under 12,2024-06-01/P1M,445,,,
E08000027,Physical,Under 12,2024-07-01/P1M,624,,,
E08000027,Physical,Under 12,2024-08-01/P1M,557,,,
E08000027,Physical,Under 12,2024-09-01/P1M,429,,,
E08000027,Physical,Under 12,2024-10-01/P1M,588,,,
E08000027,Physical,Under 12,2024-11-01/P1M,454,,,
E08000027,Physical,Under 12,2024-12-01/P1M,357,,,
E08000027,Physical,Under 12,2025-01-01/P1M,414,,,
E08000027,Physical,Under 12,2025-02-01/P1M,511,,,
E08000027,Physical,Under 12,2025-03-01/P1M,494,,,
E08000027,Physical,12-17,2024-04-01/P1Y,0,,,
E08000027,Physical,All ages,2024-04-01/P1Y,0,,,
E08000027,Digital,Unknown,2024-04-01/P1Y,0,,,
E08000027,Digital,Adult,2024-04-01/P1Y,0,,,
E08000027,Digital,Under 12,2024-04-01/P1Y,0,,,
E08000027,Digital,12-17,2024-04-01/P1Y,0,,,
E08000027,Digital,All ages,2024-04-01/P1Y,0,,,
E09000009,Physical,Adult,2024-04-01/P1M,72,,,
E09000009,Physical,Adult,2024-05-01/P1M,50,,,
E09000009,Physical,Adult,2024-06-01/P1M,56,,,
E09000009,Physical,Adult,2024-07-01/P1M,84,,,
E09000009,Physical,Adult,2024-08-01/P1M,74,,,
E09000009,Physical,Adult,2024-09-01/P1M,98,,,
E09000009,Physical,Adult,2024-10-01/P1M,80,,,
E09000009,Physical,Adult,2024-11-01/P1M,32,,,
E09000009,Physical,Adult,2024-12-01/P1M,26,,,
E09000009,Physical,Adult,2025-01-01/P1M,42,,,
E09000009,Physical,Adult,2025-02-01/P1M,30,,,
E09000009,Physical,Adult,2025-03-01/P1M,22,,,
E09000009,Physical,Under 12,2024-04-01/P1M,144,,,
E09000009,Physical,Under 12,2024-05-01/P1M,143,,,
E09000009,Physical,Under 12,2024-06-01/P1M,161,,,
E09000009,Physical,Under 12,2024-07-01/P1M,147,,,
E09000009,Physical,Under 12,2024-08-01/P1M,137,,,
E09000009,Physical,Under 12,2024-09-01/P1M,133,,,
E09000009,Physical,Under 12,2024-10-01/P1M,162,,,
E09000009,Physical,Under 12,2024-11-01/P1M,119,,,
E09000009,Physical,Under 12,2024-12-01/P1M,106,,,
E09000009,Physical,Under 12,2025-01-01/P1M,121,,,
E09000009,Physical,Under 12,2025-02-01/P1M,104,,,
E09000009,Physical,Under 12,2025-03-01/P1M,102,,,
E09000009,Physical,12-17,2024-04-01/P1M,3,,,
E09000009,Physical,12-17,2024-05-01/P1M,3,,,
E09000009,Physical,12-17,2024-06-01/P1M,4,,,
E09000009,Physical,12-17,2024-07-01/P1M,4,,,
E09000009,Physical,12-17,2024-08-01/P1M,5,,,
E09000009,Physical,12-17,2024-09-01/P1M,3,,,
E09000009,Physical,12-17,2024-10-01/P1M,5,,,
E09000009,Physical,12-17,2024-11-01/P1M,8,,,
E09000009,Physical,12-17,2024-12-01/P1M,10,,,
E09000009,Physical,12-17,2025-01-01/P1M,20,,,
E09000009,Physical,12-17,2025-02-01/P1M,20,,,
E09000009,Physical,12-17,2025-03-01/P1M,23,,,
E09000009,Physical,All ages,2024-04-01/P1M,66,,,
E09000009,Physical,All ages,2024-05-01/P1M,47,,,
E09000009,Physical,All ages,2024-06-01/P1M,50,,,
E09000009,Physical,All ages,2024-07-01/P1M,52,,,
E09000009,Physical,All ages,2024-08-01/P1M,68,,,
E09000009,Physical,All ages,2024-09-01/P1M,61,,,
E09000009,Physical,All ages,2024-10-01/P1M,47,,,
E09000009,Physical,All ages,2024-11-01/P1M,45,,,
E09000009,Physical,All ages,2024-12-01/P1M,36,,,
E09000009,Physical,All ages,2025-01-01/P1M,55,,,
E09000009,Physical,All ages,2025-02-01/P1M,50,,,
E09000009,Physical,All ages,2025-03-01/P1M,50,,,
E09000009,Digital,Unknown,2024-04-01/P1Y,0,,,
E09000009,Digital,Adult,2024-04-01/P1Y,0,,,
E09000009,Digital,Under 12,2024-04-01/P1Y,0,,,
E09000009,Digital,12-17,2024-04-01/P1Y,0,,,
E09000009,Digital,All ages,2024-04-01/P1Y,0,,,
E06000011,Physical,Unknown,2024-04-01/P1M,453,,,
E06000011,Physical,Unknown,2024-05-01/P1M,513,,,
E06000011,Physical,Unknown,2024-06-01/P1M,493,,,
E06000011,Physical,Unknown,2024-07-01/P1M,469,,,
E06000011,Physical,Unknown,2024-08-01/P1M,506,,,
E06000011,Physical,Unknown,2024-09-01/P1M,418,,,
E06000011,Physical,Unknown,2024-10-01/P1M,553,,,
E06000011,Physical,Unknown,2024-11-01/P1M,492,,,
E06000011,Physical,Unknown,2024-12-01/P1M,358,,,
E06000011,Physical,Unknown,2025-01-01/P1M,486,,,
E06000011,Physical,Unknown,2025-02-01/P1M,499,,,
E06000011,Physical,Unknown,2025-03-01/P1M,488,,,
E06000011,Physical,Adult,2024-04-01/P1Y,0,,,
E06000011,Physical,Under 12,2024-04-01/P1Y,0,,,
E06000011,Physical,12-17,2024-04-01/P1Y,0,,,
E06000011,Physical,All ages,2024-04-01/P1Y,0,,,
E06000011,Digital,Unknown,2024-04-01/P1Y,0,,,
E06000011,Digital,Adult,2024-04-01/P1Y,0,,,
E06000011,Digital,Under 12,2024-04-01/P1Y,0,,,
E06000011,Digital,12-17,2024-04-01/P1Y,0,,,
E06000011,Digital,All ages,2024-04-01/P1Y,0,,,
E10000011,Physical,Adult,2024-04-01/P1M,330,,,
E10000011,Physical,Adult,2024-05-01/P1M,314,,,
E10000011,Physical,Adult,2024-06-01/P1M,317,,,
E10000011,Physical,Adult,2024-07-01/P1M,375,,,
E10000011,Physical,Adult,2024-08-01/P1M,341,,,
E10000011,Physical,Adult,2024-09-01/P1M,350,,,
E10000011,Physical,Adult,2024-10-01/P1M,376,,,
E10000011,Physical,Adult,2024-11-01/P1M,359,,,
E10000011,Physical,Adult,2024-12-01/P1M,268,,,
E10000011,Physical,Adult,2025-01-01/P1M,349,,,
E10000011,Physical,Adult,2025-02-01/P1M,372,,,
E10000011,Physical,Adult,2025-03-01/P1M,330,,,
E10000011,Physical,Under 12,2024-04-01/P1M,164,,,
E10000011,Physical,Under 12,2024-05-01/P1M,170,,,
E10000011,Physical,Under 12,2024-06-01/P1M,131,,,
E10000011,Physical,Under 12,2024-07-01/P1M,154,,,
E10000011,Physical,Under 12,2024-08-01/P1M,173,,,
E10000011,Physical,Under 12,2024-09-01/P1M,113,,,
E10000011,Physical,Under 12,2024-10-01/P1M,165,,,
E10000011,Physical,Under 12,2024-11-01/P1M,159,,,
E10000011,Physical,Under 12,2024-12-01/P1M,156,,,
E10000011,Physical,Under 12,2025-01-01/P1M,125,,,
E10000011,Physical,Under 12,2025-02-01/P1M,171,,,
E10000011,Physical,Under 12,2025-03-01/P1M,190,,,
E10000011,Physical,12-17,2024-04-01/P1M,1,,,
E10000011,Physical,12-17,2024-05-01/P1M,1,,,
E10000011,Physical,12-17,2024-06-01/P1M,1,,,
E10000011,Physical,12-17,2024-07-01/P1M,1,,,
E10000011,Physical,12-17,2024-08-01/P1M,1,,,
E10000011,Physical,12-17,2024-09-01/P1M,1,,,
E10000011,Physical,12-17,2024-10-01/P1M,1,,,
E10000011,Physical,12-17,2024-11-01/P1M,1,,,
E10000011,Physical,12-17,2024-12-01/P1M,1,,,
E10000011,Physical,12-17,2025-01-01/P1M,0,,,
E10000011,Physical,12-17,2025-02-01/P1M,3,,,
E10000011,Physical,12-17,2025-03-01/P1M,1,,,
E10000011,Physical,All ages,2024-04-01/P1M,18,,,
E10000011,Physical,All ages,2024-05-01/P1M,29,,,
E10000011,Physical,All ages,2024-06-01/P1M,36,,,
E10000011,Physical,All ages,2024-07-01/P1M,32,,,
E10000011,Physical,All ages,2024-08-01/P1M,35,,,
E10000011,Physical,All ages,2024-09-01/P1M,25,,,
E10000011,Physical,All ages,2024-10-01/P1M,35,,,
E10000011,Physical,All ages,2024-11-01/P1M,42,,,
E10000011,Physical,All ages,2024-12-01/P1M,37,,,
E10000011,Physical,All ages,2025-01-01/P1M,38,,,
E10000011,Physical,All ages,2025-02-01/P1M,35,,,
E10000011,Physical,All ages,2025-03-01/P1M,46,,,
E10000011,Digital,Adult,2024-04-01/P1M,1,,,
E10000011,Digital,Adult,2024-05-01/P1M,2,,,
E10000011,Digital,Adult,2024-06-01/P1M,0,,,
E10000011,Digital,Adult,2024-07-01/P1M,2,,,
E10000011,Digital,Adult,2024-08-01/P1M,0,,,
E10000011,Digital,Adult,2024-09-01/P1M,2,,,
E10000011,Digital,Adult,2024-10-01/P1M,0,,,
E10000011,Digital,Adult,2024-11-01/P1M,0,,,
E10000011,Digital,Adult,2024-12-01/P1M,2,,,
E10000011,Digital,Adult,2025-01-01/P1M,1,,,
E10000011,Digital,Adult,2025-02-01/P1M,3,,,
E10000011,Digital,Adult,2025-03-01/P1M,0,,,
E10000011,Digital,Under 12,2024-04-01/P1Y,0,,,
E10000011,Digital,12-17,2024-04-01/P1Y,0,,,
E10000011,Digital,All ages,2024-04-01/P1Y,0,,,
E09000010,Physical,Unknown,2024-04-01/P1Y,0,,,
E09000010,Physical,Adult,2024-04-01/P1Y,0,,,
E09000010,Physical,Under 12,2024-04-01/P1Y,0,,,
E09000010,Physical,12-17,2024-04-01/P1Y,0,,,
E09000010,Physical,All ages,2024-04-01/P1Y,0,,,
E09000010,Digital,Unknown,2024-04-01/P1Y,0,,,
E09000010,Digital,Adult,2024-04-01/P1Y,0,,,
E09000010,Digital,Under 12,2024-04-01/P1Y,0,,,
E09000010,Digital,12-17,2024-04-01/P1Y,0,,,
E09000010,Digital,All ages,2024-04-01/P1Y,0,,,
E10000012,Physical,Unknown,2024-04-01/P1M,499,,,
E10000012,Physical,Unknown,2024-05-01/P1M,542,,,
E10000012,Physical,Unknown,2024-06-01/P1M,535,,,
E10000012,Physical,Unknown,2024-07-01/P1M,457,,,
E10000012,Physical,Unknown,2024-08-01/P1M,305,,,
E10000012,Physical,Unknown,2024-09-01/P1M,441,,,
E10000012,Physical,Unknown,2024-10-01/P1M,550,,,
E10000012,Physical,Unknown,2024-11-01/P1M,573,,,
E10000012,Physical,Unknown,2024-12-01/P1M,425,,,
E10000012,Physical,Unknown,2025-01-01/P1M,544,,,
E10000012,Physical,Unknown,2025-02-01/P1M,487,,,
E10000012,Physical,Unknown,2025-03-01/P1M,1276,,,
E10000012,Physical,Adult,2024-04-01/P1Y,0,,,
E10000012,Physical,Under 12,2024-04-01/P1Y,0,,,
E10000012,Physical,12-17,2024-04-01/P1Y,0,,,
E10000012,Physical,All ages,2024-04-01/P1Y,0,,,
E10000012,Digital,Unknown,2024-04-01/P1Y,0,,,
E10000012,Digital,Adult,2024-04-01/P1Y,0,,,
E10000012,Digital,Under 12,2024-04-01/P1Y,0,,,
E10000012,Digital,12-17,2024-04-01/P1Y,0,,,
E10000012,Digital,All ages,2024-04-01/P1Y,0,,,
E08000037,Physical,Adult,2024-04-01/P1M,15,,,
E08000037,Physical,Adult,2024-05-01/P1M,23,,,
E08000037,Physical,Adult,2024-06-01/P1M,25,,,
E08000037,Physical,Adult,2024-07-01/P1M,19,,,
E08000037,Physical,Adult,2024-08-01/P1M,13,,,
E08000037,Physical,Adult,2024-09-01/P1M,27,,,
E08000037,Physical,Adult,2024-10-01/P1M,26,,,
E08000037,Physical,Adult,2024-11-01/P1M,28,,,
E08000037,Physical,Adult,2024-12-01/P1M,13,,,
E08000037,Physical,Adult,2025-01-01/P1M,17,,,
E08000037,Physical,Adult,2025-02-01/P1M,25,,,
E08000037,Physical,Adult,2025-03-01/P1M,20,,,
E08000037,Physical,Under 12,2024-04-01/P1M,92,,,
E08000037,Physical,Under 12,2024-05-01/P1M,132,,,
E08000037,Physical,Under 12,2024-06-01/P1M,112,,,
E08000037,Physical,Under 12,2024-07-01/P1M,109,,,
E08000037,Physical,Under 12,2024-08-01/P1M,98,,,
E08000037,Physical,Under 12,2024-09-01/P1M,73,,,
E08000037,Physical,Under 12,2024-10-01/P1M,121,,,
E08000037,Physical,Under 12,2024-11-01/P1M,133,,,
E08000037,Physical,Under 12,2024-12-01/P1M,77,,,
E08000037,Physical,Under 12,2025-01-01/P1M,95,,,
E08000037,Physical,Under 12,2025-02-01/P1M,103,,,
E08000037,Physical,Under 12,2025-03-01/P1M,91,,,
E08000037,Physical,12-17,2024-04-01/P1M,8,,,
E08000037,Physical,12-17,2024-05-01/P1M,9,,,
E08000037,Physical,12-17,2024-06-01/P1M,6,,,
E08000037,Physical,12-17,2024-07-01/P1M,0,,,
E08000037,Physical,12-17,2024-08-01/P1M,2,,,
E08000037,Physical,12-17,2024-09-01/P1M,4,,,
E08000037,Physical,12-17,2024-10-01/P1M,6,,,
E08000037,Physical,12-17,2024-11-01/P1M,8,,,
E08000037,Physical,12-17,2024-12-01/P1M,5,,,
E08000037,Physical,12-17,2025-01-01/P1M,5,,,
E08000037,Physical,12-17,2025-02-01/P1M,5,,,
E08000037,Physical,12-17,2025-03-01/P1M,2,,,
E08000037,Physical,All ages,2024-04-01/P1M,24,,,
E08000037,Physical,All ages,2024-05-01/P1M,25,,,
E08000037,Physical,All ages,2024-06-01/P1M,35,,,
E08000037,Physical,All ages,2024-07-01/P1M,44,,,
E08000037,Physical,All ages,2024-08-01/P1M,32,,,
E08000037,Physical,All ages,2024-09-01/P1M,34,,,
E08000037,Physical,All ages,2024-10-01/P1M,35,,,
E08000037,Physical,All ages,2024-11-01/P1M,38,,,
E08000037,Physical,All ages,2024-12-01/P1M,34,,,
E08000037,Physical,All ages,2025-01-01/P1M,60,,,
E08000037,Physical,All ages,2025-02-01/P1M,44,,,
E08000037,Physical,All ages,2025-03-01/P1M,26,,,
E08000037,Digital,Unknown,2024-04-01/P1Y,0,,,
E08000037,Digital,Adult,2024-04-01/P1Y,0,,,
E08000037,Digital,Under 12,2024-04-01/P1Y,0,,,
E08000037,Digital,12-17,2024-04-01/P1Y,0,,,
E08000037,Digital,All ages,2024-04-01/P1Y,0,,,
E10000013,Physical,Adult,2024-04-01/P1M,115,,,
E10000013,Physical,Adult,2024-05-01/P1M,119,,,
E10000013,Physical,Adult,2024-06-01/P1M,107,,,
E10000013,Physical,Adult,2024-07-01/P1M,135,,,
E10000013,Physical,Adult,2024-08-01/P1M,100,,,
E10000013,Physical,Adult,2024-09-01/P1M,132,,,
E10000013,Physical,Adult,2024-10-01/P1M,132,,,
E10000013,Physical,Adult,2024-11-01/P1M,162,,,
E10000013,Physical,Adult,2024-12-01/P1M,118,,,
E10000013,Physical,Adult,2025-01-01/P1M,164,,,
E10000013,Physical,Adult,2025-02-01/P1M,153,,,
E10000013,Physical,Adult,2025-03-01/P1M,138,,,
E10000013,Physical,Under 12,2024-04-01/P1M,362,,,
E10000013,Physical,Under 12,2024-05-01/P1M,386,,,
E10000013,Physical,Under 12,2024-06-01/P1M,438,,,
E10000013,Physical,Under 12,2024-07-01/P1M,382,,,
E10000013,Physical,Under 12,2024-08-01/P1M,376,,,
E10000013,Physical,Under 12,2024-09-01/P1M,320,,,
E10000013,Physical,Under 12,2024-10-01/P1M,402,,,
E10000013,Physical,Under 12,2024-11-01/P1M,434,,,
E10000013,Physical,Under 12,2024-12-01/P1M,325,,,
E10000013,Physical,Under 12,2025-01-01/P1M,397,,,
E10000013,Physical,Under 12,2025-02-01/P1M,397,,,
E10000013,Physical,Under 12,2025-03-01/P1M,423,,,
E10000013,Physical,12-17,2024-04-01/P1Y,0,,,
E10000013,Physical,All ages,2024-04-01/P1Y,0,,,
E10000013,Digital,Unknown,2024-04-01/P1Y,0,,,
E10000013,Digital,Adult,2024-04-01/P1Y,0,,,
E10000013,Digital,Under 12,2024-04-01/P1Y,0,,,
E10000013,Digital,12-17,2024-04-01/P1Y,0,,,
E10000013,Digital,All ages,2024-04-01/P1Y,0,,,
E09000011,Physical,Adult,2024-04-01/P1M,230,,,
E09000011,Physical,Adult,2024-05-01/P1M,230,,,
E09000011,Physical,Adult,2024-06-01/P1M,230,,,
E09000011,Physical,Adult,2024-07-01/P1M,230,,,
E09000011,Physical,Adult,2024-08-01/P1M,230,,,
E09000011,Physical,Adult,2024-09-01/P1M,240,,,
E09000011,Physical,Adult,2024-10-01/P1M,240,,,
E09000011,Physical,Adult,2024-11-01/P1M,240,,,
E09000011,Physical,Adult,2024-12-01/P1M,240,,,
E09000011,Physical,Adult,2025-01-01/P1M,240,,,
E09000011,Physical,Adult,2025-02-01/P1M,240,,,
E09000011,Physical,Adult,2025-03-01/P1M,240,,,
E09000011,Physical,Under 12,2024-04-01/P1M,380,,,
E09000011,Physical,Under 12,2024-05-01/P1M,380,,,
E09000011,Physical,Under 12,2024-06-01/P1M,380,,,
E09000011,Physical,Under 12,2024-07-01/P1M,380,,,
E09000011,Physical,Under 12,2024-08-01/P1M,380,,,
E09000011,Physical,Under 12,2024-09-01/P1M,390,,,
E09000011,Physical,Under 12,2024-10-01/P1M,390,,,
E09000011,Physical,Under 12,2024-11-01/P1M,390,,,
E09000011,Physical,Under 12,2024-12-01/P1M,390,,,
E09000011,Physical,Under 12,2025-01-01/P1M,390,,,
E09000011,Physical,Under 12,2025-02-01/P1M,390,,,
E09000011,Physical,Under 12,2025-03-01/P1M,390,,,
E09000011,Physical,12-17,2024-04-01/P1M,10,,,
E09000011,Physical,12-17,2024-05-01/P1M,10,,,
E09000011,Physical,12-17,2024-06-01/P1M,10,,,
E09000011,Physical,12-17,2024-07-01/P1M,10,,,
E09000011,Physical,12-17,2024-08-01/P1M,10,,,
E09000011,Physical,12-17,2024-09-01/P1M,12,,,
E09000011,Physical,12-17,2024-10-01/P1M,12,,,
E09000011,Physical,12-17,2024-11-01/P1M,12,,,
E09000011,Physical,12-17,2024-12-01/P1M,12,,,
E09000011,Physical,12-17,2025-01-01/P1M,12,,,
E09000011,Physical,12-17,2025-02-01/P1M,12,,,
E09000011,Physical,12-17,2025-03-01/P1M,12,,,
E09000011,Physical,All ages,2024-04-01/P1M,5,,,
E09000011,Physical,All ages,2024-05-01/P1M,5,,,
E09000011,Physical,All ages,2024-06-01/P1M,5,,,
E09000011,Physical,All ages,2024-07-01/P1M,5,,,
E09000011,Physical,All ages,2024-08-01/P1M,5,,,
E09000011,Physical,All ages,2024-09-01/P1M,5,,,
E09000011,Physical,All ages,2024-10-01/P1M,5,,,
E09000011,Physical,All ages,2024-11-01/P1M,5,,,
E09000011,Physical,All ages,2024-12-01/P1M,5,,,
E09000011,Physical,All ages,2025-01-01/P1M,5,,,
E09000011,Physical,All ages,2025-02-01/P1M,5,,,
E09000011,Physical,All ages,2025-03-01/P1M,5,,,
E09000011,Digital,Adult,2024-04-01/P1M,8,,,
E09000011,Digital,Adult,2024-05-01/P1M,8,,,
E09000011,Digital,Adult,2024-06-01/P1M,8,,,
E09000011,Digital,Adult,2024-07-01/P1M,8,,,
E09000011,Digital,Adult,2024-08-01/P1M,8,,,
E09000011,Digital,Adult,2024-09-01/P1M,8,,,
E09000011,Digital,Adult,2024-10-01/P1M,8,,,
E09000011,Digital,Adult,2024-11-01/P1M,8,,,
E09000011,Digital,Adult,2024-12-01/P1M,8,,,
E09000011,Digital,Adult,2025-01-01/P1M,8,,,
E09000011,Digital,Adult,2025-02-01/P1M,8,,,
E09000011,Digital,Adult,2025-03-01/P1M,8,,,
E09000011,Digital,Under 12,2024-04-01/P1M,3,,,
E09000011,Digital,Under 12,2024-05-01/P1M,3,,,
E09000011,Digital,Under 12,2024-06-01/P1M,3,,,
E09000011,Digital,Under 12,2024-07-01/P1M,3,,,
E09000011,Digital,Under 12,2024-08-01/P1M,3,,,
E09000011,Digital,Under 12,2024-09-01/P1M,3,,,
E09000011,Digital,Under 12,2024-10-01/P1M,3,,,
E09000011,Digital,Under 12,2024-11-01/P1M,3,,,
E09000011,Digital,Under 12,2024-12-01/P1M,3,,,
E09000011,Digital,Under 12,2025-01-01/P1M,3,,,
E09000011,Digital,Under 12,2025-02-01/P1M,3,,,
E09000011,Digital,Under 12,2025-03-01/P1M,3,,,
E09000011,Digital,12-17,2024-04-01/P1M,1,,,
E09000011,Digital,12-17,2024-05-01/P1M,1,,,
E09000011,Digital,12-17,2024-06-01/P1M,1,,,
E09000011,Digital,12-17,2024-07-01/P1M,1,,,
E09000011,Digital,12-17,2024-08-01/P1M,1,,,
E09000011,Digital,12-17,2024-09-01/P1M,1,,,
E09000011,Digital,12-17,2024-10-01/P1M,1,,,
E09000011,Digital,12-17,2024-11-01/P1M,1,,,
E09000011,Digital,12-17,2024-12-01/P1M,1,,,
E09000011,Digital,12-17,2025-01-01/P1M,1,,,
E09000011,Digital,12-17,2025-02-01/P1M,1,,,
E09000011,Digital,12-17,2025-03-01/P1M,1,,,
E09000011,Digital,All ages,2024-04-01/P1Y,0,,,
E09000012,Physical,Adult,2024-04-01/P1M,14,,,
E09000012,Physical,Adult,2024-05-01/P1M,17,,,
E09000012,Physical,Adult,2024-06-01/P1M,17,,,
E09000012,Physical,Adult,2024-07-01/P1M,24,,,
E09000012,Physical,Adult,2024-08-01/P1M,32,,,
E09000012,Physical,Adult,2024-09-01/P1M,32,,,
E09000012,Physical,Adult,2024-10-01/P1M,34,,,
E09000012,Physical,Adult,2024-11-01/P1M,33,,,
E09000012,Physical,Adult,2024-12-01/P1M,31,,,
E09000012,Physical,Adult,2025-01-01/P1M,36,,,
E09000012,Physical,Adult,2025-02-01/P1M,28,,,
E09000012,Physical,Adult,2025-03-01/P1M,37,,,
E09000012,Physical,Under 12,2024-04-01/P1M,117,,,
E09000012,Physical,Under 12,2024-05-01/P1M,133,,,
E09000012,Physical,Under 12,2024-06-01/P1M,124,,,
E09000012,Physical,Under 12,2024-07-01/P1M,125,,,
E09000012,Physical,Under 12,2024-08-01/P1M,111,,,
E09000012,Physical,Under 12,2024-09-01/P1M,116,,,
E09000012,Physical,Under 12,2024-10-01/P1M,166,,,
E09000012,Physical,Under 12,2024-11-01/P1M,129,,,
E09000012,Physical,Under 12,2024-12-01/P1M,114,,,
E09000012,Physical,Under 12,2025-01-01/P1M,181,,,
E09000012,Physical,Under 12,2025-02-01/P1M,141,,,
E09000012,Physical,Under 12,2025-03-01/P1M,161,,,
E09000012,Physical,12-17,2024-04-01/P1Y,0,,,
E09000012,Physical,All ages,2024-04-01/P1Y,0,,,
E09000012,Digital,Unknown,2024-04-01/P1Y,0,,,
E09000012,Digital,Adult,2024-04-01/P1Y,0,,,
E09000012,Digital,Under 12,2024-04-01/P1Y,0,,,
E09000012,Digital,12-17,2024-04-01/P1Y,0,,,
E09000012,Digital,All ages,2024-04-01/P1Y,0,,,
E10000014,Physical,Adult,2024-04-01/P1M,355,,,
E10000014,Physical,Adult,2024-05-01/P1M,368,,,
E10000014,Physical,Adult,2024-06-01/P1M,357,,,
E10000014,Physical,Adult,2024-07-01/P1M,381,,,
E10000014,Physical,Adult,2024-08-01/P1M,323,,,
E10000014,Physical,Adult,2024-09-01/P1M,343,,,
E10000014,Physical,Adult,2024-10-01/P1M,381,,,
E10000014,Physical,Adult,2024-11-01/P1M,362,,,
E10000014,Physical,Adult,2024-12-01/P1M,302,,,
E10000014,Physical,Adult,2025-01-01/P1M,369,,,
E10000014,Physical,Adult,2025-02-01/P1M,353,,,
E10000014,Physical,Adult,2025-03-01/P1M,376,,,
E10000014,Physical,Under 12,2024-04-01/P1M,723,,,
E10000014,Physical,Under 12,2024-05-01/P1M,717,,,
E10000014,Physical,Under 12,2024-06-01/P1M,743,,,
E10000014,Physical,Under 12,2024-07-01/P1M,763,,,
E10000014,Physical,Under 12,2024-08-01/P1M,745,,,
E10000014,Physical,Under 12,2024-09-01/P1M,720,,,
E10000014,Physical,Under 12,2024-10-01/P1M,839,,,
E10000014,Physical,Under 12,2024-11-01/P1M,814,,,
E10000014,Physical,Under 12,2024-12-01/P1M,658,,,
E10000014,Physical,Under 12,2025-01-01/P1M,794,,,
E10000014,Physical,Under 12,2025-02-01/P1M,776,,,
E10000014,Physical,Under 12,2025-03-01/P1M,898,,,
E10000014,Physical,12-17,2024-04-01/P1M,464,,,
E10000014,Physical,12-17,2024-05-01/P1M,454,,,
E10000014,Physical,12-17,2024-06-01/P1M,417,,,
E10000014,Physical,12-17,2024-07-01/P1M,434,,,
E10000014,Physical,12-17,2024-08-01/P1M,563,,,
E10000014,Physical,12-17,2024-09-01/P1M,410,,,
E10000014,Physical,12-17,2024-10-01/P1M,503,,,
E10000014,Physical,12-17,2024-11-01/P1M,434,,,
E10000014,Physical,12-17,2024-12-01/P1M,407,,,
E10000014,Physical,12-17,2025-01-01/P1M,454,,,
E10000014,Physical,12-17,2025-02-01/P1M,445,,,
E10000014,Physical,12-17,2025-03-01/P1M,405,,,
E10000014,Physical,All ages,2024-04-01/P1M,22,,,
E10000014,Physical,All ages,2024-05-01/P1M,18,,,
E10000014,Physical,All ages,2024-06-01/P1M,17,,,
E10000014,Physical,All ages,2024-07-01/P1M,13,,,
E10000014,Physical,All ages,2024-08-01/P1M,9,,,
E10000014,Physical,All ages,2024-09-01/P1M,12,,,
E10000014,Physical,All ages,2024-10-01/P1M,13,,,
E10000014,Physical,All ages,2024-11-01/P1M,9,,,
E10000014,Physical,All ages,2024-12-01/P1M,9,,,
E10000014,Physical,All ages,2025-01-01/P1M,10,,,
E10000014,Physical,All ages,2025-02-01/P1M,85,,,
E10000014,Physical,All ages,2025-03-01/P1M,15,,,
E10000014,Digital,Adult,2024-04-01/P1M,1,,,
E10000014,Digital,Adult,2024-05-01/P1M,1,,,
E10000014,Digital,Adult,2024-06-01/P1M,1,,,
E10000014,Digital,Adult,2024-07-01/P1M,1,,,
E10000014,Digital,Adult,2024-08-01/P1M,1,,,
E10000014,Digital,Adult,2024-09-01/P1M,1,,,
E10000014,Digital,Adult,2024-10-01/P1M,1,,,
E10000014,Digital,Adult,2024-11-01/P1M,1,,,
E10000014,Digital,Adult,2024-12-01/P1M,1,,,
E10000014,Digital,Adult,2025-01-01/P1M,1,,,
E10000014,Digital,Adult,2025-02-01/P1M,1,,,
E10000014,Digital,Adult,2025-03-01/P1M,1,,,
E10000014,Digital,Under 12,2024-04-01/P1Y,0,,,
E10000014,Digital,12-17,2024-04-01/P1Y,0,,,
E10000014,Digital,All ages,2024-04-01/P1Y,0,,,
E09000015,Physical,Adult,2024-04-01/P1M,57,,,
E09000015,Physical,Adult,2024-05-01/P1M,79,,,
E09000015,Physical,Adult,2024-06-01/P1M,63,,,
E09000015,Physical,Adult,2024-07-01/P1M,66,,,
E09000015,Physical,Adult,2024-08-01/P1M,73,,,
E09000015,Physical,Adult,2024-09-01/P1M,71,,,
E09000015,Physical,Adult,2024-10-01/P1M,83,,,
E09000015,Physical,Adult,2024-11-01/P1M,74,,,
E09000015,Physical,Adult,2024-12-01/P1M,41,,,
E09000015,Physical,Adult,2025-01-01/P1M,50,,,
E09000015,Physical,Adult,2025-02-01/P1M,46,,,
E09000015,Physical,Adult,2025-03-01/P1M,76,,,
E09000015,Physical,Under 12,2024-04-01/P1M,99,,,
E09000015,Physical,Under 12,2024-05-01/P1M,108,,,
E09000015,Physical,Under 12,2024-06-01/P1M,96,,,
E09000015,Physical,Under 12,2024-07-01/P1M,103,,,
E09000015,Physical,Under 12,2024-08-01/P1M,122,,,
E09000015,Physical,Under 12,2024-09-01/P1M,104,,,
E09000015,Physical,Under 12,2024-10-01/P1M,129,,,
E09000015,Physical,Under 12,2024-11-01/P1M,131,,,
E09000015,Physical,Under 12,2024-12-01/P1M,50,,,
E09000015,Physical,Under 12,2025-01-01/P1M,79,,,
E09000015,Physical,Under 12,2025-02-01/P1M,88,,,
E09000015,Physical,Under 12,2025-03-01/P1M,115,,,
E09000015,Physical,12-17,2024-04-01/P1M,14,,,
E09000015,Physical,12-17,2024-05-01/P1M,2,,,
E09000015,Physical,12-17,2024-06-01/P1M,0,,,
E09000015,Physical,12-17,2024-07-01/P1M,0,,,
E09000015,Physical,12-17,2024-08-01/P1M,0,,,
E09000015,Physical,12-17,2024-09-01/P1M,0,,,
E09000015,Physical,12-17,2024-10-01/P1M,0,,,
E09000015,Physical,12-17,2024-11-01/P1M,1,,,
E09000015,Physical,12-17,2024-12-01/P1M,0,,,
E09000015,Physical,12-17,2025-01-01/P1M,1,,,
E09000015,Physical,12-17,2025-02-01/P1M,12,,,
E09000015,Physical,12-17,2025-03-01/P1M,2,,,
E09000015,Physical,All ages,2024-04-01/P1M,10,,,
E09000015,Physical,All ages,2024-05-01/P1M,0,,,
E09000015,Physical,All ages,2024-06-01/P1M,11,,,
E09000015,Physical,All ages,2024-07-01/P1M,13,,,
E09000015,Physical,All ages,2024-08-01/P1M,19,,,
E09000015,Physical,All ages,2024-09-01/P1M,4,,,
E09000015,Physical,All ages,2024-10-01/P1M,11,,,
E09000015,Physical,All ages,2024-11-01/P1M,11,,,
E09000015,Physical,All ages,2024-12-01/P1M,9,,,
E09000015,Physical,All ages,2025-01-01/P1M,4,,,
E09000015,Physical,All ages,2025-02-01/P1M,8,,,
E09000015,Physical,All ages,2025-03-01/P1M,13,,,
E09000015,Digital,Adult,2024-04-01/P1M,0,,,
E09000015,Digital,Adult,2024-05-01/P1M,0,,,
E09000015,Digital,Adult,2024-06-01/P1M,0,,,
E09000015,Digital,Adult,2024-07-01/P1M,0,,,
E09000015,Digital,Adult,2024-08-01/P1M,0,,,
E09000015,Digital,Adult,2024-09-01/P1M,0,,,
E09000015,Digital,Adult,2024-10-01/P1M,0,,,
E09000015,Digital,Adult,2024-11-01/P1M,5,,,
E09000015,Digital,Adult,2024-12-01/P1M,0,,,
E09000015,Digital,Adult,2025-01-01/P1M,1,,,
E09000015,Digital,Adult,2025-02-01/P1M,0,,,
E09000015,Digital,Adult,2025-03-01/P1M,0,,,
E09000015,Digital,Under 12,2024-04-01/P1M,0,,,
E09000015,Digital,Under 12,2024-05-01/P1M,0,,,
E09000015,Digital,Under 12,2024-06-01/P1M,0,,,
E09000015,Digital,Under 12,2024-07-01/P1M,0,,,
E09000015,Digital,Under 12,2024-08-01/P1M,0,,,
E09000015,Digital,Under 12,2024-09-01/P1M,22,,,
E09000015,Digital,Under 12,2024-10-01/P1M,0,,,
E09000015,Digital,Under 12,2024-11-01/P1M,2,,,
E09000015,Digital,Under 12,2024-12-01/P1M,0,,,
E09000015,Digital,Under 12,2025-01-01/P1M,0,,,
E09000015,Digital,Under 12,2025-02-01/P1M,0,,,
E09000015,Digital,Under 12,2025-03-01/P1M,0,,,
E09000015,Digital,12-17,2024-04-01/P1Y,0,,,
E09000015,Digital,All ages,2024-04-01/P1Y,0,,,
E06000001,Physical,Adult,2024-04-01/P1M,36,,,
E06000001,Physical,Adult,2024-05-01/P1M,40,,,
E06000001,Physical,Adult,2024-06-01/P1M,44,,,
E06000001,Physical,Adult,2024-07-01/P1M,43,,,
E06000001,Physical,Adult,2024-08-01/P1M,53,,,
E06000001,Physical,Adult,2024-09-01/P1M,46,,,
E06000001,Physical,Adult,2024-10-01/P1M,37,,,
E06000001,Physical,Adult,2024-11-01/P1M,37,,,
E06000001,Physical,Adult,2024-12-01/P1M,30,,,
E06000001,Physical,Adult,2025-01-01/P1M,50,,,
E06000001,Physical,Adult,2025-02-01/P1M,35,,,
E06000001,Physical,Adult,2025-03-01/P1M,40,,,
E06000001,Physical,Under 12,2024-04-01/P1M,54,,,
E06000001,Physical,Under 12,2024-05-01/P1M,53,,,
E06000001,Physical,Under 12,2024-06-01/P1M,51,,,
E06000001,Physical,Under 12,2024-07-01/P1M,55,,,
E06000001,Physical,Under 12,2024-08-01/P1M,57,,,
E06000001,Physical,Under 12,2024-09-01/P1M,55,,,
E06000001,Physical,Under 12,2024-10-01/P1M,44,,,
E06000001,Physical,Under 12,2024-11-01/P1M,49,,,
E06000001,Physical,Under 12,2024-12-01/P1M,40,,,
E06000001,Physical,Under 12,2025-01-01/P1M,48,,,
E06000001,Physical,Under 12,2025-02-01/P1M,42,,,
E06000001,Physical,Under 12,2025-03-01/P1M,55,,,
E06000001,Physical,12-17,2024-04-01/P1M,8,,,
E06000001,Physical,12-17,2024-05-01/P1M,8,,,
E06000001,Physical,12-17,2024-06-01/P1M,8,,,
E06000001,Physical,12-17,2024-07-01/P1M,8,,,
E06000001,Physical,12-17,2024-08-01/P1M,9,,,
E06000001,Physical,12-17,2024-09-01/P1M,8,,,
E06000001,Physical,12-17,2024-10-01/P1M,9,,,
E06000001,Physical,12-17,2024-11-01/P1M,9,,,
E06000001,Physical,12-17,2024-12-01/P1M,9,,,
E06000001,Physical,12-17,2025-01-01/P1M,9,,,
E06000001,Physical,12-17,2025-02-01/P1M,6,,,
E06000001,Physical,12-17,2025-03-01/P1M,10,,,
E06000001,Physical,All ages,2024-04-01/P1Y,0,,,
E06000001,Digital,Adult,2024-04-01/P1M,1,,,
E06000001,Digital,Adult,2024-05-01/P1M,1,,,
E06000001,Digital,Adult,2024-06-01/P1M,0,,,
E06000001,Digital,Adult,2024-07-01/P1M,1,,,
E06000001,Digital,Adult,2024-08-01/P1M,1,,,
E06000001,Digital,Adult,2024-09-01/P1M,0,,,
E06000001,Digital,Adult,2024-10-01/P1M,1,,,
E06000001,Digital,Adult,2024-11-01/P1M,1,,,
E06000001,Digital,Adult,2024-12-01/P1M,0,,,
E06000001,Digital,Adult,2025-01-01/P1M,0,,,
E06000001,Digital,Adult,2025-02-01/P1M,1,,,
E06000001,Digital,Adult,2025-03-01/P1M,1,,,
E06000001,Digital,Under 12,2024-04-01/P1Y,1,,,
E06000001,Digital,12-17,2024-04-01/P1Y,0,,,
E06000001,Digital,All ages,2024-04-01/P1Y,0,,,
E09000016,Physical,Unknown,2024-04-01/P1M,314,,,
E09000016,Physical,Unknown,2024-05-01/P1M,342,,,
E09000016,Physical,Unknown,2024-06-01/P1M,313,,,
E09000016,Physical,Unknown,2024-07-01/P1M,296,,,
E09000016,Physical,Unknown,2024-08-01/P1M,225,,,
E09000016,Physical,Unknown,2024-09-01/P1M,267,,,
E09000016,Physical,Unknown,2024-10-01/P1M,383,,,
E09000016,Physical,Unknown,2024-11-01/P1M,377,,,
E09000016,Physical,Unknown,2024-12-01/P1M,273,,,
E09000016,Physical,Unknown,2025-01-01/P1M,332,,,
E09000016,Physical,Unknown,2025-02-01/P1M,299,,,
E09000016,Physical,Unknown,2025-03-01/P1M,340,,,
E09000016,Physical,Adult,2024-04-01/P1Y,0,,,
E09000016,Physical,Under 12,2024-04-01/P1Y,0,,,
E09000016,Physical,12-17,2024-04-01/P1Y,0,,,
E09000016,Physical,All ages,2024-04-01/P1Y,0,,,
E09000016,Digital,Adult,2024-04-01/P1M,1,,,
E09000016,Digital,Adult,2024-05-01/P1M,1,,,
E09000016,Digital,Adult,2024-06-01/P1M,1,,,
E09000016,Digital,Adult,2024-07-01/P1M,4,,,
E09000016,Digital,Adult,2024-08-01/P1M,2,,,
E09000016,Digital,Adult,2024-09-01/P1M,2,,,
E09000016,Digital,Adult,2024-10-01/P1M,2,,,
E09000016,Digital,Adult,2024-11-01/P1M,2,,,
E09000016,Digital,Adult,2024-12-01/P1M,1,,,
E09000016,Digital,Adult,2025-01-01/P1M,1,,,
E09000016,Digital,Adult,2025-02-01/P1M,2,,,
E09000016,Digital,Adult,2025-03-01/P1M,2,,,
E09000016,Digital,Under 12,2024-04-01/P1M,1,,,
E09000016,Digital,Under 12,2024-05-01/P1M,1,,,
E09000016,Digital,Under 12,2024-06-01/P1M,0,,,
E09000016,Digital,Under 12,2024-07-01/P1M,0,,,
E09000016,Digital,Under 12,2024-08-01/P1M,0,,,
E09000016,Digital,Under 12,2024-09-01/P1M,0,,,
E09000016,Digital,Under 12,2024-10-01/P1M,0,,,
E09000016,Digital,Under 12,2024-11-01/P1M,1,,,
E09000016,Digital,Under 12,2024-12-01/P1M,0,,,
E09000016,Digital,Under 12,2025-01-01/P1M,0,,,
E09000016,Digital,Under 12,2025-02-01/P1M,0,,,
E09000016,Digital,Under 12,2025-03-01/P1M,1,,,
E09000016,Digital,12-17,2024-04-01/P1Y,0,,,
E09000016,Digital,All ages,2024-04-01/P1Y,0,,,
E06000019,Physical,Unknown,2024-04-01/P1M,89,,,
E06000019,Physical,Unknown,2024-05-01/P1M,87,,,
E06000019,Physical,Unknown,2024-06-01/P1M,99,,,
E06000019,Physical,Unknown,2024-07-01/P1M,72,,,
E06000019,Physical,Unknown,2024-08-01/P1M,92,,,
E06000019,Physical,Unknown,2024-09-01/P1M,32,,,
E06000019,Physical,Unknown,2024-10-01/P1M,79,,,
E06000019,Physical,Unknown,2024-11-01/P1M,91,,,
E06000019,Physical,Unknown,2024-12-01/P1M,68,,,
E06000019,Physical,Unknown,2025-01-01/P1M,66,,,
E06000019,Physical,Unknown,2025-02-01/P1M,69,,,
E06000019,Physical,Unknown,2025-03-01/P1M,105,,,
E06000019,Physical,Adult,2024-04-01/P1Y,0,,,
E06000019,Physical,Under 12,2024-04-01/P1Y,0,,,
E06000019,Physical,12-17,2024-04-01/P1Y,0,,,
E06000019,Physical,All ages,2024-04-01/P1Y,0,,,
E06000019,Digital,Unknown,2024-04-01/P1Y,0,,,
E06000019,Digital,Adult,2024-04-01/P1Y,0,,,
E06000019,Digital,Under 12,2024-04-01/P1Y,0,,,
E06000019,Digital,12-17,2024-04-01/P1Y,0,,,
E06000019,Digital,All ages,2024-04-01/P1Y,0,,,
E09000017,Physical,Adult,2024-04-01/P1M,265,,,
E09000017,Physical,Adult,2024-05-01/P1M,276,,,
E09000017,Physical,Adult,2024-06-01/P1M,252,,,
E09000017,Physical,Adult,2024-07-01/P1M,278,,,
E09000017,Physical,Adult,2024-08-01/P1M,211,,,
E09000017,Physical,Adult,2024-09-01/P1M,268,,,
E09000017,Physical,Adult,2024-10-01/P1M,322,,,
E09000017,Physical,Adult,2024-11-01/P1M,321,,,
E09000017,Physical,Adult,2024-12-01/P1M,206,,,
E09000017,Physical,Adult,2025-01-01/P1M,300,,,
E09000017,Physical,Adult,2025-02-01/P1M,277,,,
E09000017,Physical,Adult,2025-03-01/P1M,243,,,
E09000017,Physical,Under 12,2024-04-01/P1M,194,,,
E09000017,Physical,Under 12,2024-05-01/P1M,240,,,
E09000017,Physical,Under 12,2024-06-01/P1M,281,,,
E09000017,Physical,Under 12,2024-07-01/P1M,278,,,
E09000017,Physical,Under 12,2024-08-01/P1M,114,,,
E09000017,Physical,Under 12,2024-09-01/P1M,208,,,
E09000017,Physical,Under 12,2024-10-01/P1M,291,,,
E09000017,Physical,Under 12,2024-11-01/P1M,266,,,
E09000017,Physical,Under 12,2024-12-01/P1M,217,,,
E09000017,Physical,Under 12,2025-01-01/P1M,257,,,
E09000017,Physical,Under 12,2025-02-01/P1M,255,,,
E09000017,Physical,Under 12,2025-03-01/P1M,320,,,
E09000017,Physical,12-17,2024-04-01/P1M,33,,,
E09000017,Physical,12-17,2024-05-01/P1M,31,,,
E09000017,Physical,12-17,2024-06-01/P1M,31,,,
E09000017,Physical,12-17,2024-07-01/P1M,36,,,
E09000017,Physical,12-17,2024-08-01/P1M,21,,,
E09000017,Physical,12-17,2024-09-01/P1M,27,,,
E09000017,Physical,12-17,2024-10-01/P1M,40,,,
E09000017,Physical,12-17,2024-11-01/P1M,35,,,
E09000017,Physical,12-17,2024-12-01/P1M,26,,,
E09000017,Physical,12-17,2025-01-01/P1M,33,,,
E09000017,Physical,12-17,2025-02-01/P1M,33,,,
E09000017,Physical,12-17,2025-03-01/P1M,25,,,
E09000017,Physical,All ages,2024-04-01/P1M,102,,,
E09000017,Physical,All ages,2024-05-01/P1M,108,,,
E09000017,Physical,All ages,2024-06-01/P1M,110,,,
E09000017,Physical,All ages,2024-07-01/P1M,119,,,
E09000017,Physical,All ages,2024-08-01/P1M,133,,,
E09000017,Physical,All ages,2024-09-01/P1M,129,,,
E09000017,Physical,All ages,2024-10-01/P1M,156,,,
E09000017,Physical,All ages,2024-11-01/P1M,136,,,
E09000017,Physical,All ages,2024-12-01/P1M,108,,,
E09000017,Physical,All ages,2025-01-01/P1M,140,,,
E09000017,Physical,All ages,2025-02-01/P1M,120,,,
E09000017,Physical,All ages,2025-03-01/P1M,108,,,
E09000017,Digital,Adult,2024-04-01/P1Y,0,,,
E09000017,Digital,Under 12,2024-04-01/P1M,1,,,
E09000017,Digital,Under 12,2024-05-01/P1M,3,,,
E09000017,Digital,Under 12,2024-06-01/P1M,5,,,
E09000017,Digital,Under 12,2024-07-01/P1M,3,,,
E09000017,Digital,Under 12,2024-08-01/P1M,0,,,
E09000017,Digital,Under 12,2024-09-01/P1M,0,,,
E09000017,Digital,Under 12,2024-10-01/P1M,4,,,
E09000017,Digital,Under 12,2024-11-01/P1M,4,,,
E09000017,Digital,Under 12,2024-12-01/P1M,2,,,
E09000017,Digital,Under 12,2025-01-01/P1M,4,,,
E09000017,Digital,Under 12,2025-02-01/P1M,1,,,
E09000017,Digital,Under 12,2025-03-01/P1M,0,,,
E09000017,Digital,12-17,2024-04-01/P1Y,0,,,
E09000017,Digital,All ages,2024-04-01/P1Y,0,,,
E06000046,Physical,Adult,2024-04-01/P1M,150,,,
E06000046,Physical,Adult,2024-05-01/P1M,139,,,
E06000046,Physical,Adult,2024-06-01/P1M,159,,,
E06000046,Physical,Adult,2024-07-01/P1M,141,,,
E06000046,Physical,Adult,2024-08-01/P1M,117,,,
E06000046,Physical,Adult,2024-09-01/P1M,137,,,
E06000046,Physical,Adult,2024-10-01/P1M,113,,,
E06000046,Physical,Adult,2024-11-01/P1M,125,,,
E06000046,Physical,Adult,2024-12-01/P1M,95,,,
E06000046,Physical,Adult,2025-01-01/P1M,135,,,
E06000046,Physical,Adult,2025-02-01/P1M,142,,,
E06000046,Physical,Adult,2025-03-01/P1M,120,,,
E06000046,Physical,Under 12,2024-04-01/P1M,90,,,
E06000046,Physical,Under 12,2024-05-01/P1M,87,,,
E06000046,Physical,Under 12,2024-06-01/P1M,101,,,
E06000046,Physical,Under 12,2024-07-01/P1M,60,,,
E06000046,Physical,Under 12,2024-08-01/P1M,87,,,
E06000046,Physical,Under 12,2024-09-01/P1M,67,,,
E06000046,Physical,Under 12,2024-10-01/P1M,68,,,
E06000046,Physical,Under 12,2024-11-01/P1M,67,,,
E06000046,Physical,Under 12,2024-12-01/P1M,61,,,
E06000046,Physical,Under 12,2025-01-01/P1M,70,,,
E06000046,Physical,Under 12,2025-02-01/P1M,87,,,
E06000046,Physical,Under 12,2025-03-01/P1M,74,,,
E06000046,Physical,12-17,2024-04-01/P1Y,0,,,
E06000046,Physical,All ages,2024-04-01/P1Y,0,,,
E06000046,Digital,Unknown,2024-04-01/P1Y,0,,,
E06000046,Digital,Adult,2024-04-01/P1Y,0,,,
E06000046,Digital,Under 12,2024-04-01/P1Y,0,,,
E06000046,Digital,12-17,2024-04-01/P1Y,0,,,
E06000046,Digital,All ages,2024-04-01/P1Y,0,,,
E10000016,Physical,Adult,2024-04-01/P1M,794,,,
E10000016,Physical,Adult,2024-05-01/P1M,799,,,
E10000016,Physical,Adult,2024-06-01/P1M,840,,,
E10000016,Physical,Adult,2024-07-01/P1M,877,,,
E10000016,Physical,Adult,2024-08-01/P1M,722,,,
E10000016,Physical,Adult,2024-09-01/P1M,848,,,
E10000016,Physical,Adult,2024-10-01/P1M,1023,,,
E10000016,Physical,Adult,2024-11-01/P1M,890,,,
E10000016,Physical,Adult,2024-12-01/P1M,535,,,
E10000016,Physical,Adult,2025-01-01/P1M,875,,,
E10000016,Physical,Adult,2025-02-01/P1M,765,,,
E10000016,Physical,Adult,2025-03-01/P1M,817,,,
E10000016,Physical,Under 12,2024-04-01/P1M,585,,,
E10000016,Physical,Under 12,2024-05-01/P1M,605,,,
E10000016,Physical,Under 12,2024-06-01/P1M,648,,,
E10000016,Physical,Under 12,2024-07-01/P1M,620,,,
E10000016,Physical,Under 12,2024-08-01/P1M,536,,,
E10000016,Physical,Under 12,2024-09-01/P1M,495,,,
E10000016,Physical,Under 12,2024-10-01/P1M,675,,,
E10000016,Physical,Under 12,2024-11-01/P1M,748,,,
E10000016,Physical,Under 12,2024-12-01/P1M,522,,,
E10000016,Physical,Under 12,2025-01-01/P1M,767,,,
E10000016,Physical,Under 12,2025-02-01/P1M,677,,,
E10000016,Physical,Under 12,2025-03-01/P1M,859,,,
E10000016,Physical,12-17,2024-04-01/P1M,0,,,
E10000016,Physical,12-17,2024-05-01/P1M,0,,,
E10000016,Physical,12-17,2024-06-01/P1M,0,,,
E10000016,Physical,12-17,2024-07-01/P1M,0,,,
E10000016,Physical,12-17,2024-08-01/P1M,0,,,
E10000016,Physical,12-17,2024-09-01/P1M,0,,,
E10000016,Physical,12-17,2024-10-01/P1M,0,,,
E10000016,Physical,12-17,2024-11-01/P1M,0,,,
E10000016,Physical,12-17,2024-12-01/P1M,0,,,
E10000016,Physical,12-17,2025-01-01/P1M,8,,,
E10000016,Physical,12-17,2025-02-01/P1M,8,,,
E10000016,Physical,12-17,2025-03-01/P1M,6,,,
E10000016,Physical,All ages,2024-04-01/P1Y,0,,,
E10000016,Digital,Unknown,2024-04-01/P1Y,0,,,
E10000016,Digital,Adult,2024-04-01/P1Y,0,,,
E10000016,Digital,Under 12,2024-04-01/P1Y,0,,,
E10000016,Digital,12-17,2024-04-01/P1Y,0,,,
E10000016,Digital,All ages,2024-04-01/P1Y,0,,,
E06000010,Physical,Adult,2024-04-01/P1M,13,,,
E06000010,Physical,Adult,2024-05-01/P1M,28,,,
E06000010,Physical,Adult,2024-06-01/P1M,21,,,
E06000010,Physical,Adult,2024-07-01/P1M,13,,,
E06000010,Physical,Adult,2024-08-01/P1M,13,,,
E06000010,Physical,Adult,2024-09-01/P1M,13,,,
E06000010,Physical,Adult,2024-10-01/P1M,10,,,
E06000010,Physical,Adult,2024-11-01/P1M,17,,,
E06000010,Physical,Adult,2024-12-01/P1M,17,,,
E06000010,Physical,Adult,2025-01-01/P1M,10,,,
E06000010,Physical,Adult,2025-02-01/P1M,11,,,
E06000010,Physical,Adult,2025-03-01/P1M,9,,,
E06000010,Physical,Under 12,2024-04-01/P1M,61,,,
E06000010,Physical,Under 12,2024-05-01/P1M,81,,,
E06000010,Physical,Under 12,2024-06-01/P1M,109,,,
E06000010,Physical,Under 12,2024-07-01/P1M,98,,,
E06000010,Physical,Under 12,2024-08-01/P1M,99,,,
E06000010,Physical,Under 12,2024-09-01/P1M,75,,,
E06000010,Physical,Under 12,2024-10-01/P1M,83,,,
E06000010,Physical,Under 12,2024-11-01/P1M,80,,,
E06000010,Physical,Under 12,2024-12-01/P1M,114,,,
E06000010,Physical,Under 12,2025-01-01/P1M,94,,,
E06000010,Physical,Under 12,2025-02-01/P1M,93,,,
E06000010,Physical,Under 12,2025-03-01/P1M,95,,,
E06000010,Physical,12-17,2024-04-01/P1M,42,,,
E06000010,Physical,12-17,2024-05-01/P1M,63,,,
E06000010,Physical,12-17,2024-06-01/P1M,78,,,
E06000010,Physical,12-17,2024-07-01/P1M,48,,,
E06000010,Physical,12-17,2024-08-01/P1M,87,,,
E06000010,Physical,12-17,2024-09-01/P1M,65,,,
E06000010,Physical,12-17,2024-10-01/P1M,58,,,
E06000010,Physical,12-17,2024-11-01/P1M,63,,,
E06000010,Physical,12-17,2024-12-01/P1M,66,,,
E06000010,Physical,12-17,2025-01-01/P1M,58,,,
E06000010,Physical,12-17,2025-02-01/P1M,48,,,
E06000010,Physical,12-17,2025-03-01/P1M,60,,,
E06000010,Physical,All ages,2024-04-01/P1M,17,,,
E06000010,Physical,All ages,2024-05-01/P1M,17,,,
E06000010,Physical,All ages,2024-06-01/P1M,15,,,
E06000010,Physical,All ages,2024-07-01/P1M,5,,,
E06000010,Physical,All ages,2024-08-01/P1M,3,,,
E06000010,Physical,All ages,2024-09-01/P1M,2,,,
E06000010,Physical,All ages,2024-10-01/P1M,2,,,
E06000010,Physical,All ages,2024-11-01/P1M,2,,,
E06000010,Physical,All ages,2024-12-01/P1M,4,,,
E06000010,Physical,All ages,2025-01-01/P1M,10,,,
E06000010,Physical,All ages,2025-02-01/P1M,3,,,
E06000010,Physical,All ages,2025-03-01/P1M,3,,,
E06000010,Digital,Unknown,2024-04-01/P1M,10,,,
E06000010,Digital,Unknown,2024-05-01/P1M,13,,,
E06000010,Digital,Unknown,2024-06-01/P1M,9,,,
E06000010,Digital,Unknown,2024-07-01/P1M,8,,,
E06000010,Digital,Unknown,2024-08-01/P1M,9,,,
E06000010,Digital,Unknown,2024-09-01/P1M,8,,,
E06000010,Digital,Unknown,2024-10-01/P1M,9,,,
E06000010,Digital,Unknown,2024-11-01/P1M,10,,,
E06000010,Digital,Unknown,2024-12-01/P1M,7,,,
E06000010,Digital,Unknown,2025-01-01/P1M,9,,,
E06000010,Digital,Unknown,2025-02-01/P1M,11,,,
E06000010,Digital,Unknown,2025-03-01/P1M,8,,,
E06000010,Digital,Adult,2024-04-01/P1Y,0,,,
E06000010,Digital,Under 12,2024-04-01/P1Y,0,,,
E06000010,Digital,12-17,2024-04-01/P1Y,0,,,
E06000010,Digital,All ages,2024-04-01/P1Y,0,,,
E09000021,Physical,Adult,2024-04-01/P1Y,274,,,
E09000021,Physical,Under 12,2024-04-01/P1Y,258,,,
E09000021,Physical,12-17,2024-04-01/P1Y,0,,,
E09000021,Physical,All ages,2024-04-01/P1Y,0,,,
E09000021,Digital,Unknown,2024-04-01/P1Y,0,,,
E09000021,Digital,Adult,2024-04-01/P1Y,0,,,
E09000021,Digital,Under 12,2024-04-01/P1Y,0,,,
E09000021,Digital,12-17,2024-04-01/P1Y,0,,,
E09000021,Digital,All ages,2024-04-01/P1Y,0,,,
E08000034,Physical,Adult,2024-04-01/P1M,471,,,
E08000034,Physical,Adult,2024-05-01/P1M,509,,,
E08000034,Physical,Adult,2024-06-01/P1M,476,,,
E08000034,Physical,Adult,2024-07-01/P1M,492,,,
E08000034,Physical,Adult,2024-08-01/P1M,436,,,
E08000034,Physical,Adult,2024-09-01/P1M,511,,,
E08000034,Physical,Adult,2024-10-01/P1M,570,,,
E08000034,Physical,Adult,2024-11-01/P1M,558,,,
E08000034,Physical,Adult,2024-12-01/P1M,395,,,
E08000034,Physical,Adult,2025-01-01/P1M,455,,,
E08000034,Physical,Adult,2025-02-01/P1M,501,,,
E08000034,Physical,Adult,2025-03-01/P1M,582,,,
E08000034,Physical,Under 12,2024-04-01/P1M,255,,,
E08000034,Physical,Under 12,2024-05-01/P1M,236,,,
E08000034,Physical,Under 12,2024-06-01/P1M,261,,,
E08000034,Physical,Under 12,2024-07-01/P1M,251,,,
E08000034,Physical,Under 12,2024-08-01/P1M,261,,,
E08000034,Physical,Under 12,2024-09-01/P1M,237,,,
E08000034,Physical,Under 12,2024-10-01/P1M,271,,,
E08000034,Physical,Under 12,2024-11-01/P1M,258,,,
E08000034,Physical,Under 12,2024-12-01/P1M,192,,,
E08000034,Physical,Under 12,2025-01-01/P1M,235,,,
E08000034,Physical,Under 12,2025-02-01/P1M,243,,,
E08000034,Physical,Under 12,2025-03-01/P1M,278,,,
E08000034,Physical,12-17,2024-04-01/P1M,12,,,
E08000034,Physical,12-17,2024-05-01/P1M,10,,,
E08000034,Physical,12-17,2024-06-01/P1M,9,,,
E08000034,Physical,12-17,2024-07-01/P1M,5,,,
E08000034,Physical,12-17,2024-08-01/P1M,10,,,
E08000034,Physical,12-17,2024-09-01/P1M,11,,,
E08000034,Physical,12-17,2024-10-01/P1M,11,,,
E08000034,Physical,12-17,2024-11-01/P1M,6,,,
E08000034,Physical,12-17,2024-12-01/P1M,8,,,
E08000034,Physical,12-17,2025-01-01/P1M,7,,,
E08000034,Physical,12-17,2025-02-01/P1M,11,,,
E08000034,Physical,12-17,2025-03-01/P1M,25,,,
E08000034,Physical,All ages,2024-04-01/P1Y,0,,,
E08000034,Digital,Unknown,2024-04-01/P1Y,0,,,
E08000034,Digital,Adult,2024-04-01/P1Y,0,,,
E08000034,Digital,Under 12,2024-04-01/P1Y,0,,,
E08000034,Digital,12-17,2024-04-01/P1Y,0,,,
E08000034,Digital,All ages,2024-04-01/P1Y,0,,,
E08000011,Physical,Adult,2024-04-01/P1M,227,,,
E08000011,Physical,Adult,2024-05-01/P1M,198,,,
E08000011,Physical,Adult,2024-06-01/P1M,164,,,
E08000011,Physical,Adult,2024-07-01/P1M,137,,,
E08000011,Physical,Adult,2024-08-01/P1M,135,,,
E08000011,Physical,Adult,2024-09-01/P1M,170,,,
E08000011,Physical,Adult,2024-10-01/P1M,214,,,
E08000011,Physical,Adult,2024-11-01/P1M,164,,,
E08000011,Physical,Adult,2024-12-01/P1M,135,,,
E08000011,Physical,Adult,2025-01-01/P1M,162,,,
E08000011,Physical,Adult,2025-02-01/P1M,155,,,
E08000011,Physical,Adult,2025-03-01/P1M,160,,,
E08000011,Physical,Under 12,2024-04-01/P1M,138,,,
E08000011,Physical,Under 12,2024-05-01/P1M,93,,,
E08000011,Physical,Under 12,2024-06-01/P1M,125,,,
E08000011,Physical,Under 12,2024-07-01/P1M,142,,,
E08000011,Physical,Under 12,2024-08-01/P1M,159,,,
E08000011,Physical,Under 12,2024-09-01/P1M,111,,,
E08000011,Physical,Under 12,2024-10-01/P1M,126,,,
E08000011,Physical,Under 12,2024-11-01/P1M,110,,,
E08000011,Physical,Under 12,2024-12-01/P1M,90,,,
E08000011,Physical,Under 12,2025-01-01/P1M,133,,,
E08000011,Physical,Under 12,2025-02-01/P1M,132,,,
E08000011,Physical,Under 12,2025-03-01/P1M,144,,,
E08000011,Physical,12-17,2024-04-01/P1Y,0,,,
E08000011,Physical,All ages,2024-04-01/P1Y,0,,,
E08000011,Digital,Unknown,2024-04-01/P1Y,0,,,
E08000011,Digital,Adult,2024-04-01/P1Y,0,,,
E08000011,Digital,Under 12,2024-04-01/P1Y,0,,,
E08000011,Digital,12-17,2024-04-01/P1Y,0,,,
E08000011,Digital,All ages,2024-04-01/P1Y,0,,,
E06000016,Physical,Adult,2024-04-01/P1M,56,,,
E06000016,Physical,Adult,2024-05-01/P1M,52,,,
E06000016,Physical,Adult,2024-06-01/P1M,48,,,
E06000016,Physical,Adult,2024-07-01/P1M,44,,,
E06000016,Physical,Adult,2024-08-01/P1M,48,,,
E06000016,Physical,Adult,2024-09-01/P1M,44,,,
E06000016,Physical,Adult,2024-10-01/P1M,112,,,
E06000016,Physical,Adult,2024-11-01/P1M,80,,,
E06000016,Physical,Adult,2024-12-01/P1M,60,,,
E06000016,Physical,Adult,2025-01-01/P1M,48,,,
E06000016,Physical,Adult,2025-02-01/P1M,64,,,
E06000016,Physical,Adult,2025-03-01/P1M,60,,,
E06000016,Physical,Under 12,2024-04-01/P1M,196,,,
E06000016,Physical,Under 12,2024-05-01/P1M,164,,,
E06000016,Physical,Under 12,2024-06-01/P1M,244,,,
E06000016,Physical,Under 12,2024-07-01/P1M,356,,,
E06000016,Physical,Under 12,2024-08-01/P1M,204,,,
E06000016,Physical,Under 12,2024-09-01/P1M,216,,,
E06000016,Physical,Under 12,2024-10-01/P1M,320,,,
E06000016,Physical,Under 12,2024-11-01/P1M,300,,,
E06000016,Physical,Under 12,2024-12-01/P1M,232,,,
E06000016,Physical,Under 12,2025-01-01/P1M,292,,,
E06000016,Physical,Under 12,2025-02-01/P1M,328,,,
E06000016,Physical,Under 12,2025-03-01/P1M,328,,,
E06000016,Physical,12-17,2024-04-01/P1M,8,,,
E06000016,Physical,12-17,2024-05-01/P1M,32,,,
E06000016,Physical,12-17,2024-06-01/P1M,8,,,
E06000016,Physical,12-17,2024-07-01/P1M,8,,,
E06000016,Physical,12-17,2024-08-01/P1M,8,,,
E06000016,Physical,12-17,2024-09-01/P1M,8,,,
E06000016,Physical,12-17,2024-10-01/P1M,8,,,
E06000016,Physical,12-17,2024-11-01/P1M,8,,,
E06000016,Physical,12-17,2024-12-01/P1M,8,,,
E06000016,Physical,12-17,2025-01-01/P1M,8,,,
E06000016,Physical,12-17,2025-02-01/P1M,8,,,
E06000016,Physical,12-17,2025-03-01/P1M,8,,,
E06000016,Physical,All ages,2024-04-01/P1M,24,,,
E06000016,Physical,All ages,2024-05-01/P1M,40,,,
E06000016,Physical,All ages,2024-06-01/P1M,44,,,
E06000016,Physical,All ages,2024-07-01/P1M,72,,,
E06000016,Physical,All ages,2024-08-01/P1M,32,,,
E06000016,Physical,All ages,2024-09-01/P1M,44,,,
E06000016,Physical,All ages,2024-10-01/P1M,44,,,
E06000016,Physical,All ages,2024-11-01/P1M,52,,,
E06000016,Physical,All ages,2024-12-01/P1M,56,,,
E06000016,Physical,All ages,2025-01-01/P1M,56,,,
E06000016,Physical,All ages,2025-02-01/P1M,44,,,
E06000016,Physical,All ages,2025-03-01/P1M,36,,,
E06000016,Digital,Unknown,2024-04-01/P1Y,0,,,
E06000016,Digital,Adult,2024-04-01/P1Y,0,,,
E06000016,Digital,Under 12,2024-04-01/P1Y,0,,,
E06000016,Digital,12-17,2024-04-01/P1Y,0,,,
E06000016,Digital,All ages,2024-04-01/P1Y,0,,,
E09000023,Physical,Adult,2024-04-01/P1M,21,,,
E09000023,Physical,Adult,2024-05-01/P1M,32,,,
E09000023,Physical,Adult,2024-06-01/P1M,25,,,
E09000023,Physical,Adult,2024-07-01/P1M,36,,,
E09000023,Physical,Adult,2024-08-01/P1M,28,,,
E09000023,Physical,Adult,2024-09-01/P1M,34,,,
E09000023,Physical,Adult,2024-10-01/P1M,41,,,
E09000023,Physical,Adult,2024-11-01/P1M,59,,,
E09000023,Physical,Adult,2024-12-01/P1M,29,,,
E09000023,Physical,Adult,2025-01-01/P1M,30,,,
E09000023,Physical,Adult,2025-02-01/P1M,38,,,
E09000023,Physical,Adult,2025-03-01/P1M,73,,,
E09000023,Physical,Under 12,2024-04-01/P1M,90,,,
E09000023,Physical,Under 12,2024-05-01/P1M,89,,,
E09000023,Physical,Under 12,2024-06-01/P1M,86,,,
E09000023,Physical,Under 12,2024-07-01/P1M,90,,,
E09000023,Physical,Under 12,2024-08-01/P1M,108,,,
E09000023,Physical,Under 12,2024-09-01/P1M,81,,,
E09000023,Physical,Under 12,2024-10-01/P1M,80,,,
E09000023,Physical,Under 12,2024-11-01/P1M,75,,,
E09000023,Physical,Under 12,2024-12-01/P1M,71,,,
E09000023,Physical,Under 12,2025-01-01/P1M,83,,,
E09000023,Physical,Under 12,2025-02-01/P1M,80,,,
E09000023,Physical,Under 12,2025-03-01/P1M,94,,,
E09000023,Physical,12-17,2024-04-01/P1M,4,,,
E09000023,Physical,12-17,2024-05-01/P1M,5,,,
E09000023,Physical,12-17,2024-06-01/P1M,4,,,
E09000023,Physical,12-17,2024-07-01/P1M,1,,,
E09000023,Physical,12-17,2024-08-01/P1M,5,,,
E09000023,Physical,12-17,2024-09-01/P1M,8,,,
E09000023,Physical,12-17,2024-10-01/P1M,0,,,
E09000023,Physical,12-17,2024-11-01/P1M,9,,,
E09000023,Physical,12-17,2024-12-01/P1M,8,,,
E09000023,Physical,12-17,2025-01-01/P1M,7,,,
E09000023,Physical,12-17,2025-02-01/P1M,12,,,
E09000023,Physical,12-17,2025-03-01/P1M,17,,,
E09000023,Physical,All ages,2024-04-01/P1Y,0,,,
E09000023,Digital,Adult,2024-04-01/P1M,0,,,
E09000023,Digital,Adult,2024-05-01/P1M,0,,,
E09000023,Digital,Adult,2024-06-01/P1M,0,,,
E09000023,Digital,Adult,2024-07-01/P1M,0,,,
E09000023,Digital,Adult,2024-08-01/P1M,0,,,
E09000023,Digital,Adult,2024-09-01/P1M,0,,,
E09000023,Digital,Adult,2024-10-01/P1M,0,,,
E09000023,Digital,Adult,2024-11-01/P1M,4,,,
E09000023,Digital,Adult,2024-12-01/P1M,4,,,
E09000023,Digital,Adult,2025-01-01/P1M,5,,,
E09000023,Digital,Adult,2025-02-01/P1M,4,,,
E09000023,Digital,Adult,2025-03-01/P1M,4,,,
E09000023,Digital,Under 12,2024-04-01/P1Y,0,,,
E09000023,Digital,12-17,2024-04-01/P1M,2,,,
E09000023,Digital,12-17,2024-05-01/P1M,2,,,
E09000023,Digital,12-17,2024-06-01/P1M,0,,,
E09000023,Digital,12-17,2024-07-01/P1M,0,,,
E09000023,Digital,12-17,2024-08-01/P1M,4,,,
E09000023,Digital,12-17,2024-09-01/P1M,5,,,
E09000023,Digital,12-17,2024-10-01/P1M,5,,,
E09000023,Digital,12-17,2024-11-01/P1M,4,,,
E09000023,Digital,12-17,2024-12-01/P1M,5,,,
E09000023,Digital,12-17,2025-01-01/P1M,6,,,
E09000023,Digital,12-17,2025-02-01/P1M,8,,,
E09000023,Digital,12-17,2025-03-01/P1M,9,,,
E09000023,Digital,All ages,2024-04-01/P1Y,0,,,
E10000019,Physical,Unknown,2024-04-01/P1M,640,,,
E10000019,Physical,Unknown,2024-05-01/P1M,521,,,
E10000019,Physical,Unknown,2024-06-01/P1M,550,,,
E10000019,Physical,Unknown,2024-07-01/P1M,635,,,
E10000019,Physical,Unknown,2024-08-01/P1M,643,,,
E10000019,Physical,Unknown,2024-09-01/P1M,556,,,
E10000019,Physical,Unknown,2024-10-01/P1M,599,,,
E10000019,Physical,Unknown,2024-11-01/P1M,488,,,
E10000019,Physical,Unknown,2024-12-01/P1M,473,,,
E10000019,Physical,Unknown,2025-01-01/P1M,576,,,
E10000019,Physical,Unknown,2025-02-01/P1M,566,,,
E10000019,Physical,Unknown,2025-03-01/P1M,549,,,
E10000019,Physical,Adult,2024-04-01/P1Y,0,,,
E10000019,Physical,Under 12,2024-04-01/P1Y,0,,,
E10000019,Physical,12-17,2024-04-01/P1Y,0,,,
E10000019,Physical,All ages,2024-04-01/P1Y,0,,,
E10000019,Digital,Unknown,2024-04-01/P1Y,0,,,
E10000019,Digital,Adult,2024-04-01/P1Y,0,,,
E10000019,Digital,Under 12,2024-04-01/P1Y,0,,,
E10000019,Digital,12-17,2024-04-01/P1Y,0,,,
E10000019,Digital,All ages,2024-04-01/P1Y,0,,,
E08000012,Physical,Unknown,2024-04-01/P1M,172,,,
E08000012,Physical,Unknown,2024-05-01/P1M,130,,,
E08000012,Physical,Unknown,2024-06-01/P1M,173,,,
E08000012,Physical,Unknown,2024-07-01/P1M,144,,,
E08000012,Physical,Unknown,2024-08-01/P1M,119,,,
E08000012,Physical,Unknown,2024-09-01/P1M,142,,,
E08000012,Physical,Unknown,2024-10-01/P1M,127,,,
E08000012,Physical,Unknown,2024-11-01/P1M,138,,,
E08000012,Physical,Unknown,2024-12-01/P1M,128,,,
E08000012,Physical,Unknown,2025-01-01/P1M,180,,,
E08000012,Physical,Unknown,2025-02-01/P1M,187,,,
E08000012,Physical,Unknown,2025-03-01/P1M,250,,,
E08000012,Physical,Adult,2024-04-01/P1Y,0,,,
E08000012,Physical,Under 12,2024-04-01/P1Y,0,,,
E08000012,Physical,12-17,2024-04-01/P1Y,0,,,
E08000012,Physical,All ages,2024-04-01/P1Y,0,,,
E08000012,Digital,Unknown,2024-04-01/P1Y,0,,,
E08000012,Digital,Adult,2024-04-01/P1Y,0,,,
E08000012,Digital,Under 12,2024-04-01/P1Y,0,,,
E08000012,Digital,12-17,2024-04-01/P1Y,0,,,
E08000012,Digital,All ages,2024-04-01/P1Y,0,,,
E06000032,Physical,Unknown,2024-04-01/P1Y,0,,,
E06000032,Physical,Adult,2024-04-01/P1Y,0,,,
E06000032,Physical,Under 12,2024-04-01/P1Y,0,,,
E06000032,Physical,12-17,2024-04-01/P1Y,0,,,
E06000032,Physical,All ages,2024-04-01/P1Y,0,,,
E06000032,Digital,Unknown,2024-04-01/P1Y,0,,,
E06000032,Digital,Adult,2024-04-01/P1Y,0,,,
E06000032,Digital,Under 12,2024-04-01/P1Y,0,,,
E06000032,Digital,12-17,2024-04-01/P1Y,0,,,
E06000032,Digital,All ages,2024-04-01/P1Y,0,,,
E08000003,Physical,Unknown,2024-04-01/P1M,1151,,,
E08000003,Physical,Unknown,2024-05-01/P1M,1098,,,
E08000003,Physical,Unknown,2024-06-01/P1M,1070,,,
E08000003,Physical,Unknown,2024-07-01/P1M,1173,,,
E08000003,Physical,Unknown,2024-08-01/P1M,1120,,,
E08000003,Physical,Unknown,2024-09-01/P1M,1272,,,
E08000003,Physical,Unknown,2024-10-01/P1M,1561,,,
E08000003,Physical,Unknown,2024-11-01/P1M,1506,,,
E08000003,Physical,Unknown,2024-12-01/P1M,1174,,,
E08000003,Physical,Unknown,2025-01-01/P1M,1442,,,
E08000003,Physical,Unknown,2025-02-01/P1M,1418,,,
E08000003,Physical,Unknown,2025-03-01/P1M,1324,,,
E08000003,Physical,Adult,2024-04-01/P1Y,0,,,
E08000003,Physical,Under 12,2024-04-01/P1Y,0,,,
E08000003,Physical,12-17,2024-04-01/P1Y,0,,,
E08000003,Physical,All ages,2024-04-01/P1M,17376,,excluded,"Event attendance (255,046 attendees) was entered into the count of events column. Excluded from event counts to avoid counting attendees as events."
E08000003,Physical,All ages,2024-05-01/P1M,21697,,excluded,"Event attendance (255,046 attendees) was entered into the count of events column. Excluded from event counts to avoid counting attendees as events."
E08000003,Physical,All ages,2024-06-01/P1M,17974,,excluded,"Event attendance (255,046 attendees) was entered into the count of events column. Excluded from event counts to avoid counting attendees as events."
E08000003,Physical,All ages,2024-07-01/P1M,18174,,excluded,"Event attendance (255,046 attendees) was entered into the count of events column. Excluded from event counts to avoid counting attendees as events."
E08000003,Physical,All ages,2024-08-01/P1M,15926,,excluded,"Event attendance (255,046 attendees) was entered into the count of events column. Excluded from event counts to avoid counting attendees as events."
E08000003,Physical,All ages,2024-09-01/P1M,18943,,excluded,"Event attendance (255,046 attendees) was entered into the count of events column. Excluded from event counts to avoid counting attendees as events."
E08000003,Physical,All ages,2024-10-01/P1M,28103,,excluded,"Event attendance (255,046 attendees) was entered into the count of events column. Excluded from event counts to avoid counting attendees as events."
E08000003,Physical,All ages,2024-11-01/P1M,25274,,excluded,"Event attendance (255,046 attendees) was entered into the count of events column. Excluded from event counts to avoid counting attendees as events."
E08000003,Physical,All ages,2024-12-01/P1M,21396,,excluded,"Event attendance (255,046 attendees) was entered into the count of events column. Excluded from event counts to avoid counting attendees as events."
E08000003,Physical,All ages,2025-01-01/P1M,21135,,excluded,"Event attendance (255,046 attendees) was entered into the count of events column. Excluded from event counts to avoid counting attendees as events."
E08000003,Physical,All ages,2025-02-01/P1M,23945,,excluded,"Event attendance (255,046 attendees) was entered into the count of events column. Excluded from event counts to avoid counting attendees as events."
E08000003,Physical,All ages,2025-03-01/P1M,25103,,excluded,"Event attendance (255,046 attendees) was entered into the count of events column. Excluded from event counts to avoid counting attendees as events."
E08000003,Digital,Unknown,2024-04-01/P1M,0,,,
E08000003,Digital,Unknown,2024-05-01/P1M,0,,,
E08000003,Digital,Unknown,2024-06-01/P1M,0,,,
E08000003,Digital,Unknown,2024-07-01/P1M,0,,,
E08000003,Digital,Unknown,2024-08-01/P1M,0,,,
E08000003,Digital,Unknown,2024-09-01/P1M,0,,,
E08000003,Digital,Unknown,2024-10-01/P1M,0,,,
E08000003,Digital,Unknown,2024-11-01/P1M,0,,,
E08000003,Digital,Unknown,2024-12-01/P1M,4,,,
E08000003,Digital,Unknown,2025-01-01/P1M,10,,,
E08000003,Digital,Unknown,2025-02-01/P1M,12,,,
E08000003,Digital,Unknown,2025-03-01/P1M,11,,,
E08000003,Digital,Adult,2024-04-01/P1Y,0,,,
E08000003,Digital,Under 12,2024-04-01/P1Y,0,,,
E08000003,Digital,12-17,2024-04-01/P1Y,0,,,
E08000003,Digital,All ages,2024-04-01/P1M,0,,excluded,Digital event breakdown: Digital event attendance (460 attendees) was entered into the count of events column. Excluded from event counts.
E08000003,Digital,All ages,2024-05-01/P1M,0,,excluded,Digital event breakdown: Digital event attendance (460 attendees) was entered into the count of events column. Excluded from event counts.
E08000003,Digital,All ages,2024-06-01/P1M,0,,excluded,Digital event breakdown: Digital event attendance (460 attendees) was entered into the count of events column. Excluded from event counts.
E08000003,Digital,All ages,2024-07-01/P1M,0,,excluded,Digital event breakdown: Digital event attendance (460 attendees) was entered into the count of events column. Excluded from event counts.
E08000003,Digital,All ages,2024-08-01/P1M,0,,excluded,Digital event breakdown: Digital event attendance (460 attendees) was entered into the count of events column. Excluded from event counts.
E08000003,Digital,All ages,2024-09-01/P1M,0,,excluded,Digital event breakdown: Digital event attendance (460 attendees) was entered into the count of events column. Excluded from event counts.
E08000003,Digital,All ages,2024-10-01/P1M,0,,excluded,Digital event breakdown: Digital event attendance (460 attendees) was entered into the count of events column. Excluded from event counts.
E08000003,Digital,All ages,2024-11-01/P1M,0,,excluded,Digital event breakdown: Digital event attendance (460 attendees) was entered into the count of events column. Excluded from event counts.
E08000003,Digital,All ages,2024-12-01/P1M,86,,excluded,Digital event breakdown: Digital event attendance (460 attendees) was entered into the count of events column. Excluded from event counts.
E08000003,Digital,All ages,2025-01-01/P1M,145,,excluded,Digital event breakdown: Digital event attendance (460 attendees) was entered into the count of events column. Excluded from event counts.
E08000003,Digital,All ages,2025-02-01/P1M,124,,excluded,Digital event breakdown: Digital event attendance (460 attendees) was entered into the count of events column. Excluded from event counts.
E08000003,Digital,All ages,2025-03-01/P1M,105,,excluded,Digital event breakdown: Digital event attendance (460 attendees) was entered into the count of events column. Excluded from event counts.
E09000024,Physical,Adult,2024-04-01/P1M,382,,,
E09000024,Physical,Adult,2024-05-01/P1M,401,,,
E09000024,Physical,Adult,2024-06-01/P1M,420,,,
E09000024,Physical,Adult,2024-07-01/P1M,371,,,
E09000024,Physical,Adult,2024-08-01/P1M,289,,,
E09000024,Physical,Adult,2024-09-01/P1M,363,,,
E09000024,Physical,Adult,2024-10-01/P1M,488,,,
E09000024,Physical,Adult,2024-11-01/P1M,492,,,
E09000024,Physical,Adult,2024-12-01/P1M,263,,,
E09000024,Physical,Adult,2025-01-01/P1M,404,,,
E09000024,Physical,Adult,2025-02-01/P1M,379,,,
E09000024,Physical,Adult,2025-03-01/P1M,450,,,
E09000024,Physical,Under 12,2024-04-01/P1M,236,,,
E09000024,Physical,Under 12,2024-05-01/P1M,281,,,
E09000024,Physical,Under 12,2024-06-01/P1M,292,,,
E09000024,Physical,Under 12,2024-07-01/P1M,315,,,
E09000024,Physical,Under 12,2024-08-01/P1M,212,,,
E09000024,Physical,Under 12,2024-09-01/P1M,267,,,
E09000024,Physical,Under 12,2024-10-01/P1M,335,,,
E09000024,Physical,Under 12,2024-11-01/P1M,321,,,
E09000024,Physical,Under 12,2024-12-01/P1M,202,,,
E09000024,Physical,Under 12,2025-01-01/P1M,250,,,
E09000024,Physical,Under 12,2025-02-01/P1M,291,,,
E09000024,Physical,Under 12,2025-03-01/P1M,291,,,
E09000024,Physical,12-17,2024-04-01/P1M,1,,,
E09000024,Physical,12-17,2024-05-01/P1M,0,,,
E09000024,Physical,12-17,2024-06-01/P1M,4,,,
E09000024,Physical,12-17,2024-07-01/P1M,5,,,
E09000024,Physical,12-17,2024-08-01/P1M,2,,,
E09000024,Physical,12-17,2024-09-01/P1M,3,,,
E09000024,Physical,12-17,2024-10-01/P1M,5,,,
E09000024,Physical,12-17,2024-11-01/P1M,6,,,
E09000024,Physical,12-17,2024-12-01/P1M,4,,,
E09000024,Physical,12-17,2025-01-01/P1M,8,,,
E09000024,Physical,12-17,2025-02-01/P1M,7,,,
E09000024,Physical,12-17,2025-03-01/P1M,9,,,
E09000024,Physical,All ages,2024-04-01/P1M,37,,,
E09000024,Physical,All ages,2024-05-01/P1M,47,,,
E09000024,Physical,All ages,2024-06-01/P1M,56,,,
E09000024,Physical,All ages,2024-07-01/P1M,45,,,
E09000024,Physical,All ages,2024-08-01/P1M,36,,,
E09000024,Physical,All ages,2024-09-01/P1M,61,,,
E09000024,Physical,All ages,2024-10-01/P1M,54,,,
E09000024,Physical,All ages,2024-11-01/P1M,56,,,
E09000024,Physical,All ages,2024-12-01/P1M,34,,,
E09000024,Physical,All ages,2025-01-01/P1M,46,,,
E09000024,Physical,All ages,2025-02-01/P1M,39,,,
E09000024,Physical,All ages,2025-03-01/P1M,49,,,
E09000024,Digital,Unknown,2024-04-01/P1Y,0,,,
E09000024,Digital,Adult,2024-04-01/P1Y,0,,,
E09000024,Digital,Under 12,2024-04-01/P1Y,0,,,
E09000024,Digital,12-17,2024-04-01/P1Y,0,,,
E09000024,Digital,All ages,2024-04-01/P1Y,0,,,
E06000042,Physical,Adult,2024-04-01/P1M,63,,,
E06000042,Physical,Adult,2024-05-01/P1M,57,,,
E06000042,Physical,Adult,2024-06-01/P1M,55,,,
E06000042,Physical,Adult,2024-07-01/P1M,55,,,
E06000042,Physical,Adult,2024-08-01/P1M,53,,,
E06000042,Physical,Adult,2024-09-01/P1M,53,,,
E06000042,Physical,Adult,2024-10-01/P1M,54,,,
E06000042,Physical,Adult,2024-11-01/P1M,59,,,
E06000042,Physical,Adult,2024-12-01/P1M,57,,,
E06000042,Physical,Adult,2025-01-01/P1M,68,,,
E06000042,Physical,Adult,2025-02-01/P1M,57,,,
E06000042,Physical,Adult,2025-03-01/P1M,55,,,
E06000042,Physical,Under 12,2024-04-01/P1M,129,,,
E06000042,Physical,Under 12,2024-05-01/P1M,128,,,
E06000042,Physical,Under 12,2024-06-01/P1M,133,,,
E06000042,Physical,Under 12,2024-07-01/P1M,151,,,
E06000042,Physical,Under 12,2024-08-01/P1M,141,,,
E06000042,Physical,Under 12,2024-09-01/P1M,120,,,
E06000042,Physical,Under 12,2024-10-01/P1M,149,,,
E06000042,Physical,Under 12,2024-11-01/P1M,147,,,
E06000042,Physical,Under 12,2024-12-01/P1M,125,,,
E06000042,Physical,Under 12,2025-01-01/P1M,130,,,
E06000042,Physical,Under 12,2025-02-01/P1M,133,,,
E06000042,Physical,Under 12,2025-03-01/P1M,139,,,
E06000042,Physical,12-17,2024-04-01/P1M,5,,,
E06000042,Physical,12-17,2024-05-01/P1M,4,,,
E06000042,Physical,12-17,2024-06-01/P1M,4,,,
E06000042,Physical,12-17,2024-07-01/P1M,6,,,
E06000042,Physical,12-17,2024-08-01/P1M,1,,,
E06000042,Physical,12-17,2024-09-01/P1M,6,,,
E06000042,Physical,12-17,2024-10-01/P1M,4,,,
E06000042,Physical,12-17,2024-11-01/P1M,5,,,
E06000042,Physical,12-17,2024-12-01/P1M,2,,,
E06000042,Physical,12-17,2025-01-01/P1M,3,,,
E06000042,Physical,12-17,2025-02-01/P1M,4,,,
E06000042,Physical,12-17,2025-03-01/P1M,4,,,
E06000042,Physical,All ages,2024-04-01/P1M,4,,,
E06000042,Physical,All ages,2024-05-01/P1M,3,,,
E06000042,Physical,All ages,2024-07-01/P1M,6,,,
E06000042,Physical,All ages,2024-08-01/P1M,3,,,
E06000042,Physical,All ages,2024-09-01/P1M,3,,,
E06000042,Physical,All ages,2024-10-01/P1M,2,,,
E06000042,Physical,All ages,2024-12-01/P1M,4,,,
E06000042,Physical,All ages,2025-02-01/P1M,9,,,
E06000042,Physical,All ages,2025-03-01/P1M,5,,,
E06000042,Digital,Unknown,2024-04-01/P1Y,0,,,
E06000042,Digital,Adult,2024-04-01/P1Y,0,,,
E06000042,Digital,Under 12,2024-04-01/P1Y,0,,,
E06000042,Digital,12-17,2024-04-01/P1Y,0,,,
E06000042,Digital,All ages,2024-04-01/P1Y,0,,,
E08000021,Physical,Unknown,2024-04-01/P1M,132,,,
E08000021,Physical,Unknown,2024-05-01/P1M,194,,,
E08000021,Physical,Unknown,2024-06-01/P1M,213,,,
E08000021,Physical,Unknown,2024-07-01/P1M,226,,,
E08000021,Physical,Unknown,2024-08-01/P1M,259,,,
E08000021,Physical,Unknown,2024-09-01/P1M,214,,,
E08000021,Physical,Unknown,2024-10-01/P1M,0,,,
E08000021,Physical,Unknown,2024-11-01/P1M,0,,,
E08000021,Physical,Unknown,2024-12-01/P1M,0,,,
E08000021,Physical,Unknown,2025-01-01/P1M,0,,,
E08000021,Physical,Unknown,2025-02-01/P1M,0,,,
E08000021,Physical,Unknown,2025-03-01/P1M,0,,,
E08000021,Physical,Adult,2024-04-01/P1Y,0,,,
E08000021,Physical,Under 12,2024-04-01/P1Y,0,,,
E08000021,Physical,12-17,2024-04-01/P1Y,0,,,
E08000021,Physical,All ages,2024-04-01/P1Y,0,,,
E08000021,Digital,Unknown,2024-04-01/P1Y,0,,,
E08000021,Digital,Adult,2024-04-01/P1Y,0,,,
E08000021,Digital,Under 12,2024-04-01/P1Y,0,,,
E08000021,Digital,12-17,2024-04-01/P1Y,0,,,
E08000021,Digital,All ages,2024-04-01/P1Y,0,,,
E06000012,Physical,Adult,2024-04-01/P1M,7,,,
E06000012,Physical,Adult,2024-05-01/P1M,12,,,
E06000012,Physical,Adult,2024-06-01/P1M,14,,,
E06000012,Physical,Adult,2024-07-01/P1M,13,,,
E06000012,Physical,Adult,2024-08-01/P1M,12,,,
E06000012,Physical,Adult,2024-09-01/P1M,7,,,
E06000012,Physical,Adult,2024-10-01/P1M,17,,,
E06000012,Physical,Adult,2024-11-01/P1M,16,,,
E06000012,Physical,Adult,2024-12-01/P1M,5,,,
E06000012,Physical,Adult,2025-01-01/P1M,14,,,
E06000012,Physical,Adult,2025-02-01/P1M,19,,,
E06000012,Physical,Adult,2025-03-01/P1M,12,,,
E06000012,Physical,Under 12,2024-04-01/P1M,30,,,
E06000012,Physical,Under 12,2024-05-01/P1M,30,,,
E06000012,Physical,Under 12,2024-06-01/P1M,37,,,
E06000012,Physical,Under 12,2024-07-01/P1M,36,,,
E06000012,Physical,Under 12,2024-08-01/P1M,33,,,
E06000012,Physical,Under 12,2024-09-01/P1M,28,,,
E06000012,Physical,Under 12,2024-10-01/P1M,41,,,
E06000012,Physical,Under 12,2024-11-01/P1M,34,,,
E06000012,Physical,Under 12,2024-12-01/P1M,20,,,
E06000012,Physical,Under 12,2025-01-01/P1M,20,,,
E06000012,Physical,Under 12,2025-02-01/P1M,34,,,
E06000012,Physical,Under 12,2025-03-01/P1M,37,,,
E06000012,Physical,12-17,2024-04-01/P1M,0,,,
E06000012,Physical,12-17,2024-05-01/P1M,0,,,
E06000012,Physical,12-17,2024-06-01/P1M,0,,,
E06000012,Physical,12-17,2024-07-01/P1M,0,,,
E06000012,Physical,12-17,2024-08-01/P1M,0,,,
E06000012,Physical,12-17,2024-09-01/P1M,0,,,
E06000012,Physical,12-17,2024-10-01/P1M,0,,,
E06000012,Physical,12-17,2024-11-01/P1M,0,,,
E06000012,Physical,12-17,2024-12-01/P1M,0,,,
E06000012,Physical,12-17,2025-01-01/P1M,0,,,
E06000012,Physical,12-17,2025-02-01/P1M,2,,,
E06000012,Physical,12-17,2025-03-01/P1M,1,,,
E06000012,Physical,All ages,2024-04-01/P1Y,0,,,
E06000012,Digital,Adult,2024-04-01/P1M,1,,,
E06000012,Digital,Adult,2024-05-01/P1M,5,,,
E06000012,Digital,Adult,2024-06-01/P1M,6,,,
E06000012,Digital,Adult,2024-07-01/P1M,10,,,
E06000012,Digital,Adult,2024-08-01/P1M,7,,,
E06000012,Digital,Adult,2024-09-01/P1M,5,,,
E06000012,Digital,Adult,2024-10-01/P1M,6,,,
E06000012,Digital,Adult,2024-11-01/P1M,10,,,
E06000012,Digital,Adult,2024-12-01/P1M,9,,,
E06000012,Digital,Adult,2025-01-01/P1M,8,,,
E06000012,Digital,Adult,2025-02-01/P1M,5,,,
E06000012,Digital,Adult,2025-03-01/P1M,9,,,
E06000012,Digital,Under 12,2024-04-01/P1Y,0,,,
E06000012,Digital,12-17,2024-04-01/P1Y,0,,,
E06000012,Digital,All ages,2024-04-01/P1Y,0,,,
E06000013,Physical,Adult,2024-04-01/P1M,61,,suspicious,"Source audit: total_physical_events: Annual: reported total 900; category sum 1,265; difference -365. Categories exceed total; check duplication, scope and reporting frequency. Event audiences may overlap. Values retained as reported pending source confirmation."
E06000013,Physical,Adult,2024-05-01/P1M,53,,suspicious,"Source audit: total_physical_events: Annual: reported total 900; category sum 1,265; difference -365. Categories exceed total; check duplication, scope and reporting frequency. Event audiences may overlap. Values retained as reported pending source confirmation."
E06000013,Physical,Adult,2024-06-01/P1M,57,,suspicious,"Source audit: total_physical_events: Annual: reported total 900; category sum 1,265; difference -365. Categories exceed total; check duplication, scope and reporting frequency. Event audiences may overlap. Values retained as reported pending source confirmation."
E06000013,Physical,Adult,2024-07-01/P1M,59,,suspicious,"Source audit: total_physical_events: Annual: reported total 900; category sum 1,265; difference -365. Categories exceed total; check duplication, scope and reporting frequency. Event audiences may overlap. Values retained as reported pending source confirmation."
E06000013,Physical,Adult,2024-08-01/P1M,57,,suspicious,"Source audit: total_physical_events: Annual: reported total 900; category sum 1,265; difference -365. Categories exceed total; check duplication, scope and reporting frequency. Event audiences may overlap. Values retained as reported pending source confirmation."
E06000013,Physical,Adult,2024-09-01/P1M,51,,suspicious,"Source audit: total_physical_events: Annual: reported total 900; category sum 1,265; difference -365. Categories exceed total; check duplication, scope and reporting frequency. Event audiences may overlap. Values retained as reported pending source confirmation."
E06000013,Physical,Adult,2024-10-01/P1M,47,,suspicious,"Source audit: total_physical_events: Annual: reported total 900; category sum 1,265; difference -365. Categories exceed total; check duplication, scope and reporting frequency. Event audiences may overlap. Values retained as reported pending source confirmation."
E06000013,Physical,Adult,2024-11-01/P1M,52,,suspicious,"Source audit: total_physical_events: Annual: reported total 900; category sum 1,265; difference -365. Categories exceed total; check duplication, scope and reporting frequency. Event audiences may overlap. Values retained as reported pending source confirmation."
E06000013,Physical,Adult,2024-12-01/P1M,28,,suspicious,"Source audit: total_physical_events: Annual: reported total 900; category sum 1,265; difference -365. Categories exceed total; check duplication, scope and reporting frequency. Event audiences may overlap. Values retained as reported pending source confirmation."
E06000013,Physical,Adult,2025-01-01/P1M,25,,suspicious,"Source audit: total_physical_events: Annual: reported total 900; category sum 1,265; difference -365. Categories exceed total; check duplication, scope and reporting frequency. Event audiences may overlap. Values retained as reported pending source confirmation."
E06000013,Physical,Adult,2025-02-01/P1M,16,,suspicious,"Source audit: total_physical_events: Annual: reported total 900; category sum 1,265; difference -365. Categories exceed total; check duplication, scope and reporting frequency. Event audiences may overlap. Values retained as reported pending source confirmation."
E06000013,Physical,Adult,2025-03-01/P1M,20,,suspicious,"Source audit: total_physical_events: Annual: reported total 900; category sum 1,265; difference -365. Categories exceed total; check duplication, scope and reporting frequency. Event audiences may overlap. Values retained as reported pending source confirmation."
E06000013,Physical,Under 12,2024-04-01/P1M,55,,suspicious,"Source audit: total_physical_events: Annual: reported total 900; category sum 1,265; difference -365. Categories exceed total; check duplication, scope and reporting frequency. Event audiences may overlap. Values retained as reported pending source confirmation."
E06000013,Physical,Under 12,2024-05-01/P1M,32,,suspicious,"Source audit: total_physical_events: Annual: reported total 900; category sum 1,265; difference -365. Categories exceed total; check duplication, scope and reporting frequency. Event audiences may overlap. Values retained as reported pending source confirmation."
E06000013,Physical,Under 12,2024-06-01/P1M,36,,suspicious,"Source audit: total_physical_events: Annual: reported total 900; category sum 1,265; difference -365. Categories exceed total; check duplication, scope and reporting frequency. Event audiences may overlap. Values retained as reported pending source confirmation."
E06000013,Physical,Under 12,2024-07-01/P1M,38,,suspicious,"Source audit: total_physical_events: Annual: reported total 900; category sum 1,265; difference -365. Categories exceed total; check duplication, scope and reporting frequency. Event audiences may overlap. Values retained as reported pending source confirmation."
E06000013,Physical,Under 12,2024-08-01/P1M,81,,suspicious,"Source audit: total_physical_events: Annual: reported total 900; category sum 1,265; difference -365. Categories exceed total; check duplication, scope and reporting frequency. Event audiences may overlap. Values retained as reported pending source confirmation."
E06000013,Physical,Under 12,2024-09-01/P1M,19,,suspicious,"Source audit: total_physical_events: Annual: reported total 900; category sum 1,265; difference -365. Categories exceed total; check duplication, scope and reporting frequency. Event audiences may overlap. Values retained as reported pending source confirmation."
E06000013,Physical,Under 12,2024-10-01/P1M,36,,suspicious,"Source audit: total_physical_events: Annual: reported total 900; category sum 1,265; difference -365. Categories exceed total; check duplication, scope and reporting frequency. Event audiences may overlap. Values retained as reported pending source confirmation."
E06000013,Physical,Under 12,2024-11-01/P1M,27,,suspicious,"Source audit: total_physical_events: Annual: reported total 900; category sum 1,265; difference -365. Categories exceed total; check duplication, scope and reporting frequency. Event audiences may overlap. Values retained as reported pending source confirmation."
E06000013,Physical,Under 12,2024-12-01/P1M,19,,suspicious,"Source audit: total_physical_events: Annual: reported total 900; category sum 1,265; difference -365. Categories exceed total; check duplication, scope and reporting frequency. Event audiences may overlap. Values retained as reported pending source confirmation."
E06000013,Physical,Under 12,2025-01-01/P1M,22,,suspicious,"Source audit: total_physical_events: Annual: reported total 900; category sum 1,265; difference -365. Categories exceed total; check duplication, scope and reporting frequency. Event audiences may overlap. Values retained as reported pending source confirmation."
E06000013,Physical,Under 12,2025-02-01/P1M,39,,suspicious,"Source audit: total_physical_events: Annual: reported total 900; category sum 1,265; difference -365. Categories exceed total; check duplication, scope and reporting frequency. Event audiences may overlap. Values retained as reported pending source confirmation."
E06000013,Physical,Under 12,2025-03-01/P1M,20,,suspicious,"Source audit: total_physical_events: Annual: reported total 900; category sum 1,265; difference -365. Categories exceed total; check duplication, scope and reporting frequency. Event audiences may overlap. Values retained as reported pending source confirmation."
E06000013,Physical,12-17,2024-04-01/P1M,30,,suspicious,"Source audit: total_physical_events: Annual: reported total 900; category sum 1,265; difference -365. Categories exceed total; check duplication, scope and reporting frequency. Event audiences may overlap. Values retained as reported pending source confirmation."
E06000013,Physical,12-17,2024-05-01/P1M,25,,suspicious,"Source audit: total_physical_events: Annual: reported total 900; category sum 1,265; difference -365. Categories exceed total; check duplication, scope and reporting frequency. Event audiences may overlap. Values retained as reported pending source confirmation."
E06000013,Physical,12-17,2024-06-01/P1M,19,,suspicious,"Source audit: total_physical_events: Annual: reported total 900; category sum 1,265; difference -365. Categories exceed total; check duplication, scope and reporting frequency. Event audiences may overlap. Values retained as reported pending source confirmation."
E06000013,Physical,12-17,2024-07-01/P1M,21,,suspicious,"Source audit: total_physical_events: Annual: reported total 900; category sum 1,265; difference -365. Categories exceed total; check duplication, scope and reporting frequency. Event audiences may overlap. Values retained as reported pending source confirmation."
E06000013,Physical,12-17,2024-08-01/P1M,45,,suspicious,"Source audit: total_physical_events: Annual: reported total 900; category sum 1,265; difference -365. Categories exceed total; check duplication, scope and reporting frequency. Event audiences may overlap. Values retained as reported pending source confirmation."
E06000013,Physical,12-17,2024-09-01/P1M,16,,suspicious,"Source audit: total_physical_events: Annual: reported total 900; category sum 1,265; difference -365. Categories exceed total; check duplication, scope and reporting frequency. Event audiences may overlap. Values retained as reported pending source confirmation."
E06000013,Physical,12-17,2024-10-01/P1M,26,,suspicious,"Source audit: total_physical_events: Annual: reported total 900; category sum 1,265; difference -365. Categories exceed total; check duplication, scope and reporting frequency. Event audiences may overlap. Values retained as reported pending source confirmation."
E06000013,Physical,12-17,2024-11-01/P1M,22,,suspicious,"Source audit: total_physical_events: Annual: reported total 900; category sum 1,265; difference -365. Categories exceed total; check duplication, scope and reporting frequency. Event audiences may overlap. Values retained as reported pending source confirmation."
E06000013,Physical,12-17,2024-12-01/P1M,12,,suspicious,"Source audit: total_physical_events: Annual: reported total 900; category sum 1,265; difference -365. Categories exceed total; check duplication, scope and reporting frequency. Event audiences may overlap. Values retained as reported pending source confirmation."
E06000013,Physical,12-17,2025-01-01/P1M,18,,suspicious,"Source audit: total_physical_events: Annual: reported total 900; category sum 1,265; difference -365. Categories exceed total; check duplication, scope and reporting frequency. Event audiences may overlap. Values retained as reported pending source confirmation."
E06000013,Physical,12-17,2025-02-01/P1M,18,,suspicious,"Source audit: total_physical_events: Annual: reported total 900; category sum 1,265; difference -365. Categories exceed total; check duplication, scope and reporting frequency. Event audiences may overlap. Values retained as reported pending source confirmation."
E06000013,Physical,12-17,2025-03-01/P1M,10,,suspicious,"Source audit: total_physical_events: Annual: reported total 900; category sum 1,265; difference -365. Categories exceed total; check duplication, scope and reporting frequency. Event audiences may overlap. Values retained as reported pending source confirmation."
E06000013,Physical,All ages,2024-04-01/P1M,10,,suspicious,"Source audit: total_physical_events: Annual: reported total 900; category sum 1,265; difference -365. Categories exceed total; check duplication, scope and reporting frequency. Event audiences may overlap. Values retained as reported pending source confirmation."
E06000013,Physical,All ages,2024-05-01/P1M,3,,suspicious,"Source audit: total_physical_events: Annual: reported total 900; category sum 1,265; difference -365. Categories exceed total; check duplication, scope and reporting frequency. Event audiences may overlap. Values retained as reported pending source confirmation."
E06000013,Physical,All ages,2024-06-01/P1M,0,,suspicious,"Source audit: total_physical_events: Annual: reported total 900; category sum 1,265; difference -365. Categories exceed total; check duplication, scope and reporting frequency. Event audiences may overlap. Values retained as reported pending source confirmation."
E06000013,Physical,All ages,2024-07-01/P1M,2,,suspicious,"Source audit: total_physical_events: Annual: reported total 900; category sum 1,265; difference -365. Categories exceed total; check duplication, scope and reporting frequency. Event audiences may overlap. Values retained as reported pending source confirmation."
E06000013,Physical,All ages,2024-08-01/P1M,22,,suspicious,"Source audit: total_physical_events: Annual: reported total 900; category sum 1,265; difference -365. Categories exceed total; check duplication, scope and reporting frequency. Event audiences may overlap. Values retained as reported pending source confirmation."
E06000013,Physical,All ages,2024-09-01/P1M,0,,suspicious,"Source audit: total_physical_events: Annual: reported total 900; category sum 1,265; difference -365. Categories exceed total; check duplication, scope and reporting frequency. Event audiences may overlap. Values retained as reported pending source confirmation."
E06000013,Physical,All ages,2024-10-01/P1M,0,,suspicious,"Source audit: total_physical_events: Annual: reported total 900; category sum 1,265; difference -365. Categories exceed total; check duplication, scope and reporting frequency. Event audiences may overlap. Values retained as reported pending source confirmation."
E06000013,Physical,All ages,2024-11-01/P1M,8,,suspicious,"Source audit: total_physical_events: Annual: reported total 900; category sum 1,265; difference -365. Categories exceed total; check duplication, scope and reporting frequency. Event audiences may overlap. Values retained as reported pending source confirmation."
E06000013,Physical,All ages,2024-12-01/P1M,0,,suspicious,"Source audit: total_physical_events: Annual: reported total 900; category sum 1,265; difference -365. Categories exceed total; check duplication, scope and reporting frequency. Event audiences may overlap. Values retained as reported pending source confirmation."
E06000013,Physical,All ages,2025-01-01/P1M,8,,suspicious,"Source audit: total_physical_events: Annual: reported total 900; category sum 1,265; difference -365. Categories exceed total; check duplication, scope and reporting frequency. Event audiences may overlap. Values retained as reported pending source confirmation."
E06000013,Physical,All ages,2025-02-01/P1M,0,,suspicious,"Source audit: total_physical_events: Annual: reported total 900; category sum 1,265; difference -365. Categories exceed total; check duplication, scope and reporting frequency. Event audiences may overlap. Values retained as reported pending source confirmation."
E06000013,Physical,All ages,2025-03-01/P1M,0,,suspicious,"Source audit: total_physical_events: Annual: reported total 900; category sum 1,265; difference -365. Categories exceed total; check duplication, scope and reporting frequency. Event audiences may overlap. Values retained as reported pending source confirmation."
E06000013,Digital,Unknown,2024-04-01/P1Y,0,,,
E06000013,Digital,Adult,2024-04-01/P1Y,0,,,
E06000013,Digital,Under 12,2024-04-01/P1Y,0,,,
E06000013,Digital,12-17,2024-04-01/P1Y,0,,,
E06000013,Digital,All ages,2024-04-01/P1Y,0,,,
E06000061,Physical,Adult,2024-04-01/P1Y,0,,,
E06000061,Physical,Under 12,2024-04-01/P1M,0,,,
E06000061,Physical,Under 12,2024-05-01/P1M,0,,,
E06000061,Physical,Under 12,2024-06-01/P1M,0,,,
E06000061,Physical,Under 12,2024-07-01/P1M,410,,,
E06000061,Physical,Under 12,2024-08-01/P1M,54,,,
E06000061,Physical,Under 12,2024-09-01/P1M,3,,,
E06000061,Physical,Under 12,2024-10-01/P1M,0,,,
E06000061,Physical,Under 12,2024-11-01/P1M,0,,,
E06000061,Physical,Under 12,2024-12-01/P1M,0,,,
E06000061,Physical,Under 12,2025-01-01/P1M,0,,,
E06000061,Physical,Under 12,2025-02-01/P1M,0,,,
E06000061,Physical,Under 12,2025-03-01/P1M,0,,,
E06000061,Physical,12-17,2024-04-01/P1Y,0,,,
E06000061,Physical,All ages,2024-04-01/P1Y,0,,,
E06000061,Digital,Unknown,2024-04-01/P1Y,0,,,
E06000061,Digital,Adult,2024-04-01/P1Y,0,,,
E06000061,Digital,Under 12,2024-04-01/P1Y,0,,,
E06000061,Digital,12-17,2024-04-01/P1Y,0,,,
E06000061,Digital,All ages,2024-04-01/P1Y,0,,,
E06000024,Physical,Adult,2024-04-01/P3M,475,,,
E06000024,Physical,Adult,2024-07-01/P3M,475,,,
E06000024,Physical,Adult,2024-10-01/P3M,525,,,
E06000024,Physical,Adult,2025-01-01/P3M,455,,,
E06000024,Physical,Under 12,2024-04-01/P3M,466,,,
E06000024,Physical,Under 12,2024-07-01/P3M,472,,,
E06000024,Physical,Under 12,2024-10-01/P3M,482,,,
E06000024,Physical,Under 12,2025-01-01/P3M,426,,,
E06000024,Physical,12-17,2024-04-01/P3M,18,,,
E06000024,Physical,12-17,2024-07-01/P3M,4,,,
E06000024,Physical,12-17,2024-10-01/P3M,6,,,
E06000024,Physical,12-17,2025-01-01/P3M,4,,,
E06000024,Physical,All ages,2024-04-01/P1Y,0,,,
E06000024,Digital,Unknown,2024-04-01/P1Y,0,,,
E06000024,Digital,Adult,2024-04-01/P1Y,0,,,
E06000024,Digital,Under 12,2024-04-01/P1Y,0,,,
E06000024,Digital,12-17,2024-04-01/P1Y,0,,,
E06000024,Digital,All ages,2024-04-01/P1Y,0,,,
E08000022,Physical,Unknown,2024-04-01/P1M,309,,,
E08000022,Physical,Unknown,2024-05-01/P1M,339,,,
E08000022,Physical,Unknown,2024-06-01/P1M,318,,,
E08000022,Physical,Unknown,2024-07-01/P1M,295,,,
E08000022,Physical,Unknown,2024-08-01/P1M,377,,,
E08000022,Physical,Unknown,2024-09-01/P1M,291,,,
E08000022,Physical,Unknown,2024-10-01/P1M,420,,,
E08000022,Physical,Unknown,2024-11-01/P1M,466,,,
E08000022,Physical,Unknown,2024-12-01/P1M,287,,,
E08000022,Physical,Unknown,2025-01-01/P1M,350,,,
E08000022,Physical,Unknown,2025-02-01/P1M,466,,,
E08000022,Physical,Unknown,2025-03-01/P1M,477,,,
E08000022,Physical,Adult,2024-04-01/P1Y,0,,,
E08000022,Physical,Under 12,2024-04-01/P1Y,0,,,
E08000022,Physical,12-17,2024-04-01/P1Y,0,,,
E08000022,Physical,All ages,2024-04-01/P1Y,0,,,
E08000022,Digital,Unknown,2024-04-01/P1Y,0,,,
E08000022,Digital,Adult,2024-04-01/P1Y,0,,,
E08000022,Digital,Under 12,2024-04-01/P1Y,0,,,
E08000022,Digital,12-17,2024-04-01/P1Y,0,,,
E08000022,Digital,All ages,2024-04-01/P1Y,0,,,
E06000065,Physical,Unknown,2024-04-01/P1M,982,,,
E06000065,Physical,Unknown,2024-05-01/P1M,1070,,,
E06000065,Physical,Unknown,2024-06-01/P1M,992,,,
E06000065,Physical,Unknown,2024-07-01/P1M,1070,,,
E06000065,Physical,Unknown,2024-08-01/P1M,894,,,
E06000065,Physical,Unknown,2024-09-01/P1M,948,,,
E06000065,Physical,Unknown,2024-10-01/P1M,1102,,,
E06000065,Physical,Unknown,2024-11-01/P1M,1047,,,
E06000065,Physical,Unknown,2024-12-01/P1M,723,,,
E06000065,Physical,Unknown,2025-01-01/P1M,788,,,
E06000065,Physical,Unknown,2025-02-01/P1M,688,,,
E06000065,Physical,Unknown,2025-03-01/P1M,418,,,
E06000065,Physical,Adult,2024-04-01/P1Y,0,,,
E06000065,Physical,Under 12,2024-04-01/P1Y,0,,,
E06000065,Physical,12-17,2024-04-01/P1Y,0,,,
E06000065,Physical,All ages,2024-04-01/P1Y,0,,,
E06000065,Digital,Unknown,2024-04-01/P1Y,0,,,
E06000065,Digital,Adult,2024-04-01/P1Y,0,,,
E06000065,Digital,Under 12,2024-04-01/P1Y,0,,,
E06000065,Digital,12-17,2024-04-01/P1Y,0,,,
E06000065,Digital,All ages,2024-04-01/P1Y,0,,,
E06000057,Physical,Adult,2024-04-01/P1M,157,,,
E06000057,Physical,Adult,2024-05-01/P1M,149,,,
E06000057,Physical,Adult,2024-06-01/P1M,146,,,
E06000057,Physical,Adult,2024-07-01/P1M,139,,,
E06000057,Physical,Adult,2024-08-01/P1M,149,,,
E06000057,Physical,Adult,2024-09-01/P1M,169,,,
E06000057,Physical,Adult,2024-10-01/P1M,200,,,
E06000057,Physical,Adult,2024-11-01/P1M,178,,,
E06000057,Physical,Adult,2024-12-01/P1M,118,,,
E06000057,Physical,Adult,2025-01-01/P1M,164,,,
E06000057,Physical,Adult,2025-02-01/P1M,156,,,
E06000057,Physical,Adult,2025-03-01/P1M,160,,,
E06000057,Physical,Under 12,2024-04-01/P1M,111,,,
E06000057,Physical,Under 12,2024-05-01/P1M,98,,,
E06000057,Physical,Under 12,2024-06-01/P1M,116,,,
E06000057,Physical,Under 12,2024-07-01/P1M,125,,,
E06000057,Physical,Under 12,2024-08-01/P1M,131,,,
E06000057,Physical,Under 12,2024-09-01/P1M,93,,,
E06000057,Physical,Under 12,2024-10-01/P1M,162,,,
E06000057,Physical,Under 12,2024-11-01/P1M,141,,,
E06000057,Physical,Under 12,2024-12-01/P1M,96,,,
E06000057,Physical,Under 12,2025-01-01/P1M,115,,,
E06000057,Physical,Under 12,2025-02-01/P1M,158,,,
E06000057,Physical,Under 12,2025-03-01/P1M,152,,,
E06000057,Physical,12-17,2024-04-01/P1Y,0,,,
E06000057,Physical,All ages,2024-04-01/P1Y,0,,,
E06000057,Digital,Unknown,2024-04-01/P1Y,0,,,
E06000057,Digital,Adult,2024-04-01/P1Y,0,,,
E06000057,Digital,Under 12,2024-04-01/P1Y,0,,,
E06000057,Digital,12-17,2024-04-01/P1Y,0,,,
E06000057,Digital,All ages,2024-04-01/P1Y,0,,,
E06000018,Physical,Adult,2024-04-01/P1M,201,,,
E06000018,Physical,Adult,2024-05-01/P1M,221,,,
E06000018,Physical,Adult,2024-06-01/P1M,254,,,
E06000018,Physical,Adult,2024-07-01/P1M,203,,,
E06000018,Physical,Adult,2024-08-01/P1M,196,,,
E06000018,Physical,Adult,2024-09-01/P1M,217,,,
E06000018,Physical,Adult,2024-10-01/P1M,273,,,
E06000018,Physical,Adult,2024-11-01/P1M,246,,,
E06000018,Physical,Adult,2024-12-01/P1M,191,,,
E06000018,Physical,Adult,2025-01-01/P1M,246,,,
E06000018,Physical,Adult,2025-02-01/P1M,218,,,
E06000018,Physical,Adult,2025-03-01/P1M,241,,,
E06000018,Physical,Under 12,2024-04-01/P1M,173,,,
E06000018,Physical,Under 12,2024-05-01/P1M,191,,,
E06000018,Physical,Under 12,2024-06-01/P1M,193,,,
E06000018,Physical,Under 12,2024-07-01/P1M,170,,,
E06000018,Physical,Under 12,2024-08-01/P1M,175,,,
E06000018,Physical,Under 12,2024-09-01/P1M,174,,,
E06000018,Physical,Under 12,2024-10-01/P1M,214,,,
E06000018,Physical,Under 12,2024-11-01/P1M,206,,,
E06000018,Physical,Under 12,2024-12-01/P1M,133,,,
E06000018,Physical,Under 12,2025-01-01/P1M,173,,,
E06000018,Physical,Under 12,2025-02-01/P1M,193,,,
E06000018,Physical,Under 12,2025-03-01/P1M,231,,,
E06000018,Physical,12-17,2024-04-01/P1Y,0,,,
E06000018,Physical,All ages,2024-04-01/P1Y,0,,,
E06000018,Digital,Adult,2024-04-01/P1M,0,,,
E06000018,Digital,Adult,2024-05-01/P1M,19,,,
E06000018,Digital,Adult,2024-06-01/P1M,45,,,
E06000018,Digital,Adult,2024-07-01/P1M,33,,,
E06000018,Digital,Adult,2024-08-01/P1M,4,,,
E06000018,Digital,Adult,2024-09-01/P1M,16,,,
E06000018,Digital,Adult,2024-10-01/P1M,16,,,
E06000018,Digital,Adult,2024-11-01/P1M,15,,,
E06000018,Digital,Adult,2024-12-01/P1M,14,,,
E06000018,Digital,Adult,2025-01-01/P1M,3,,,
E06000018,Digital,Adult,2025-02-01/P1M,3,,,
E06000018,Digital,Adult,2025-03-01/P1M,4,,,
E06000018,Digital,Under 12,2024-04-01/P1Y,0,,,
E06000018,Digital,12-17,2024-04-01/P1Y,0,,,
E06000018,Digital,All ages,2024-04-01/P1Y,0,,,
E10000024,Physical,Unknown,2024-04-01/P1M,1727,,,
E10000024,Physical,Unknown,2024-05-01/P1M,1751,,,
E10000024,Physical,Unknown,2024-06-01/P1M,1748,,,
E10000024,Physical,Unknown,2024-07-01/P1M,1838,,,
E10000024,Physical,Unknown,2024-08-01/P1M,1572,,,
E10000024,Physical,Unknown,2024-09-01/P1M,1650,,,
E10000024,Physical,Unknown,2024-10-01/P1M,2017,,,
E10000024,Physical,Unknown,2024-11-01/P1M,1852,,,
E10000024,Physical,Unknown,2024-12-01/P1M,1403,,,
E10000024,Physical,Unknown,2025-01-01/P1M,2020,,,
E10000024,Physical,Unknown,2025-02-01/P1M,1895,,,
E10000024,Physical,Unknown,2025-03-01/P1M,2265,,,
E10000024,Physical,Adult,2024-04-01/P1Y,0,,,
E10000024,Physical,Under 12,2024-04-01/P1Y,0,,,
E10000024,Physical,12-17,2024-04-01/P1Y,0,,,
E10000024,Physical,All ages,2024-04-01/P1Y,0,,,
E10000024,Digital,Unknown,2024-04-01/P1M,19,,,
E10000024,Digital,Unknown,2024-05-01/P1M,26,,,
E10000024,Digital,Unknown,2024-06-01/P1M,33,,,
E10000024,Digital,Unknown,2024-07-01/P1M,31,,,
E10000024,Digital,Unknown,2024-08-01/P1M,10,,,
E10000024,Digital,Unknown,2024-09-01/P1M,18,,,
E10000024,Digital,Unknown,2024-10-01/P1M,6,,,
E10000024,Digital,Unknown,2024-11-01/P1M,5,,,
E10000024,Digital,Unknown,2024-12-01/P1M,3,,,
E10000024,Digital,Unknown,2025-01-01/P1M,36,,,
E10000024,Digital,Unknown,2025-02-01/P1M,4,,,
E10000024,Digital,Unknown,2025-03-01/P1M,9,,,
E10000024,Digital,Adult,2024-04-01/P1Y,0,,,
E10000024,Digital,Under 12,2024-04-01/P1Y,0,,,
E10000024,Digital,12-17,2024-04-01/P1Y,0,,,
E10000024,Digital,All ages,2024-04-01/P1Y,0,,,
E08000004,Physical,Adult,2024-04-01/P1M,274,,,
E08000004,Physical,Adult,2024-05-01/P1M,292,,,
E08000004,Physical,Adult,2024-06-01/P1M,294,,,
E08000004,Physical,Adult,2024-07-01/P1M,338,,,
E08000004,Physical,Adult,2024-08-01/P1M,289,,,
E08000004,Physical,Adult,2024-09-01/P1M,284,,,
E08000004,Physical,Adult,2024-10-01/P1M,318,,,
E08000004,Physical,Adult,2024-11-01/P1M,256,,,
E08000004,Physical,Adult,2024-12-01/P1M,225,,,
E08000004,Physical,Adult,2025-01-01/P1M,281,,,
E08000004,Physical,Adult,2025-02-01/P1M,278,,,
E08000004,Physical,Adult,2025-03-01/P1M,288,,,
E08000004,Physical,Under 12,2024-04-01/P1M,67,,,
E08000004,Physical,Under 12,2024-05-01/P1M,63,,,
E08000004,Physical,Under 12,2024-06-01/P1M,65,,,
E08000004,Physical,Under 12,2024-07-01/P1M,64,,,
E08000004,Physical,Under 12,2024-08-01/P1M,60,,,
E08000004,Physical,Under 12,2024-09-01/P1M,64,,,
E08000004,Physical,Under 12,2024-10-01/P1M,73,,,
E08000004,Physical,Under 12,2024-11-01/P1M,68,,,
E08000004,Physical,Under 12,2024-12-01/P1M,55,,,
E08000004,Physical,Under 12,2025-01-01/P1M,69,,,
E08000004,Physical,Under 12,2025-02-01/P1M,62,,,
E08000004,Physical,Under 12,2025-03-01/P1M,71,,,
E08000004,Physical,12-17,2024-04-01/P1M,3,,,
E08000004,Physical,12-17,2024-05-01/P1M,1,,,
E08000004,Physical,12-17,2024-06-01/P1M,1,,,
E08000004,Physical,12-17,2024-07-01/P1M,1,,,
E08000004,Physical,12-17,2024-08-01/P1M,5,,,
E08000004,Physical,12-17,2024-09-01/P1M,1,,,
E08000004,Physical,12-17,2024-10-01/P1M,2,,,
E08000004,Physical,12-17,2024-11-01/P1M,2,,,
E08000004,Physical,12-17,2024-12-01/P1M,1,,,
E08000004,Physical,12-17,2025-01-01/P1M,1,,,
E08000004,Physical,12-17,2025-02-01/P1M,1,,,
E08000004,Physical,12-17,2025-03-01/P1M,2,,,
E08000004,Physical,All ages,2024-04-01/P1M,43,,,
E08000004,Physical,All ages,2024-05-01/P1M,33,,,
E08000004,Physical,All ages,2024-06-01/P1M,34,,,
E08000004,Physical,All ages,2024-07-01/P1M,41,,,
E08000004,Physical,All ages,2024-08-01/P1M,66,,,
E08000004,Physical,All ages,2024-09-01/P1M,25,,,
E08000004,Physical,All ages,2024-10-01/P1M,37,,,
E08000004,Physical,All ages,2024-11-01/P1M,36,,,
E08000004,Physical,All ages,2024-12-01/P1M,54,,,
E08000004,Physical,All ages,2025-01-01/P1M,29,,,
E08000004,Physical,All ages,2025-02-01/P1M,51,,,
E08000004,Physical,All ages,2025-03-01/P1M,30,,,
E08000004,Digital,Unknown,2024-04-01/P1Y,0,,,
E08000004,Digital,Adult,2024-04-01/P1Y,0,,,
E08000004,Digital,Under 12,2024-04-01/P1Y,0,,,
E08000004,Digital,12-17,2024-04-01/P1Y,0,,,
E08000004,Digital,All ages,2024-04-01/P1Y,0,,,
E10000025,Physical,Adult,2024-04-01/P1M,340,,,
E10000025,Physical,Adult,2024-05-01/P1M,442,,,
E10000025,Physical,Adult,2024-06-01/P1M,373,,,
E10000025,Physical,Adult,2024-07-01/P1M,349,,,
E10000025,Physical,Adult,2024-08-01/P1M,316,,,
E10000025,Physical,Adult,2024-09-01/P1M,389,,,
E10000025,Physical,Adult,2024-10-01/P1M,478,,,
E10000025,Physical,Adult,2024-11-01/P1M,438,,,
E10000025,Physical,Adult,2024-12-01/P1M,308,,,
E10000025,Physical,Adult,2025-01-01/P1M,408,,,
E10000025,Physical,Adult,2025-02-01/P1M,397,,,
E10000025,Physical,Adult,2025-03-01/P1M,412,,,
E10000025,Physical,Under 12,2024-04-01/P1M,671,,,
E10000025,Physical,Under 12,2024-05-01/P1M,653,,,
E10000025,Physical,Under 12,2024-06-01/P1M,677,,,
E10000025,Physical,Under 12,2024-07-01/P1M,742,,,
E10000025,Physical,Under 12,2024-08-01/P1M,546,,,
E10000025,Physical,Under 12,2024-09-01/P1M,569,,,
E10000025,Physical,Under 12,2024-10-01/P1M,794,,,
E10000025,Physical,Under 12,2024-11-01/P1M,792,,,
E10000025,Physical,Under 12,2024-12-01/P1M,589,,,
E10000025,Physical,Under 12,2025-01-01/P1M,642,,,
E10000025,Physical,Under 12,2025-02-01/P1M,731,,,
E10000025,Physical,Under 12,2025-03-01/P1M,823,,,
E10000025,Physical,12-17,2024-04-01/P1Y,0,,,
E10000025,Physical,All ages,2024-04-01/P1Y,0,,,
E10000025,Digital,Unknown,2024-04-01/P1Y,0,,,
E10000025,Digital,Adult,2024-04-01/P1Y,0,,,
E10000025,Digital,Under 12,2024-04-01/P1Y,0,,,
E10000025,Digital,12-17,2024-04-01/P1Y,0,,,
E10000025,Digital,All ages,2024-04-01/P1Y,0,,,
E06000031,Physical,Adult,2024-04-01/P1M,50,,suspicious,"Source audit: total_physical_events: total_physical_events and total_attendees_physical_events are identical month-for-month across every supplied month (annual sums 1,541 each). Check copied columns, format classification or events entered as attendance; no replacement inferred. Values retained as reported pending source confirmation."
E06000031,Physical,Adult,2024-05-01/P1M,31,,suspicious,"Source audit: total_physical_events: total_physical_events and total_attendees_physical_events are identical month-for-month across every supplied month (annual sums 1,541 each). Check copied columns, format classification or events entered as attendance; no replacement inferred. Values retained as reported pending source confirmation."
E06000031,Physical,Adult,2024-06-01/P1M,37,,suspicious,"Source audit: total_physical_events: total_physical_events and total_attendees_physical_events are identical month-for-month across every supplied month (annual sums 1,541 each). Check copied columns, format classification or events entered as attendance; no replacement inferred. Values retained as reported pending source confirmation."
E06000031,Physical,Adult,2024-07-01/P1M,27,,suspicious,"Source audit: total_physical_events: total_physical_events and total_attendees_physical_events are identical month-for-month across every supplied month (annual sums 1,541 each). Check copied columns, format classification or events entered as attendance; no replacement inferred. Values retained as reported pending source confirmation."
E06000031,Physical,Adult,2024-08-01/P1M,18,,suspicious,"Source audit: total_physical_events: total_physical_events and total_attendees_physical_events are identical month-for-month across every supplied month (annual sums 1,541 each). Check copied columns, format classification or events entered as attendance; no replacement inferred. Values retained as reported pending source confirmation."
E06000031,Physical,Adult,2024-09-01/P1M,32,,suspicious,"Source audit: total_physical_events: total_physical_events and total_attendees_physical_events are identical month-for-month across every supplied month (annual sums 1,541 each). Check copied columns, format classification or events entered as attendance; no replacement inferred. Values retained as reported pending source confirmation."
E06000031,Physical,Adult,2024-10-01/P1M,38,,suspicious,"Source audit: total_physical_events: total_physical_events and total_attendees_physical_events are identical month-for-month across every supplied month (annual sums 1,541 each). Check copied columns, format classification or events entered as attendance; no replacement inferred. Values retained as reported pending source confirmation."
E06000031,Physical,Adult,2024-11-01/P1M,33,,suspicious,"Source audit: total_physical_events: total_physical_events and total_attendees_physical_events are identical month-for-month across every supplied month (annual sums 1,541 each). Check copied columns, format classification or events entered as attendance; no replacement inferred. Values retained as reported pending source confirmation."
E06000031,Physical,Adult,2024-12-01/P1M,11,,suspicious,"Source audit: total_physical_events: total_physical_events and total_attendees_physical_events are identical month-for-month across every supplied month (annual sums 1,541 each). Check copied columns, format classification or events entered as attendance; no replacement inferred. Values retained as reported pending source confirmation."
E06000031,Physical,Adult,2025-01-01/P1M,41,,suspicious,"Source audit: total_physical_events: total_physical_events and total_attendees_physical_events are identical month-for-month across every supplied month (annual sums 1,541 each). Check copied columns, format classification or events entered as attendance; no replacement inferred. Values retained as reported pending source confirmation."
E06000031,Physical,Adult,2025-02-01/P1M,41,,suspicious,"Source audit: total_physical_events: total_physical_events and total_attendees_physical_events are identical month-for-month across every supplied month (annual sums 1,541 each). Check copied columns, format classification or events entered as attendance; no replacement inferred. Values retained as reported pending source confirmation."
E06000031,Physical,Adult,2025-03-01/P1M,51,,suspicious,"Source audit: total_physical_events: total_physical_events and total_attendees_physical_events are identical month-for-month across every supplied month (annual sums 1,541 each). Check copied columns, format classification or events entered as attendance; no replacement inferred. Values retained as reported pending source confirmation."
E06000031,Physical,Under 12,2024-04-01/P1M,107,,suspicious,"Source audit: total_physical_events: total_physical_events and total_attendees_physical_events are identical month-for-month across every supplied month (annual sums 1,541 each). Check copied columns, format classification or events entered as attendance; no replacement inferred. Values retained as reported pending source confirmation."
E06000031,Physical,Under 12,2024-05-01/P1M,105,,suspicious,"Source audit: total_physical_events: total_physical_events and total_attendees_physical_events are identical month-for-month across every supplied month (annual sums 1,541 each). Check copied columns, format classification or events entered as attendance; no replacement inferred. Values retained as reported pending source confirmation."
E06000031,Physical,Under 12,2024-06-01/P1M,94,,suspicious,"Source audit: total_physical_events: total_physical_events and total_attendees_physical_events are identical month-for-month across every supplied month (annual sums 1,541 each). Check copied columns, format classification or events entered as attendance; no replacement inferred. Values retained as reported pending source confirmation."
E06000031,Physical,Under 12,2024-07-01/P1M,80,,suspicious,"Source audit: total_physical_events: total_physical_events and total_attendees_physical_events are identical month-for-month across every supplied month (annual sums 1,541 each). Check copied columns, format classification or events entered as attendance; no replacement inferred. Values retained as reported pending source confirmation."
E06000031,Physical,Under 12,2024-08-01/P1M,71,,suspicious,"Source audit: total_physical_events: total_physical_events and total_attendees_physical_events are identical month-for-month across every supplied month (annual sums 1,541 each). Check copied columns, format classification or events entered as attendance; no replacement inferred. Values retained as reported pending source confirmation."
E06000031,Physical,Under 12,2024-09-01/P1M,73,,suspicious,"Source audit: total_physical_events: total_physical_events and total_attendees_physical_events are identical month-for-month across every supplied month (annual sums 1,541 each). Check copied columns, format classification or events entered as attendance; no replacement inferred. Values retained as reported pending source confirmation."
E06000031,Physical,Under 12,2024-10-01/P1M,95,,suspicious,"Source audit: total_physical_events: total_physical_events and total_attendees_physical_events are identical month-for-month across every supplied month (annual sums 1,541 each). Check copied columns, format classification or events entered as attendance; no replacement inferred. Values retained as reported pending source confirmation."
E06000031,Physical,Under 12,2024-11-01/P1M,106,,suspicious,"Source audit: total_physical_events: total_physical_events and total_attendees_physical_events are identical month-for-month across every supplied month (annual sums 1,541 each). Check copied columns, format classification or events entered as attendance; no replacement inferred. Values retained as reported pending source confirmation."
E06000031,Physical,Under 12,2024-12-01/P1M,71,,suspicious,"Source audit: total_physical_events: total_physical_events and total_attendees_physical_events are identical month-for-month across every supplied month (annual sums 1,541 each). Check copied columns, format classification or events entered as attendance; no replacement inferred. Values retained as reported pending source confirmation."
E06000031,Physical,Under 12,2025-01-01/P1M,106,,suspicious,"Source audit: total_physical_events: total_physical_events and total_attendees_physical_events are identical month-for-month across every supplied month (annual sums 1,541 each). Check copied columns, format classification or events entered as attendance; no replacement inferred. Values retained as reported pending source confirmation."
E06000031,Physical,Under 12,2025-02-01/P1M,91,,suspicious,"Source audit: total_physical_events: total_physical_events and total_attendees_physical_events are identical month-for-month across every supplied month (annual sums 1,541 each). Check copied columns, format classification or events entered as attendance; no replacement inferred. Values retained as reported pending source confirmation."
E06000031,Physical,Under 12,2025-03-01/P1M,98,,suspicious,"Source audit: total_physical_events: total_physical_events and total_attendees_physical_events are identical month-for-month across every supplied month (annual sums 1,541 each). Check copied columns, format classification or events entered as attendance; no replacement inferred. Values retained as reported pending source confirmation."
E06000031,Physical,12-17,2024-04-01/P1Y,0,,suspicious,"Source audit: total_physical_events: total_physical_events and total_attendees_physical_events are identical month-for-month across every supplied month (annual sums 1,541 each). Check copied columns, format classification or events entered as attendance; no replacement inferred. Values retained as reported pending source confirmation."
E06000031,Physical,All ages,2024-04-01/P1M,3,,suspicious,"Source audit: total_physical_events: total_physical_events and total_attendees_physical_events are identical month-for-month across every supplied month (annual sums 1,541 each). Check copied columns, format classification or events entered as attendance; no replacement inferred. Values retained as reported pending source confirmation."
E06000031,Physical,All ages,2024-05-01/P1M,1,,suspicious,"Source audit: total_physical_events: total_physical_events and total_attendees_physical_events are identical month-for-month across every supplied month (annual sums 1,541 each). Check copied columns, format classification or events entered as attendance; no replacement inferred. Values retained as reported pending source confirmation."
E06000031,Physical,All ages,2024-06-01/P1M,2,,suspicious,"Source audit: total_physical_events: total_physical_events and total_attendees_physical_events are identical month-for-month across every supplied month (annual sums 1,541 each). Check copied columns, format classification or events entered as attendance; no replacement inferred. Values retained as reported pending source confirmation."
E06000031,Physical,All ages,2024-07-01/P1M,1,,suspicious,"Source audit: total_physical_events: total_physical_events and total_attendees_physical_events are identical month-for-month across every supplied month (annual sums 1,541 each). Check copied columns, format classification or events entered as attendance; no replacement inferred. Values retained as reported pending source confirmation."
E06000031,Physical,All ages,2024-08-01/P1M,1,,suspicious,"Source audit: total_physical_events: total_physical_events and total_attendees_physical_events are identical month-for-month across every supplied month (annual sums 1,541 each). Check copied columns, format classification or events entered as attendance; no replacement inferred. Values retained as reported pending source confirmation."
E06000031,Physical,All ages,2024-09-01/P1M,2,,suspicious,"Source audit: total_physical_events: total_physical_events and total_attendees_physical_events are identical month-for-month across every supplied month (annual sums 1,541 each). Check copied columns, format classification or events entered as attendance; no replacement inferred. Values retained as reported pending source confirmation."
E06000031,Physical,All ages,2024-10-01/P1M,1,,suspicious,"Source audit: total_physical_events: total_physical_events and total_attendees_physical_events are identical month-for-month across every supplied month (annual sums 1,541 each). Check copied columns, format classification or events entered as attendance; no replacement inferred. Values retained as reported pending source confirmation."
E06000031,Physical,All ages,2024-11-01/P1M,4,,suspicious,"Source audit: total_physical_events: total_physical_events and total_attendees_physical_events are identical month-for-month across every supplied month (annual sums 1,541 each). Check copied columns, format classification or events entered as attendance; no replacement inferred. Values retained as reported pending source confirmation."
E06000031,Physical,All ages,2024-12-01/P1M,8,,suspicious,"Source audit: total_physical_events: total_physical_events and total_attendees_physical_events are identical month-for-month across every supplied month (annual sums 1,541 each). Check copied columns, format classification or events entered as attendance; no replacement inferred. Values retained as reported pending source confirmation."
E06000031,Physical,All ages,2025-01-01/P1M,6,,suspicious,"Source audit: total_physical_events: total_physical_events and total_attendees_physical_events are identical month-for-month across every supplied month (annual sums 1,541 each). Check copied columns, format classification or events entered as attendance; no replacement inferred. Values retained as reported pending source confirmation."
E06000031,Physical,All ages,2025-02-01/P1M,3,,suspicious,"Source audit: total_physical_events: total_physical_events and total_attendees_physical_events are identical month-for-month across every supplied month (annual sums 1,541 each). Check copied columns, format classification or events entered as attendance; no replacement inferred. Values retained as reported pending source confirmation."
E06000031,Physical,All ages,2025-03-01/P1M,2,,suspicious,"Source audit: total_physical_events: total_physical_events and total_attendees_physical_events are identical month-for-month across every supplied month (annual sums 1,541 each). Check copied columns, format classification or events entered as attendance; no replacement inferred. Values retained as reported pending source confirmation."
E06000031,Digital,Unknown,2024-04-01/P1Y,0,,,
E06000031,Digital,Adult,2024-04-01/P1Y,0,,,
E06000031,Digital,Under 12,2024-04-01/P1Y,0,,,
E06000031,Digital,12-17,2024-04-01/P1Y,0,,,
E06000031,Digital,All ages,2024-04-01/P1Y,0,,,
E06000038,Physical,Adult,2024-04-01/P1M,14,,,
E06000038,Physical,Adult,2024-05-01/P1M,20,,,
E06000038,Physical,Adult,2024-06-01/P1M,20,,,
E06000038,Physical,Adult,2024-07-01/P1M,20,,,
E06000038,Physical,Adult,2024-08-01/P1M,20,,,
E06000038,Physical,Adult,2024-09-01/P1M,16,,,
E06000038,Physical,Adult,2024-10-01/P1M,16,,,
E06000038,Physical,Adult,2024-11-01/P1M,16,,,
E06000038,Physical,Adult,2024-12-01/P1M,12,,,
E06000038,Physical,Adult,2025-01-01/P1M,20,,,
E06000038,Physical,Adult,2025-02-01/P1M,16,,,
E06000038,Physical,Adult,2025-03-01/P1M,20,,,
E06000038,Physical,Under 12,2024-04-01/P1M,59,,,
E06000038,Physical,Under 12,2024-05-01/P1M,70,,,
E06000038,Physical,Under 12,2024-06-01/P1M,80,,,
E06000038,Physical,Under 12,2024-07-01/P1M,85,,,
E06000038,Physical,Under 12,2024-08-01/P1M,70,,,
E06000038,Physical,Under 12,2024-09-01/P1M,56,,,
E06000038,Physical,Under 12,2024-10-01/P1M,56,,,
E06000038,Physical,Under 12,2024-11-01/P1M,56,,,
E06000038,Physical,Under 12,2024-12-01/P1M,42,,,
E06000038,Physical,Under 12,2025-01-01/P1M,70,,,
E06000038,Physical,Under 12,2025-02-01/P1M,66,,,
E06000038,Physical,Under 12,2025-03-01/P1M,70,,,
E06000038,Physical,12-17,2024-04-01/P1Y,0,,,
E06000038,Physical,All ages,2024-04-01/P1Y,0,,,
E06000038,Digital,Unknown,2024-04-01/P1Y,0,,,
E06000038,Digital,Adult,2024-04-01/P1Y,0,,,
E06000038,Digital,Under 12,2024-04-01/P1Y,0,,,
E06000038,Digital,12-17,2024-04-01/P1Y,0,,,
E06000038,Digital,All ages,2024-04-01/P1Y,0,,,
E09000026,Physical,Adult,2024-04-01/P1M,151,,,
E09000026,Physical,Adult,2024-05-01/P1M,114,,,
E09000026,Physical,Adult,2024-06-01/P1M,111,,,
E09000026,Physical,Adult,2024-07-01/P1M,112,,,
E09000026,Physical,Adult,2024-08-01/P1M,147,,,
E09000026,Physical,Adult,2024-09-01/P1M,177,,,
E09000026,Physical,Adult,2024-10-01/P1M,180,,,
E09000026,Physical,Adult,2024-11-01/P1M,179,,,
E09000026,Physical,Adult,2024-12-01/P1M,188,,,
E09000026,Physical,Adult,2025-01-01/P1M,189,,,
E09000026,Physical,Adult,2025-02-01/P1M,188,,,
E09000026,Physical,Adult,2025-03-01/P1M,221,,,
E09000026,Physical,Under 12,2024-04-01/P1M,383,,,
E09000026,Physical,Under 12,2024-05-01/P1M,230,,,
E09000026,Physical,Under 12,2024-06-01/P1M,161,,,
E09000026,Physical,Under 12,2024-07-01/P1M,162,,,
E09000026,Physical,Under 12,2024-08-01/P1M,221,,,
E09000026,Physical,Under 12,2024-09-01/P1M,177,,,
E09000026,Physical,Under 12,2024-10-01/P1M,281,,,
E09000026,Physical,Under 12,2024-11-01/P1M,214,,,
E09000026,Physical,Under 12,2024-12-01/P1M,161,,,
E09000026,Physical,Under 12,2025-01-01/P1M,211,,,
E09000026,Physical,Under 12,2025-02-01/P1M,222,,,
E09000026,Physical,Under 12,2025-03-01/P1M,274,,,
E09000026,Physical,12-17,2024-04-01/P1M,0,,,
E09000026,Physical,12-17,2024-05-01/P1M,0,,,
E09000026,Physical,12-17,2024-06-01/P1M,0,,,
E09000026,Physical,12-17,2024-07-01/P1M,0,,,
E09000026,Physical,12-17,2024-08-01/P1M,2,,,
E09000026,Physical,12-17,2024-09-01/P1M,0,,,
E09000026,Physical,12-17,2024-10-01/P1M,1,,,
E09000026,Physical,12-17,2024-11-01/P1M,0,,,
E09000026,Physical,12-17,2024-12-01/P1M,1,,,
E09000026,Physical,12-17,2025-01-01/P1M,0,,,
E09000026,Physical,12-17,2025-02-01/P1M,1,,,
E09000026,Physical,12-17,2025-03-01/P1M,1,,,
E09000026,Physical,All ages,2024-04-01/P1M,9,,,
E09000026,Physical,All ages,2024-05-01/P1M,3,,,
E09000026,Physical,All ages,2024-06-01/P1M,0,,,
E09000026,Physical,All ages,2024-07-01/P1M,21,,,
E09000026,Physical,All ages,2024-08-01/P1M,12,,,
E09000026,Physical,All ages,2024-09-01/P1M,10,,,
E09000026,Physical,All ages,2024-10-01/P1M,19,,,
E09000026,Physical,All ages,2024-11-01/P1M,5,,,
E09000026,Physical,All ages,2024-12-01/P1M,0,,,
E09000026,Physical,All ages,2025-01-01/P1M,6,,,
E09000026,Physical,All ages,2025-02-01/P1M,4,,,
E09000026,Physical,All ages,2025-03-01/P1M,4,,,
E09000026,Digital,Unknown,2024-04-01/P1Y,0,,,
E09000026,Digital,Adult,2024-04-01/P1Y,0,,,
E09000026,Digital,Under 12,2024-04-01/P1Y,0,,,
E09000026,Digital,12-17,2024-04-01/P1Y,0,,,
E09000026,Digital,All ages,2024-04-01/P1Y,0,,,
E06000003,Physical,Unknown,2024-04-01/P1Y,0,,,
E06000003,Physical,Adult,2024-04-01/P1Y,0,,,
E06000003,Physical,Under 12,2024-04-01/P1Y,0,,,
E06000003,Physical,12-17,2024-04-01/P1Y,0,,,
E06000003,Physical,All ages,2024-04-01/P1Y,0,,,
E06000003,Digital,Unknown,2024-04-01/P1Y,0,,,
E06000003,Digital,Adult,2024-04-01/P1Y,0,,,
E06000003,Digital,Under 12,2024-04-01/P1Y,0,,,
E06000003,Digital,12-17,2024-04-01/P1Y,0,,,
E06000003,Digital,All ages,2024-04-01/P1Y,0,,,
E09000027,Physical,Adult,2024-04-01/P1M,104,,,
E09000027,Physical,Adult,2024-05-01/P1M,66,,,
E09000027,Physical,Adult,2024-06-01/P1M,73,,,
E09000027,Physical,Adult,2024-07-01/P1M,59,,,
E09000027,Physical,Adult,2024-08-01/P1M,28,,,
E09000027,Physical,Adult,2024-09-01/P1M,38,,,
E09000027,Physical,Adult,2024-10-01/P1M,69,,,
E09000027,Physical,Adult,2024-11-01/P1M,73,,,
E09000027,Physical,Adult,2024-12-01/P1M,31,,,
E09000027,Physical,Adult,2025-01-01/P1M,61,,,
E09000027,Physical,Adult,2025-02-01/P1M,56,,,
E09000027,Physical,Adult,2025-03-01/P1M,67,,,
E09000027,Physical,Under 12,2024-04-01/P1M,108,,,
E09000027,Physical,Under 12,2024-05-01/P1M,91,,,
E09000027,Physical,Under 12,2024-06-01/P1M,94,,,
E09000027,Physical,Under 12,2024-07-01/P1M,96,,,
E09000027,Physical,Under 12,2024-08-01/P1M,92,,,
E09000027,Physical,Under 12,2024-09-01/P1M,83,,,
E09000027,Physical,Under 12,2024-10-01/P1M,105,,,
E09000027,Physical,Under 12,2024-11-01/P1M,92,,,
E09000027,Physical,Under 12,2024-12-01/P1M,83,,,
E09000027,Physical,Under 12,2025-01-01/P1M,99,,,
E09000027,Physical,Under 12,2025-02-01/P1M,93,,,
E09000027,Physical,Under 12,2025-03-01/P1M,90,,,
E09000027,Physical,12-17,2024-04-01/P1Y,0,,,
E09000027,Physical,All ages,2024-04-01/P1Y,0,,,
E09000027,Digital,Unknown,2024-04-01/P1Y,0,,,
E09000027,Digital,Adult,2024-04-01/P1Y,0,,,
E09000027,Digital,Under 12,2024-04-01/P1Y,0,,,
E09000027,Digital,12-17,2024-04-01/P1Y,0,,,
E09000027,Digital,All ages,2024-04-01/P1Y,0,,,
E08000005,Physical,Adult,2024-04-01/P1M,188,,,
E08000005,Physical,Adult,2024-05-01/P1M,179,,,
E08000005,Physical,Adult,2024-06-01/P1M,169,,,
E08000005,Physical,Adult,2024-07-01/P1M,200,,,
E08000005,Physical,Adult,2024-08-01/P1M,166,,,
E08000005,Physical,Adult,2024-09-01/P1M,193,,,
E08000005,Physical,Adult,2024-10-01/P1M,163,,,
E08000005,Physical,Adult,2024-11-01/P1M,236,,,
E08000005,Physical,Adult,2024-12-01/P1M,179,,,
E08000005,Physical,Adult,2025-01-01/P1M,262,,,
E08000005,Physical,Adult,2025-02-01/P1M,279,,,
E08000005,Physical,Adult,2025-03-01/P1M,317,,,
E08000005,Physical,Under 12,2024-04-01/P1M,126,,,
E08000005,Physical,Under 12,2024-05-01/P1M,118,,,
E08000005,Physical,Under 12,2024-06-01/P1M,123,,,
E08000005,Physical,Under 12,2024-07-01/P1M,111,,,
E08000005,Physical,Under 12,2024-08-01/P1M,94,,,
E08000005,Physical,Under 12,2024-09-01/P1M,115,,,
E08000005,Physical,Under 12,2024-10-01/P1M,132,,,
E08000005,Physical,Under 12,2024-11-01/P1M,137,,,
E08000005,Physical,Under 12,2024-12-01/P1M,140,,,
E08000005,Physical,Under 12,2025-01-01/P1M,147,,,
E08000005,Physical,Under 12,2025-02-01/P1M,166,,,
E08000005,Physical,Under 12,2025-03-01/P1M,168,,,
E08000005,Physical,12-17,2024-04-01/P1M,4,,,
E08000005,Physical,12-17,2024-05-01/P1M,3,,,
E08000005,Physical,12-17,2024-06-01/P1M,6,,,
E08000005,Physical,12-17,2024-07-01/P1M,3,,,
E08000005,Physical,12-17,2024-08-01/P1M,4,,,
E08000005,Physical,12-17,2024-09-01/P1M,2,,,
E08000005,Physical,12-17,2024-10-01/P1M,4,,,
E08000005,Physical,12-17,2024-11-01/P1M,7,,,
E08000005,Physical,12-17,2024-12-01/P1M,9,,,
E08000005,Physical,12-17,2025-01-01/P1M,5,,,
E08000005,Physical,12-17,2025-02-01/P1M,0,,,
E08000005,Physical,12-17,2025-03-01/P1M,0,,,
E08000005,Physical,All ages,2024-04-01/P1M,5,,,
E08000005,Physical,All ages,2024-05-01/P1M,5,,,
E08000005,Physical,All ages,2024-06-01/P1M,4,,,
E08000005,Physical,All ages,2024-07-01/P1M,8,,,
E08000005,Physical,All ages,2024-08-01/P1M,4,,,
E08000005,Physical,All ages,2024-09-01/P1M,2,,,
E08000005,Physical,All ages,2024-10-01/P1M,2,,,
E08000005,Physical,All ages,2024-11-01/P1M,4,,,
E08000005,Physical,All ages,2024-12-01/P1M,4,,,
E08000005,Physical,All ages,2025-01-01/P1M,3,,,
E08000005,Physical,All ages,2025-02-01/P1M,11,,,
E08000005,Physical,All ages,2025-03-01/P1M,1,,,
E08000005,Digital,Adult,2024-04-01/P1M,36,,,
E08000005,Digital,Adult,2024-05-01/P1M,20,,,
E08000005,Digital,Adult,2024-06-01/P1M,35,,,
E08000005,Digital,Adult,2024-07-01/P1M,40,,,
E08000005,Digital,Adult,2024-08-01/P1M,23,,,
E08000005,Digital,Adult,2024-09-01/P1M,34,,,
E08000005,Digital,Adult,2024-10-01/P1M,34,,,
E08000005,Digital,Adult,2024-11-01/P1M,39,,,
E08000005,Digital,Adult,2024-12-01/P1M,27,,,
E08000005,Digital,Adult,2025-01-01/P1M,54,,,
E08000005,Digital,Adult,2025-02-01/P1M,55,,,
E08000005,Digital,Adult,2025-03-01/P1M,61,,,
E08000005,Digital,Under 12,2024-04-01/P1Y,0,,,
E08000005,Digital,12-17,2024-04-01/P1Y,0,,,
E08000005,Digital,All ages,2024-04-01/P1Y,0,,,
E08000018,Physical,Unknown,2024-04-01/P1Y,0,,,
E08000018,Physical,Adult,2024-04-01/P1Y,0,,,
E08000018,Physical,Under 12,2024-04-01/P1Y,0,,,
E08000018,Physical,12-17,2024-04-01/P1Y,0,,,
E08000018,Physical,All ages,2024-04-01/P1Y,0,,,
E08000018,Digital,Unknown,2024-04-01/P1Y,0,,,
E08000018,Digital,Adult,2024-04-01/P1Y,0,,,
E08000018,Digital,Under 12,2024-04-01/P1Y,0,,,
E08000018,Digital,12-17,2024-04-01/P1Y,0,,,
E08000018,Digital,All ages,2024-04-01/P1Y,0,,,
E06000017,Physical,Adult,2024-04-01/P1Y,1,,,
E06000017,Physical,Under 12,2024-04-01/P1M,9,,,
E06000017,Physical,Under 12,2024-05-01/P1M,3,,,
E06000017,Physical,Under 12,2024-06-01/P1M,4,,,
E06000017,Physical,Under 12,2024-07-01/P1M,12,,,
E06000017,Physical,Under 12,2024-08-01/P1M,7,,,
E06000017,Physical,Under 12,2024-09-01/P1M,4,,,
E06000017,Physical,Under 12,2024-10-01/P1M,4,,,
E06000017,Physical,Under 12,2024-11-01/P1M,5,,,
E06000017,Physical,Under 12,2024-12-01/P1M,3,,,
E06000017,Physical,Under 12,2025-01-01/P1M,4,,,
E06000017,Physical,Under 12,2025-02-01/P1M,4,,,
E06000017,Physical,Under 12,2025-03-01/P1M,5,,,
E06000017,Physical,12-17,2024-04-01/P1Y,0,,,
E06000017,Physical,All ages,2024-04-01/P1Y,2,,,
E06000017,Digital,Unknown,2024-04-01/P1Y,0,,,
E06000017,Digital,Adult,2024-04-01/P1Y,0,,,
E06000017,Digital,Under 12,2024-04-01/P1Y,0,,,
E06000017,Digital,12-17,2024-04-01/P1Y,0,,,
E06000017,Digital,All ages,2024-04-01/P1Y,0,,,
E08000006,Physical,Unknown,2024-04-01/P3M,1157,,,
E08000006,Physical,Unknown,2024-07-01/P3M,1088,,,
E08000006,Physical,Unknown,2024-10-01/P3M,1276,,,
E08000006,Physical,Unknown,2025-01-01/P3M,1321,,,
E08000006,Physical,Adult,2024-04-01/P1Y,0,,,
E08000006,Physical,Under 12,2024-04-01/P1Y,0,,,
E08000006,Physical,12-17,2024-04-01/P1Y,0,,,
E08000006,Physical,All ages,2024-04-01/P1Y,0,,,
E08000006,Digital,Unknown,2024-04-01/P1Y,0,,,
E08000006,Digital,Adult,2024-04-01/P1Y,0,,,
E08000006,Digital,Under 12,2024-04-01/P1Y,0,,,
E08000006,Digital,12-17,2024-04-01/P1Y,0,,,
E08000006,Digital,All ages,2024-04-01/P1Y,0,,,
E08000028,Physical,Adult,2024-04-01/P1M,357,,,
E08000028,Physical,Adult,2024-05-01/P1M,373,,,
E08000028,Physical,Adult,2024-06-01/P1M,407,,,
E08000028,Physical,Adult,2024-07-01/P1M,352,,,
E08000028,Physical,Adult,2024-08-01/P1M,159,,,
E08000028,Physical,Adult,2024-09-01/P1M,319,,,
E08000028,Physical,Adult,2024-10-01/P1M,422,,,
E08000028,Physical,Adult,2024-11-01/P1M,440,,,
E08000028,Physical,Adult,2024-12-01/P1M,391,,,
E08000028,Physical,Adult,2025-01-01/P1M,536,,,
E08000028,Physical,Adult,2025-02-01/P1M,350,,,
E08000028,Physical,Adult,2025-03-01/P1M,473,,,
E08000028,Physical,Under 12,2024-04-01/P1M,648,,,
E08000028,Physical,Under 12,2024-05-01/P1M,598,,,
E08000028,Physical,Under 12,2024-06-01/P1M,593,,,
E08000028,Physical,Under 12,2024-07-01/P1M,743,,,
E08000028,Physical,Under 12,2024-08-01/P1M,831,,,
E08000028,Physical,Under 12,2024-09-01/P1M,616,,,
E08000028,Physical,Under 12,2024-10-01/P1M,829,,,
E08000028,Physical,Under 12,2024-11-01/P1M,716,,,
E08000028,Physical,Under 12,2024-12-01/P1M,496,,,
E08000028,Physical,Under 12,2025-01-01/P1M,607,,,
E08000028,Physical,Under 12,2025-02-01/P1M,764,,,
E08000028,Physical,Under 12,2025-03-01/P1M,746,,,
E08000028,Physical,12-17,2024-04-01/P1Y,0,,,
E08000028,Physical,All ages,2024-04-01/P1Y,0,,,
E08000028,Digital,Unknown,2024-04-01/P1Y,0,,,
E08000028,Digital,Adult,2024-04-01/P1Y,0,,,
E08000028,Digital,Under 12,2024-04-01/P1Y,0,,,
E08000028,Digital,12-17,2024-04-01/P1Y,0,,,
E08000028,Digital,All ages,2024-04-01/P1Y,0,,,
E08000014,Physical,Adult,2024-04-01/P1M,522,,,
E08000014,Physical,Adult,2024-05-01/P1M,457,,,
E08000014,Physical,Adult,2024-06-01/P1M,290,,,
E08000014,Physical,Under 12,2024-04-01/P1M,220,,,
E08000014,Physical,Under 12,2024-05-01/P1M,225,,,
E08000014,Physical,Under 12,2024-06-01/P1M,254,,,
E08000014,Physical,12-17,2024-04-01/P1M,23,,,
E08000014,Physical,12-17,2024-05-01/P1M,22,,,
E08000014,Physical,12-17,2024-06-01/P1M,17,,,
E08000014,Physical,All ages,2024-04-01/P1Y,0,,,
E08000014,Digital,Unknown,2024-04-01/P1Y,0,,,
E08000014,Digital,Adult,2024-04-01/P1Y,0,,,
E08000014,Digital,Under 12,2024-04-01/P1Y,0,,,
E08000014,Digital,12-17,2024-04-01/P1Y,0,,,
E08000014,Digital,All ages,2024-04-01/P1Y,0,,,
E08000019,Physical,Adult,2024-04-01/P1M,33,,,
E08000019,Physical,Adult,2024-05-01/P1M,97,,,
E08000019,Physical,Adult,2024-06-01/P1M,85,,,
E08000019,Physical,Adult,2024-07-01/P1M,86,,,
E08000019,Physical,Adult,2024-08-01/P1M,69,,,
E08000019,Physical,Adult,2024-09-01/P1M,104,,,
E08000019,Physical,Adult,2024-10-01/P1M,136,,,
E08000019,Physical,Adult,2024-11-01/P1M,128,,,
E08000019,Physical,Adult,2024-12-01/P1M,101,,,
E08000019,Physical,Adult,2025-01-01/P1M,104,,,
E08000019,Physical,Adult,2025-02-01/P1M,135,,,
E08000019,Physical,Adult,2025-03-01/P1M,138,,,
E08000019,Physical,Under 12,2024-04-01/P1M,37,,,
E08000019,Physical,Under 12,2024-05-01/P1M,133,,,
E08000019,Physical,Under 12,2024-06-01/P1M,141,,,
E08000019,Physical,Under 12,2024-07-01/P1M,128,,,
E08000019,Physical,Under 12,2024-08-01/P1M,80,,,
E08000019,Physical,Under 12,2024-09-01/P1M,123,,,
E08000019,Physical,Under 12,2024-10-01/P1M,159,,,
E08000019,Physical,Under 12,2024-11-01/P1M,153,,,
E08000019,Physical,Under 12,2024-12-01/P1M,95,,,
E08000019,Physical,Under 12,2025-01-01/P1M,121,,,
E08000019,Physical,Under 12,2025-02-01/P1M,146,,,
E08000019,Physical,Under 12,2025-03-01/P1M,168,,,
E08000019,Physical,12-17,2024-04-01/P1Y,0,,,
E08000019,Physical,All ages,2024-04-01/P1M,0,,,
E08000019,Physical,All ages,2024-05-01/P1M,1,,,
E08000019,Physical,All ages,2024-06-01/P1M,11,,,
E08000019,Physical,All ages,2024-07-01/P1M,0,,,
E08000019,Physical,All ages,2024-08-01/P1M,0,,,
E08000019,Physical,All ages,2024-09-01/P1M,0,,,
E08000019,Physical,All ages,2024-10-01/P1M,2,,,
E08000019,Physical,All ages,2024-11-01/P1M,1,,,
E08000019,Physical,All ages,2024-12-01/P1M,3,,,
E08000019,Physical,All ages,2025-01-01/P1M,5,,,
E08000019,Physical,All ages,2025-02-01/P1M,3,,,
E08000019,Physical,All ages,2025-03-01/P1M,1,,,
E08000019,Digital,Unknown,2024-04-01/P1Y,0,,,
E08000019,Digital,Adult,2024-04-01/P1Y,0,,,
E08000019,Digital,Under 12,2024-04-01/P1Y,0,,,
E08000019,Digital,12-17,2024-04-01/P1Y,0,,,
E08000019,Digital,All ages,2024-04-01/P1Y,0,,,
E06000051,Physical,Adult,2024-04-01/P1M,277,,,
E06000051,Physical,Adult,2024-05-01/P1M,267,,,
E06000051,Physical,Adult,2024-06-01/P1M,251,,,
E06000051,Physical,Adult,2024-07-01/P1M,275,,,
E06000051,Physical,Adult,2024-08-01/P1M,274,,,
E06000051,Physical,Adult,2024-09-01/P1M,323,,,
E06000051,Physical,Adult,2024-10-01/P1M,365,,,
E06000051,Physical,Adult,2024-11-01/P1M,350,,,
E06000051,Physical,Adult,2024-12-01/P1M,216,,,
E06000051,Physical,Adult,2025-01-01/P1M,305,,,
E06000051,Physical,Adult,2025-02-01/P1M,330,,,
E06000051,Physical,Adult,2025-03-01/P1M,352,,,
E06000051,Physical,Under 12,2024-04-01/P1M,110,,,
E06000051,Physical,Under 12,2024-05-01/P1M,116,,,
E06000051,Physical,Under 12,2024-06-01/P1M,114,,,
E06000051,Physical,Under 12,2024-07-01/P1M,167,,,
E06000051,Physical,Under 12,2024-08-01/P1M,186,,,
E06000051,Physical,Under 12,2024-09-01/P1M,127,,,
E06000051,Physical,Under 12,2024-10-01/P1M,156,,,
E06000051,Physical,Under 12,2024-11-01/P1M,139,,,
E06000051,Physical,Under 12,2024-12-01/P1M,98,,,
E06000051,Physical,Under 12,2025-01-01/P1M,127,,,
E06000051,Physical,Under 12,2025-02-01/P1M,155,,,
E06000051,Physical,Under 12,2025-03-01/P1M,162,,,
E06000051,Physical,12-17,2024-04-01/P1M,10,,,
E06000051,Physical,12-17,2024-05-01/P1M,12,,,
E06000051,Physical,12-17,2024-06-01/P1M,12,,,
E06000051,Physical,12-17,2024-07-01/P1M,12,,,
E06000051,Physical,12-17,2024-08-01/P1M,7,,,
E06000051,Physical,12-17,2024-09-01/P1M,9,,,
E06000051,Physical,12-17,2024-10-01/P1M,8,,,
E06000051,Physical,12-17,2024-11-01/P1M,8,,,
E06000051,Physical,12-17,2024-12-01/P1M,6,,,
E06000051,Physical,12-17,2025-01-01/P1M,6,,,
E06000051,Physical,12-17,2025-02-01/P1M,9,,,
E06000051,Physical,12-17,2025-03-01/P1M,11,,,
E06000051,Physical,All ages,2024-04-01/P1M,34,,,
E06000051,Physical,All ages,2024-05-01/P1M,42,,,
E06000051,Physical,All ages,2024-06-01/P1M,38,,,
E06000051,Physical,All ages,2024-07-01/P1M,47,,,
E06000051,Physical,All ages,2024-08-01/P1M,68,,,
E06000051,Physical,All ages,2024-09-01/P1M,61,,,
E06000051,Physical,All ages,2024-10-01/P1M,45,,,
E06000051,Physical,All ages,2024-11-01/P1M,51,,,
E06000051,Physical,All ages,2024-12-01/P1M,31,,,
E06000051,Physical,All ages,2025-01-01/P1M,46,,,
E06000051,Physical,All ages,2025-02-01/P1M,54,,,
E06000051,Physical,All ages,2025-03-01/P1M,55,,,
E06000051,Digital,Adult,2024-04-01/P1Y,1,,,
E06000051,Digital,Under 12,2024-04-01/P1M,0,,,
E06000051,Digital,Under 12,2024-05-01/P1M,0,,,
E06000051,Digital,Under 12,2024-06-01/P1M,0,,,
E06000051,Digital,Under 12,2024-07-01/P1M,0,,,
E06000051,Digital,Under 12,2024-08-01/P1M,1,,,
E06000051,Digital,Under 12,2024-09-01/P1M,0,,,
E06000051,Digital,Under 12,2024-10-01/P1M,1,,,
E06000051,Digital,Under 12,2024-11-01/P1M,0,,,
E06000051,Digital,Under 12,2024-12-01/P1M,0,,,
E06000051,Digital,Under 12,2025-01-01/P1M,0,,,
E06000051,Digital,Under 12,2025-02-01/P1M,0,,,
E06000051,Digital,Under 12,2025-03-01/P1M,0,,,
E06000051,Digital,12-17,2024-04-01/P1Y,0,,,
E06000051,Digital,All ages,2024-04-01/P1Y,0,,,
E06000025,Physical,Adult,2024-04-01/P1M,92,,,
E06000025,Physical,Adult,2024-05-01/P1M,114,,,
E06000025,Physical,Adult,2024-06-01/P1M,86,,,
E06000025,Physical,Adult,2024-07-01/P1M,83,,,
E06000025,Physical,Adult,2024-08-01/P1M,75,,,
E06000025,Physical,Adult,2024-09-01/P1M,83,,,
E06000025,Physical,Adult,2024-10-01/P1M,92,,,
E06000025,Physical,Adult,2024-11-01/P1M,88,,,
E06000025,Physical,Adult,2024-12-01/P1M,84,,,
E06000025,Physical,Adult,2025-01-01/P1M,99,,,
E06000025,Physical,Adult,2025-02-01/P1M,85,,,
E06000025,Physical,Adult,2025-03-01/P1M,103,,,
E06000025,Physical,Under 12,2024-04-01/P1M,210,,,
E06000025,Physical,Under 12,2024-05-01/P1M,222,,,
E06000025,Physical,Under 12,2024-06-01/P1M,214,,,
E06000025,Physical,Under 12,2024-07-01/P1M,261,,,
E06000025,Physical,Under 12,2024-08-01/P1M,185,,,
E06000025,Physical,Under 12,2024-09-01/P1M,187,,,
E06000025,Physical,Under 12,2024-10-01/P1M,253,,,
E06000025,Physical,Under 12,2024-11-01/P1M,226,,,
E06000025,Physical,Under 12,2024-12-01/P1M,173,,,
E06000025,Physical,Under 12,2025-01-01/P1M,239,,,
E06000025,Physical,Under 12,2025-02-01/P1M,208,,,
E06000025,Physical,Under 12,2025-03-01/P1M,240,,,
E06000025,Physical,12-17,2024-04-01/P1M,1,,,
E06000025,Physical,12-17,2024-05-01/P1M,1,,,
E06000025,Physical,12-17,2024-06-01/P1M,2,,,
E06000025,Physical,12-17,2024-07-01/P1M,0,,,
E06000025,Physical,12-17,2024-08-01/P1M,0,,,
E06000025,Physical,12-17,2024-09-01/P1M,0,,,
E06000025,Physical,12-17,2024-10-01/P1M,1,,,
E06000025,Physical,12-17,2024-11-01/P1M,1,,,
E06000025,Physical,12-17,2024-12-01/P1M,1,,,
E06000025,Physical,12-17,2025-01-01/P1M,1,,,
E06000025,Physical,12-17,2025-02-01/P1M,1,,,
E06000025,Physical,12-17,2025-03-01/P1M,0,,,
E06000025,Physical,All ages,2024-04-01/P1Y,0,,,
E06000025,Digital,Unknown,2024-04-01/P1Y,0,,,
E06000025,Digital,Adult,2024-04-01/P1Y,0,,,
E06000025,Digital,Under 12,2024-04-01/P1Y,0,,,
E06000025,Digital,12-17,2024-04-01/P1Y,0,,,
E06000025,Digital,All ages,2024-04-01/P1Y,0,,,
E08000023,Physical,Adult,2024-04-01/P1M,340,,suspicious,"Source audit: total_physical_events: Annual: reported total 1,315; category sum 1,654; difference -339. Categories exceed total; check duplication, scope and reporting frequency. Event audiences may overlap. Values retained as reported pending source confirmation."
E08000023,Physical,Adult,2024-05-01/P1M,35,,suspicious,"Source audit: total_physical_events: Annual: reported total 1,315; category sum 1,654; difference -339. Categories exceed total; check duplication, scope and reporting frequency. Event audiences may overlap. Values retained as reported pending source confirmation."
E08000023,Physical,Adult,2024-06-01/P1M,39,,suspicious,"Source audit: total_physical_events: Annual: reported total 1,315; category sum 1,654; difference -339. Categories exceed total; check duplication, scope and reporting frequency. Event audiences may overlap. Values retained as reported pending source confirmation."
E08000023,Physical,Adult,2024-07-01/P1M,39,,suspicious,"Source audit: total_physical_events: Annual: reported total 1,315; category sum 1,654; difference -339. Categories exceed total; check duplication, scope and reporting frequency. Event audiences may overlap. Values retained as reported pending source confirmation."
E08000023,Physical,Adult,2024-08-01/P1M,46,,suspicious,"Source audit: total_physical_events: Annual: reported total 1,315; category sum 1,654; difference -339. Categories exceed total; check duplication, scope and reporting frequency. Event audiences may overlap. Values retained as reported pending source confirmation."
E08000023,Physical,Adult,2024-09-01/P1M,67,,suspicious,"Source audit: total_physical_events: Annual: reported total 1,315; category sum 1,654; difference -339. Categories exceed total; check duplication, scope and reporting frequency. Event audiences may overlap. Values retained as reported pending source confirmation."
E08000023,Physical,Adult,2024-10-01/P1M,73,,suspicious,"Source audit: total_physical_events: Annual: reported total 1,315; category sum 1,654; difference -339. Categories exceed total; check duplication, scope and reporting frequency. Event audiences may overlap. Values retained as reported pending source confirmation."
E08000023,Physical,Adult,2024-11-01/P1M,65,,suspicious,"Source audit: total_physical_events: Annual: reported total 1,315; category sum 1,654; difference -339. Categories exceed total; check duplication, scope and reporting frequency. Event audiences may overlap. Values retained as reported pending source confirmation."
E08000023,Physical,Adult,2024-12-01/P1M,50,,suspicious,"Source audit: total_physical_events: Annual: reported total 1,315; category sum 1,654; difference -339. Categories exceed total; check duplication, scope and reporting frequency. Event audiences may overlap. Values retained as reported pending source confirmation."
E08000023,Physical,Adult,2025-01-01/P1M,72,,suspicious,"Source audit: total_physical_events: Annual: reported total 1,315; category sum 1,654; difference -339. Categories exceed total; check duplication, scope and reporting frequency. Event audiences may overlap. Values retained as reported pending source confirmation."
E08000023,Physical,Adult,2025-02-01/P1M,55,,suspicious,"Source audit: total_physical_events: Annual: reported total 1,315; category sum 1,654; difference -339. Categories exceed total; check duplication, scope and reporting frequency. Event audiences may overlap. Values retained as reported pending source confirmation."
E08000023,Physical,Adult,2025-03-01/P1M,80,,suspicious,"Source audit: total_physical_events: Annual: reported total 1,315; category sum 1,654; difference -339. Categories exceed total; check duplication, scope and reporting frequency. Event audiences may overlap. Values retained as reported pending source confirmation."
E08000023,Physical,Under 12,2024-04-01/P1M,46,,suspicious,"Source audit: total_physical_events: Annual: reported total 1,315; category sum 1,654; difference -339. Categories exceed total; check duplication, scope and reporting frequency. Event audiences may overlap. Values retained as reported pending source confirmation."
E08000023,Physical,Under 12,2024-05-01/P1M,41,,suspicious,"Source audit: total_physical_events: Annual: reported total 1,315; category sum 1,654; difference -339. Categories exceed total; check duplication, scope and reporting frequency. Event audiences may overlap. Values retained as reported pending source confirmation."
E08000023,Physical,Under 12,2024-06-01/P1M,35,,suspicious,"Source audit: total_physical_events: Annual: reported total 1,315; category sum 1,654; difference -339. Categories exceed total; check duplication, scope and reporting frequency. Event audiences may overlap. Values retained as reported pending source confirmation."
E08000023,Physical,Under 12,2024-07-01/P1M,45,,suspicious,"Source audit: total_physical_events: Annual: reported total 1,315; category sum 1,654; difference -339. Categories exceed total; check duplication, scope and reporting frequency. Event audiences may overlap. Values retained as reported pending source confirmation."
E08000023,Physical,Under 12,2024-08-01/P1M,60,,suspicious,"Source audit: total_physical_events: Annual: reported total 1,315; category sum 1,654; difference -339. Categories exceed total; check duplication, scope and reporting frequency. Event audiences may overlap. Values retained as reported pending source confirmation."
E08000023,Physical,Under 12,2024-09-01/P1M,31,,suspicious,"Source audit: total_physical_events: Annual: reported total 1,315; category sum 1,654; difference -339. Categories exceed total; check duplication, scope and reporting frequency. Event audiences may overlap. Values retained as reported pending source confirmation."
E08000023,Physical,Under 12,2024-10-01/P1M,45,,suspicious,"Source audit: total_physical_events: Annual: reported total 1,315; category sum 1,654; difference -339. Categories exceed total; check duplication, scope and reporting frequency. Event audiences may overlap. Values retained as reported pending source confirmation."
E08000023,Physical,Under 12,2024-11-01/P1M,41,,suspicious,"Source audit: total_physical_events: Annual: reported total 1,315; category sum 1,654; difference -339. Categories exceed total; check duplication, scope and reporting frequency. Event audiences may overlap. Values retained as reported pending source confirmation."
E08000023,Physical,Under 12,2024-12-01/P1M,70,,suspicious,"Source audit: total_physical_events: Annual: reported total 1,315; category sum 1,654; difference -339. Categories exceed total; check duplication, scope and reporting frequency. Event audiences may overlap. Values retained as reported pending source confirmation."
E08000023,Physical,Under 12,2025-01-01/P1M,55,,suspicious,"Source audit: total_physical_events: Annual: reported total 1,315; category sum 1,654; difference -339. Categories exceed total; check duplication, scope and reporting frequency. Event audiences may overlap. Values retained as reported pending source confirmation."
E08000023,Physical,Under 12,2025-02-01/P1M,59,,suspicious,"Source audit: total_physical_events: Annual: reported total 1,315; category sum 1,654; difference -339. Categories exceed total; check duplication, scope and reporting frequency. Event audiences may overlap. Values retained as reported pending source confirmation."
E08000023,Physical,Under 12,2025-03-01/P1M,52,,suspicious,"Source audit: total_physical_events: Annual: reported total 1,315; category sum 1,654; difference -339. Categories exceed total; check duplication, scope and reporting frequency. Event audiences may overlap. Values retained as reported pending source confirmation."
E08000023,Physical,12-17,2024-04-01/P1M,6,,suspicious,"Source audit: total_physical_events: Annual: reported total 1,315; category sum 1,654; difference -339. Categories exceed total; check duplication, scope and reporting frequency. Event audiences may overlap. Values retained as reported pending source confirmation."
E08000023,Physical,12-17,2024-05-01/P1M,4,,suspicious,"Source audit: total_physical_events: Annual: reported total 1,315; category sum 1,654; difference -339. Categories exceed total; check duplication, scope and reporting frequency. Event audiences may overlap. Values retained as reported pending source confirmation."
E08000023,Physical,12-17,2024-06-01/P1M,5,,suspicious,"Source audit: total_physical_events: Annual: reported total 1,315; category sum 1,654; difference -339. Categories exceed total; check duplication, scope and reporting frequency. Event audiences may overlap. Values retained as reported pending source confirmation."
E08000023,Physical,12-17,2024-07-01/P1M,2,,suspicious,"Source audit: total_physical_events: Annual: reported total 1,315; category sum 1,654; difference -339. Categories exceed total; check duplication, scope and reporting frequency. Event audiences may overlap. Values retained as reported pending source confirmation."
E08000023,Physical,12-17,2024-08-01/P1M,4,,suspicious,"Source audit: total_physical_events: Annual: reported total 1,315; category sum 1,654; difference -339. Categories exceed total; check duplication, scope and reporting frequency. Event audiences may overlap. Values retained as reported pending source confirmation."
E08000023,Physical,12-17,2024-09-01/P1M,2,,suspicious,"Source audit: total_physical_events: Annual: reported total 1,315; category sum 1,654; difference -339. Categories exceed total; check duplication, scope and reporting frequency. Event audiences may overlap. Values retained as reported pending source confirmation."
E08000023,Physical,12-17,2024-10-01/P1M,8,,suspicious,"Source audit: total_physical_events: Annual: reported total 1,315; category sum 1,654; difference -339. Categories exceed total; check duplication, scope and reporting frequency. Event audiences may overlap. Values retained as reported pending source confirmation."
E08000023,Physical,12-17,2024-11-01/P1M,8,,suspicious,"Source audit: total_physical_events: Annual: reported total 1,315; category sum 1,654; difference -339. Categories exceed total; check duplication, scope and reporting frequency. Event audiences may overlap. Values retained as reported pending source confirmation."
E08000023,Physical,12-17,2024-12-01/P1M,3,,suspicious,"Source audit: total_physical_events: Annual: reported total 1,315; category sum 1,654; difference -339. Categories exceed total; check duplication, scope and reporting frequency. Event audiences may overlap. Values retained as reported pending source confirmation."
E08000023,Physical,12-17,2025-01-01/P1M,0,,suspicious,"Source audit: total_physical_events: Annual: reported total 1,315; category sum 1,654; difference -339. Categories exceed total; check duplication, scope and reporting frequency. Event audiences may overlap. Values retained as reported pending source confirmation."
E08000023,Physical,12-17,2025-02-01/P1M,6,,suspicious,"Source audit: total_physical_events: Annual: reported total 1,315; category sum 1,654; difference -339. Categories exceed total; check duplication, scope and reporting frequency. Event audiences may overlap. Values retained as reported pending source confirmation."
E08000023,Physical,12-17,2025-03-01/P1M,7,,suspicious,"Source audit: total_physical_events: Annual: reported total 1,315; category sum 1,654; difference -339. Categories exceed total; check duplication, scope and reporting frequency. Event audiences may overlap. Values retained as reported pending source confirmation."
E08000023,Physical,All ages,2024-04-01/P1M,6,,suspicious,"Source audit: total_physical_events: Annual: reported total 1,315; category sum 1,654; difference -339. Categories exceed total; check duplication, scope and reporting frequency. Event audiences may overlap. Values retained as reported pending source confirmation."
E08000023,Physical,All ages,2024-05-01/P1M,1,,suspicious,"Source audit: total_physical_events: Annual: reported total 1,315; category sum 1,654; difference -339. Categories exceed total; check duplication, scope and reporting frequency. Event audiences may overlap. Values retained as reported pending source confirmation."
E08000023,Physical,All ages,2024-06-01/P1M,9,,suspicious,"Source audit: total_physical_events: Annual: reported total 1,315; category sum 1,654; difference -339. Categories exceed total; check duplication, scope and reporting frequency. Event audiences may overlap. Values retained as reported pending source confirmation."
E08000023,Physical,All ages,2024-07-01/P1M,4,,suspicious,"Source audit: total_physical_events: Annual: reported total 1,315; category sum 1,654; difference -339. Categories exceed total; check duplication, scope and reporting frequency. Event audiences may overlap. Values retained as reported pending source confirmation."
E08000023,Physical,All ages,2024-08-01/P1M,5,,suspicious,"Source audit: total_physical_events: Annual: reported total 1,315; category sum 1,654; difference -339. Categories exceed total; check duplication, scope and reporting frequency. Event audiences may overlap. Values retained as reported pending source confirmation."
E08000023,Physical,All ages,2024-09-01/P1M,1,,suspicious,"Source audit: total_physical_events: Annual: reported total 1,315; category sum 1,654; difference -339. Categories exceed total; check duplication, scope and reporting frequency. Event audiences may overlap. Values retained as reported pending source confirmation."
E08000023,Physical,All ages,2024-10-01/P1M,4,,suspicious,"Source audit: total_physical_events: Annual: reported total 1,315; category sum 1,654; difference -339. Categories exceed total; check duplication, scope and reporting frequency. Event audiences may overlap. Values retained as reported pending source confirmation."
E08000023,Physical,All ages,2024-11-01/P1M,4,,suspicious,"Source audit: total_physical_events: Annual: reported total 1,315; category sum 1,654; difference -339. Categories exceed total; check duplication, scope and reporting frequency. Event audiences may overlap. Values retained as reported pending source confirmation."
E08000023,Physical,All ages,2024-12-01/P1M,4,,suspicious,"Source audit: total_physical_events: Annual: reported total 1,315; category sum 1,654; difference -339. Categories exceed total; check duplication, scope and reporting frequency. Event audiences may overlap. Values retained as reported pending source confirmation."
E08000023,Physical,All ages,2025-01-01/P1M,9,,suspicious,"Source audit: total_physical_events: Annual: reported total 1,315; category sum 1,654; difference -339. Categories exceed total; check duplication, scope and reporting frequency. Event audiences may overlap. Values retained as reported pending source confirmation."
E08000023,Physical,All ages,2025-02-01/P1M,6,,suspicious,"Source audit: total_physical_events: Annual: reported total 1,315; category sum 1,654; difference -339. Categories exceed total; check duplication, scope and reporting frequency. Event audiences may overlap. Values retained as reported pending source confirmation."
E08000023,Physical,All ages,2025-03-01/P1M,5,,suspicious,"Source audit: total_physical_events: Annual: reported total 1,315; category sum 1,654; difference -339. Categories exceed total; check duplication, scope and reporting frequency. Event audiences may overlap. Values retained as reported pending source confirmation."
E08000023,Digital,Unknown,2024-04-01/P1Y,0,,,
E08000023,Digital,Adult,2024-04-01/P1Y,0,,,
E08000023,Digital,Under 12,2024-04-01/P1Y,0,,,
E08000023,Digital,12-17,2024-04-01/P1Y,0,,,
E08000023,Digital,All ages,2024-04-01/P1Y,0,,,
E09000028,Physical,Unknown,2024-04-01/P1M,1053,,,
E09000028,Physical,Unknown,2024-05-01/P1M,1206,,,
E09000028,Physical,Unknown,2024-06-01/P1M,1316,,,
E09000028,Physical,Unknown,2024-07-01/P1M,1502,,,
E09000028,Physical,Unknown,2024-08-01/P1M,1299,,,
E09000028,Physical,Unknown,2024-09-01/P1M,1401,,,
E09000028,Physical,Unknown,2024-10-01/P1M,943,,,
E09000028,Physical,Unknown,2024-11-01/P1M,1168,,,
E09000028,Physical,Unknown,2024-12-01/P1M,886,,,
E09000028,Physical,Unknown,2025-01-01/P1M,1232,,,
E09000028,Physical,Unknown,2025-02-01/P1M,1118,,,
E09000028,Physical,Unknown,2025-03-01/P1M,1376,,,
E09000028,Physical,Adult,2024-04-01/P1Y,0,,,
E09000028,Physical,Under 12,2024-04-01/P1Y,0,,,
E09000028,Physical,12-17,2024-04-01/P1Y,0,,,
E09000028,Physical,All ages,2024-04-01/P1Y,0,,,
E09000028,Digital,Unknown,2024-04-01/P1Y,0,,,
E09000028,Digital,Adult,2024-04-01/P1Y,0,,,
E09000028,Digital,Under 12,2024-04-01/P1Y,0,,,
E09000028,Digital,12-17,2024-04-01/P1Y,0,,,
E09000028,Digital,All ages,2024-04-01/P1Y,0,,,
E08000013,Physical,Unknown,2024-04-01/P1M,220,,,
E08000013,Physical,Unknown,2024-05-01/P1M,217,,,
E08000013,Physical,Unknown,2024-06-01/P1M,221,,,
E08000013,Physical,Unknown,2024-07-01/P1M,266,,,
E08000013,Physical,Unknown,2024-08-01/P1M,247,,,
E08000013,Physical,Unknown,2024-09-01/P1M,255,,,
E08000013,Physical,Unknown,2024-10-01/P1M,299,,,
E08000013,Physical,Unknown,2024-11-01/P1M,327,,,
E08000013,Physical,Unknown,2024-12-01/P1M,244,,,
E08000013,Physical,Unknown,2025-01-01/P1M,323,,,
E08000013,Physical,Unknown,2025-02-01/P1M,343,,,
E08000013,Physical,Unknown,2025-03-01/P1M,349,,,
E08000013,Physical,Adult,2024-04-01/P1Y,0,,,
E08000013,Physical,Under 12,2024-04-01/P1Y,0,,,
E08000013,Physical,12-17,2024-04-01/P1Y,0,,,
E08000013,Physical,All ages,2024-04-01/P1Y,0,,,
E08000013,Digital,Unknown,2024-04-01/P1Y,0,,,
E08000013,Digital,Adult,2024-04-01/P1Y,0,,,
E08000013,Digital,Under 12,2024-04-01/P1Y,0,,,
E08000013,Digital,12-17,2024-04-01/P1Y,0,,,
E08000013,Digital,All ages,2024-04-01/P1Y,0,,,
E10000028,Physical,Unknown,2024-04-01/P1M,847,,,
E10000028,Physical,Unknown,2024-05-01/P1M,924,,,
E10000028,Physical,Unknown,2024-06-01/P1M,905,,,
E10000028,Physical,Unknown,2024-07-01/P1M,885,,,
E10000028,Physical,Unknown,2024-08-01/P1M,697,,,
E10000028,Physical,Unknown,2024-09-01/P1M,723,,,
E10000028,Physical,Unknown,2024-10-01/P1M,887,,,
E10000028,Physical,Unknown,2024-11-01/P1M,813,,,
E10000028,Physical,Unknown,2024-12-01/P1M,594,,,
E10000028,Physical,Unknown,2025-01-01/P1M,871,,,
E10000028,Physical,Unknown,2025-02-01/P1M,902,,,
E10000028,Physical,Unknown,2025-03-01/P1M,961,,,
E10000028,Physical,Adult,2024-04-01/P1Y,0,,,
E10000028,Physical,Under 12,2024-04-01/P1Y,0,,,
E10000028,Physical,12-17,2024-04-01/P1Y,0,,,
E10000028,Physical,All ages,2024-04-01/P1Y,0,,,
E10000028,Digital,Adult,2024-04-01/P1M,0,,,
E10000028,Digital,Adult,2024-05-01/P1M,4,,,
E10000028,Digital,Adult,2024-06-01/P1M,2,,,
E10000028,Digital,Adult,2024-07-01/P1M,2,,,
E10000028,Digital,Adult,2024-08-01/P1M,1,,,
E10000028,Digital,Adult,2024-09-01/P1M,1,,,
E10000028,Digital,Adult,2024-10-01/P1M,1,,,
E10000028,Digital,Adult,2024-11-01/P1M,1,,,
E10000028,Digital,Adult,2024-12-01/P1M,0,,,
E10000028,Digital,Adult,2025-01-01/P1M,1,,,
E10000028,Digital,Adult,2025-02-01/P1M,2,,,
E10000028,Digital,Adult,2025-03-01/P1M,0,,,
E10000028,Digital,Under 12,2024-04-01/P1Y,0,,,
E10000028,Digital,12-17,2024-04-01/P1Y,0,,,
E10000028,Digital,All ages,2024-04-01/P1Y,0,,,
E06000004,Physical,Unknown,2024-04-01/P1M,277,,,
E06000004,Physical,Unknown,2024-05-01/P1M,300,,,
E06000004,Physical,Unknown,2024-06-01/P1M,301,,,
E06000004,Physical,Unknown,2024-07-01/P1M,345,,,
E06000004,Physical,Unknown,2024-08-01/P1M,250,,,
E06000004,Physical,Unknown,2024-09-01/P1M,348,,,
E06000004,Physical,Unknown,2024-10-01/P1M,382,,,
E06000004,Physical,Unknown,2024-11-01/P1M,347,,,
E06000004,Physical,Unknown,2024-12-01/P1M,304,,,
E06000004,Physical,Unknown,2025-01-01/P1M,436,,,
E06000004,Physical,Unknown,2025-02-01/P1M,445,,,
E06000004,Physical,Unknown,2025-03-01/P1M,440,,,
E06000004,Physical,Adult,2024-04-01/P1Y,0,,,
E06000004,Physical,Under 12,2024-04-01/P1Y,0,,,
E06000004,Physical,12-17,2024-04-01/P1Y,0,,,
E06000004,Physical,All ages,2024-04-01/P1Y,0,,,
E06000004,Digital,Unknown,2024-04-01/P1Y,0,,,
E06000004,Digital,Adult,2024-04-01/P1Y,0,,,
E06000004,Digital,Under 12,2024-04-01/P1Y,0,,,
E06000004,Digital,12-17,2024-04-01/P1Y,0,,,
E06000004,Digital,All ages,2024-04-01/P1Y,0,,,
E06000021,Physical,Unknown,2024-04-01/P1M,182,,,
E06000021,Physical,Unknown,2024-05-01/P1M,176,,,
E06000021,Physical,Unknown,2024-06-01/P1M,197,,,
E06000021,Physical,Unknown,2024-07-01/P1M,221,,,
E06000021,Physical,Unknown,2024-08-01/P1M,202,,,
E06000021,Physical,Unknown,2024-09-01/P1M,189,,,
E06000021,Physical,Unknown,2024-10-01/P1M,226,,,
E06000021,Physical,Unknown,2024-11-01/P1M,213,,,
E06000021,Physical,Unknown,2024-12-01/P1M,177,,,
E06000021,Physical,Unknown,2025-01-01/P1M,265,,,
E06000021,Physical,Unknown,2025-02-01/P1M,208,,,
E06000021,Physical,Unknown,2025-03-01/P1M,218,,,
E06000021,Physical,Adult,2024-04-01/P1Y,0,,,
E06000021,Physical,Under 12,2024-04-01/P1Y,0,,,
E06000021,Physical,12-17,2024-04-01/P1Y,0,,,
E06000021,Physical,All ages,2024-04-01/P1Y,0,,,
E06000021,Digital,Unknown,2024-04-01/P1Y,0,,,
E06000021,Digital,Adult,2024-04-01/P1Y,0,,,
E06000021,Digital,Under 12,2024-04-01/P1Y,0,,,
E06000021,Digital,12-17,2024-04-01/P1Y,0,,,
E06000021,Digital,All ages,2024-04-01/P1Y,0,,,
E08000024,Physical,Adult,2024-04-01/P1M,7,,,
E08000024,Physical,Adult,2024-05-01/P1M,5,,,
E08000024,Physical,Adult,2024-06-01/P1M,5,,,
E08000024,Physical,Adult,2024-07-01/P1M,6,,,
E08000024,Physical,Adult,2024-08-01/P1M,13,,,
E08000024,Physical,Adult,2024-09-01/P1M,26,,,
E08000024,Physical,Adult,2024-10-01/P1M,26,,,
E08000024,Physical,Adult,2024-11-01/P1M,32,,,
E08000024,Physical,Adult,2024-12-01/P1M,15,,,
E08000024,Physical,Adult,2025-01-01/P1M,13,,,
E08000024,Physical,Adult,2025-02-01/P1M,20,,,
E08000024,Physical,Adult,2025-03-01/P1M,11,,,
E08000024,Physical,Under 12,2024-04-01/P1M,19,,,
E08000024,Physical,Under 12,2024-05-01/P1M,13,,,
E08000024,Physical,Under 12,2024-06-01/P1M,12,,,
E08000024,Physical,Under 12,2024-07-01/P1M,13,,,
E08000024,Physical,Under 12,2024-08-01/P1M,51,,,
E08000024,Physical,Under 12,2024-09-01/P1M,19,,,
E08000024,Physical,Under 12,2024-10-01/P1M,35,,,
E08000024,Physical,Under 12,2024-11-01/P1M,35,,,
E08000024,Physical,Under 12,2024-12-01/P1M,27,,,
E08000024,Physical,Under 12,2025-01-01/P1M,25,,,
E08000024,Physical,Under 12,2025-02-01/P1M,25,,,
E08000024,Physical,Under 12,2025-03-01/P1M,21,,,
E08000024,Physical,12-17,2024-04-01/P1Y,0,,,
E08000024,Physical,All ages,2024-04-01/P1Y,0,,,
E08000024,Digital,Unknown,2024-04-01/P1Y,0,,,
E08000024,Digital,Adult,2024-04-01/P1Y,0,,,
E08000024,Digital,Under 12,2024-04-01/P1Y,0,,,
E08000024,Digital,12-17,2024-04-01/P1Y,0,,,
E08000024,Digital,All ages,2024-04-01/P1Y,0,,,
E10000030,Physical,Adult,2024-04-01/P1M,153,,,
E10000030,Physical,Adult,2024-05-01/P1M,199,,,
E10000030,Physical,Adult,2024-06-01/P1M,150,,,
E10000030,Physical,Adult,2024-07-01/P1M,135,,,
E10000030,Physical,Adult,2024-08-01/P1M,117,,,
E10000030,Physical,Adult,2024-09-01/P1M,138,,,
E10000030,Physical,Adult,2024-10-01/P1M,197,,,
E10000030,Physical,Adult,2024-11-01/P1M,206,,,
E10000030,Physical,Adult,2024-12-01/P1M,155,,,
E10000030,Physical,Adult,2025-01-01/P1M,204,,,
E10000030,Physical,Adult,2025-02-01/P1M,188,,,
E10000030,Physical,Adult,2025-03-01/P1M,173,,,
E10000030,Physical,Under 12,2024-04-01/P1M,578,,,
E10000030,Physical,Under 12,2024-05-01/P1M,598,,,
E10000030,Physical,Under 12,2024-06-01/P1M,613,,,
E10000030,Physical,Under 12,2024-07-01/P1M,701,,,
E10000030,Physical,Under 12,2024-08-01/P1M,698,,,
E10000030,Physical,Under 12,2024-09-01/P1M,534,,,
E10000030,Physical,Under 12,2024-10-01/P1M,697,,,
E10000030,Physical,Under 12,2024-11-01/P1M,632,,,
E10000030,Physical,Under 12,2024-12-01/P1M,522,,,
E10000030,Physical,Under 12,2025-01-01/P1M,656,,,
E10000030,Physical,Under 12,2025-02-01/P1M,744,,,
E10000030,Physical,Under 12,2025-03-01/P1M,750,,,
E10000030,Physical,12-17,2024-04-01/P1M,9,,,
E10000030,Physical,12-17,2024-05-01/P1M,6,,,
E10000030,Physical,12-17,2024-06-01/P1M,8,,,
E10000030,Physical,12-17,2024-07-01/P1M,7,,,
E10000030,Physical,12-17,2024-08-01/P1M,9,,,
E10000030,Physical,12-17,2024-09-01/P1M,5,,,
E10000030,Physical,12-17,2024-10-01/P1M,11,,,
E10000030,Physical,12-17,2024-11-01/P1M,7,,,
E10000030,Physical,12-17,2024-12-01/P1M,10,,,
E10000030,Physical,12-17,2025-01-01/P1M,9,,,
E10000030,Physical,12-17,2025-02-01/P1M,10,,,
E10000030,Physical,12-17,2025-03-01/P1M,17,,,
E10000030,Physical,All ages,2024-04-01/P1M,230,,,
E10000030,Physical,All ages,2024-05-01/P1M,205,,,
E10000030,Physical,All ages,2024-06-01/P1M,220,,,
E10000030,Physical,All ages,2024-07-01/P1M,210,,,
E10000030,Physical,All ages,2024-08-01/P1M,252,,,
E10000030,Physical,All ages,2024-09-01/P1M,209,,,
E10000030,Physical,All ages,2024-10-01/P1M,292,,,
E10000030,Physical,All ages,2024-11-01/P1M,220,,,
E10000030,Physical,All ages,2024-12-01/P1M,180,,,
E10000030,Physical,All ages,2025-01-01/P1M,226,,,
E10000030,Physical,All ages,2025-02-01/P1M,270,,,
E10000030,Physical,All ages,2025-03-01/P1M,308,,,
E10000030,Digital,Unknown,2024-04-01/P1Y,0,,,
E10000030,Digital,Adult,2024-04-01/P1Y,0,,,
E10000030,Digital,Under 12,2024-04-01/P1Y,0,,,
E10000030,Digital,12-17,2024-04-01/P1Y,0,,,
E10000030,Digital,All ages,2024-04-01/P1Y,0,,,
E09000029,Physical,Adult,2024-04-01/P1M,44,,,
E09000029,Physical,Adult,2024-05-01/P1M,41,,,
E09000029,Physical,Adult,2024-06-01/P1M,49,,,
E09000029,Physical,Adult,2024-07-01/P1M,36,,,
E09000029,Physical,Adult,2024-08-01/P1M,18,,,
E09000029,Physical,Adult,2024-09-01/P1M,46,,,
E09000029,Physical,Adult,2024-10-01/P1M,44,,,
E09000029,Physical,Adult,2024-11-01/P1M,45,,,
E09000029,Physical,Adult,2024-12-01/P1M,33,,,
E09000029,Physical,Adult,2025-01-01/P1M,42,,,
E09000029,Physical,Adult,2025-02-01/P1M,39,,,
E09000029,Physical,Adult,2025-03-01/P1M,41,,,
E09000029,Physical,Under 12,2024-04-01/P1M,28,,,
E09000029,Physical,Under 12,2024-05-01/P1M,25,,,
E09000029,Physical,Under 12,2024-06-01/P1M,22,,,
E09000029,Physical,Under 12,2024-07-01/P1M,31,,,
E09000029,Physical,Under 12,2024-08-01/P1M,23,,,
E09000029,Physical,Under 12,2024-09-01/P1M,17,,,
E09000029,Physical,Under 12,2024-10-01/P1M,46,,,
E09000029,Physical,Under 12,2024-11-01/P1M,24,,,
E09000029,Physical,Under 12,2024-12-01/P1M,16,,,
E09000029,Physical,Under 12,2025-01-01/P1M,18,,,
E09000029,Physical,Under 12,2025-02-01/P1M,23,,,
E09000029,Physical,Under 12,2025-03-01/P1M,21,,,
E09000029,Physical,12-17,2024-04-01/P1Y,0,,,
E09000029,Physical,All ages,2024-04-01/P1Y,0,,,
E09000029,Digital,Unknown,2024-04-01/P1Y,0,,,
E09000029,Digital,Adult,2024-04-01/P1Y,0,,,
E09000029,Digital,Under 12,2024-04-01/P1Y,0,,,
E09000029,Digital,12-17,2024-04-01/P1Y,0,,,
E09000029,Digital,All ages,2024-04-01/P1Y,0,,,
E08000008,Physical,Adult,2024-04-01/P1M,58,,,
E08000008,Physical,Adult,2024-05-01/P1M,66,,,
E08000008,Physical,Adult,2024-06-01/P1M,62,,,
E08000008,Physical,Adult,2024-07-01/P1M,62,,,
E08000008,Physical,Adult,2024-08-01/P1M,65,,,
E08000008,Physical,Adult,2024-09-01/P1M,65,,,
E08000008,Physical,Adult,2024-10-01/P1M,69,,,
E08000008,Physical,Adult,2024-11-01/P1M,65,,,
E08000008,Physical,Adult,2024-12-01/P1M,54,,,
E08000008,Physical,Adult,2025-01-01/P1M,81,,,
E08000008,Physical,Adult,2025-02-01/P1M,65,,,
E08000008,Physical,Adult,2025-03-01/P1M,63,,,
E08000008,Physical,Under 12,2024-04-01/P1M,75,,,
E08000008,Physical,Under 12,2024-05-01/P1M,58,,,
E08000008,Physical,Under 12,2024-06-01/P1M,49,,,
E08000008,Physical,Under 12,2024-07-01/P1M,52,,,
E08000008,Physical,Under 12,2024-08-01/P1M,58,,,
E08000008,Physical,Under 12,2024-09-01/P1M,45,,,
E08000008,Physical,Under 12,2024-10-01/P1M,75,,,
E08000008,Physical,Under 12,2024-11-01/P1M,65,,,
E08000008,Physical,Under 12,2024-12-01/P1M,50,,,
E08000008,Physical,Under 12,2025-01-01/P1M,62,,,
E08000008,Physical,Under 12,2025-02-01/P1M,69,,,
E08000008,Physical,Under 12,2025-03-01/P1M,57,,,
E08000008,Physical,12-17,2024-04-01/P1M,0,,,
E08000008,Physical,12-17,2024-05-01/P1M,0,,,
E08000008,Physical,12-17,2024-06-01/P1M,0,,,
E08000008,Physical,12-17,2024-07-01/P1M,0,,,
E08000008,Physical,12-17,2024-08-01/P1M,0,,,
E08000008,Physical,12-17,2024-09-01/P1M,1,,,
E08000008,Physical,12-17,2024-10-01/P1M,1,,,
E08000008,Physical,12-17,2024-11-01/P1M,1,,,
E08000008,Physical,12-17,2024-12-01/P1M,1,,,
E08000008,Physical,12-17,2025-01-01/P1M,0,,,
E08000008,Physical,12-17,2025-02-01/P1M,1,,,
E08000008,Physical,12-17,2025-03-01/P1M,0,,,
E08000008,Physical,All ages,2024-04-01/P1M,1,,,
E08000008,Physical,All ages,2024-05-01/P1M,2,,,
E08000008,Physical,All ages,2024-06-01/P1M,6,,,
E08000008,Physical,All ages,2024-07-01/P1M,0,,,
E08000008,Physical,All ages,2024-08-01/P1M,2,,,
E08000008,Physical,All ages,2024-09-01/P1M,0,,,
E08000008,Physical,All ages,2024-10-01/P1M,1,,,
E08000008,Physical,All ages,2024-11-01/P1M,0,,,
E08000008,Physical,All ages,2024-12-01/P1M,0,,,
E08000008,Physical,All ages,2025-01-01/P1M,0,,,
E08000008,Physical,All ages,2025-02-01/P1M,0,,,
E08000008,Physical,All ages,2025-03-01/P1M,0,,,
E08000008,Digital,Adult,2024-04-01/P1Y,0,,,
E08000008,Digital,Under 12,2024-04-01/P1M,4,,,
E08000008,Digital,Under 12,2024-05-01/P1M,2,,,
E08000008,Digital,Under 12,2024-06-01/P1M,0,,,
E08000008,Digital,Under 12,2024-07-01/P1M,1,,,
E08000008,Digital,Under 12,2024-08-01/P1M,0,,,
E08000008,Digital,Under 12,2024-09-01/P1M,0,,,
E08000008,Digital,Under 12,2024-10-01/P1M,4,,,
E08000008,Digital,Under 12,2024-11-01/P1M,4,,,
E08000008,Digital,Under 12,2024-12-01/P1M,3,,,
E08000008,Digital,Under 12,2025-01-01/P1M,4,,,
E08000008,Digital,Under 12,2025-02-01/P1M,4,,,
E08000008,Digital,Under 12,2025-03-01/P1M,4,,,
E08000008,Digital,12-17,2024-04-01/P1Y,0,,,
E08000008,Digital,All ages,2024-04-01/P1Y,0,,,
E06000020,Physical,Adult,2024-04-01/P1Y,0,,,
E06000020,Physical,Under 12,2024-04-01/P1M,15,,,
E06000020,Physical,Under 12,2024-05-01/P1M,16,,,
E06000020,Physical,Under 12,2024-06-01/P1M,21,,,
E06000020,Physical,Under 12,2024-07-01/P1M,21,,,
E06000020,Physical,Under 12,2024-08-01/P1M,20,,,
E06000020,Physical,Under 12,2024-09-01/P1M,14,,,
E06000020,Physical,Under 12,2024-10-01/P1M,20,,,
E06000020,Physical,Under 12,2024-11-01/P1M,22,,,
E06000020,Physical,Under 12,2024-12-01/P1M,13,,,
E06000020,Physical,Under 12,2025-01-01/P1M,14,,,
E06000020,Physical,Under 12,2025-02-01/P1M,18,,,
E06000020,Physical,Under 12,2025-03-01/P1M,22,,,
E06000020,Physical,12-17,2024-04-01/P1Y,0,,,
E06000020,Physical,All ages,2024-04-01/P1Y,0,,,
E06000020,Digital,Unknown,2024-04-01/P1Y,0,,,
E06000020,Digital,Adult,2024-04-01/P1Y,0,,,
E06000020,Digital,Under 12,2024-04-01/P1Y,0,,,
E06000020,Digital,12-17,2024-04-01/P1Y,0,,,
E06000020,Digital,All ages,2024-04-01/P1Y,0,,,
E06000034,Physical,Unknown,2024-04-01/P1Y,3140,,,
E06000034,Physical,Adult,2024-04-01/P1Y,0,,,
E06000034,Physical,Under 12,2024-04-01/P1Y,0,,,
E06000034,Physical,12-17,2024-04-01/P1Y,0,,,
E06000034,Physical,All ages,2024-04-01/P1Y,0,,,
E06000034,Digital,Unknown,2024-04-01/P1Y,0,,,
E06000034,Digital,Adult,2024-04-01/P1Y,0,,,
E06000034,Digital,Under 12,2024-04-01/P1Y,0,,,
E06000034,Digital,12-17,2024-04-01/P1Y,0,,,
E06000034,Digital,All ages,2024-04-01/P1Y,0,,,
E06000027,Physical,Adult,2024-04-01/P1M,36,,,
E06000027,Physical,Adult,2024-05-01/P1M,65,,,
E06000027,Physical,Adult,2024-06-01/P1M,77,,,
E06000027,Physical,Adult,2024-07-01/P1M,57,,,
E06000027,Physical,Adult,2024-08-01/P1M,57,,,
E06000027,Physical,Adult,2024-09-01/P1M,45,,,
E06000027,Physical,Adult,2024-10-01/P1M,54,,,
E06000027,Physical,Adult,2024-11-01/P1M,50,,,
E06000027,Physical,Adult,2024-12-01/P1M,38,,,
E06000027,Physical,Adult,2025-01-01/P1M,42,,,
E06000027,Physical,Adult,2025-02-01/P1M,61,,,
E06000027,Physical,Adult,2025-03-01/P1M,72,,,
E06000027,Physical,Under 12,2024-04-01/P1M,41,,,
E06000027,Physical,Under 12,2024-05-01/P1M,50,,,
E06000027,Physical,Under 12,2024-06-01/P1M,49,,,
E06000027,Physical,Under 12,2024-07-01/P1M,65,,,
E06000027,Physical,Under 12,2024-08-01/P1M,50,,,
E06000027,Physical,Under 12,2024-09-01/P1M,54,,,
E06000027,Physical,Under 12,2024-10-01/P1M,70,,,
E06000027,Physical,Under 12,2024-11-01/P1M,66,,,
E06000027,Physical,Under 12,2024-12-01/P1M,60,,,
E06000027,Physical,Under 12,2025-01-01/P1M,48,,,
E06000027,Physical,Under 12,2025-02-01/P1M,65,,,
E06000027,Physical,Under 12,2025-03-01/P1M,73,,,
E06000027,Physical,12-17,2024-04-01/P1M,2,,,
E06000027,Physical,12-17,2024-05-01/P1M,0,,,
E06000027,Physical,12-17,2024-06-01/P1M,0,,,
E06000027,Physical,12-17,2024-07-01/P1M,2,,,
E06000027,Physical,12-17,2024-08-01/P1M,0,,,
E06000027,Physical,12-17,2024-09-01/P1M,3,,,
E06000027,Physical,12-17,2024-10-01/P1M,0,,,
E06000027,Physical,12-17,2024-11-01/P1M,0,,,
E06000027,Physical,12-17,2024-12-01/P1M,0,,,
E06000027,Physical,12-17,2025-01-01/P1M,1,,,
E06000027,Physical,12-17,2025-02-01/P1M,0,,,
E06000027,Physical,12-17,2025-03-01/P1M,1,,,
E06000027,Physical,All ages,2024-04-01/P1M,48,,,
E06000027,Physical,All ages,2024-05-01/P1M,18,,,
E06000027,Physical,All ages,2024-06-01/P1M,23,,,
E06000027,Physical,All ages,2024-07-01/P1M,17,,,
E06000027,Physical,All ages,2024-08-01/P1M,43,,,
E06000027,Physical,All ages,2024-09-01/P1M,31,,,
E06000027,Physical,All ages,2024-10-01/P1M,37,,,
E06000027,Physical,All ages,2024-11-01/P1M,27,,,
E06000027,Physical,All ages,2024-12-01/P1M,28,,,
E06000027,Physical,All ages,2025-01-01/P1M,35,,,
E06000027,Physical,All ages,2025-02-01/P1M,38,,,
E06000027,Physical,All ages,2025-03-01/P1M,22,,,
E06000027,Digital,Unknown,2024-04-01/P1Y,0,,,
E06000027,Digital,Adult,2024-04-01/P1Y,0,,,
E06000027,Digital,Under 12,2024-04-01/P1Y,0,,,
E06000027,Digital,12-17,2024-04-01/P1Y,0,,,
E06000027,Digital,All ages,2024-04-01/P1Y,0,,,
E09000030,Physical,Adult,2024-04-01/P1M,16,,suspicious,"Source audit: total_physical_events: 2023/2024: 15,950; 2024/2025: 601 (0.04 times; -96.2%). Check units, collection scope and completeness; a change alone does not prove error. Values retained as reported pending source confirmation."
E09000030,Physical,Adult,2024-05-01/P1M,15,,suspicious,"Source audit: total_physical_events: 2023/2024: 15,950; 2024/2025: 601 (0.04 times; -96.2%). Check units, collection scope and completeness; a change alone does not prove error. Values retained as reported pending source confirmation."
E09000030,Physical,Adult,2024-06-01/P1M,15,,suspicious,"Source audit: total_physical_events: 2023/2024: 15,950; 2024/2025: 601 (0.04 times; -96.2%). Check units, collection scope and completeness; a change alone does not prove error. Values retained as reported pending source confirmation."
E09000030,Physical,Adult,2024-07-01/P1M,16,,suspicious,"Source audit: total_physical_events: 2023/2024: 15,950; 2024/2025: 601 (0.04 times; -96.2%). Check units, collection scope and completeness; a change alone does not prove error. Values retained as reported pending source confirmation."
E09000030,Physical,Adult,2024-08-01/P1M,15,,suspicious,"Source audit: total_physical_events: 2023/2024: 15,950; 2024/2025: 601 (0.04 times; -96.2%). Check units, collection scope and completeness; a change alone does not prove error. Values retained as reported pending source confirmation."
E09000030,Physical,Adult,2024-09-01/P1M,15,,suspicious,"Source audit: total_physical_events: 2023/2024: 15,950; 2024/2025: 601 (0.04 times; -96.2%). Check units, collection scope and completeness; a change alone does not prove error. Values retained as reported pending source confirmation."
E09000030,Physical,Adult,2024-10-01/P1M,19,,suspicious,"Source audit: total_physical_events: 2023/2024: 15,950; 2024/2025: 601 (0.04 times; -96.2%). Check units, collection scope and completeness; a change alone does not prove error. Values retained as reported pending source confirmation."
E09000030,Physical,Adult,2024-11-01/P1M,45,,suspicious,"Source audit: total_physical_events: 2023/2024: 15,950; 2024/2025: 601 (0.04 times; -96.2%). Check units, collection scope and completeness; a change alone does not prove error. Values retained as reported pending source confirmation."
E09000030,Physical,Adult,2024-12-01/P1M,17,,suspicious,"Source audit: total_physical_events: 2023/2024: 15,950; 2024/2025: 601 (0.04 times; -96.2%). Check units, collection scope and completeness; a change alone does not prove error. Values retained as reported pending source confirmation."
E09000030,Physical,Adult,2025-01-01/P1M,16,,suspicious,"Source audit: total_physical_events: 2023/2024: 15,950; 2024/2025: 601 (0.04 times; -96.2%). Check units, collection scope and completeness; a change alone does not prove error. Values retained as reported pending source confirmation."
E09000030,Physical,Adult,2025-02-01/P1M,17,,suspicious,"Source audit: total_physical_events: 2023/2024: 15,950; 2024/2025: 601 (0.04 times; -96.2%). Check units, collection scope and completeness; a change alone does not prove error. Values retained as reported pending source confirmation."
E09000030,Physical,Adult,2025-03-01/P1M,17,,suspicious,"Source audit: total_physical_events: 2023/2024: 15,950; 2024/2025: 601 (0.04 times; -96.2%). Check units, collection scope and completeness; a change alone does not prove error. Values retained as reported pending source confirmation."
E09000030,Physical,Under 12,2024-04-01/P1M,30,,suspicious,"Source audit: total_physical_events: 2023/2024: 15,950; 2024/2025: 601 (0.04 times; -96.2%). Check units, collection scope and completeness; a change alone does not prove error. Values retained as reported pending source confirmation."
E09000030,Physical,Under 12,2024-05-01/P1M,33,,suspicious,"Source audit: total_physical_events: 2023/2024: 15,950; 2024/2025: 601 (0.04 times; -96.2%). Check units, collection scope and completeness; a change alone does not prove error. Values retained as reported pending source confirmation."
E09000030,Physical,Under 12,2024-06-01/P1M,24,,suspicious,"Source audit: total_physical_events: 2023/2024: 15,950; 2024/2025: 601 (0.04 times; -96.2%). Check units, collection scope and completeness; a change alone does not prove error. Values retained as reported pending source confirmation."
E09000030,Physical,Under 12,2024-07-01/P1M,36,,suspicious,"Source audit: total_physical_events: 2023/2024: 15,950; 2024/2025: 601 (0.04 times; -96.2%). Check units, collection scope and completeness; a change alone does not prove error. Values retained as reported pending source confirmation."
E09000030,Physical,Under 12,2024-08-01/P1M,49,,suspicious,"Source audit: total_physical_events: 2023/2024: 15,950; 2024/2025: 601 (0.04 times; -96.2%). Check units, collection scope and completeness; a change alone does not prove error. Values retained as reported pending source confirmation."
E09000030,Physical,Under 12,2024-09-01/P1M,21,,suspicious,"Source audit: total_physical_events: 2023/2024: 15,950; 2024/2025: 601 (0.04 times; -96.2%). Check units, collection scope and completeness; a change alone does not prove error. Values retained as reported pending source confirmation."
E09000030,Physical,Under 12,2024-10-01/P1M,38,,suspicious,"Source audit: total_physical_events: 2023/2024: 15,950; 2024/2025: 601 (0.04 times; -96.2%). Check units, collection scope and completeness; a change alone does not prove error. Values retained as reported pending source confirmation."
E09000030,Physical,Under 12,2024-11-01/P1M,26,,suspicious,"Source audit: total_physical_events: 2023/2024: 15,950; 2024/2025: 601 (0.04 times; -96.2%). Check units, collection scope and completeness; a change alone does not prove error. Values retained as reported pending source confirmation."
E09000030,Physical,Under 12,2024-12-01/P1M,31,,suspicious,"Source audit: total_physical_events: 2023/2024: 15,950; 2024/2025: 601 (0.04 times; -96.2%). Check units, collection scope and completeness; a change alone does not prove error. Values retained as reported pending source confirmation."
E09000030,Physical,Under 12,2025-01-01/P1M,32,,suspicious,"Source audit: total_physical_events: 2023/2024: 15,950; 2024/2025: 601 (0.04 times; -96.2%). Check units, collection scope and completeness; a change alone does not prove error. Values retained as reported pending source confirmation."
E09000030,Physical,Under 12,2025-02-01/P1M,34,,suspicious,"Source audit: total_physical_events: 2023/2024: 15,950; 2024/2025: 601 (0.04 times; -96.2%). Check units, collection scope and completeness; a change alone does not prove error. Values retained as reported pending source confirmation."
E09000030,Physical,Under 12,2025-03-01/P1M,36,,suspicious,"Source audit: total_physical_events: 2023/2024: 15,950; 2024/2025: 601 (0.04 times; -96.2%). Check units, collection scope and completeness; a change alone does not prove error. Values retained as reported pending source confirmation."
E09000030,Physical,12-17,2024-04-01/P1Y,0,,suspicious,"Source audit: total_physical_events: 2023/2024: 15,950; 2024/2025: 601 (0.04 times; -96.2%). Check units, collection scope and completeness; a change alone does not prove error. Values retained as reported pending source confirmation."
E09000030,Physical,All ages,2024-04-01/P1Y,0,,suspicious,"Source audit: total_physical_events: 2023/2024: 15,950; 2024/2025: 601 (0.04 times; -96.2%). Check units, collection scope and completeness; a change alone does not prove error. Values retained as reported pending source confirmation."
E09000030,Digital,Adult,2024-04-01/P1Y,15,,,
E09000030,Digital,Under 12,2024-04-01/P1Y,1,,,
E09000030,Digital,12-17,2024-04-01/P1Y,0,,,
E09000030,Digital,All ages,2024-04-01/P1Y,0,,,
E08000009,Physical,Unknown,2024-04-01/P1M,457,,,
E08000009,Physical,Unknown,2024-05-01/P1M,459,,,
E08000009,Physical,Unknown,2024-06-01/P1M,448,,,
E08000009,Physical,Unknown,2024-07-01/P1M,462,,,
E08000009,Physical,Unknown,2024-08-01/P1M,458,,,
E08000009,Physical,Unknown,2024-09-01/P1M,435,,,
E08000009,Physical,Unknown,2024-10-01/P1M,478,,,
E08000009,Physical,Unknown,2024-11-01/P1M,456,,,
E08000009,Physical,Unknown,2024-12-01/P1M,432,,,
E08000009,Physical,Unknown,2025-01-01/P1M,470,,,
E08000009,Physical,Unknown,2025-02-01/P1M,509,,,
E08000009,Physical,Unknown,2025-03-01/P1M,469,,,
E08000009,Physical,Adult,2024-04-01/P1Y,0,,,
E08000009,Physical,Under 12,2024-04-01/P1Y,0,,,
E08000009,Physical,12-17,2024-04-01/P1Y,0,,,
E08000009,Physical,All ages,2024-04-01/P1Y,0,,,
E08000009,Digital,Unknown,2024-04-01/P1Y,0,,,
E08000009,Digital,Adult,2024-04-01/P1Y,0,,,
E08000009,Digital,Under 12,2024-04-01/P1Y,0,,,
E08000009,Digital,12-17,2024-04-01/P1Y,0,,,
E08000009,Digital,All ages,2024-04-01/P1Y,0,,,
E08000036,Physical,Adult,2024-04-01/P1M,445,,suspicious,"Source audit: total_physical_events: Annual: reported total 8,541; category sum 17,082; difference -8,541. Categories exceed total; check duplication, scope and reporting frequency. Event audiences may overlap. Values retained as reported pending source confirmation."
E08000036,Physical,Adult,2024-05-01/P1M,427,,suspicious,"Source audit: total_physical_events: Annual: reported total 8,541; category sum 17,082; difference -8,541. Categories exceed total; check duplication, scope and reporting frequency. Event audiences may overlap. Values retained as reported pending source confirmation."
E08000036,Physical,Adult,2024-06-01/P1M,418,,suspicious,"Source audit: total_physical_events: Annual: reported total 8,541; category sum 17,082; difference -8,541. Categories exceed total; check duplication, scope and reporting frequency. Event audiences may overlap. Values retained as reported pending source confirmation."
E08000036,Physical,Adult,2024-07-01/P1M,434,,suspicious,"Source audit: total_physical_events: Annual: reported total 8,541; category sum 17,082; difference -8,541. Categories exceed total; check duplication, scope and reporting frequency. Event audiences may overlap. Values retained as reported pending source confirmation."
E08000036,Physical,Adult,2024-08-01/P1M,366,,suspicious,"Source audit: total_physical_events: Annual: reported total 8,541; category sum 17,082; difference -8,541. Categories exceed total; check duplication, scope and reporting frequency. Event audiences may overlap. Values retained as reported pending source confirmation."
E08000036,Physical,Adult,2024-09-01/P1M,424,,suspicious,"Source audit: total_physical_events: Annual: reported total 8,541; category sum 17,082; difference -8,541. Categories exceed total; check duplication, scope and reporting frequency. Event audiences may overlap. Values retained as reported pending source confirmation."
E08000036,Physical,Adult,2024-10-01/P1M,491,,suspicious,"Source audit: total_physical_events: Annual: reported total 8,541; category sum 17,082; difference -8,541. Categories exceed total; check duplication, scope and reporting frequency. Event audiences may overlap. Values retained as reported pending source confirmation."
E08000036,Physical,Adult,2024-11-01/P1M,489,,suspicious,"Source audit: total_physical_events: Annual: reported total 8,541; category sum 17,082; difference -8,541. Categories exceed total; check duplication, scope and reporting frequency. Event audiences may overlap. Values retained as reported pending source confirmation."
E08000036,Physical,Adult,2024-12-01/P1M,324,,suspicious,"Source audit: total_physical_events: Annual: reported total 8,541; category sum 17,082; difference -8,541. Categories exceed total; check duplication, scope and reporting frequency. Event audiences may overlap. Values retained as reported pending source confirmation."
E08000036,Physical,Adult,2025-01-01/P1M,477,,suspicious,"Source audit: total_physical_events: Annual: reported total 8,541; category sum 17,082; difference -8,541. Categories exceed total; check duplication, scope and reporting frequency. Event audiences may overlap. Values retained as reported pending source confirmation."
E08000036,Physical,Adult,2025-02-01/P1M,528,,suspicious,"Source audit: total_physical_events: Annual: reported total 8,541; category sum 17,082; difference -8,541. Categories exceed total; check duplication, scope and reporting frequency. Event audiences may overlap. Values retained as reported pending source confirmation."
E08000036,Physical,Adult,2025-03-01/P1M,537,,suspicious,"Source audit: total_physical_events: Annual: reported total 8,541; category sum 17,082; difference -8,541. Categories exceed total; check duplication, scope and reporting frequency. Event audiences may overlap. Values retained as reported pending source confirmation."
E08000036,Physical,Under 12,2024-04-01/P1M,224,,suspicious,"Source audit: total_physical_events: Annual: reported total 8,541; category sum 17,082; difference -8,541. Categories exceed total; check duplication, scope and reporting frequency. Event audiences may overlap. Values retained as reported pending source confirmation."
E08000036,Physical,Under 12,2024-05-01/P1M,243,,suspicious,"Source audit: total_physical_events: Annual: reported total 8,541; category sum 17,082; difference -8,541. Categories exceed total; check duplication, scope and reporting frequency. Event audiences may overlap. Values retained as reported pending source confirmation."
E08000036,Physical,Under 12,2024-06-01/P1M,217,,suspicious,"Source audit: total_physical_events: Annual: reported total 8,541; category sum 17,082; difference -8,541. Categories exceed total; check duplication, scope and reporting frequency. Event audiences may overlap. Values retained as reported pending source confirmation."
E08000036,Physical,Under 12,2024-07-01/P1M,277,,suspicious,"Source audit: total_physical_events: Annual: reported total 8,541; category sum 17,082; difference -8,541. Categories exceed total; check duplication, scope and reporting frequency. Event audiences may overlap. Values retained as reported pending source confirmation."
E08000036,Physical,Under 12,2024-08-01/P1M,337,,suspicious,"Source audit: total_physical_events: Annual: reported total 8,541; category sum 17,082; difference -8,541. Categories exceed total; check duplication, scope and reporting frequency. Event audiences may overlap. Values retained as reported pending source confirmation."
E08000036,Physical,Under 12,2024-09-01/P1M,215,,suspicious,"Source audit: total_physical_events: Annual: reported total 8,541; category sum 17,082; difference -8,541. Categories exceed total; check duplication, scope and reporting frequency. Event audiences may overlap. Values retained as reported pending source confirmation."
E08000036,Physical,Under 12,2024-10-01/P1M,291,,suspicious,"Source audit: total_physical_events: Annual: reported total 8,541; category sum 17,082; difference -8,541. Categories exceed total; check duplication, scope and reporting frequency. Event audiences may overlap. Values retained as reported pending source confirmation."
E08000036,Physical,Under 12,2024-11-01/P1M,273,,suspicious,"Source audit: total_physical_events: Annual: reported total 8,541; category sum 17,082; difference -8,541. Categories exceed total; check duplication, scope and reporting frequency. Event audiences may overlap. Values retained as reported pending source confirmation."
E08000036,Physical,Under 12,2024-12-01/P1M,186,,suspicious,"Source audit: total_physical_events: Annual: reported total 8,541; category sum 17,082; difference -8,541. Categories exceed total; check duplication, scope and reporting frequency. Event audiences may overlap. Values retained as reported pending source confirmation."
E08000036,Physical,Under 12,2025-01-01/P1M,253,,suspicious,"Source audit: total_physical_events: Annual: reported total 8,541; category sum 17,082; difference -8,541. Categories exceed total; check duplication, scope and reporting frequency. Event audiences may overlap. Values retained as reported pending source confirmation."
E08000036,Physical,Under 12,2025-02-01/P1M,357,,suspicious,"Source audit: total_physical_events: Annual: reported total 8,541; category sum 17,082; difference -8,541. Categories exceed total; check duplication, scope and reporting frequency. Event audiences may overlap. Values retained as reported pending source confirmation."
E08000036,Physical,Under 12,2025-03-01/P1M,288,,suspicious,"Source audit: total_physical_events: Annual: reported total 8,541; category sum 17,082; difference -8,541. Categories exceed total; check duplication, scope and reporting frequency. Event audiences may overlap. Values retained as reported pending source confirmation."
E08000036,Physical,12-17,2024-04-01/P1M,1,,suspicious,"Source audit: total_physical_events: Annual: reported total 8,541; category sum 17,082; difference -8,541. Categories exceed total; check duplication, scope and reporting frequency. Event audiences may overlap. Values retained as reported pending source confirmation."
E08000036,Physical,12-17,2024-05-01/P1M,1,,suspicious,"Source audit: total_physical_events: Annual: reported total 8,541; category sum 17,082; difference -8,541. Categories exceed total; check duplication, scope and reporting frequency. Event audiences may overlap. Values retained as reported pending source confirmation."
E08000036,Physical,12-17,2024-06-01/P1M,0,,suspicious,"Source audit: total_physical_events: Annual: reported total 8,541; category sum 17,082; difference -8,541. Categories exceed total; check duplication, scope and reporting frequency. Event audiences may overlap. Values retained as reported pending source confirmation."
E08000036,Physical,12-17,2024-07-01/P1M,0,,suspicious,"Source audit: total_physical_events: Annual: reported total 8,541; category sum 17,082; difference -8,541. Categories exceed total; check duplication, scope and reporting frequency. Event audiences may overlap. Values retained as reported pending source confirmation."
E08000036,Physical,12-17,2024-08-01/P1M,0,,suspicious,"Source audit: total_physical_events: Annual: reported total 8,541; category sum 17,082; difference -8,541. Categories exceed total; check duplication, scope and reporting frequency. Event audiences may overlap. Values retained as reported pending source confirmation."
E08000036,Physical,12-17,2024-09-01/P1M,1,,suspicious,"Source audit: total_physical_events: Annual: reported total 8,541; category sum 17,082; difference -8,541. Categories exceed total; check duplication, scope and reporting frequency. Event audiences may overlap. Values retained as reported pending source confirmation."
E08000036,Physical,12-17,2024-10-01/P1M,0,,suspicious,"Source audit: total_physical_events: Annual: reported total 8,541; category sum 17,082; difference -8,541. Categories exceed total; check duplication, scope and reporting frequency. Event audiences may overlap. Values retained as reported pending source confirmation."
E08000036,Physical,12-17,2024-11-01/P1M,0,,suspicious,"Source audit: total_physical_events: Annual: reported total 8,541; category sum 17,082; difference -8,541. Categories exceed total; check duplication, scope and reporting frequency. Event audiences may overlap. Values retained as reported pending source confirmation."
E08000036,Physical,12-17,2024-12-01/P1M,3,,suspicious,"Source audit: total_physical_events: Annual: reported total 8,541; category sum 17,082; difference -8,541. Categories exceed total; check duplication, scope and reporting frequency. Event audiences may overlap. Values retained as reported pending source confirmation."
E08000036,Physical,12-17,2025-01-01/P1M,5,,suspicious,"Source audit: total_physical_events: Annual: reported total 8,541; category sum 17,082; difference -8,541. Categories exceed total; check duplication, scope and reporting frequency. Event audiences may overlap. Values retained as reported pending source confirmation."
E08000036,Physical,12-17,2025-02-01/P1M,5,,suspicious,"Source audit: total_physical_events: Annual: reported total 8,541; category sum 17,082; difference -8,541. Categories exceed total; check duplication, scope and reporting frequency. Event audiences may overlap. Values retained as reported pending source confirmation."
E08000036,Physical,12-17,2025-03-01/P1M,4,,suspicious,"Source audit: total_physical_events: Annual: reported total 8,541; category sum 17,082; difference -8,541. Categories exceed total; check duplication, scope and reporting frequency. Event audiences may overlap. Values retained as reported pending source confirmation."
E08000036,Physical,All ages,2024-04-01/P1M,670,,suspicious,"Source audit: total_physical_events: Annual: reported total 8,541; category sum 17,082; difference -8,541. Categories exceed total; check duplication, scope and reporting frequency. Event audiences may overlap. Values retained as reported pending source confirmation."
E08000036,Physical,All ages,2024-05-01/P1M,671,,suspicious,"Source audit: total_physical_events: Annual: reported total 8,541; category sum 17,082; difference -8,541. Categories exceed total; check duplication, scope and reporting frequency. Event audiences may overlap. Values retained as reported pending source confirmation."
E08000036,Physical,All ages,2024-06-01/P1M,635,,suspicious,"Source audit: total_physical_events: Annual: reported total 8,541; category sum 17,082; difference -8,541. Categories exceed total; check duplication, scope and reporting frequency. Event audiences may overlap. Values retained as reported pending source confirmation."
E08000036,Physical,All ages,2024-07-01/P1M,711,,suspicious,"Source audit: total_physical_events: Annual: reported total 8,541; category sum 17,082; difference -8,541. Categories exceed total; check duplication, scope and reporting frequency. Event audiences may overlap. Values retained as reported pending source confirmation."
E08000036,Physical,All ages,2024-08-01/P1M,703,,suspicious,"Source audit: total_physical_events: Annual: reported total 8,541; category sum 17,082; difference -8,541. Categories exceed total; check duplication, scope and reporting frequency. Event audiences may overlap. Values retained as reported pending source confirmation."
E08000036,Physical,All ages,2024-09-01/P1M,640,,suspicious,"Source audit: total_physical_events: Annual: reported total 8,541; category sum 17,082; difference -8,541. Categories exceed total; check duplication, scope and reporting frequency. Event audiences may overlap. Values retained as reported pending source confirmation."
E08000036,Physical,All ages,2024-10-01/P1M,782,,suspicious,"Source audit: total_physical_events: Annual: reported total 8,541; category sum 17,082; difference -8,541. Categories exceed total; check duplication, scope and reporting frequency. Event audiences may overlap. Values retained as reported pending source confirmation."
E08000036,Physical,All ages,2024-11-01/P1M,762,,suspicious,"Source audit: total_physical_events: Annual: reported total 8,541; category sum 17,082; difference -8,541. Categories exceed total; check duplication, scope and reporting frequency. Event audiences may overlap. Values retained as reported pending source confirmation."
E08000036,Physical,All ages,2024-12-01/P1M,513,,suspicious,"Source audit: total_physical_events: Annual: reported total 8,541; category sum 17,082; difference -8,541. Categories exceed total; check duplication, scope and reporting frequency. Event audiences may overlap. Values retained as reported pending source confirmation."
E08000036,Physical,All ages,2025-01-01/P1M,735,,suspicious,"Source audit: total_physical_events: Annual: reported total 8,541; category sum 17,082; difference -8,541. Categories exceed total; check duplication, scope and reporting frequency. Event audiences may overlap. Values retained as reported pending source confirmation."
E08000036,Physical,All ages,2025-02-01/P1M,890,,suspicious,"Source audit: total_physical_events: Annual: reported total 8,541; category sum 17,082; difference -8,541. Categories exceed total; check duplication, scope and reporting frequency. Event audiences may overlap. Values retained as reported pending source confirmation."
E08000036,Physical,All ages,2025-03-01/P1M,829,,suspicious,"Source audit: total_physical_events: Annual: reported total 8,541; category sum 17,082; difference -8,541. Categories exceed total; check duplication, scope and reporting frequency. Event audiences may overlap. Values retained as reported pending source confirmation."
E08000036,Digital,Unknown,2024-04-01/P1Y,0,,,
E08000036,Digital,Adult,2024-04-01/P1Y,0,,,
E08000036,Digital,Under 12,2024-04-01/P1Y,0,,,
E08000036,Digital,12-17,2024-04-01/P1Y,0,,,
E08000036,Digital,All ages,2024-04-01/P1Y,0,,,
E08000030,Physical,Adult,2024-04-01/P1M,78,,,
E08000030,Physical,Adult,2024-05-01/P1M,77,,,
E08000030,Physical,Adult,2024-06-01/P1M,75,,,
E08000030,Physical,Adult,2024-07-01/P1M,73,,,
E08000030,Physical,Adult,2024-08-01/P1M,77,,,
E08000030,Physical,Adult,2024-09-01/P1M,74,,,
E08000030,Physical,Adult,2024-10-01/P1M,90,,,
E08000030,Physical,Adult,2024-11-01/P1M,82,,,
E08000030,Physical,Adult,2024-12-01/P1M,61,,,
E08000030,Physical,Adult,2025-01-01/P1M,73,,,
E08000030,Physical,Adult,2025-02-01/P1M,75,,,
E08000030,Physical,Adult,2025-03-01/P1M,79,,,
E08000030,Physical,Under 12,2024-04-01/P1M,74,,,
E08000030,Physical,Under 12,2024-05-01/P1M,96,,,
E08000030,Physical,Under 12,2024-06-01/P1M,113,,,
E08000030,Physical,Under 12,2024-07-01/P1M,90,,,
E08000030,Physical,Under 12,2024-08-01/P1M,50,,,
E08000030,Physical,Under 12,2024-09-01/P1M,70,,,
E08000030,Physical,Under 12,2024-10-01/P1M,98,,,
E08000030,Physical,Under 12,2024-11-01/P1M,112,,,
E08000030,Physical,Under 12,2024-12-01/P1M,65,,,
E08000030,Physical,Under 12,2025-01-01/P1M,94,,,
E08000030,Physical,Under 12,2025-02-01/P1M,81,,,
E08000030,Physical,Under 12,2025-03-01/P1M,100,,,
E08000030,Physical,12-17,2024-04-01/P1M,1,,,
E08000030,Physical,12-17,2024-05-01/P1M,1,,,
E08000030,Physical,12-17,2024-06-01/P1M,1,,,
E08000030,Physical,12-17,2024-07-01/P1M,1,,,
E08000030,Physical,12-17,2024-08-01/P1M,1,,,
E08000030,Physical,12-17,2024-09-01/P1M,1,,,
E08000030,Physical,12-17,2024-10-01/P1M,1,,,
E08000030,Physical,12-17,2024-11-01/P1M,2,,,
E08000030,Physical,12-17,2024-12-01/P1M,1,,,
E08000030,Physical,12-17,2025-01-01/P1M,1,,,
E08000030,Physical,12-17,2025-02-01/P1M,1,,,
E08000030,Physical,12-17,2025-03-01/P1M,1,,,
E08000030,Physical,All ages,2024-04-01/P1M,35,,,
E08000030,Physical,All ages,2024-05-01/P1M,31,,,
E08000030,Physical,All ages,2024-06-01/P1M,35,,,
E08000030,Physical,All ages,2024-07-01/P1M,33,,,
E08000030,Physical,All ages,2024-08-01/P1M,62,,,
E08000030,Physical,All ages,2024-09-01/P1M,23,,,
E08000030,Physical,All ages,2024-10-01/P1M,34,,,
E08000030,Physical,All ages,2024-11-01/P1M,26,,,
E08000030,Physical,All ages,2024-12-01/P1M,20,,,
E08000030,Physical,All ages,2025-01-01/P1M,25,,,
E08000030,Physical,All ages,2025-02-01/P1M,19,,,
E08000030,Physical,All ages,2025-03-01/P1M,27,,,
E08000030,Digital,Adult,2024-04-01/P1M,10,,,
E08000030,Digital,Adult,2024-05-01/P1M,8,,,
E08000030,Digital,Adult,2024-06-01/P1M,8,,,
E08000030,Digital,Adult,2024-07-01/P1M,7,,,
E08000030,Digital,Adult,2024-08-01/P1M,2,,,
E08000030,Digital,Adult,2024-09-01/P1M,5,,,
E08000030,Digital,Adult,2024-10-01/P1M,20,,,
E08000030,Digital,Adult,2024-11-01/P1M,14,,,
E08000030,Digital,Adult,2024-12-01/P1M,7,,,
E08000030,Digital,Adult,2025-01-01/P1M,12,,,
E08000030,Digital,Adult,2025-02-01/P1M,9,,,
E08000030,Digital,Adult,2025-03-01/P1M,21,,,
E08000030,Digital,Under 12,2024-04-01/P1Y,0,,,
E08000030,Digital,12-17,2024-04-01/P1Y,0,,,
E08000030,Digital,All ages,2024-04-01/P1Y,0,,,
E09000031,Physical,Adult,2024-04-01/P1M,167,,,
E09000031,Physical,Adult,2024-05-01/P1M,176,,,
E09000031,Physical,Adult,2024-06-01/P1M,167,,,
E09000031,Physical,Adult,2024-07-01/P1M,148,,,
E09000031,Physical,Adult,2024-08-01/P1M,149,,,
E09000031,Physical,Adult,2024-09-01/P1M,164,,,
E09000031,Physical,Adult,2024-10-01/P1M,162,,,
E09000031,Physical,Adult,2024-11-01/P1M,174,,,
E09000031,Physical,Adult,2024-12-01/P1M,158,,,
E09000031,Physical,Adult,2025-01-01/P1M,167,,,
E09000031,Physical,Adult,2025-02-01/P1M,147,,,
E09000031,Physical,Adult,2025-03-01/P1M,154,,,
E09000031,Physical,Under 12,2024-04-01/P1M,445,,,
E09000031,Physical,Under 12,2024-05-01/P1M,435,,,
E09000031,Physical,Under 12,2024-06-01/P1M,436,,,
E09000031,Physical,Under 12,2024-07-01/P1M,428,,,
E09000031,Physical,Under 12,2024-08-01/P1M,400,,,
E09000031,Physical,Under 12,2024-09-01/P1M,424,,,
E09000031,Physical,Under 12,2024-10-01/P1M,438,,,
E09000031,Physical,Under 12,2024-11-01/P1M,500,,,
E09000031,Physical,Under 12,2024-12-01/P1M,419,,,
E09000031,Physical,Under 12,2025-01-01/P1M,452,,,
E09000031,Physical,Under 12,2025-02-01/P1M,412,,,
E09000031,Physical,Under 12,2025-03-01/P1M,359,,,
E09000031,Physical,12-17,2024-04-01/P1M,2,,,
E09000031,Physical,12-17,2024-05-01/P1M,2,,,
E09000031,Physical,12-17,2024-06-01/P1M,2,,,
E09000031,Physical,12-17,2024-07-01/P1M,2,,,
E09000031,Physical,12-17,2024-08-01/P1M,2,,,
E09000031,Physical,12-17,2024-09-01/P1M,2,,,
E09000031,Physical,12-17,2024-10-01/P1M,2,,,
E09000031,Physical,12-17,2024-11-01/P1M,2,,,
E09000031,Physical,12-17,2024-12-01/P1M,2,,,
E09000031,Physical,12-17,2025-01-01/P1M,2,,,
E09000031,Physical,12-17,2025-02-01/P1M,2,,,
E09000031,Physical,12-17,2025-03-01/P1M,2,,,
E09000031,Physical,All ages,2024-04-01/P1Y,0,,,
E09000031,Digital,Unknown,2024-04-01/P1Y,0,,,
E09000031,Digital,Adult,2024-04-01/P1Y,0,,,
E09000031,Digital,Under 12,2024-04-01/P1Y,0,,,
E09000031,Digital,12-17,2024-04-01/P1Y,0,,,
E09000031,Digital,All ages,2024-04-01/P1Y,0,,,
E09000032,Physical,Adult,2024-04-01/P1M,140,,,
E09000032,Physical,Adult,2024-05-01/P1M,153,,,
E09000032,Physical,Adult,2024-06-01/P1M,139,,,
E09000032,Physical,Adult,2024-07-01/P1M,152,,,
E09000032,Physical,Adult,2024-08-01/P1M,121,,,
E09000032,Physical,Adult,2024-09-01/P1M,187,,,
E09000032,Physical,Adult,2024-10-01/P1M,168,,,
E09000032,Physical,Adult,2024-11-01/P1M,163,,,
E09000032,Physical,Adult,2024-12-01/P1M,116,,,
E09000032,Physical,Adult,2025-01-01/P1M,180,,,
E09000032,Physical,Adult,2025-02-01/P1M,171,,,
E09000032,Physical,Adult,2025-03-01/P1M,214,,,
E09000032,Physical,Under 12,2024-04-01/P1M,179,,,
E09000032,Physical,Under 12,2024-05-01/P1M,165,,,
E09000032,Physical,Under 12,2024-06-01/P1M,161,,,
E09000032,Physical,Under 12,2024-07-01/P1M,178,,,
E09000032,Physical,Under 12,2024-08-01/P1M,196,,,
E09000032,Physical,Under 12,2024-09-01/P1M,190,,,
E09000032,Physical,Under 12,2024-10-01/P1M,200,,,
E09000032,Physical,Under 12,2024-11-01/P1M,227,,,
E09000032,Physical,Under 12,2024-12-01/P1M,189,,,
E09000032,Physical,Under 12,2025-01-01/P1M,192,,,
E09000032,Physical,Under 12,2025-02-01/P1M,194,,,
E09000032,Physical,Under 12,2025-03-01/P1M,208,,,
E09000032,Physical,12-17,2024-04-01/P1M,87,,,
E09000032,Physical,12-17,2024-05-01/P1M,99,,,
E09000032,Physical,12-17,2024-06-01/P1M,135,,,
E09000032,Physical,12-17,2024-07-01/P1M,114,,,
E09000032,Physical,12-17,2024-08-01/P1M,135,,,
E09000032,Physical,12-17,2024-09-01/P1M,98,,,
E09000032,Physical,12-17,2024-10-01/P1M,124,,,
E09000032,Physical,12-17,2024-11-01/P1M,120,,,
E09000032,Physical,12-17,2024-12-01/P1M,95,,,
E09000032,Physical,12-17,2025-01-01/P1M,85,,,
E09000032,Physical,12-17,2025-02-01/P1M,122,,,
E09000032,Physical,12-17,2025-03-01/P1M,144,,,
E09000032,Physical,All ages,2024-04-01/P1Y,0,,,
E09000032,Digital,Unknown,2024-04-01/P1Y,0,,,
E09000032,Digital,Adult,2024-04-01/P1Y,0,,,
E09000032,Digital,Under 12,2024-04-01/P1Y,0,,,
E09000032,Digital,12-17,2024-04-01/P1Y,0,,,
E09000032,Digital,All ages,2024-04-01/P1Y,0,,,
E06000007,Physical,Unknown,2024-04-01/P3M,982,,,
E06000007,Physical,Unknown,2024-07-01/P3M,843,,,
E06000007,Physical,Unknown,2024-10-01/P3M,988,,,
E06000007,Physical,Unknown,2025-01-01/P3M,1128,,,
E06000007,Physical,Adult,2024-04-01/P1Y,0,,,
E06000007,Physical,Under 12,2024-04-01/P1Y,0,,,
E06000007,Physical,12-17,2024-04-01/P1Y,0,,,
E06000007,Physical,All ages,2024-04-01/P1Y,0,,,
E06000007,Digital,Unknown,2024-04-01/P1Y,0,,,
E06000007,Digital,Adult,2024-04-01/P1Y,0,,,
E06000007,Digital,Under 12,2024-04-01/P1Y,0,,,
E06000007,Digital,12-17,2024-04-01/P1Y,0,,,
E06000007,Digital,All ages,2024-04-01/P1Y,0,,,
E10000031,Physical,Adult,2024-04-01/P1M,215,,suspicious,"Source audit: total_physical_events: Annual: reported total 7,290; category sum 8,640; difference -1,350. Categories exceed total; check duplication, scope and reporting frequency. Event audiences may overlap. Values retained as reported pending source confirmation."
E10000031,Physical,Adult,2024-05-01/P1M,187,,suspicious,"Source audit: total_physical_events: Annual: reported total 7,290; category sum 8,640; difference -1,350. Categories exceed total; check duplication, scope and reporting frequency. Event audiences may overlap. Values retained as reported pending source confirmation."
E10000031,Physical,Adult,2024-06-01/P1M,193,,suspicious,"Source audit: total_physical_events: Annual: reported total 7,290; category sum 8,640; difference -1,350. Categories exceed total; check duplication, scope and reporting frequency. Event audiences may overlap. Values retained as reported pending source confirmation."
E10000031,Physical,Adult,2024-07-01/P1M,192,,suspicious,"Source audit: total_physical_events: Annual: reported total 7,290; category sum 8,640; difference -1,350. Categories exceed total; check duplication, scope and reporting frequency. Event audiences may overlap. Values retained as reported pending source confirmation."
E10000031,Physical,Adult,2024-08-01/P1M,167,,suspicious,"Source audit: total_physical_events: Annual: reported total 7,290; category sum 8,640; difference -1,350. Categories exceed total; check duplication, scope and reporting frequency. Event audiences may overlap. Values retained as reported pending source confirmation."
E10000031,Physical,Adult,2024-09-01/P1M,187,,suspicious,"Source audit: total_physical_events: Annual: reported total 7,290; category sum 8,640; difference -1,350. Categories exceed total; check duplication, scope and reporting frequency. Event audiences may overlap. Values retained as reported pending source confirmation."
E10000031,Physical,Adult,2024-10-01/P1M,228,,suspicious,"Source audit: total_physical_events: Annual: reported total 7,290; category sum 8,640; difference -1,350. Categories exceed total; check duplication, scope and reporting frequency. Event audiences may overlap. Values retained as reported pending source confirmation."
E10000031,Physical,Adult,2024-11-01/P1M,194,,suspicious,"Source audit: total_physical_events: Annual: reported total 7,290; category sum 8,640; difference -1,350. Categories exceed total; check duplication, scope and reporting frequency. Event audiences may overlap. Values retained as reported pending source confirmation."
E10000031,Physical,Adult,2024-12-01/P1M,162,,suspicious,"Source audit: total_physical_events: Annual: reported total 7,290; category sum 8,640; difference -1,350. Categories exceed total; check duplication, scope and reporting frequency. Event audiences may overlap. Values retained as reported pending source confirmation."
E10000031,Physical,Adult,2025-01-01/P1M,242,,suspicious,"Source audit: total_physical_events: Annual: reported total 7,290; category sum 8,640; difference -1,350. Categories exceed total; check duplication, scope and reporting frequency. Event audiences may overlap. Values retained as reported pending source confirmation."
E10000031,Physical,Adult,2025-02-01/P1M,235,,suspicious,"Source audit: total_physical_events: Annual: reported total 7,290; category sum 8,640; difference -1,350. Categories exceed total; check duplication, scope and reporting frequency. Event audiences may overlap. Values retained as reported pending source confirmation."
E10000031,Physical,Adult,2025-03-01/P1M,198,,suspicious,"Source audit: total_physical_events: Annual: reported total 7,290; category sum 8,640; difference -1,350. Categories exceed total; check duplication, scope and reporting frequency. Event audiences may overlap. Values retained as reported pending source confirmation."
E10000031,Physical,Under 12,2024-04-01/P1M,416,,suspicious,"Source audit: total_physical_events: Annual: reported total 7,290; category sum 8,640; difference -1,350. Categories exceed total; check duplication, scope and reporting frequency. Event audiences may overlap. Values retained as reported pending source confirmation."
E10000031,Physical,Under 12,2024-05-01/P1M,397,,suspicious,"Source audit: total_physical_events: Annual: reported total 7,290; category sum 8,640; difference -1,350. Categories exceed total; check duplication, scope and reporting frequency. Event audiences may overlap. Values retained as reported pending source confirmation."
E10000031,Physical,Under 12,2024-06-01/P1M,420,,suspicious,"Source audit: total_physical_events: Annual: reported total 7,290; category sum 8,640; difference -1,350. Categories exceed total; check duplication, scope and reporting frequency. Event audiences may overlap. Values retained as reported pending source confirmation."
E10000031,Physical,Under 12,2024-07-01/P1M,416,,suspicious,"Source audit: total_physical_events: Annual: reported total 7,290; category sum 8,640; difference -1,350. Categories exceed total; check duplication, scope and reporting frequency. Event audiences may overlap. Values retained as reported pending source confirmation."
E10000031,Physical,Under 12,2024-08-01/P1M,454,,suspicious,"Source audit: total_physical_events: Annual: reported total 7,290; category sum 8,640; difference -1,350. Categories exceed total; check duplication, scope and reporting frequency. Event audiences may overlap. Values retained as reported pending source confirmation."
E10000031,Physical,Under 12,2024-09-01/P1M,386,,suspicious,"Source audit: total_physical_events: Annual: reported total 7,290; category sum 8,640; difference -1,350. Categories exceed total; check duplication, scope and reporting frequency. Event audiences may overlap. Values retained as reported pending source confirmation."
E10000031,Physical,Under 12,2024-10-01/P1M,457,,suspicious,"Source audit: total_physical_events: Annual: reported total 7,290; category sum 8,640; difference -1,350. Categories exceed total; check duplication, scope and reporting frequency. Event audiences may overlap. Values retained as reported pending source confirmation."
E10000031,Physical,Under 12,2024-11-01/P1M,296,,suspicious,"Source audit: total_physical_events: Annual: reported total 7,290; category sum 8,640; difference -1,350. Categories exceed total; check duplication, scope and reporting frequency. Event audiences may overlap. Values retained as reported pending source confirmation."
E10000031,Physical,Under 12,2024-12-01/P1M,366,,suspicious,"Source audit: total_physical_events: Annual: reported total 7,290; category sum 8,640; difference -1,350. Categories exceed total; check duplication, scope and reporting frequency. Event audiences may overlap. Values retained as reported pending source confirmation."
E10000031,Physical,Under 12,2025-01-01/P1M,408,,suspicious,"Source audit: total_physical_events: Annual: reported total 7,290; category sum 8,640; difference -1,350. Categories exceed total; check duplication, scope and reporting frequency. Event audiences may overlap. Values retained as reported pending source confirmation."
E10000031,Physical,Under 12,2025-02-01/P1M,459,,suspicious,"Source audit: total_physical_events: Annual: reported total 7,290; category sum 8,640; difference -1,350. Categories exceed total; check duplication, scope and reporting frequency. Event audiences may overlap. Values retained as reported pending source confirmation."
E10000031,Physical,Under 12,2025-03-01/P1M,415,,suspicious,"Source audit: total_physical_events: Annual: reported total 7,290; category sum 8,640; difference -1,350. Categories exceed total; check duplication, scope and reporting frequency. Event audiences may overlap. Values retained as reported pending source confirmation."
E10000031,Physical,12-17,2024-04-01/P1Y,0,,suspicious,"Source audit: total_physical_events: Annual: reported total 7,290; category sum 8,640; difference -1,350. Categories exceed total; check duplication, scope and reporting frequency. Event audiences may overlap. Values retained as reported pending source confirmation."
E10000031,Physical,All ages,2024-04-01/P1M,114,,suspicious,"Source audit: total_physical_events: Annual: reported total 7,290; category sum 8,640; difference -1,350. Categories exceed total; check duplication, scope and reporting frequency. Event audiences may overlap. Values retained as reported pending source confirmation."
E10000031,Physical,All ages,2024-05-01/P1M,100,,suspicious,"Source audit: total_physical_events: Annual: reported total 7,290; category sum 8,640; difference -1,350. Categories exceed total; check duplication, scope and reporting frequency. Event audiences may overlap. Values retained as reported pending source confirmation."
E10000031,Physical,All ages,2024-06-01/P1M,93,,suspicious,"Source audit: total_physical_events: Annual: reported total 7,290; category sum 8,640; difference -1,350. Categories exceed total; check duplication, scope and reporting frequency. Event audiences may overlap. Values retained as reported pending source confirmation."
E10000031,Physical,All ages,2024-07-01/P1M,131,,suspicious,"Source audit: total_physical_events: Annual: reported total 7,290; category sum 8,640; difference -1,350. Categories exceed total; check duplication, scope and reporting frequency. Event audiences may overlap. Values retained as reported pending source confirmation."
E10000031,Physical,All ages,2024-08-01/P1M,204,,suspicious,"Source audit: total_physical_events: Annual: reported total 7,290; category sum 8,640; difference -1,350. Categories exceed total; check duplication, scope and reporting frequency. Event audiences may overlap. Values retained as reported pending source confirmation."
E10000031,Physical,All ages,2024-09-01/P1M,96,,suspicious,"Source audit: total_physical_events: Annual: reported total 7,290; category sum 8,640; difference -1,350. Categories exceed total; check duplication, scope and reporting frequency. Event audiences may overlap. Values retained as reported pending source confirmation."
E10000031,Physical,All ages,2024-10-01/P1M,119,,suspicious,"Source audit: total_physical_events: Annual: reported total 7,290; category sum 8,640; difference -1,350. Categories exceed total; check duplication, scope and reporting frequency. Event audiences may overlap. Values retained as reported pending source confirmation."
E10000031,Physical,All ages,2024-11-01/P1M,62,,suspicious,"Source audit: total_physical_events: Annual: reported total 7,290; category sum 8,640; difference -1,350. Categories exceed total; check duplication, scope and reporting frequency. Event audiences may overlap. Values retained as reported pending source confirmation."
E10000031,Physical,All ages,2024-12-01/P1M,95,,suspicious,"Source audit: total_physical_events: Annual: reported total 7,290; category sum 8,640; difference -1,350. Categories exceed total; check duplication, scope and reporting frequency. Event audiences may overlap. Values retained as reported pending source confirmation."
E10000031,Physical,All ages,2025-01-01/P1M,102,,suspicious,"Source audit: total_physical_events: Annual: reported total 7,290; category sum 8,640; difference -1,350. Categories exceed total; check duplication, scope and reporting frequency. Event audiences may overlap. Values retained as reported pending source confirmation."
E10000031,Physical,All ages,2025-02-01/P1M,139,,suspicious,"Source audit: total_physical_events: Annual: reported total 7,290; category sum 8,640; difference -1,350. Categories exceed total; check duplication, scope and reporting frequency. Event audiences may overlap. Values retained as reported pending source confirmation."
E10000031,Physical,All ages,2025-03-01/P1M,95,,suspicious,"Source audit: total_physical_events: Annual: reported total 7,290; category sum 8,640; difference -1,350. Categories exceed total; check duplication, scope and reporting frequency. Event audiences may overlap. Values retained as reported pending source confirmation."
E10000031,Digital,Adult,2024-04-01/P1M,0,,,
E10000031,Digital,Adult,2024-05-01/P1M,0,,,
E10000031,Digital,Adult,2024-06-01/P1M,0,,,
E10000031,Digital,Adult,2024-07-01/P1M,0,,,
E10000031,Digital,Adult,2024-08-01/P1M,0,,,
E10000031,Digital,Adult,2024-09-01/P1M,0,,,
E10000031,Digital,Adult,2024-10-01/P1M,0,,,
E10000031,Digital,Adult,2024-11-01/P1M,0,,,
E10000031,Digital,Adult,2024-12-01/P1M,0,,,
E10000031,Digital,Adult,2025-01-01/P1M,1,,,
E10000031,Digital,Adult,2025-02-01/P1M,3,,,
E10000031,Digital,Adult,2025-03-01/P1M,2,,,
E10000031,Digital,Under 12,2024-04-01/P1M,45,,,
E10000031,Digital,Under 12,2024-05-01/P1M,47,,,
E10000031,Digital,Under 12,2024-06-01/P1M,50,,,
E10000031,Digital,Under 12,2024-07-01/P1M,51,,,
E10000031,Digital,Under 12,2024-08-01/P1M,41,,,
E10000031,Digital,Under 12,2024-09-01/P1M,41,,,
E10000031,Digital,Under 12,2024-10-01/P1M,47,,,
E10000031,Digital,Under 12,2024-11-01/P1M,40,,,
E10000031,Digital,Under 12,2024-12-01/P1M,48,,,
E10000031,Digital,Under 12,2025-01-01/P1M,48,,,
E10000031,Digital,Under 12,2025-02-01/P1M,43,,,
E10000031,Digital,Under 12,2025-03-01/P1M,53,,,
E10000031,Digital,12-17,2024-04-01/P1Y,0,,,
E10000031,Digital,All ages,2024-04-01/P1Y,0,,,
E06000037,Physical,Unknown,2024-04-01/P1M,192,,,
E06000037,Physical,Unknown,2024-05-01/P1M,215,,,
E06000037,Physical,Unknown,2024-06-01/P1M,193,,,
E06000037,Physical,Unknown,2024-07-01/P1M,219,,,
E06000037,Physical,Unknown,2024-08-01/P1M,219,,,
E06000037,Physical,Unknown,2024-09-01/P1M,241,,,
E06000037,Physical,Unknown,2024-10-01/P1M,234,,,
E06000037,Physical,Unknown,2024-11-01/P1M,231,,,
E06000037,Physical,Unknown,2024-12-01/P1M,159,,,
E06000037,Physical,Unknown,2025-01-01/P1M,240,,,
E06000037,Physical,Unknown,2025-02-01/P1M,235,,,
E06000037,Physical,Unknown,2025-03-01/P1M,236,,,
E06000037,Physical,Adult,2024-04-01/P1Y,0,,,
E06000037,Physical,Under 12,2024-04-01/P1Y,0,,,
E06000037,Physical,12-17,2024-04-01/P1Y,0,,,
E06000037,Physical,All ages,2024-04-01/P1Y,0,,,
E06000037,Digital,Unknown,2024-04-01/P1Y,0,,,
E06000037,Digital,Adult,2024-04-01/P1Y,0,,,
E06000037,Digital,Under 12,2024-04-01/P1Y,0,,,
E06000037,Digital,12-17,2024-04-01/P1Y,0,,,
E06000037,Digital,All ages,2024-04-01/P1Y,0,,,
E06000062,Physical,Adult,2024-04-01/P1Y,0,,suspicious,"Source audit: total_physical_events: Annual: reported total 2,167; category sum 4,455; difference -2,288. Categories exceed total; check duplication, scope and reporting frequency. Event audiences may overlap. Values retained as reported pending source confirmation."
E06000062,Physical,Under 12,2024-04-01/P1M,0,,suspicious,"Source audit: total_physical_events: Annual: reported total 2,167; category sum 4,455; difference -2,288. Categories exceed total; check duplication, scope and reporting frequency. Event audiences may overlap. Values retained as reported pending source confirmation."
E06000062,Physical,Under 12,2024-05-01/P1M,0,,suspicious,"Source audit: total_physical_events: Annual: reported total 2,167; category sum 4,455; difference -2,288. Categories exceed total; check duplication, scope and reporting frequency. Event audiences may overlap. Values retained as reported pending source confirmation."
E06000062,Physical,Under 12,2024-06-01/P1M,0,,suspicious,"Source audit: total_physical_events: Annual: reported total 2,167; category sum 4,455; difference -2,288. Categories exceed total; check duplication, scope and reporting frequency. Event audiences may overlap. Values retained as reported pending source confirmation."
E06000062,Physical,Under 12,2024-07-01/P1M,68,,suspicious,"Source audit: total_physical_events: Annual: reported total 2,167; category sum 4,455; difference -2,288. Categories exceed total; check duplication, scope and reporting frequency. Event audiences may overlap. Values retained as reported pending source confirmation."
E06000062,Physical,Under 12,2024-08-01/P1M,76,,suspicious,"Source audit: total_physical_events: Annual: reported total 2,167; category sum 4,455; difference -2,288. Categories exceed total; check duplication, scope and reporting frequency. Event audiences may overlap. Values retained as reported pending source confirmation."
E06000062,Physical,Under 12,2024-09-01/P1M,4,,suspicious,"Source audit: total_physical_events: Annual: reported total 2,167; category sum 4,455; difference -2,288. Categories exceed total; check duplication, scope and reporting frequency. Event audiences may overlap. Values retained as reported pending source confirmation."
E06000062,Physical,Under 12,2024-10-01/P1M,0,,suspicious,"Source audit: total_physical_events: Annual: reported total 2,167; category sum 4,455; difference -2,288. Categories exceed total; check duplication, scope and reporting frequency. Event audiences may overlap. Values retained as reported pending source confirmation."
E06000062,Physical,Under 12,2024-11-01/P1M,0,,suspicious,"Source audit: total_physical_events: Annual: reported total 2,167; category sum 4,455; difference -2,288. Categories exceed total; check duplication, scope and reporting frequency. Event audiences may overlap. Values retained as reported pending source confirmation."
E06000062,Physical,Under 12,2024-12-01/P1M,0,,suspicious,"Source audit: total_physical_events: Annual: reported total 2,167; category sum 4,455; difference -2,288. Categories exceed total; check duplication, scope and reporting frequency. Event audiences may overlap. Values retained as reported pending source confirmation."
E06000062,Physical,Under 12,2025-01-01/P1M,0,,suspicious,"Source audit: total_physical_events: Annual: reported total 2,167; category sum 4,455; difference -2,288. Categories exceed total; check duplication, scope and reporting frequency. Event audiences may overlap. Values retained as reported pending source confirmation."
E06000062,Physical,Under 12,2025-02-01/P1M,0,,suspicious,"Source audit: total_physical_events: Annual: reported total 2,167; category sum 4,455; difference -2,288. Categories exceed total; check duplication, scope and reporting frequency. Event audiences may overlap. Values retained as reported pending source confirmation."
E06000062,Physical,Under 12,2025-03-01/P1M,0,,suspicious,"Source audit: total_physical_events: Annual: reported total 2,167; category sum 4,455; difference -2,288. Categories exceed total; check duplication, scope and reporting frequency. Event audiences may overlap. Values retained as reported pending source confirmation."
E06000062,Physical,12-17,2024-04-01/P1Y,0,,suspicious,"Source audit: total_physical_events: Annual: reported total 2,167; category sum 4,455; difference -2,288. Categories exceed total; check duplication, scope and reporting frequency. Event audiences may overlap. Values retained as reported pending source confirmation."
E06000062,Physical,All ages,2024-04-01/P1M,388,,suspicious,"Source audit: total_physical_events: Annual: reported total 2,167; category sum 4,455; difference -2,288. Categories exceed total; check duplication, scope and reporting frequency. Event audiences may overlap. Values retained as reported pending source confirmation."
E06000062,Physical,All ages,2024-05-01/P1M,365,,suspicious,"Source audit: total_physical_events: Annual: reported total 2,167; category sum 4,455; difference -2,288. Categories exceed total; check duplication, scope and reporting frequency. Event audiences may overlap. Values retained as reported pending source confirmation."
E06000062,Physical,All ages,2024-06-01/P1M,343,,suspicious,"Source audit: total_physical_events: Annual: reported total 2,167; category sum 4,455; difference -2,288. Categories exceed total; check duplication, scope and reporting frequency. Event audiences may overlap. Values retained as reported pending source confirmation."
E06000062,Physical,All ages,2024-07-01/P1M,321,,suspicious,"Source audit: total_physical_events: Annual: reported total 2,167; category sum 4,455; difference -2,288. Categories exceed total; check duplication, scope and reporting frequency. Event audiences may overlap. Values retained as reported pending source confirmation."
E06000062,Physical,All ages,2024-08-01/P1M,247,,suspicious,"Source audit: total_physical_events: Annual: reported total 2,167; category sum 4,455; difference -2,288. Categories exceed total; check duplication, scope and reporting frequency. Event audiences may overlap. Values retained as reported pending source confirmation."
E06000062,Physical,All ages,2024-09-01/P1M,355,,suspicious,"Source audit: total_physical_events: Annual: reported total 2,167; category sum 4,455; difference -2,288. Categories exceed total; check duplication, scope and reporting frequency. Event audiences may overlap. Values retained as reported pending source confirmation."
E06000062,Physical,All ages,2024-10-01/P1M,389,,suspicious,"Source audit: total_physical_events: Annual: reported total 2,167; category sum 4,455; difference -2,288. Categories exceed total; check duplication, scope and reporting frequency. Event audiences may overlap. Values retained as reported pending source confirmation."
E06000062,Physical,All ages,2024-11-01/P1M,387,,suspicious,"Source audit: total_physical_events: Annual: reported total 2,167; category sum 4,455; difference -2,288. Categories exceed total; check duplication, scope and reporting frequency. Event audiences may overlap. Values retained as reported pending source confirmation."
E06000062,Physical,All ages,2024-12-01/P1M,310,,suspicious,"Source audit: total_physical_events: Annual: reported total 2,167; category sum 4,455; difference -2,288. Categories exceed total; check duplication, scope and reporting frequency. Event audiences may overlap. Values retained as reported pending source confirmation."
E06000062,Physical,All ages,2025-01-01/P1M,401,,suspicious,"Source audit: total_physical_events: Annual: reported total 2,167; category sum 4,455; difference -2,288. Categories exceed total; check duplication, scope and reporting frequency. Event audiences may overlap. Values retained as reported pending source confirmation."
E06000062,Physical,All ages,2025-02-01/P1M,382,,suspicious,"Source audit: total_physical_events: Annual: reported total 2,167; category sum 4,455; difference -2,288. Categories exceed total; check duplication, scope and reporting frequency. Event audiences may overlap. Values retained as reported pending source confirmation."
E06000062,Physical,All ages,2025-03-01/P1M,419,,suspicious,"Source audit: total_physical_events: Annual: reported total 2,167; category sum 4,455; difference -2,288. Categories exceed total; check duplication, scope and reporting frequency. Event audiences may overlap. Values retained as reported pending source confirmation."
E06000062,Digital,Unknown,2024-04-01/P1Y,0,,,
E06000062,Digital,Adult,2024-04-01/P1Y,0,,,
E06000062,Digital,Under 12,2024-04-01/P1Y,0,,,
E06000062,Digital,12-17,2024-04-01/P1Y,0,,,
E06000062,Digital,All ages,2024-04-01/P1Y,0,,,
E10000032,Physical,Adult,2024-04-01/P1M,352,,,
E10000032,Physical,Adult,2024-05-01/P1M,389,,,
E10000032,Physical,Adult,2024-06-01/P1M,330,,,
E10000032,Physical,Adult,2024-07-01/P1M,331,,,
E10000032,Physical,Adult,2024-08-01/P1M,310,,,
E10000032,Physical,Adult,2024-09-01/P1M,314,,,
E10000032,Physical,Adult,2024-10-01/P1M,354,,,
E10000032,Physical,Adult,2024-11-01/P1M,320,,,
E10000032,Physical,Adult,2024-12-01/P1M,291,,,
E10000032,Physical,Adult,2025-01-01/P1M,344,,,
E10000032,Physical,Adult,2025-02-01/P1M,331,,,
E10000032,Physical,Adult,2025-03-01/P1M,384,,,
E10000032,Physical,Under 12,2024-04-01/P1M,446,,,
E10000032,Physical,Under 12,2024-05-01/P1M,493,,,
E10000032,Physical,Under 12,2024-06-01/P1M,513,,,
E10000032,Physical,Under 12,2024-07-01/P1M,620,,,
E10000032,Physical,Under 12,2024-08-01/P1M,503,,,
E10000032,Physical,Under 12,2024-09-01/P1M,445,,,
E10000032,Physical,Under 12,2024-10-01/P1M,543,,,
E10000032,Physical,Under 12,2024-11-01/P1M,508,,,
E10000032,Physical,Under 12,2024-12-01/P1M,473,,,
E10000032,Physical,Under 12,2025-01-01/P1M,481,,,
E10000032,Physical,Under 12,2025-02-01/P1M,485,,,
E10000032,Physical,Under 12,2025-03-01/P1M,540,,,
E10000032,Physical,12-17,2024-04-01/P1M,1,,,
E10000032,Physical,12-17,2024-05-01/P1M,1,,,
E10000032,Physical,12-17,2024-06-01/P1M,0,,,
E10000032,Physical,12-17,2024-07-01/P1M,1,,,
E10000032,Physical,12-17,2024-08-01/P1M,0,,,
E10000032,Physical,12-17,2024-09-01/P1M,0,,,
E10000032,Physical,12-17,2024-10-01/P1M,0,,,
E10000032,Physical,12-17,2024-11-01/P1M,0,,,
E10000032,Physical,12-17,2024-12-01/P1M,1,,,
E10000032,Physical,12-17,2025-01-01/P1M,0,,,
E10000032,Physical,12-17,2025-02-01/P1M,0,,,
E10000032,Physical,12-17,2025-03-01/P1M,0,,,
E10000032,Physical,All ages,2024-04-01/P1M,3,,,
E10000032,Physical,All ages,2024-05-01/P1M,6,,,
E10000032,Physical,All ages,2024-06-01/P1M,10,,,
E10000032,Physical,All ages,2024-07-01/P1M,19,,,
E10000032,Physical,All ages,2024-08-01/P1M,2,,,
E10000032,Physical,All ages,2024-09-01/P1M,10,,,
E10000032,Physical,All ages,2024-10-01/P1M,12,,,
E10000032,Physical,All ages,2024-11-01/P1M,8,,,
E10000032,Physical,All ages,2024-12-01/P1M,5,,,
E10000032,Physical,All ages,2025-01-01/P1M,7,,,
E10000032,Physical,All ages,2025-02-01/P1M,6,,,
E10000032,Physical,All ages,2025-03-01/P1M,17,,,
E10000032,Digital,Adult,2024-04-01/P1Y,0,,,
E10000032,Digital,Under 12,2024-04-01/P1Y,0,,,
E10000032,Digital,12-17,2024-04-01/P1Y,0,,,
E10000032,Digital,All ages,2024-04-01/P1M,0,,,
E10000032,Digital,All ages,2024-05-01/P1M,0,,,
E10000032,Digital,All ages,2024-06-01/P1M,0,,,
E10000032,Digital,All ages,2024-07-01/P1M,0,,,
E10000032,Digital,All ages,2024-08-01/P1M,2,,,
E10000032,Digital,All ages,2024-09-01/P1M,0,,,
E10000032,Digital,All ages,2024-10-01/P1M,2,,,
E10000032,Digital,All ages,2024-11-01/P1M,1,,,
E10000032,Digital,All ages,2024-12-01/P1M,1,,,
E10000032,Digital,All ages,2025-01-01/P1M,1,,,
E10000032,Digital,All ages,2025-02-01/P1M,2,,,
E10000032,Digital,All ages,2025-03-01/P1M,2,,,
E06000064,Physical,Unknown,2024-04-01/P1M,294,,,
E06000064,Physical,Unknown,2024-05-01/P1M,316,,,
E06000064,Physical,Unknown,2024-06-01/P1M,306,,,
E06000064,Physical,Unknown,2024-07-01/P1M,255,,,
E06000064,Physical,Unknown,2024-08-01/P1M,218,,,
E06000064,Physical,Unknown,2024-09-01/P1M,237,,,
E06000064,Physical,Unknown,2024-10-01/P1M,334,,,
E06000064,Physical,Unknown,2024-11-01/P1M,311,,,
E06000064,Physical,Unknown,2024-12-01/P1M,230,,,
E06000064,Physical,Unknown,2025-01-01/P1M,321,,,
E06000064,Physical,Unknown,2025-02-01/P1M,314,,,
E06000064,Physical,Unknown,2025-03-01/P1M,335,,,
E06000064,Physical,Adult,2024-04-01/P1Y,0,,,
E06000064,Physical,Under 12,2024-04-01/P1Y,0,,,
E06000064,Physical,12-17,2024-04-01/P1Y,0,,,
E06000064,Physical,All ages,2024-04-01/P1Y,0,,,
E06000064,Digital,Unknown,2024-04-01/P1Y,0,,,
E06000064,Digital,Adult,2024-04-01/P1Y,0,,,
E06000064,Digital,Under 12,2024-04-01/P1Y,0,,,
E06000064,Digital,12-17,2024-04-01/P1Y,0,,,
E06000064,Digital,All ages,2024-04-01/P1Y,0,,,
E08000010,Physical,Adult,2024-04-01/P1M,273,,,
E08000010,Physical,Adult,2024-05-01/P1M,275,,,
E08000010,Physical,Adult,2024-06-01/P1M,286,,,
E08000010,Physical,Adult,2024-07-01/P1M,296,,,
E08000010,Physical,Adult,2024-08-01/P1M,282,,,
E08000010,Physical,Adult,2024-09-01/P1M,323,,,
E08000010,Physical,Adult,2024-10-01/P1M,392,,,
E08000010,Physical,Adult,2024-11-01/P1M,356,,,
E08000010,Physical,Adult,2024-12-01/P1M,243,,,
E08000010,Physical,Adult,2025-01-01/P1M,291,,,
E08000010,Physical,Adult,2025-02-01/P1M,339,,,
E08000010,Physical,Adult,2025-03-01/P1M,371,,,
E08000010,Physical,Under 12,2024-04-01/P1Y,0,,,
E08000010,Physical,12-17,2024-04-01/P1Y,0,,,
E08000010,Physical,All ages,2024-04-01/P1M,214,,,
E08000010,Physical,All ages,2024-05-01/P1M,251,,,
E08000010,Physical,All ages,2024-06-01/P1M,248,,,
E08000010,Physical,All ages,2024-07-01/P1M,214,,,
E08000010,Physical,All ages,2024-08-01/P1M,190,,,
E08000010,Physical,All ages,2024-09-01/P1M,173,,,
E08000010,Physical,All ages,2024-10-01/P1M,233,,,
E08000010,Physical,All ages,2024-11-01/P1M,226,,,
E08000010,Physical,All ages,2024-12-01/P1M,210,,,
E08000010,Physical,All ages,2025-01-01/P1M,233,,,
E08000010,Physical,All ages,2025-02-01/P1M,263,,,
E08000010,Physical,All ages,2025-03-01/P1M,289,,,
E08000010,Digital,Adult,2024-04-01/P1M,14,,,
E08000010,Digital,Adult,2024-05-01/P1M,15,,,
E08000010,Digital,Adult,2024-06-01/P1M,20,,,
E08000010,Digital,Adult,2024-07-01/P1M,26,,,
E08000010,Digital,Adult,2024-08-01/P1M,13,,,
E08000010,Digital,Adult,2024-09-01/P1M,19,,,
E08000010,Digital,Adult,2024-10-01/P1M,24,,,
E08000010,Digital,Adult,2024-11-01/P1M,22,,,
E08000010,Digital,Adult,2024-12-01/P1M,14,,,
E08000010,Digital,Adult,2025-01-01/P1M,14,,,
E08000010,Digital,Adult,2025-02-01/P1M,17,,,
E08000010,Digital,Adult,2025-03-01/P1M,13,,,
E08000010,Digital,Under 12,2024-04-01/P1M,3,,,
E08000010,Digital,Under 12,2024-05-01/P1M,1,,,
E08000010,Digital,Under 12,2024-06-01/P1M,0,,,
E08000010,Digital,Under 12,2024-07-01/P1M,2,,,
E08000010,Digital,Under 12,2024-08-01/P1M,4,,,
E08000010,Digital,Under 12,2024-09-01/P1M,0,,,
E08000010,Digital,Under 12,2024-10-01/P1M,0,,,
E08000010,Digital,Under 12,2024-11-01/P1M,0,,,
E08000010,Digital,Under 12,2024-12-01/P1M,0,,,
E08000010,Digital,Under 12,2025-01-01/P1M,0,,,
E08000010,Digital,Under 12,2025-02-01/P1M,1,,,
E08000010,Digital,Under 12,2025-03-01/P1M,0,,,
E08000010,Digital,12-17,2024-04-01/P1Y,0,,,
E08000010,Digital,All ages,2024-04-01/P1M,4,,,
E08000010,Digital,All ages,2024-05-01/P1M,3,,,
E08000010,Digital,All ages,2024-06-01/P1M,2,,,
E08000010,Digital,All ages,2024-07-01/P1M,4,,,
E08000010,Digital,All ages,2024-08-01/P1M,6,,,
E08000010,Digital,All ages,2024-09-01/P1M,0,,,
E08000010,Digital,All ages,2024-10-01/P1M,3,,,
E08000010,Digital,All ages,2024-11-01/P1M,1,,,
E08000010,Digital,All ages,2024-12-01/P1M,0,,,
E08000010,Digital,All ages,2025-01-01/P1M,0,,,
E08000010,Digital,All ages,2025-02-01/P1M,1,,,
E08000010,Digital,All ages,2025-03-01/P1M,0,,,
E06000054,Physical,Adult,2024-04-01/P1M,249,,,
E06000054,Physical,Adult,2024-05-01/P1M,291,,,
E06000054,Physical,Adult,2024-06-01/P1M,242,,,
E06000054,Physical,Adult,2024-07-01/P1M,294,,,
E06000054,Physical,Adult,2024-08-01/P1M,224,,,
E06000054,Physical,Adult,2024-09-01/P1M,325,,,
E06000054,Physical,Adult,2024-10-01/P1M,320,,,
E06000054,Physical,Adult,2024-11-01/P1M,358,,,
E06000054,Physical,Adult,2024-12-01/P1M,265,,,
E06000054,Physical,Adult,2025-01-01/P1M,333,,,
E06000054,Physical,Adult,2025-02-01/P1M,357,,,
E06000054,Physical,Adult,2025-03-01/P1M,381,,,
E06000054,Physical,Under 12,2024-04-01/P1M,321,,,
E06000054,Physical,Under 12,2024-05-01/P1M,340,,,
E06000054,Physical,Under 12,2024-06-01/P1M,370,,,
E06000054,Physical,Under 12,2024-07-01/P1M,378,,,
E06000054,Physical,Under 12,2024-08-01/P1M,316,,,
E06000054,Physical,Under 12,2024-09-01/P1M,314,,,
E06000054,Physical,Under 12,2024-10-01/P1M,357,,,
E06000054,Physical,Under 12,2024-11-01/P1M,368,,,
E06000054,Physical,Under 12,2024-12-01/P1M,252,,,
E06000054,Physical,Under 12,2025-01-01/P1M,366,,,
E06000054,Physical,Under 12,2025-02-01/P1M,351,,,
E06000054,Physical,Under 12,2025-03-01/P1M,420,,,
E06000054,Physical,12-17,2024-04-01/P1M,7,,,
E06000054,Physical,12-17,2024-05-01/P1M,2,,,
E06000054,Physical,12-17,2024-06-01/P1M,2,,,
E06000054,Physical,12-17,2024-07-01/P1M,3,,,
E06000054,Physical,12-17,2024-08-01/P1M,2,,,
E06000054,Physical,12-17,2024-09-01/P1M,5,,,
E06000054,Physical,12-17,2024-10-01/P1M,5,,,
E06000054,Physical,12-17,2024-11-01/P1M,12,,,
E06000054,Physical,12-17,2024-12-01/P1M,4,,,
E06000054,Physical,12-17,2025-01-01/P1M,9,,,
E06000054,Physical,12-17,2025-02-01/P1M,6,,,
E06000054,Physical,12-17,2025-03-01/P1M,12,,,
E06000054,Physical,All ages,2024-04-01/P1M,17,,,
E06000054,Physical,All ages,2024-05-01/P1M,18,,,
E06000054,Physical,All ages,2024-06-01/P1M,9,,,
E06000054,Physical,All ages,2024-07-01/P1M,12,,,
E06000054,Physical,All ages,2024-08-01/P1M,26,,,
E06000054,Physical,All ages,2024-09-01/P1M,19,,,
E06000054,Physical,All ages,2024-10-01/P1M,29,,,
E06000054,Physical,All ages,2024-11-01/P1M,37,,,
E06000054,Physical,All ages,2024-12-01/P1M,32,,,
E06000054,Physical,All ages,2025-01-01/P1M,31,,,
E06000054,Physical,All ages,2025-02-01/P1M,14,,,
E06000054,Physical,All ages,2025-03-01/P1M,23,,,
E06000054,Digital,Unknown,2024-04-01/P1Y,0,,,
E06000054,Digital,Adult,2024-04-01/P1Y,0,,,
E06000054,Digital,Under 12,2024-04-01/P1Y,0,,,
E06000054,Digital,12-17,2024-04-01/P1Y,0,,,
E06000054,Digital,All ages,2024-04-01/P1Y,0,,,
E06000040,Physical,Unknown,2024-04-01/P1M,132,,,
E06000040,Physical,Unknown,2024-05-01/P1M,122,,,
E06000040,Physical,Unknown,2024-06-01/P1M,148,,,
E06000040,Physical,Unknown,2024-07-01/P1M,119,,,
E06000040,Physical,Unknown,2024-08-01/P1M,89,,,
E06000040,Physical,Unknown,2024-09-01/P1M,130,,,
E06000040,Physical,Unknown,2024-10-01/P1M,165,,,
E06000040,Physical,Unknown,2024-11-01/P1M,154,,,
E06000040,Physical,Unknown,2024-12-01/P1M,116,,,
E06000040,Physical,Unknown,2025-01-01/P1M,154,,,
E06000040,Physical,Unknown,2025-02-01/P1M,151,,,
E06000040,Physical,Unknown,2025-03-01/P1M,177,,,
E06000040,Physical,Adult,2024-04-01/P1Y,0,,,
E06000040,Physical,Under 12,2024-04-01/P1Y,0,,,
E06000040,Physical,12-17,2024-04-01/P1Y,0,,,
E06000040,Physical,All ages,2024-04-01/P1Y,0,,,
E06000040,Digital,Unknown,2024-04-01/P1Y,0,,,
E06000040,Digital,Adult,2024-04-01/P1Y,0,,,
E06000040,Digital,Under 12,2024-04-01/P1Y,0,,,
E06000040,Digital,12-17,2024-04-01/P1Y,0,,,
E06000040,Digital,All ages,2024-04-01/P1Y,0,,,
E08000015,Physical,Adult,2024-04-01/P1M,21,,,
E08000015,Physical,Adult,2024-05-01/P1M,13,,,
E08000015,Physical,Adult,2024-06-01/P1M,10,,,
E08000015,Physical,Adult,2024-07-01/P1M,9,,,
E08000015,Physical,Adult,2024-08-01/P1M,9,,,
E08000015,Physical,Adult,2024-09-01/P1M,17,,,
E08000015,Physical,Adult,2024-10-01/P1M,29,,,
E08000015,Physical,Adult,2024-11-01/P1M,25,,,
E08000015,Physical,Adult,2024-12-01/P1M,13,,,
E08000015,Physical,Adult,2025-01-01/P1M,19,,,
E08000015,Physical,Adult,2025-02-01/P1M,20,,,
E08000015,Physical,Adult,2025-03-01/P1M,19,,,
E08000015,Physical,Under 12,2024-04-01/P1M,106,,,
E08000015,Physical,Under 12,2024-05-01/P1M,112,,,
E08000015,Physical,Under 12,2024-06-01/P1M,100,,,
E08000015,Physical,Under 12,2024-07-01/P1M,88,,,
E08000015,Physical,Under 12,2024-08-01/P1M,70,,,
E08000015,Physical,Under 12,2024-09-01/P1M,108,,,
E08000015,Physical,Under 12,2024-10-01/P1M,155,,,
E08000015,Physical,Under 12,2024-11-01/P1M,158,,,
E08000015,Physical,Under 12,2024-12-01/P1M,79,,,
E08000015,Physical,Under 12,2025-01-01/P1M,122,,,
E08000015,Physical,Under 12,2025-02-01/P1M,130,,,
E08000015,Physical,Under 12,2025-03-01/P1M,139,,,
E08000015,Physical,12-17,2024-04-01/P1Y,0,,,
E08000015,Physical,All ages,2024-04-01/P1M,2,,,
E08000015,Physical,All ages,2024-05-01/P1M,3,,,
E08000015,Physical,All ages,2024-06-01/P1M,4,,,
E08000015,Physical,All ages,2024-07-01/P1M,2,,,
E08000015,Physical,All ages,2024-08-01/P1M,2,,,
E08000015,Physical,All ages,2024-09-01/P1M,5,,,
E08000015,Physical,All ages,2024-10-01/P1M,6,,,
E08000015,Physical,All ages,2024-11-01/P1M,5,,,
E08000015,Physical,All ages,2024-12-01/P1M,4,,,
E08000015,Physical,All ages,2025-01-01/P1M,2,,,
E08000015,Physical,All ages,2025-02-01/P1M,8,,,
E08000015,Physical,All ages,2025-03-01/P1M,7,,,
E08000015,Digital,Adult,2024-04-01/P1M,1,,,
E08000015,Digital,Adult,2024-05-01/P1M,1,,,
E08000015,Digital,Adult,2024-06-01/P1M,1,,,
E08000015,Digital,Adult,2024-07-01/P1M,1,,,
E08000015,Digital,Adult,2024-08-01/P1M,1,,,
E08000015,Digital,Adult,2024-09-01/P1M,1,,,
E08000015,Digital,Adult,2024-10-01/P1M,1,,,
E08000015,Digital,Adult,2024-11-01/P1M,1,,,
E08000015,Digital,Adult,2024-12-01/P1M,1,,,
E08000015,Digital,Adult,2025-01-01/P1M,1,,,
E08000015,Digital,Adult,2025-02-01/P1M,1,,,
E08000015,Digital,Adult,2025-03-01/P1M,1,,,
E08000015,Digital,Under 12,2024-04-01/P1Y,0,,,
E08000015,Digital,12-17,2024-04-01/P1Y,0,,,
E08000015,Digital,All ages,2024-04-01/P1Y,0,,,
E08000031,Physical,Adult,2024-04-01/P1M,118,,,
E08000031,Physical,Adult,2024-05-01/P1M,118,,,
E08000031,Physical,Adult,2024-06-01/P1M,118,,,
E08000031,Physical,Adult,2024-07-01/P1M,118,,,
E08000031,Physical,Adult,2024-08-01/P1M,118,,,
E08000031,Physical,Adult,2024-09-01/P1M,118,,,
E08000031,Physical,Adult,2024-10-01/P1M,118,,,
E08000031,Physical,Adult,2024-11-01/P1M,118,,,
E08000031,Physical,Adult,2024-12-01/P1M,118,,,
E08000031,Physical,Adult,2025-01-01/P1M,118,,,
E08000031,Physical,Adult,2025-02-01/P1M,118,,,
E08000031,Physical,Adult,2025-03-01/P1M,120,,,
E08000031,Physical,Under 12,2024-04-01/P1M,74,,,
E08000031,Physical,Under 12,2024-05-01/P1M,74,,,
E08000031,Physical,Under 12,2024-06-01/P1M,74,,,
E08000031,Physical,Under 12,2024-07-01/P1M,74,,,
E08000031,Physical,Under 12,2024-08-01/P1M,74,,,
E08000031,Physical,Under 12,2024-09-01/P1M,74,,,
E08000031,Physical,Under 12,2024-10-01/P1M,74,,,
E08000031,Physical,Under 12,2024-11-01/P1M,74,,,
E08000031,Physical,Under 12,2024-12-01/P1M,74,,,
E08000031,Physical,Under 12,2025-01-01/P1M,74,,,
E08000031,Physical,Under 12,2025-02-01/P1M,74,,,
E08000031,Physical,Under 12,2025-03-01/P1M,71,,,
E08000031,Physical,12-17,2024-04-01/P1Y,0,,,
E08000031,Physical,All ages,2024-04-01/P1Y,0,,,
E08000031,Digital,Unknown,2024-04-01/P1Y,0,,,
E08000031,Digital,Adult,2024-04-01/P1Y,0,,,
E08000031,Digital,Under 12,2024-04-01/P1Y,0,,,
E08000031,Digital,12-17,2024-04-01/P1Y,0,,,
E08000031,Digital,All ages,2024-04-01/P1Y,0,,,
E10000034,Physical,Unknown,2024-04-01/P1M,851,,,
E10000034,Physical,Unknown,2024-05-01/P1M,917,,,
E10000034,Physical,Unknown,2024-06-01/P1M,926,,,
E10000034,Physical,Unknown,2024-07-01/P1M,818,,,
E10000034,Physical,Unknown,2024-08-01/P1M,720,,,
E10000034,Physical,Unknown,2024-09-01/P1M,732,,,
E10000034,Physical,Unknown,2024-10-01/P1M,891,,,
E10000034,Physical,Unknown,2024-11-01/P1M,893,,,
E10000034,Physical,Unknown,2024-12-01/P1M,701,,,
E10000034,Physical,Unknown,2025-01-01/P1M,772,,,
E10000034,Physical,Unknown,2025-02-01/P1M,774,,,
E10000034,Physical,Unknown,2025-03-01/P1M,838,,,
E10000034,Physical,Adult,2024-04-01/P1Y,0,,,
E10000034,Physical,Under 12,2024-04-01/P1Y,0,,,
E10000034,Physical,12-17,2024-04-01/P1Y,0,,,
E10000034,Physical,All ages,2024-04-01/P1Y,0,,,
E10000034,Digital,Adult,2024-04-01/P1M,3,,,
E10000034,Digital,Adult,2024-05-01/P1M,0,,,
E10000034,Digital,Adult,2024-06-01/P1M,4,,,
E10000034,Digital,Adult,2024-07-01/P1M,1,,,
E10000034,Digital,Adult,2024-08-01/P1M,0,,,
E10000034,Digital,Adult,2024-09-01/P1M,1,,,
E10000034,Digital,Adult,2024-10-01/P1M,1,,,
E10000034,Digital,Adult,2024-11-01/P1M,0,,,
E10000034,Digital,Adult,2024-12-01/P1M,0,,,
E10000034,Digital,Adult,2025-01-01/P1M,1,,,
E10000034,Digital,Adult,2025-02-01/P1M,1,,,
E10000034,Digital,Adult,2025-03-01/P1M,0,,,
E10000034,Digital,Under 12,2024-04-01/P1Y,0,,,
E10000034,Digital,12-17,2024-04-01/P1Y,0,,,
E10000034,Digital,All ages,2024-04-01/P1Y,0,,,
E06000014,Physical,Adult,2024-04-01/P1M,107,,,
E06000014,Physical,Adult,2024-05-01/P1M,100,,,
E06000014,Physical,Adult,2024-06-01/P1M,100,,,
E06000014,Physical,Adult,2024-07-01/P1M,103,,,
E06000014,Physical,Adult,2024-08-01/P1M,97,,,
E06000014,Physical,Adult,2024-09-01/P1M,109,,,
E06000014,Physical,Adult,2024-10-01/P1M,143,,,
E06000014,Physical,Adult,2024-11-01/P1M,125,,,
E06000014,Physical,Adult,2024-12-01/P1M,101,,,
E06000014,Physical,Adult,2025-01-01/P1M,127,,,
E06000014,Physical,Adult,2025-02-01/P1M,110,,,
E06000014,Physical,Adult,2025-03-01/P1M,118,,,
E06000014,Physical,Under 12,2024-04-01/P1M,214,,,
E06000014,Physical,Under 12,2024-05-01/P1M,189,,,
E06000014,Physical,Under 12,2024-06-01/P1M,209,,,
E06000014,Physical,Under 12,2024-07-01/P1M,261,,,
E06000014,Physical,Under 12,2024-08-01/P1M,247,,,
E06000014,Physical,Under 12,2024-09-01/P1M,151,,,
E06000014,Physical,Under 12,2024-10-01/P1M,236,,,
E06000014,Physical,Under 12,2024-11-01/P1M,215,,,
E06000014,Physical,Under 12,2024-12-01/P1M,169,,,
E06000014,Physical,Under 12,2025-01-01/P1M,229,,,
E06000014,Physical,Under 12,2025-02-01/P1M,195,,,
E06000014,Physical,Under 12,2025-03-01/P1M,227,,,
E06000014,Physical,12-17,2024-04-01/P1M,7,,,
E06000014,Physical,12-17,2024-05-01/P1M,6,,,
E06000014,Physical,12-17,2024-06-01/P1M,5,,,
E06000014,Physical,12-17,2024-07-01/P1M,15,,,
E06000014,Physical,12-17,2024-08-01/P1M,14,,,
E06000014,Physical,12-17,2024-09-01/P1M,6,,,
E06000014,Physical,12-17,2024-10-01/P1M,6,,,
E06000014,Physical,12-17,2024-11-01/P1M,3,,,
E06000014,Physical,12-17,2024-12-01/P1M,6,,,
E06000014,Physical,12-17,2025-01-01/P1M,8,,,
E06000014,Physical,12-17,2025-02-01/P1M,6,,,
E06000014,Physical,12-17,2025-03-01/P1M,17,,,
E06000014,Physical,All ages,2024-04-01/P1M,221,,,
E06000014,Physical,All ages,2024-05-01/P1M,195,,,
E06000014,Physical,All ages,2024-06-01/P1M,214,,,
E06000014,Physical,All ages,2024-07-01/P1M,276,,,
E06000014,Physical,All ages,2024-08-01/P1M,261,,,
E06000014,Physical,All ages,2024-09-01/P1M,157,,,
E06000014,Physical,All ages,2024-10-01/P1M,242,,,
E06000014,Physical,All ages,2024-11-01/P1M,218,,,
E06000014,Physical,All ages,2024-12-01/P1M,175,,,
E06000014,Physical,All ages,2025-01-01/P1M,237,,,
E06000014,Physical,All ages,2025-02-01/P1M,201,,,
E06000014,Physical,All ages,2025-03-01/P1M,240,,,
E06000014,Digital,Adult,2024-04-01/P1M,1,,,
E06000014,Digital,Adult,2024-05-01/P1M,1,,,
E06000014,Digital,Adult,2024-06-01/P1M,1,,,
E06000014,Digital,Adult,2024-07-01/P1M,1,,,
E06000014,Digital,Adult,2024-08-01/P1M,1,,,
E06000014,Digital,Adult,2024-09-01/P1M,1,,,
E06000014,Digital,Adult,2024-10-01/P1M,1,,,
E06000014,Digital,Adult,2024-11-01/P1M,1,,,
E06000014,Digital,Adult,2024-12-01/P1M,1,,,
E06000014,Digital,Adult,2025-01-01/P1M,1,,,
E06000014,Digital,Adult,2025-02-01/P1M,1,,,
E06000014,Digital,Adult,2025-03-01/P1M,1,,,
E06000014,Digital,Under 12,2024-04-01/P1Y,0,,,
E06000014,Digital,12-17,2024-04-01/P1Y,0,,,
E06000014,Digital,All ages,2024-04-01/P1Y,0,,,
E09000003,Physical,Under 12,2025-04-01/P1M,90,,,
E09000003,Physical,Under 12,2025-05-01/P1M,102,,,
E09000003,Physical,Under 12,2025-06-01/P1M,117,,,
E09000003,Physical,Under 12,2025-07-01/P1M,104,,,
E09000003,Physical,Under 12,2025-08-01/P1M,45,,,
E09000003,Physical,Under 12,2025-09-01/P1M,101,,,
E09000003,Physical,Under 12,2025-10-01/P1M,125,,,
E09000003,Physical,Under 12,2025-11-01/P1M,130,,,
E09000003,Physical,Under 12,2025-12-01/P1M,89,,,
E09000003,Physical,Under 12,2026-01-01/P1M,114,,,
E09000003,Physical,Under 12,2026-02-01/P1M,109,,,
E09000003,Physical,Under 12,2026-03-01/P1M,126,,,
E09000003,Physical,12-17,2025-04-01/P1M,0,,,
E09000003,Physical,12-17,2025-05-01/P1M,1,,,
E09000003,Physical,12-17,2025-06-01/P1M,0,,,
E09000003,Physical,12-17,2025-07-01/P1M,0,,,
E09000003,Physical,12-17,2025-08-01/P1M,0,,,
E09000003,Physical,12-17,2025-09-01/P1M,0,,,
E09000003,Physical,12-17,2025-10-01/P1M,0,,,
E09000003,Physical,12-17,2025-11-01/P1M,0,,,
E09000003,Physical,12-17,2025-12-01/P1M,1,,,
E09000003,Physical,12-17,2026-01-01/P1M,0,,,
E09000003,Physical,12-17,2026-02-01/P1M,1,,,
E09000003,Physical,12-17,2026-03-01/P1M,0,,,
E09000003,Physical,Adult,2025-04-01/P1M,61,,,
E09000003,Physical,Adult,2025-05-01/P1M,74,,,
E09000003,Physical,Adult,2025-06-01/P1M,88,,,
E09000003,Physical,Adult,2025-07-01/P1M,78,,,
E09000003,Physical,Adult,2025-08-01/P1M,67,,,
E09000003,Physical,Adult,2025-09-01/P1M,80,,,
E09000003,Physical,Adult,2025-10-01/P1M,91,,,
E09000003,Physical,Adult,2025-11-01/P1M,81,,,
E09000003,Physical,Adult,2025-12-01/P1M,45,,,
E09000003,Physical,Adult,2026-01-01/P1M,68,,,
E09000003,Physical,Adult,2026-02-01/P1M,81,,,
E09000003,Physical,Adult,2026-03-01/P1M,85,,,
E09000003,Physical,All ages,2025-04-01/P1M,2,,,
E09000003,Physical,All ages,2025-05-01/P1M,3,,,
E09000003,Physical,All ages,2025-06-01/P1M,0,,,
E09000003,Physical,All ages,2025-07-01/P1M,1,,,
E09000003,Physical,All ages,2025-08-01/P1M,2,,,
E09000003,Physical,All ages,2025-09-01/P1M,6,,,
E09000003,Physical,All ages,2025-10-01/P1M,0,,,
E09000003,Physical,All ages,2025-11-01/P1M,1,,,
E09000003,Physical,All ages,2025-12-01/P1M,2,,,
E09000003,Physical,All ages,2026-01-01/P1M,3,,,
E09000003,Physical,All ages,2026-02-01/P1M,1,,,
E09000003,Physical,All ages,2026-03-01/P1M,0,,,
E09000003,Digital,Under 12,2025-04-01/P1Y,0,,,
E09000003,Digital,12-17,2025-04-01/P1Y,0,,,
E09000003,Digital,Adult,2025-04-01/P1M,4,,,
E09000003,Digital,Adult,2025-05-01/P1M,7,,,
E09000003,Digital,Adult,2025-06-01/P1M,1,,,
E09000003,Digital,Adult,2025-07-01/P1M,0,,,
E09000003,Digital,Adult,2025-08-01/P1M,0,,,
E09000003,Digital,Adult,2025-09-01/P1M,0,,,
E09000003,Digital,Adult,2025-10-01/P1M,0,,,
E09000003,Digital,Adult,2025-11-01/P1M,0,,,
E09000003,Digital,Adult,2025-12-01/P1M,0,,,
E09000003,Digital,Adult,2026-01-01/P1M,0,,,
E09000003,Digital,Adult,2026-02-01/P1M,0,,,
E09000003,Digital,Adult,2026-03-01/P1M,0,,,
E09000003,Digital,All ages,2025-04-01/P1Y,0,,,
E08000016,Physical,Under 12,2025-04-01/P1M,199,,,
E08000016,Physical,Under 12,2025-05-01/P1M,186,,,
E08000016,Physical,Under 12,2025-06-01/P1M,168,,,
E08000016,Physical,Under 12,2025-07-01/P1M,210,,,
E08000016,Physical,Under 12,2025-08-01/P1M,211,,,
E08000016,Physical,Under 12,2025-09-01/P1M,165,,,
E08000016,Physical,Under 12,2025-10-01/P1M,192,,,
E08000016,Physical,Under 12,2025-11-01/P1M,179,,,
E08000016,Physical,Under 12,2025-12-01/P1M,142,,,
E08000016,Physical,Under 12,2026-01-01/P1M,205,,,
E08000016,Physical,Under 12,2026-02-01/P1M,237,,,
E08000016,Physical,Under 12,2026-03-01/P1M,236,,,
E08000016,Physical,12-17,2025-04-01/P1M,1,,,
E08000016,Physical,12-17,2025-05-01/P1M,1,,,
E08000016,Physical,12-17,2025-06-01/P1M,1,,,
E08000016,Physical,12-17,2025-07-01/P1M,1,,,
E08000016,Physical,12-17,2025-08-01/P1M,1,,,
E08000016,Physical,12-17,2025-09-01/P1M,0,,,
E08000016,Physical,12-17,2025-10-01/P1M,0,,,
E08000016,Physical,12-17,2025-11-01/P1M,0,,,
E08000016,Physical,12-17,2025-12-01/P1M,0,,,
E08000016,Physical,12-17,2026-01-01/P1M,4,,,
E08000016,Physical,12-17,2026-02-01/P1M,1,,,
E08000016,Physical,12-17,2026-03-01/P1M,1,,,
E08000016,Physical,Adult,2025-04-01/P1M,218,,,
E08000016,Physical,Adult,2025-05-01/P1M,196,,,
E08000016,Physical,Adult,2025-06-01/P1M,236,,,
E08000016,Physical,Adult,2025-07-01/P1M,229,,,
E08000016,Physical,Adult,2025-08-01/P1M,178,,,
E08000016,Physical,Adult,2025-09-01/P1M,203,,,
E08000016,Physical,Adult,2025-10-01/P1M,234,,,
E08000016,Physical,Adult,2025-11-01/P1M,209,,,
E08000016,Physical,Adult,2025-12-01/P1M,158,,,
E08000016,Physical,Adult,2026-01-01/P1M,209,,,
E08000016,Physical,Adult,2026-02-01/P1M,258,,,
E08000016,Physical,Adult,2026-03-01/P1M,255,,,
E08000016,Physical,All ages,2025-04-01/P1Y,0,,,
E08000016,Digital,Unknown,2025-04-01/P1Y,0,,,
E08000016,Digital,Under 12,2025-04-01/P1Y,0,,,
E08000016,Digital,12-17,2025-04-01/P1Y,0,,,
E08000016,Digital,Adult,2025-04-01/P1Y,0,,,
E08000016,Digital,All ages,2025-04-01/P1Y,0,,,
E09000004,Physical,Under 12,2025-04-01/P1M,126,,,
E09000004,Physical,Under 12,2025-05-01/P1M,168,,,
E09000004,Physical,Under 12,2025-06-01/P1M,183,,,
E09000004,Physical,Under 12,2025-07-01/P1M,129,,,
E09000004,Physical,Under 12,2025-08-01/P1M,92,,,
E09000004,Physical,Under 12,2025-09-01/P1M,157,,,
E09000004,Physical,Under 12,2025-10-01/P1M,191,,,
E09000004,Physical,Under 12,2025-11-01/P1M,178,,,
E09000004,Physical,Under 12,2025-12-01/P1M,137,,,
E09000004,Physical,Under 12,2026-01-01/P1M,185,,,
E09000004,Physical,Under 12,2026-02-01/P1M,195,,,
E09000004,Physical,Under 12,2026-03-01/P1M,195,,,
E09000004,Physical,12-17,2025-04-01/P1Y,0,,,
E09000004,Physical,Adult,2025-04-01/P1M,102,,,
E09000004,Physical,Adult,2025-05-01/P1M,92,,,
E09000004,Physical,Adult,2025-06-01/P1M,96,,,
E09000004,Physical,Adult,2025-07-01/P1M,112,,,
E09000004,Physical,Adult,2025-08-01/P1M,100,,,
E09000004,Physical,Adult,2025-09-01/P1M,104,,,
E09000004,Physical,Adult,2025-10-01/P1M,109,,,
E09000004,Physical,Adult,2025-11-01/P1M,100,,,
E09000004,Physical,Adult,2025-12-01/P1M,74,,,
E09000004,Physical,Adult,2026-01-01/P1M,101,,,
E09000004,Physical,Adult,2026-02-01/P1M,108,,,
E09000004,Physical,Adult,2026-03-01/P1M,143,,,
E09000004,Physical,All ages,2025-04-01/P1Y,0,,,
E09000004,Digital,Unknown,2025-04-01/P1Y,0,,,
E09000004,Digital,Under 12,2025-04-01/P1Y,0,,,
E09000004,Digital,12-17,2025-04-01/P1Y,0,,,
E09000004,Digital,Adult,2025-04-01/P1Y,0,,,
E09000004,Digital,All ages,2025-04-01/P1Y,0,,,
E06000008,Physical,Under 12,2025-04-01/P3M,181,,,
E06000008,Physical,Under 12,2025-07-01/P3M,198,,,
E06000008,Physical,Under 12,2025-10-01/P3M,145,,,
E06000008,Physical,Under 12,2026-01-01/P3M,158,,,
E06000008,Physical,12-17,2025-04-01/P3M,20,,,
E06000008,Physical,12-17,2025-07-01/P3M,21,,,
E06000008,Physical,12-17,2025-10-01/P3M,16,,,
E06000008,Physical,12-17,2026-01-01/P3M,14,,,
E06000008,Physical,Adult,2025-04-01/P3M,155,,,
E06000008,Physical,Adult,2025-07-01/P3M,147,,,
E06000008,Physical,Adult,2025-10-01/P3M,149,,,
E06000008,Physical,Adult,2026-01-01/P3M,172,,,
E06000008,Physical,All ages,2025-04-01/P3M,2,,,
E06000008,Physical,All ages,2025-07-01/P3M,1,,,
E06000008,Physical,All ages,2025-10-01/P3M,0,,,
E06000008,Physical,All ages,2026-01-01/P3M,2,,,
E06000008,Digital,Under 12,2025-04-01/P3M,5,,,
E06000008,Digital,Under 12,2025-07-01/P3M,5,,,
E06000008,Digital,Under 12,2025-10-01/P3M,3,,,
E06000008,Digital,Under 12,2026-01-01/P3M,4,,,
E06000008,Digital,12-17,2025-04-01/P3M,6,,,
E06000008,Digital,12-17,2025-07-01/P3M,8,,,
E06000008,Digital,12-17,2025-10-01/P3M,6,,,
E06000008,Digital,12-17,2026-01-01/P3M,6,,,
E06000008,Digital,Adult,2025-04-01/P3M,59,,,
E06000008,Digital,Adult,2025-07-01/P3M,60,,,
E06000008,Digital,Adult,2025-10-01/P3M,53,,,
E06000008,Digital,Adult,2026-01-01/P3M,44,,,
E06000008,Digital,All ages,2025-04-01/P1Y,0,,,
E06000009,Physical,Unknown,2025-04-01/P1M,169,,,
E06000009,Physical,Unknown,2025-05-01/P1M,152,,,
E06000009,Physical,Unknown,2025-06-01/P1M,200,,,
E06000009,Physical,Unknown,2025-07-01/P1M,197,,,
E06000009,Physical,Unknown,2025-08-01/P1M,163,,,
E06000009,Physical,Unknown,2025-09-01/P1M,177,,,
E06000009,Physical,Unknown,2025-10-01/P1M,220,,,
E06000009,Physical,Unknown,2025-11-01/P1M,208,,,
E06000009,Physical,Unknown,2025-12-01/P1M,161,,,
E06000009,Physical,Unknown,2026-01-01/P1M,197,,,
E06000009,Physical,Unknown,2026-02-01/P1M,182,,,
E06000009,Physical,Unknown,2026-03-01/P1M,210,,,
E06000009,Physical,Under 12,2025-04-01/P1Y,0,,,
E06000009,Physical,12-17,2025-04-01/P1Y,0,,,
E06000009,Physical,Adult,2025-04-01/P1Y,0,,,
E06000009,Physical,All ages,2025-04-01/P1Y,0,,,
E06000009,Digital,Unknown,2025-04-01/P1Y,0,,,
E06000009,Digital,Under 12,2025-04-01/P1Y,0,,,
E06000009,Digital,12-17,2025-04-01/P1Y,0,,,
E06000009,Digital,Adult,2025-04-01/P1Y,0,,,
E06000009,Digital,All ages,2025-04-01/P1Y,0,,,
E08000001,Physical,Unknown,2025-04-01/P1M,419,,,
E08000001,Physical,Unknown,2025-05-01/P1M,425,,,
E08000001,Physical,Unknown,2025-06-01/P1M,424,,,
E08000001,Physical,Unknown,2025-07-01/P1M,437,,,
E08000001,Physical,Unknown,2025-08-01/P1M,414,,,
E08000001,Physical,Unknown,2025-09-01/P1M,435,,,
E08000001,Physical,Unknown,2025-10-01/P1M,450,,,
E08000001,Physical,Unknown,2025-11-01/P1M,463,,,
E08000001,Physical,Unknown,2025-12-01/P1M,370,,,
E08000001,Physical,Unknown,2026-01-01/P1M,466,,,
E08000001,Physical,Unknown,2026-02-01/P1M,450,,,
E08000001,Physical,Unknown,2026-03-01/P1M,536,,,
E08000001,Physical,Under 12,2025-04-01/P1Y,0,,,
E08000001,Physical,12-17,2025-04-01/P1Y,0,,,
E08000001,Physical,Adult,2025-04-01/P1Y,0,,,
E08000001,Physical,All ages,2025-04-01/P1Y,0,,,
E08000001,Digital,Unknown,2025-04-01/P1Y,0,,,
E08000001,Digital,Under 12,2025-04-01/P1Y,0,,,
E08000001,Digital,12-17,2025-04-01/P1Y,0,,,
E08000001,Digital,Adult,2025-04-01/P1Y,0,,,
E08000001,Digital,All ages,2025-04-01/P1Y,0,,,
E06000058,Physical,Unknown,2025-04-01/P1M,795,,,
E06000058,Physical,Unknown,2025-05-01/P1M,821,,,
E06000058,Physical,Unknown,2025-06-01/P1M,840,,,
E06000058,Physical,Unknown,2025-07-01/P1M,899,,,
E06000058,Physical,Unknown,2025-08-01/P1M,836,,,
E06000058,Physical,Unknown,2025-09-01/P1M,786,,,
E06000058,Physical,Unknown,2025-10-01/P1M,895,,,
E06000058,Physical,Unknown,2025-11-01/P1M,809,,,
E06000058,Physical,Unknown,2025-12-01/P1M,753,,,
E06000058,Physical,Unknown,2026-01-01/P1M,825,,,
E06000058,Physical,Unknown,2026-02-01/P1M,864,,,
E06000058,Physical,Unknown,2026-03-01/P1M,864,,,
E06000058,Physical,Under 12,2025-04-01/P1Y,0,,,
E06000058,Physical,12-17,2025-04-01/P1Y,0,,,
E06000058,Physical,Adult,2025-04-01/P1Y,0,,,
E06000058,Physical,All ages,2025-04-01/P1Y,0,,,
E06000058,Digital,Unknown,2025-04-01/P1Y,0,,,
E06000058,Digital,Under 12,2025-04-01/P1Y,0,,,
E06000058,Digital,12-17,2025-04-01/P1Y,0,,,
E06000058,Digital,Adult,2025-04-01/P1Y,0,,,
E06000058,Digital,All ages,2025-04-01/P1Y,0,,,
E08000032,Physical,Under 12,2025-04-01/P1M,235,,,
E08000032,Physical,Under 12,2025-05-01/P1M,275,,,
E08000032,Physical,Under 12,2025-06-01/P1M,274,,,
E08000032,Physical,Under 12,2025-07-01/P1M,269,,,
E08000032,Physical,Under 12,2025-08-01/P1M,256,,,
E08000032,Physical,Under 12,2025-09-01/P1M,251,,,
E08000032,Physical,Under 12,2025-10-01/P1M,351,,,
E08000032,Physical,Under 12,2025-11-01/P1M,327,,,
E08000032,Physical,Under 12,2025-12-01/P1M,239,,,
E08000032,Physical,Under 12,2026-01-01/P1M,300,,,
E08000032,Physical,Under 12,2026-02-01/P1M,303,,,
E08000032,Physical,Under 12,2026-03-01/P1M,300,,,
E08000032,Physical,12-17,2025-04-01/P1Y,0,,,
E08000032,Physical,Adult,2025-04-01/P1M,222,,,
E08000032,Physical,Adult,2025-05-01/P1M,361,,,
E08000032,Physical,Adult,2025-06-01/P1M,241,,,
E08000032,Physical,Adult,2025-07-01/P1M,230,,,
E08000032,Physical,Adult,2025-08-01/P1M,205,,,
E08000032,Physical,Adult,2025-09-01/P1M,259,,,
E08000032,Physical,Adult,2025-10-01/P1M,301,,,
E08000032,Physical,Adult,2025-11-01/P1M,267,,,
E08000032,Physical,Adult,2025-12-01/P1M,108,,,
E08000032,Physical,Adult,2026-01-01/P1M,263,,,
E08000032,Physical,Adult,2026-02-01/P1M,262,,,
E08000032,Physical,Adult,2026-03-01/P1M,261,,,
E08000032,Physical,All ages,2025-04-01/P1Y,0,,,
E08000032,Digital,Unknown,2025-04-01/P1Y,0,,,
E08000032,Digital,Under 12,2025-04-01/P1Y,0,,,
E08000032,Digital,12-17,2025-04-01/P1Y,0,,,
E08000032,Digital,Adult,2025-04-01/P1Y,0,,,
E08000032,Digital,All ages,2025-04-01/P1Y,0,,,
E09000005,Physical,Under 12,2025-04-01/P1M,78,,,
E09000005,Physical,Under 12,2025-05-01/P1M,71,,,
E09000005,Physical,Under 12,2025-06-01/P1M,62,,,
E09000005,Physical,Under 12,2025-07-01/P1M,51,,,
E09000005,Physical,Under 12,2025-08-01/P1M,111,,,
E09000005,Physical,Under 12,2025-09-01/P1M,30,,,
E09000005,Physical,Under 12,2025-10-01/P1M,80,,,
E09000005,Physical,Under 12,2025-11-01/P1M,84,,,
E09000005,Physical,Under 12,2025-12-01/P1M,44,,,
E09000005,Physical,Under 12,2026-01-01/P1M,40,,,
E09000005,Physical,Under 12,2026-02-01/P1M,105,,,
E09000005,Physical,Under 12,2026-03-01/P1M,81,,,
E09000005,Physical,12-17,2025-04-01/P1Y,0,,,
E09000005,Physical,Adult,2025-04-01/P1M,29,,,
E09000005,Physical,Adult,2025-05-01/P1M,81,,,
E09000005,Physical,Adult,2025-06-01/P1M,112,,,
E09000005,Physical,Adult,2025-07-01/P1M,64,,,
E09000005,Physical,Adult,2025-08-01/P1M,13,,,
E09000005,Physical,Adult,2025-09-01/P1M,85,,,
E09000005,Physical,Adult,2025-10-01/P1M,99,,,
E09000005,Physical,Adult,2025-11-01/P1M,91,,,
E09000005,Physical,Adult,2025-12-01/P1M,40,,,
E09000005,Physical,Adult,2026-01-01/P1M,84,,,
E09000005,Physical,Adult,2026-02-01/P1M,74,,,
E09000005,Physical,Adult,2026-03-01/P1M,95,,,
E09000005,Physical,All ages,2025-04-01/P1Y,0,,,
E09000005,Digital,Unknown,2025-04-01/P1Y,0,,,
E09000005,Digital,Under 12,2025-04-01/P1Y,0,,,
E09000005,Digital,12-17,2025-04-01/P1Y,0,,,
E09000005,Digital,Adult,2025-04-01/P1Y,0,,,
E09000005,Digital,All ages,2025-04-01/P1Y,0,,,
E06000043,Physical,Under 12,2025-04-01/P1M,29,,,
E06000043,Physical,Under 12,2025-05-01/P1M,40,,,
E06000043,Physical,Under 12,2025-06-01/P1M,44,,,
E06000043,Physical,Under 12,2025-07-01/P1M,42,,,
E06000043,Physical,Under 12,2025-08-01/P1M,4,,,
E06000043,Physical,Under 12,2025-09-01/P1M,29,,,
E06000043,Physical,Under 12,2025-10-01/P1M,56,,,
E06000043,Physical,Under 12,2025-11-01/P1M,56,,,
E06000043,Physical,Under 12,2025-12-01/P1M,41,,,
E06000043,Physical,Under 12,2026-01-01/P1M,66,,,
E06000043,Physical,Under 12,2026-02-01/P1M,49,,,
E06000043,Physical,Under 12,2026-03-01/P1M,62,,,
E06000043,Physical,12-17,2025-04-01/P1Y,0,,,
E06000043,Physical,Adult,2025-04-01/P1M,179,,,
E06000043,Physical,Adult,2025-05-01/P1M,162,,,
E06000043,Physical,Adult,2025-06-01/P1M,181,,,
E06000043,Physical,Adult,2025-07-01/P1M,158,,,
E06000043,Physical,Adult,2025-08-01/P1M,154,,,
E06000043,Physical,Adult,2025-09-01/P1M,159,,,
E06000043,Physical,Adult,2025-10-01/P1M,185,,,
E06000043,Physical,Adult,2025-11-01/P1M,174,,,
E06000043,Physical,Adult,2025-12-01/P1M,134,,,
E06000043,Physical,Adult,2026-01-01/P1M,157,,,
E06000043,Physical,Adult,2026-02-01/P1M,147,,,
E06000043,Physical,Adult,2026-03-01/P1M,198,,,
E06000043,Physical,All ages,2025-04-01/P1Y,0,,,
E06000043,Digital,Under 12,2025-04-01/P1Y,0,,,
E06000043,Digital,12-17,2025-04-01/P1Y,0,,,
E06000043,Digital,Adult,2025-04-01/P1Y,0,,,
E06000043,Digital,All ages,2025-04-01/P1M,28,,,
E06000043,Digital,All ages,2025-05-01/P1M,25,,,
E06000043,Digital,All ages,2025-06-01/P1M,34,,,
E06000043,Digital,All ages,2025-07-01/P1M,29,,,
E06000043,Digital,All ages,2025-08-01/P1M,17,,,
E06000043,Digital,All ages,2025-09-01/P1M,31,,,
E06000043,Digital,All ages,2025-10-01/P1M,41,,,
E06000043,Digital,All ages,2025-11-01/P1M,37,,,
E06000043,Digital,All ages,2025-12-01/P1M,20,,,
E06000043,Digital,All ages,2026-01-01/P1M,15,,,
E06000043,Digital,All ages,2026-02-01/P1M,21,,,
E06000043,Digital,All ages,2026-03-01/P1M,28,,,
E06000023,Physical,Under 12,2025-04-01/P3M,641,,,
E06000023,Physical,Under 12,2025-07-01/P3M,638,,,
E06000023,Physical,Under 12,2025-10-01/P3M,751,,,
E06000023,Physical,Under 12,2026-01-01/P3M,791,,,
E06000023,Physical,12-17,2025-04-01/P3M,8,,,
E06000023,Physical,12-17,2025-07-01/P3M,2,,,
E06000023,Physical,12-17,2025-10-01/P3M,4,,,
E06000023,Physical,12-17,2026-01-01/P3M,5,,,
E06000023,Physical,Adult,2025-04-01/P3M,256,,,
E06000023,Physical,Adult,2025-07-01/P3M,209,,,
E06000023,Physical,Adult,2025-10-01/P3M,239,,,
E06000023,Physical,Adult,2026-01-01/P3M,316,,,
E06000023,Physical,All ages,2025-04-01/P1Y,0,,,
E06000023,Digital,Under 12,2025-04-01/P1Y,0,,,
E06000023,Digital,12-17,2025-04-01/P1Y,0,,,
E06000023,Digital,Adult,2025-04-01/P3M,11,,,
E06000023,Digital,Adult,2025-07-01/P3M,13,,,
E06000023,Digital,Adult,2025-10-01/P3M,19,,,
E06000023,Digital,Adult,2026-01-01/P3M,26,,,
E06000023,Digital,All ages,2025-04-01/P1Y,0,,,
E06000060,Physical,Unknown,2025-04-01/P1M,155,,,
E06000060,Physical,Unknown,2025-05-01/P1M,131,,,
E06000060,Physical,Unknown,2025-06-01/P1M,136,,,
E06000060,Physical,Unknown,2025-07-01/P1M,142,,,
E06000060,Physical,Unknown,2025-08-01/P1M,120,,,
E06000060,Physical,Unknown,2025-09-01/P1M,126,,,
E06000060,Physical,Unknown,2025-10-01/P1M,131,,,
E06000060,Physical,Unknown,2025-11-01/P1M,135,,,
E06000060,Physical,Unknown,2025-12-01/P1M,145,,,
E06000060,Physical,Unknown,2026-01-01/P1M,138,,,
E06000060,Physical,Unknown,2026-02-01/P1M,173,,,
E06000060,Physical,Unknown,2026-03-01/P1M,160,,,
E06000060,Physical,Under 12,2025-04-01/P1Y,0,,,
E06000060,Physical,12-17,2025-04-01/P1Y,0,,,
E06000060,Physical,Adult,2025-04-01/P1Y,0,,,
E06000060,Physical,All ages,2025-04-01/P1Y,0,,,
E06000060,Digital,Unknown,2025-04-01/P1Y,0,,,
E06000060,Digital,Under 12,2025-04-01/P1Y,0,,,
E06000060,Digital,12-17,2025-04-01/P1Y,0,,,
E06000060,Digital,Adult,2025-04-01/P1Y,0,,,
E06000060,Digital,All ages,2025-04-01/P1Y,0,,,
E08000033,Physical,Under 12,2025-04-01/P1Y,1416,,suspicious,"Source audit: total_physical_events: Published annual total 2,659; supplied month sum 2,713; difference -54. No replacement inferred. | total_physical_events: Annual: reported total 2,659; category sum 8,139; difference -5,480. Categories exceed total; check duplication, scope and reporting frequency. Event audiences may overlap. Values retained as reported pending source confirmation. Formula check: total_physical_events: Published annual total 2,659; supplied month sum 2,713; difference -54. No replacement inferred. Annual total is directly entered, not a formula summing these months."
E08000033,Physical,12-17,2025-04-01/P1Y,61,,suspicious,"Source audit: total_physical_events: Published annual total 2,659; supplied month sum 2,713; difference -54. No replacement inferred. | total_physical_events: Annual: reported total 2,659; category sum 8,139; difference -5,480. Categories exceed total; check duplication, scope and reporting frequency. Event audiences may overlap. Values retained as reported pending source confirmation. Formula check: total_physical_events: Published annual total 2,659; supplied month sum 2,713; difference -54. No replacement inferred. Annual total is directly entered, not a formula summing these months."
E08000033,Physical,Adult,2025-04-01/P1Y,1236,,suspicious,"Source audit: total_physical_events: Published annual total 2,659; supplied month sum 2,713; difference -54. No replacement inferred. | total_physical_events: Annual: reported total 2,659; category sum 8,139; difference -5,480. Categories exceed total; check duplication, scope and reporting frequency. Event audiences may overlap. Values retained as reported pending source confirmation. Formula check: total_physical_events: Published annual total 2,659; supplied month sum 2,713; difference -54. No replacement inferred. Annual total is directly entered, not a formula summing these months."
E08000033,Physical,All ages,2025-04-01/P1Y,5426,,suspicious,"Source audit: total_physical_events: Published annual total 2,659; supplied month sum 2,713; difference -54. No replacement inferred. | total_physical_events: Annual: reported total 2,659; category sum 8,139; difference -5,480. Categories exceed total; check duplication, scope and reporting frequency. Event audiences may overlap. Values retained as reported pending source confirmation. Formula check: total_physical_events: Published annual total 2,659; supplied month sum 2,713; difference -54. No replacement inferred. Annual total is directly entered, not a formula summing these months."
E08000033,Digital,Unknown,2025-04-01/P1Y,0,,,
E08000033,Digital,Under 12,2025-04-01/P1Y,0,,,
E08000033,Digital,12-17,2025-04-01/P1Y,0,,,
E08000033,Digital,Adult,2025-04-01/P1Y,0,,,
E08000033,Digital,All ages,2025-04-01/P1Y,0,,,
E09000007,Physical,Under 12,2025-04-01/P1M,129,,,
E09000007,Physical,Under 12,2025-05-01/P1M,147,,,
E09000007,Physical,Under 12,2025-06-01/P1M,126,,,
E09000007,Physical,Under 12,2025-07-01/P1M,167,,,
E09000007,Physical,Under 12,2025-08-01/P1M,148,,,
E09000007,Physical,Under 12,2025-09-01/P1M,194,,,
E09000007,Physical,Under 12,2025-10-01/P1M,213,,,
E09000007,Physical,Under 12,2025-11-01/P1M,238,,,
E09000007,Physical,Under 12,2025-12-01/P1M,119,,,
E09000007,Physical,Under 12,2026-01-01/P1M,213,,,
E09000007,Physical,Under 12,2026-02-01/P1M,255,,,
E09000007,Physical,Under 12,2026-03-01/P1M,186,,,
E09000007,Physical,12-17,2025-04-01/P1Y,0,,,
E09000007,Physical,Adult,2025-04-01/P1M,68,,,
E09000007,Physical,Adult,2025-05-01/P1M,79,,,
E09000007,Physical,Adult,2025-06-01/P1M,67,,,
E09000007,Physical,Adult,2025-07-01/P1M,89,,,
E09000007,Physical,Adult,2025-08-01/P1M,79,,,
E09000007,Physical,Adult,2025-09-01/P1M,104,,,
E09000007,Physical,Adult,2025-10-01/P1M,114,,,
E09000007,Physical,Adult,2025-11-01/P1M,127,,,
E09000007,Physical,Adult,2025-12-01/P1M,63,,,
E09000007,Physical,Adult,2026-01-01/P1M,114,,,
E09000007,Physical,Adult,2026-02-01/P1M,121,,,
E09000007,Physical,Adult,2026-03-01/P1M,100,,,
E09000007,Physical,All ages,2025-04-01/P1Y,0,,,
E09000007,Digital,Unknown,2025-04-01/P1Y,0,,,
E09000007,Digital,Under 12,2025-04-01/P1Y,0,,,
E09000007,Digital,12-17,2025-04-01/P1Y,0,,,
E09000007,Digital,Adult,2025-04-01/P1Y,0,,,
E09000007,Digital,All ages,2025-04-01/P1Y,0,,,
E10000003,Physical,Under 12,2025-04-01/P1M,61,,,
E10000003,Physical,Under 12,2025-05-01/P1M,170,,,
E10000003,Physical,Under 12,2025-06-01/P1M,287,,,
E10000003,Physical,Under 12,2025-07-01/P1M,282,,,
E10000003,Physical,Under 12,2025-08-01/P1M,198,,,
E10000003,Physical,Under 12,2025-09-01/P1M,230,,,
E10000003,Physical,Under 12,2025-10-01/P1M,199,,,
E10000003,Physical,Under 12,2025-11-01/P1M,197,,,
E10000003,Physical,Under 12,2025-12-01/P1M,144,,,
E10000003,Physical,Under 12,2026-01-01/P1M,185,,,
E10000003,Physical,Under 12,2026-02-01/P1M,169,,,
E10000003,Physical,Under 12,2026-03-01/P1M,228,,,
E10000003,Physical,12-17,2025-04-01/P1M,2,,,
E10000003,Physical,12-17,2025-05-01/P1M,7,,,
E10000003,Physical,12-17,2025-06-01/P1M,6,,,
E10000003,Physical,12-17,2025-07-01/P1M,5,,,
E10000003,Physical,12-17,2025-08-01/P1M,3,,,
E10000003,Physical,12-17,2025-09-01/P1M,3,,,
E10000003,Physical,12-17,2025-10-01/P1M,8,,,
E10000003,Physical,12-17,2025-11-01/P1M,6,,,
E10000003,Physical,12-17,2025-12-01/P1M,4,,,
E10000003,Physical,12-17,2026-01-01/P1M,4,,,
E10000003,Physical,12-17,2026-02-01/P1M,8,,,
E10000003,Physical,12-17,2026-03-01/P1M,6,,,
E10000003,Physical,Adult,2025-04-01/P1M,102,,,
E10000003,Physical,Adult,2025-05-01/P1M,254,,,
E10000003,Physical,Adult,2025-06-01/P1M,245,,,
E10000003,Physical,Adult,2025-07-01/P1M,258,,,
E10000003,Physical,Adult,2025-08-01/P1M,199,,,
E10000003,Physical,Adult,2025-09-01/P1M,246,,,
E10000003,Physical,Adult,2025-10-01/P1M,296,,,
E10000003,Physical,Adult,2025-11-01/P1M,271,,,
E10000003,Physical,Adult,2025-12-01/P1M,202,,,
E10000003,Physical,Adult,2026-01-01/P1M,258,,,
E10000003,Physical,Adult,2026-02-01/P1M,272,,,
E10000003,Physical,Adult,2026-03-01/P1M,267,,,
E10000003,Physical,All ages,2025-04-01/P1M,85,,,
E10000003,Physical,All ages,2025-05-01/P1M,190,,,
E10000003,Physical,All ages,2025-06-01/P1M,133,,,
E10000003,Physical,All ages,2025-07-01/P1M,154,,,
E10000003,Physical,All ages,2025-08-01/P1M,157,,,
E10000003,Physical,All ages,2025-09-01/P1M,148,,,
E10000003,Physical,All ages,2025-10-01/P1M,194,,,
E10000003,Physical,All ages,2025-11-01/P1M,180,,,
E10000003,Physical,All ages,2025-12-01/P1M,141,,,
E10000003,Physical,All ages,2026-01-01/P1M,161,,,
E10000003,Physical,All ages,2026-02-01/P1M,187,,,
E10000003,Physical,All ages,2026-03-01/P1M,166,,,
E10000003,Digital,Unknown,2025-04-01/P1Y,0,,,
E10000003,Digital,Under 12,2025-04-01/P1Y,0,,,
E10000003,Digital,12-17,2025-04-01/P1Y,0,,,
E10000003,Digital,Adult,2025-04-01/P1Y,0,,,
E10000003,Digital,All ages,2025-04-01/P1Y,0,,,
E06000056,Physical,Under 12,2025-04-01/P1M,333,,,
E06000056,Physical,Under 12,2025-05-01/P1M,332,,,
E06000056,Physical,Under 12,2025-06-01/P1M,328,,,
E06000056,Physical,Under 12,2025-07-01/P1M,348,,,
E06000056,Physical,Under 12,2025-08-01/P1M,392,,,
E06000056,Physical,Under 12,2025-09-01/P1M,272,,,
E06000056,Physical,Under 12,2025-10-01/P1M,326,,,
E06000056,Physical,Under 12,2025-11-01/P1M,329,,,
E06000056,Physical,Under 12,2025-12-01/P1M,271,,,
E06000056,Physical,Under 12,2026-01-01/P1M,346,,,
E06000056,Physical,Under 12,2026-02-01/P1M,402,,,
E06000056,Physical,Under 12,2026-03-01/P1M,386,,,
E06000056,Physical,12-17,2025-04-01/P1Y,0,,,
E06000056,Physical,Adult,2025-04-01/P1M,140,,,
E06000056,Physical,Adult,2025-05-01/P1M,172,,,
E06000056,Physical,Adult,2025-06-01/P1M,154,,,
E06000056,Physical,Adult,2025-07-01/P1M,149,,,
E06000056,Physical,Adult,2025-08-01/P1M,116,,,
E06000056,Physical,Adult,2025-09-01/P1M,164,,,
E06000056,Physical,Adult,2025-10-01/P1M,143,,,
E06000056,Physical,Adult,2025-11-01/P1M,159,,,
E06000056,Physical,Adult,2025-12-01/P1M,103,,,
E06000056,Physical,Adult,2026-01-01/P1M,170,,,
E06000056,Physical,Adult,2026-02-01/P1M,148,,,
E06000056,Physical,Adult,2026-03-01/P1M,192,,,
E06000056,Physical,All ages,2025-04-01/P1Y,0,,,
E06000056,Digital,Unknown,2025-04-01/P1Y,0,,,
E06000056,Digital,Under 12,2025-04-01/P1Y,0,,,
E06000056,Digital,12-17,2025-04-01/P1Y,0,,,
E06000056,Digital,Adult,2025-04-01/P1Y,0,,,
E06000056,Digital,All ages,2025-04-01/P1Y,0,,,
E06000049,Physical,Under 12,2025-04-01/P1M,307,,,
E06000049,Physical,Under 12,2025-05-01/P1M,280,,,
E06000049,Physical,Under 12,2025-06-01/P1M,311,,,
E06000049,Physical,Under 12,2025-07-01/P1M,372,,,
E06000049,Physical,Under 12,2025-08-01/P1M,339,,,
E06000049,Physical,Under 12,2025-09-01/P1M,311,,,
E06000049,Physical,Under 12,2025-10-01/P1M,361,,,
E06000049,Physical,Under 12,2025-11-01/P1M,317,,,
E06000049,Physical,Under 12,2025-12-01/P1M,300,,,
E06000049,Physical,Under 12,2026-01-01/P1M,241,,,
E06000049,Physical,Under 12,2026-02-01/P1M,322,,,
E06000049,Physical,Under 12,2026-03-01/P1M,364,,,
E06000049,Physical,12-17,2025-04-01/P1Y,0,,,
E06000049,Physical,Adult,2025-04-01/P1M,367,,,
E06000049,Physical,Adult,2025-05-01/P1M,326,,,
E06000049,Physical,Adult,2025-06-01/P1M,354,,,
E06000049,Physical,Adult,2025-07-01/P1M,353,,,
E06000049,Physical,Adult,2025-08-01/P1M,263,,,
E06000049,Physical,Adult,2025-09-01/P1M,356,,,
E06000049,Physical,Adult,2025-10-01/P1M,359,,,
E06000049,Physical,Adult,2025-11-01/P1M,368,,,
E06000049,Physical,Adult,2025-12-01/P1M,258,,,
E06000049,Physical,Adult,2026-01-01/P1M,255,,,
E06000049,Physical,Adult,2026-02-01/P1M,343,,,
E06000049,Physical,Adult,2026-03-01/P1M,417,,,
E06000049,Physical,All ages,2025-04-01/P1Y,0,,,
E06000049,Digital,Unknown,2025-04-01/P1Y,0,,,
E06000049,Digital,Under 12,2025-04-01/P1Y,0,,,
E06000049,Digital,12-17,2025-04-01/P1Y,0,,,
E06000049,Digital,Adult,2025-04-01/P1Y,0,,,
E06000049,Digital,All ages,2025-04-01/P1Y,0,,,
E06000050,Physical,Under 12,2025-04-01/P1M,469,,,
E06000050,Physical,Under 12,2025-05-01/P1M,398,,,
E06000050,Physical,Under 12,2025-06-01/P1M,368,,,
E06000050,Physical,Under 12,2025-07-01/P1M,433,,,
E06000050,Physical,Under 12,2025-08-01/P1M,487,,,
E06000050,Physical,Under 12,2025-09-01/P1M,381,,,
E06000050,Physical,Under 12,2025-10-01/P1M,452,,,
E06000050,Physical,Under 12,2025-11-01/P1M,385,,,
E06000050,Physical,Under 12,2025-12-01/P1M,394,,,
E06000050,Physical,Under 12,2026-01-01/P1M,387,,,
E06000050,Physical,Under 12,2026-02-01/P1M,418,,,
E06000050,Physical,Under 12,2026-03-01/P1M,435,,,
E06000050,Physical,12-17,2025-04-01/P1Y,0,,,
E06000050,Physical,Adult,2025-04-01/P1M,468,,,
E06000050,Physical,Adult,2025-05-01/P1M,461,,,
E06000050,Physical,Adult,2025-06-01/P1M,516,,,
E06000050,Physical,Adult,2025-07-01/P1M,470,,,
E06000050,Physical,Adult,2025-08-01/P1M,327,,,
E06000050,Physical,Adult,2025-09-01/P1M,422,,,
E06000050,Physical,Adult,2025-10-01/P1M,449,,,
E06000050,Physical,Adult,2025-11-01/P1M,441,,,
E06000050,Physical,Adult,2025-12-01/P1M,346,,,
E06000050,Physical,Adult,2026-01-01/P1M,470,,,
E06000050,Physical,Adult,2026-02-01/P1M,431,,,
E06000050,Physical,Adult,2026-03-01/P1M,493,,,
E06000050,Physical,All ages,2025-04-01/P1Y,0,,,
E06000050,Digital,Unknown,2025-04-01/P1Y,0,,,
E06000050,Digital,Under 12,2025-04-01/P1Y,0,,,
E06000050,Digital,12-17,2025-04-01/P1Y,0,,,
E06000050,Digital,Adult,2025-04-01/P1Y,0,,,
E06000050,Digital,All ages,2025-04-01/P1Y,0,,,
E09000001,Physical,Under 12,2025-04-01/P3M,167,,,
E09000001,Physical,Under 12,2025-07-01/P3M,153,,,
E09000001,Physical,Under 12,2025-10-01/P3M,151,,,
E09000001,Physical,Under 12,2026-01-01/P3M,169,,,
E09000001,Physical,12-17,2025-04-01/P1Y,1,,,
E09000001,Physical,Adult,2025-04-01/P3M,1036,,,
E09000001,Physical,Adult,2025-07-01/P3M,1165,,,
E09000001,Physical,Adult,2025-10-01/P3M,1142,,,
E09000001,Physical,Adult,2026-01-01/P3M,1100,,,
E09000001,Physical,All ages,2025-04-01/P3M,69,,,
E09000001,Physical,All ages,2025-07-01/P3M,68,,,
E09000001,Physical,All ages,2025-10-01/P3M,75,,,
E09000001,Physical,All ages,2026-01-01/P3M,79,,,
E09000001,Digital,Under 12,2025-04-01/P1Y,1,,,
E09000001,Digital,12-17,2025-04-01/P1Y,0,,,
E09000001,Digital,Adult,2025-04-01/P3M,53,,,
E09000001,Digital,Adult,2025-07-01/P3M,34,,,
E09000001,Digital,Adult,2025-10-01/P3M,43,,,
E09000001,Digital,Adult,2026-01-01/P3M,45,,,
E09000001,Digital,All ages,2025-04-01/P1Y,0,,,
E06000052,Physical,Unknown,2025-04-01/P1Y,0,,,
E06000052,Physical,Under 12,2025-04-01/P1Y,0,,,
E06000052,Physical,12-17,2025-04-01/P1Y,0,,,
E06000052,Physical,Adult,2025-04-01/P1Y,0,,,
E06000052,Physical,All ages,2025-04-01/P1Y,0,,,
E06000052,Digital,Unknown,2025-04-01/P1Y,0,,,
E06000052,Digital,Under 12,2025-04-01/P1Y,0,,,
E06000052,Digital,12-17,2025-04-01/P1Y,0,,,
E06000052,Digital,Adult,2025-04-01/P1Y,0,,,
E06000052,Digital,All ages,2025-04-01/P1Y,0,,,
E08000026,Physical,Under 12,2025-04-01/P1Y,0,,,
E08000026,Physical,12-17,2025-04-01/P1Y,0,,,
E08000026,Physical,Adult,2025-04-01/P1Y,0,,,
E08000026,Physical,All ages,2025-04-01/P1M,888,,,
E08000026,Physical,All ages,2025-05-01/P1M,861,,,
E08000026,Physical,All ages,2025-06-01/P1M,893,,,
E08000026,Physical,All ages,2025-07-01/P1M,956,,,
E08000026,Physical,All ages,2025-08-01/P1M,859,,,
E08000026,Physical,All ages,2025-09-01/P1M,834,,,
E08000026,Physical,All ages,2025-10-01/P1M,1018,,,
E08000026,Physical,All ages,2025-11-01/P1M,946,,,
E08000026,Physical,All ages,2025-12-01/P1M,737,,,
E08000026,Physical,All ages,2026-01-01/P1M,958,,,
E08000026,Physical,All ages,2026-02-01/P1M,926,,,
E08000026,Physical,All ages,2026-03-01/P1M,916,,,
E08000026,Digital,Unknown,2025-04-01/P1Y,0,,,
E08000026,Digital,Under 12,2025-04-01/P1Y,0,,,
E08000026,Digital,12-17,2025-04-01/P1Y,0,,,
E08000026,Digital,Adult,2025-04-01/P1Y,0,,,
E08000026,Digital,All ages,2025-04-01/P1Y,0,,,
E09000008,Physical,Under 12,2025-04-01/P1M,109,,,
E09000008,Physical,Under 12,2025-05-01/P1M,128,,,
E09000008,Physical,Under 12,2025-06-01/P1M,122,,,
E09000008,Physical,Under 12,2025-07-01/P1M,114,,,
E09000008,Physical,Under 12,2025-08-01/P1M,127,,,
E09000008,Physical,Under 12,2025-09-01/P1M,102,,,
E09000008,Physical,Under 12,2025-10-01/P1M,144,,,
E09000008,Physical,Under 12,2025-11-01/P1M,130,,,
E09000008,Physical,Under 12,2025-12-01/P1M,106,,,
E09000008,Physical,Under 12,2026-01-01/P1M,136,,,
E09000008,Physical,Under 12,2026-02-01/P1M,139,,,
E09000008,Physical,Under 12,2026-03-01/P1M,146,,,
E09000008,Physical,12-17,2025-04-01/P1M,2,,,
E09000008,Physical,12-17,2025-05-01/P1M,1,,,
E09000008,Physical,12-17,2025-06-01/P1M,1,,,
E09000008,Physical,12-17,2025-07-01/P1M,1,,,
E09000008,Physical,12-17,2025-08-01/P1M,2,,,
E09000008,Physical,12-17,2025-09-01/P1M,1,,,
E09000008,Physical,12-17,2025-10-01/P1M,1,,,
E09000008,Physical,12-17,2025-11-01/P1M,1,,,
E09000008,Physical,12-17,2025-12-01/P1M,5,,,
E09000008,Physical,12-17,2026-01-01/P1M,1,,,
E09000008,Physical,12-17,2026-02-01/P1M,2,,,
E09000008,Physical,12-17,2026-03-01/P1M,2,,,
E09000008,Physical,Adult,2025-04-01/P1M,143,,,
E09000008,Physical,Adult,2025-05-01/P1M,138,,,
E09000008,Physical,Adult,2025-06-01/P1M,112,,,
E09000008,Physical,Adult,2025-07-01/P1M,106,,,
E09000008,Physical,Adult,2025-08-01/P1M,90,,,
E09000008,Physical,Adult,2025-09-01/P1M,127,,,
E09000008,Physical,Adult,2025-10-01/P1M,164,,,
E09000008,Physical,Adult,2025-11-01/P1M,181,,,
E09000008,Physical,Adult,2025-12-01/P1M,97,,,
E09000008,Physical,Adult,2026-01-01/P1M,105,,,
E09000008,Physical,Adult,2026-02-01/P1M,141,,,
E09000008,Physical,Adult,2026-03-01/P1M,158,,,
E09000008,Physical,All ages,2025-04-01/P1Y,0,,,
E09000008,Digital,Unknown,2025-04-01/P1Y,0,,,
E09000008,Digital,Under 12,2025-04-01/P1Y,0,,,
E09000008,Digital,12-17,2025-04-01/P1Y,0,,,
E09000008,Digital,Adult,2025-04-01/P1Y,0,,,
E09000008,Digital,All ages,2025-04-01/P1Y,0,,,
E06000063,Physical,Unknown,2025-04-01/P1M,246,,,
E06000063,Physical,Unknown,2025-05-01/P1M,257,,,
E06000063,Physical,Unknown,2025-06-01/P1M,298,,,
E06000063,Physical,Unknown,2025-07-01/P1M,275,,,
E06000063,Physical,Unknown,2025-08-01/P1M,218,,,
E06000063,Physical,Unknown,2025-09-01/P1M,267,,,
E06000063,Physical,Unknown,2025-10-01/P1M,251,,,
E06000063,Physical,Unknown,2025-11-01/P1M,207,,,
E06000063,Physical,Unknown,2025-12-01/P1M,139,,,
E06000063,Physical,Unknown,2026-01-01/P1M,224,,,
E06000063,Physical,Unknown,2026-02-01/P1M,252,,,
E06000063,Physical,Unknown,2026-03-01/P1M,279,,,
E06000063,Physical,Under 12,2025-04-01/P1Y,0,,,
E06000063,Physical,12-17,2025-04-01/P1Y,0,,,
E06000063,Physical,Adult,2025-04-01/P1Y,0,,,
E06000063,Physical,All ages,2025-04-01/P1Y,0,,,
E06000063,Digital,Unknown,2025-04-01/P1Y,0,,,
E06000063,Digital,Under 12,2025-04-01/P1Y,0,,,
E06000063,Digital,12-17,2025-04-01/P1Y,0,,,
E06000063,Digital,Adult,2025-04-01/P1Y,0,,,
E06000063,Digital,All ages,2025-04-01/P1Y,0,,,
E06000005,Physical,Unknown,2025-04-01/P1M,126,,,
E06000005,Physical,Unknown,2025-05-01/P1M,123,,,
E06000005,Physical,Unknown,2025-06-01/P1M,130,,,
E06000005,Physical,Unknown,2025-07-01/P1M,126,,,
E06000005,Physical,Unknown,2025-08-01/P1M,106,,,
E06000005,Physical,Unknown,2025-09-01/P1M,107,,,
E06000005,Physical,Unknown,2025-10-01/P1M,137,,,
E06000005,Physical,Unknown,2025-11-01/P1M,172,,,
E06000005,Physical,Unknown,2025-12-01/P1M,97,,,
E06000005,Physical,Unknown,2026-01-01/P1M,120,,,
E06000005,Physical,Unknown,2026-02-01/P1M,134,,,
E06000005,Physical,Unknown,2026-03-01/P1M,163,,,
E06000005,Physical,Under 12,2025-04-01/P1Y,0,,,
E06000005,Physical,12-17,2025-04-01/P1Y,0,,,
E06000005,Physical,Adult,2025-04-01/P1Y,0,,,
E06000005,Physical,All ages,2025-04-01/P1Y,0,,,
E06000005,Digital,Unknown,2025-04-01/P1Y,0,,,
E06000005,Digital,Under 12,2025-04-01/P1Y,0,,,
E06000005,Digital,12-17,2025-04-01/P1Y,0,,,
E06000005,Digital,Adult,2025-04-01/P1Y,0,,,
E06000005,Digital,All ages,2025-04-01/P1Y,0,,,
E06000015,Physical,Under 12,2025-04-01/P1M,99,,,
E06000015,Physical,Under 12,2025-05-01/P1M,103,,,
E06000015,Physical,Under 12,2025-06-01/P1M,118,,,
E06000015,Physical,Under 12,2025-07-01/P1M,136,,,
E06000015,Physical,Under 12,2025-08-01/P1M,94,,,
E06000015,Physical,Under 12,2025-09-01/P1M,94,,,
E06000015,Physical,Under 12,2025-10-01/P1M,133,,,
E06000015,Physical,Under 12,2025-11-01/P1M,111,,,
E06000015,Physical,Under 12,2025-12-01/P1M,94,,,
E06000015,Physical,Under 12,2026-01-01/P1M,113,,,
E06000015,Physical,Under 12,2026-02-01/P1M,132,,,
E06000015,Physical,Under 12,2026-03-01/P1M,148,,,
E06000015,Physical,12-17,2025-04-01/P1Y,0,,,
E06000015,Physical,Adult,2025-04-01/P1M,165,,,
E06000015,Physical,Adult,2025-05-01/P1M,161,,,
E06000015,Physical,Adult,2025-06-01/P1M,206,,,
E06000015,Physical,Adult,2025-07-01/P1M,225,,,
E06000015,Physical,Adult,2025-08-01/P1M,139,,,
E06000015,Physical,Adult,2025-09-01/P1M,156,,,
E06000015,Physical,Adult,2025-10-01/P1M,227,,,
E06000015,Physical,Adult,2025-11-01/P1M,198,,,
E06000015,Physical,Adult,2025-12-01/P1M,167,,,
E06000015,Physical,Adult,2026-01-01/P1M,203,,,
E06000015,Physical,Adult,2026-02-01/P1M,190,,,
E06000015,Physical,Adult,2026-03-01/P1M,225,,,
E06000015,Physical,All ages,2025-04-01/P1Y,0,,,
E06000015,Digital,Unknown,2025-04-01/P1Y,0,,,
E06000015,Digital,Under 12,2025-04-01/P1Y,0,,,
E06000015,Digital,12-17,2025-04-01/P1Y,0,,,
E06000015,Digital,Adult,2025-04-01/P1Y,0,,,
E06000015,Digital,All ages,2025-04-01/P1Y,0,,,
E10000007,Physical,Unknown,2025-04-01/P1M,709,,,
E10000007,Physical,Unknown,2025-05-01/P1M,651,,,
E10000007,Physical,Unknown,2025-06-01/P1M,988,,,
E10000007,Physical,Unknown,2025-07-01/P1M,886,,,
E10000007,Physical,Unknown,2025-08-01/P1M,868,,,
E10000007,Physical,Unknown,2025-09-01/P1M,778,,,
E10000007,Physical,Unknown,2025-10-01/P1M,808,,,
E10000007,Physical,Unknown,2025-11-01/P1M,634,,,
E10000007,Physical,Unknown,2025-12-01/P1M,646,,,
E10000007,Physical,Unknown,2026-01-01/P1M,647,,,
E10000007,Physical,Unknown,2026-02-01/P1M,654,,,
E10000007,Physical,Unknown,2026-03-01/P1M,512,,,
E10000007,Physical,Under 12,2025-04-01/P1Y,0,,,
E10000007,Physical,12-17,2025-04-01/P1Y,0,,,
E10000007,Physical,Adult,2025-04-01/P1Y,0,,,
E10000007,Physical,All ages,2025-04-01/P1Y,0,,,
E10000007,Digital,Unknown,2025-04-01/P1Y,0,,,
E10000007,Digital,Under 12,2025-04-01/P1Y,0,,,
E10000007,Digital,12-17,2025-04-01/P1Y,0,,,
E10000007,Digital,Adult,2025-04-01/P1Y,0,,,
E10000007,Digital,All ages,2025-04-01/P1Y,0,,,
E10000008,Physical,Under 12,2025-04-01/P1M,564,,,
E10000008,Physical,Under 12,2025-05-01/P1M,572,,,
E10000008,Physical,Under 12,2025-06-01/P1M,559,,,
E10000008,Physical,Under 12,2025-07-01/P1M,644,,,
E10000008,Physical,Under 12,2025-08-01/P1M,593,,,
E10000008,Physical,Under 12,2025-09-01/P1M,478,,,
E10000008,Physical,Under 12,2025-10-01/P1M,631,,,
E10000008,Physical,Under 12,2025-11-01/P1M,565,,,
E10000008,Physical,Under 12,2025-12-01/P1M,491,,,
E10000008,Physical,Under 12,2026-01-01/P1M,565,,,
E10000008,Physical,Under 12,2026-02-01/P1M,583,,,
E10000008,Physical,Under 12,2026-03-01/P1M,638,,,
E10000008,Physical,12-17,2025-04-01/P1M,7,,,
E10000008,Physical,12-17,2025-05-01/P1M,12,,,
E10000008,Physical,12-17,2025-06-01/P1M,14,,,
E10000008,Physical,12-17,2025-07-01/P1M,8,,,
E10000008,Physical,12-17,2025-08-01/P1M,6,,,
E10000008,Physical,12-17,2025-09-01/P1M,5,,,
E10000008,Physical,12-17,2025-10-01/P1M,7,,,
E10000008,Physical,12-17,2025-11-01/P1M,18,,,
E10000008,Physical,12-17,2025-12-01/P1M,15,,,
E10000008,Physical,12-17,2026-01-01/P1M,20,,,
E10000008,Physical,12-17,2026-02-01/P1M,8,,,
E10000008,Physical,12-17,2026-03-01/P1M,28,,,
E10000008,Physical,Adult,2025-04-01/P1M,414,,,
E10000008,Physical,Adult,2025-05-01/P1M,408,,,
E10000008,Physical,Adult,2025-06-01/P1M,424,,,
E10000008,Physical,Adult,2025-07-01/P1M,404,,,
E10000008,Physical,Adult,2025-08-01/P1M,334,,,
E10000008,Physical,Adult,2025-09-01/P1M,338,,,
E10000008,Physical,Adult,2025-10-01/P1M,441,,,
E10000008,Physical,Adult,2025-11-01/P1M,433,,,
E10000008,Physical,Adult,2025-12-01/P1M,369,,,
E10000008,Physical,Adult,2026-01-01/P1M,458,,,
E10000008,Physical,Adult,2026-02-01/P1M,442,,,
E10000008,Physical,Adult,2026-03-01/P1M,418,,,
E10000008,Physical,All ages,2025-04-01/P1Y,0,,,
E10000008,Digital,Unknown,2025-04-01/P1Y,0,,,
E10000008,Digital,Under 12,2025-04-01/P1Y,0,,,
E10000008,Digital,12-17,2025-04-01/P1Y,0,,,
E10000008,Digital,Adult,2025-04-01/P1Y,0,,,
E10000008,Digital,All ages,2025-04-01/P1Y,0,,,
E08000017,Physical,Unknown,2025-04-01/P1Y,0,,,
E08000017,Physical,Under 12,2025-04-01/P1Y,0,,,
E08000017,Physical,12-17,2025-04-01/P1Y,0,,,
E08000017,Physical,Adult,2025-04-01/P1Y,0,,,
E08000017,Physical,All ages,2025-04-01/P1Y,0,,,
E08000017,Digital,Unknown,2025-04-01/P1Y,0,,,
E08000017,Digital,Under 12,2025-04-01/P1Y,0,,,
E08000017,Digital,12-17,2025-04-01/P1Y,0,,,
E08000017,Digital,Adult,2025-04-01/P1Y,0,,,
E08000017,Digital,All ages,2025-04-01/P1Y,0,,,
E06000059,Physical,Unknown,2025-04-01/P1M,674,,,
E06000059,Physical,Unknown,2025-05-01/P1M,704,,,
E06000059,Physical,Unknown,2025-06-01/P1M,744,,,
E06000059,Physical,Unknown,2025-07-01/P1M,849,,,
E06000059,Physical,Unknown,2025-08-01/P1M,823,,,
E06000059,Physical,Unknown,2025-09-01/P1M,692,,,
E06000059,Physical,Unknown,2025-10-01/P1M,795,,,
E06000059,Physical,Unknown,2025-11-01/P1M,739,,,
E06000059,Physical,Unknown,2025-12-01/P1M,688,,,
E06000059,Physical,Unknown,2026-01-01/P1M,690,,,
E06000059,Physical,Unknown,2026-02-01/P1M,686,,,
E06000059,Physical,Unknown,2026-03-01/P1M,782,,,
E06000059,Physical,Under 12,2025-04-01/P1Y,0,,,
E06000059,Physical,12-17,2025-04-01/P1Y,0,,,
E06000059,Physical,Adult,2025-04-01/P1Y,0,,,
E06000059,Physical,All ages,2025-04-01/P1Y,0,,,
E06000059,Digital,Unknown,2025-04-01/P1M,4,,,
E06000059,Digital,Unknown,2025-05-01/P1M,5,,,
E06000059,Digital,Unknown,2025-06-01/P1M,9,,,
E06000059,Digital,Unknown,2025-07-01/P1M,4,,,
E06000059,Digital,Unknown,2025-08-01/P1M,4,,,
E06000059,Digital,Unknown,2025-09-01/P1M,1,,,
E06000059,Digital,Unknown,2025-10-01/P1M,4,,,
E06000059,Digital,Unknown,2025-11-01/P1M,6,,,
E06000059,Digital,Unknown,2025-12-01/P1M,3,,,
E06000059,Digital,Unknown,2026-01-01/P1M,4,,,
E06000059,Digital,Unknown,2026-02-01/P1M,3,,,
E06000059,Digital,Unknown,2026-03-01/P1M,6,,,
E06000059,Digital,Under 12,2025-04-01/P1Y,0,,,
E06000059,Digital,12-17,2025-04-01/P1Y,0,,,
E06000059,Digital,Adult,2025-04-01/P1Y,0,,,
E06000059,Digital,All ages,2025-04-01/P1Y,0,,,
E08000027,Physical,Under 12,2025-04-01/P1M,525,,,
E08000027,Physical,Under 12,2025-05-01/P1M,485,,,
E08000027,Physical,Under 12,2025-06-01/P1M,412,,,
E08000027,Physical,Under 12,2025-07-01/P1M,534,,,
E08000027,Physical,Under 12,2025-08-01/P1M,547,,,
E08000027,Physical,Under 12,2025-09-01/P1M,395,,,
E08000027,Physical,Under 12,2025-10-01/P1M,480,,,
E08000027,Physical,Under 12,2025-11-01/P1M,425,,,
E08000027,Physical,Under 12,2025-12-01/P1M,350,,,
E08000027,Physical,Under 12,2026-01-01/P1M,367,,,
E08000027,Physical,Under 12,2026-02-01/P1M,388,,,
E08000027,Physical,Under 12,2026-03-01/P1M,440,,,
E08000027,Physical,12-17,2025-04-01/P1Y,0,,,
E08000027,Physical,Adult,2025-04-01/P1M,441,,,
E08000027,Physical,Adult,2025-05-01/P1M,448,,,
E08000027,Physical,Adult,2025-06-01/P1M,487,,,
E08000027,Physical,Adult,2025-07-01/P1M,450,,,
E08000027,Physical,Adult,2025-08-01/P1M,326,,,
E08000027,Physical,Adult,2025-09-01/P1M,464,,,
E08000027,Physical,Adult,2025-10-01/P1M,507,,,
E08000027,Physical,Adult,2025-11-01/P1M,482,,,
E08000027,Physical,Adult,2025-12-01/P1M,316,,,
E08000027,Physical,Adult,2026-01-01/P1M,525,,,
E08000027,Physical,Adult,2026-02-01/P1M,502,,,
E08000027,Physical,Adult,2026-03-01/P1M,590,,,
E08000027,Physical,All ages,2025-04-01/P1Y,0,,,
E08000027,Digital,Unknown,2025-04-01/P1Y,0,,,
E08000027,Digital,Under 12,2025-04-01/P1Y,0,,,
E08000027,Digital,12-17,2025-04-01/P1Y,0,,,
E08000027,Digital,Adult,2025-04-01/P1Y,0,,,
E08000027,Digital,All ages,2025-04-01/P1Y,0,,,
E10000011,Physical,Under 12,2025-04-01/P1M,164,,,
E10000011,Physical,Under 12,2025-05-01/P1M,162,,,
E10000011,Physical,Under 12,2025-06-01/P1M,165,,,
E10000011,Physical,Under 12,2025-07-01/P1M,269,,,
E10000011,Physical,Under 12,2025-08-01/P1M,206,,,
E10000011,Physical,Under 12,2025-09-01/P1M,145,,,
E10000011,Physical,Under 12,2025-10-01/P1M,167,,,
E10000011,Physical,Under 12,2025-11-01/P1M,162,,,
E10000011,Physical,Under 12,2025-12-01/P1M,157,,,
E10000011,Physical,Under 12,2026-01-01/P1M,119,,,
E10000011,Physical,Under 12,2026-02-01/P1M,202,,,
E10000011,Physical,Under 12,2026-03-01/P1M,225,,,
E10000011,Physical,12-17,2025-04-01/P1M,1,,,
E10000011,Physical,12-17,2025-05-01/P1M,0,,,
E10000011,Physical,12-17,2025-06-01/P1M,9,,,
E10000011,Physical,12-17,2025-07-01/P1M,1,,,
E10000011,Physical,12-17,2025-08-01/P1M,1,,,
E10000011,Physical,12-17,2025-09-01/P1M,0,,,
E10000011,Physical,12-17,2025-10-01/P1M,0,,,
E10000011,Physical,12-17,2025-11-01/P1M,0,,,
E10000011,Physical,12-17,2025-12-01/P1M,0,,,
E10000011,Physical,12-17,2026-01-01/P1M,0,,,
E10000011,Physical,12-17,2026-02-01/P1M,2,,,
E10000011,Physical,12-17,2026-03-01/P1M,2,,,
E10000011,Physical,Adult,2025-04-01/P1M,412,,,
E10000011,Physical,Adult,2025-05-01/P1M,351,,,
E10000011,Physical,Adult,2025-06-01/P1M,351,,,
E10000011,Physical,Adult,2025-07-01/P1M,302,,,
E10000011,Physical,Adult,2025-08-01/P1M,291,,,
E10000011,Physical,Adult,2025-09-01/P1M,347,,,
E10000011,Physical,Adult,2025-10-01/P1M,352,,,
E10000011,Physical,Adult,2025-11-01/P1M,339,,,
E10000011,Physical,Adult,2025-12-01/P1M,203,,,
E10000011,Physical,Adult,2026-01-01/P1M,318,,,
E10000011,Physical,Adult,2026-02-01/P1M,317,,,
E10000011,Physical,Adult,2026-03-01/P1M,346,,,
E10000011,Physical,All ages,2025-04-01/P1M,42,,,
E10000011,Physical,All ages,2025-05-01/P1M,40,,,
E10000011,Physical,All ages,2025-06-01/P1M,37,,,
E10000011,Physical,All ages,2025-07-01/P1M,36,,,
E10000011,Physical,All ages,2025-08-01/P1M,43,,,
E10000011,Physical,All ages,2025-09-01/P1M,41,,,
E10000011,Physical,All ages,2025-10-01/P1M,40,,,
E10000011,Physical,All ages,2025-11-01/P1M,41,,,
E10000011,Physical,All ages,2025-12-01/P1M,32,,,
E10000011,Physical,All ages,2026-01-01/P1M,55,,,
E10000011,Physical,All ages,2026-02-01/P1M,57,,,
E10000011,Physical,All ages,2026-03-01/P1M,61,,,
E10000011,Digital,Under 12,2025-04-01/P1Y,0,,,
E10000011,Digital,12-17,2025-04-01/P1Y,0,,,
E10000011,Digital,Adult,2025-04-01/P1M,0,,,
E10000011,Digital,Adult,2025-05-01/P1M,3,,,
E10000011,Digital,Adult,2025-06-01/P1M,6,,,
E10000011,Digital,Adult,2025-07-01/P1M,0,,,
E10000011,Digital,Adult,2025-08-01/P1M,0,,,
E10000011,Digital,Adult,2025-09-01/P1M,0,,,
E10000011,Digital,Adult,2025-10-01/P1M,0,,,
E10000011,Digital,Adult,2025-11-01/P1M,6,,,
E10000011,Digital,Adult,2025-12-01/P1M,0,,,
E10000011,Digital,Adult,2026-01-01/P1M,6,,,
E10000011,Digital,Adult,2026-02-01/P1M,6,,,
E10000011,Digital,Adult,2026-03-01/P1M,0,,,
E10000011,Digital,All ages,2025-04-01/P1M,0,,,
E10000011,Digital,All ages,2025-05-01/P1M,0,,,
E10000011,Digital,All ages,2025-06-01/P1M,0,,,
E10000011,Digital,All ages,2025-07-01/P1M,0,,,
E10000011,Digital,All ages,2025-08-01/P1M,0,,,
E10000011,Digital,All ages,2025-09-01/P1M,0,,,
E10000011,Digital,All ages,2025-10-01/P1M,0,,,
E10000011,Digital,All ages,2025-11-01/P1M,0,,,
E10000011,Digital,All ages,2025-12-01/P1M,0,,,
E10000011,Digital,All ages,2026-01-01/P1M,1,,,
E10000011,Digital,All ages,2026-02-01/P1M,0,,,
E10000011,Digital,All ages,2026-03-01/P1M,2,,,
E08000037,Physical,Unknown,2025-04-01/P1M,129,,,
E08000037,Physical,Unknown,2025-05-01/P1M,147,,,
E08000037,Physical,Unknown,2025-06-01/P1M,172,,,
E08000037,Physical,Unknown,2025-07-01/P1M,130,,,
E08000037,Physical,Unknown,2025-08-01/P1M,115,,,
E08000037,Physical,Unknown,2025-09-01/P1M,123,,,
E08000037,Physical,Unknown,2025-10-01/P1M,177,,,
E08000037,Physical,Unknown,2025-11-01/P1M,193,,,
E08000037,Physical,Unknown,2025-12-01/P1M,123,,,
E08000037,Physical,Unknown,2026-01-01/P1M,154,,,
E08000037,Physical,Unknown,2026-02-01/P1M,217,,,
E08000037,Physical,Unknown,2026-03-01/P1M,221,,,
E08000037,Physical,Under 12,2025-04-01/P1Y,0,,,
E08000037,Physical,12-17,2025-04-01/P1Y,0,,,
E08000037,Physical,Adult,2025-04-01/P1Y,0,,,
E08000037,Physical,All ages,2025-04-01/P1Y,0,,,
E08000037,Digital,Unknown,2025-04-01/P1Y,0,,,
E08000037,Digital,Under 12,2025-04-01/P1Y,0,,,
E08000037,Digital,12-17,2025-04-01/P1Y,0,,,
E08000037,Digital,Adult,2025-04-01/P1Y,0,,,
E08000037,Digital,All ages,2025-04-01/P1Y,0,,,
E10000013,Physical,Under 12,2025-04-01/P1M,362,,,
E10000013,Physical,Under 12,2025-05-01/P1M,333,,,
E10000013,Physical,Under 12,2025-06-01/P1M,294,,,
E10000013,Physical,Under 12,2025-07-01/P1M,346,,,
E10000013,Physical,Under 12,2025-08-01/P1M,287,,,
E10000013,Physical,Under 12,2025-09-01/P1M,338,,,
E10000013,Physical,Under 12,2025-10-01/P1M,304,,,
E10000013,Physical,Under 12,2025-11-01/P1M,296,,,
E10000013,Physical,Under 12,2025-12-01/P1M,270,,,
E10000013,Physical,Under 12,2026-01-01/P1M,306,,,
E10000013,Physical,Under 12,2026-02-01/P1M,282,,,
E10000013,Physical,Under 12,2026-03-01/P1M,278,,,
E10000013,Physical,12-17,2025-04-01/P1Y,0,,,
E10000013,Physical,Adult,2025-04-01/P1M,130,,,
E10000013,Physical,Adult,2025-05-01/P1M,135,,,
E10000013,Physical,Adult,2025-06-01/P1M,123,,,
E10000013,Physical,Adult,2025-07-01/P1M,129,,,
E10000013,Physical,Adult,2025-08-01/P1M,118,,,
E10000013,Physical,Adult,2025-09-01/P1M,122,,,
E10000013,Physical,Adult,2025-10-01/P1M,122,,,
E10000013,Physical,Adult,2025-11-01/P1M,122,,,
E10000013,Physical,Adult,2025-12-01/P1M,92,,,
E10000013,Physical,Adult,2026-01-01/P1M,119,,,
E10000013,Physical,Adult,2026-02-01/P1M,114,,,
E10000013,Physical,Adult,2026-03-01/P1M,121,,,
E10000013,Physical,All ages,2025-04-01/P1Y,0,,,
E10000013,Digital,Unknown,2025-04-01/P1Y,0,,,
E10000013,Digital,Under 12,2025-04-01/P1Y,0,,,
E10000013,Digital,12-17,2025-04-01/P1Y,0,,,
E10000013,Digital,Adult,2025-04-01/P1Y,0,,,
E10000013,Digital,All ages,2025-04-01/P1Y,0,,,
E09000011,Physical,Under 12,2025-04-01/P1M,577,,suspicious,"Source audit: total_physical_events: Published annual total 11,061; supplied month sum 12,011; difference -950. No replacement inferred. | total_physical_events: Annual: reported total 11,061; category sum 12,009; difference -948. Categories exceed total; check duplication, scope and reporting frequency. Event audiences may overlap. Values retained as reported pending source confirmation. Formula check: total_physical_events: Published annual total 11,061; supplied month sum 12,011; difference -950. No replacement inferred. Annual SUM ignores numeric text month cells totalling 950, which explains the entire difference. Numeric month values are preserved by the importer; the published annual value remains unchanged and flagged."
E09000011,Physical,Under 12,2025-05-01/P1M,577,,suspicious,"Source audit: total_physical_events: Published annual total 11,061; supplied month sum 12,011; difference -950. No replacement inferred. | total_physical_events: Annual: reported total 11,061; category sum 12,009; difference -948. Categories exceed total; check duplication, scope and reporting frequency. Event audiences may overlap. Values retained as reported pending source confirmation. Formula check: total_physical_events: Published annual total 11,061; supplied month sum 12,011; difference -950. No replacement inferred. Annual SUM ignores numeric text month cells totalling 950, which explains the entire difference. Numeric month values are preserved by the importer; the published annual value remains unchanged and flagged."
E09000011,Physical,Under 12,2025-06-01/P1M,577,,suspicious,"Source audit: total_physical_events: Published annual total 11,061; supplied month sum 12,011; difference -950. No replacement inferred. | total_physical_events: Annual: reported total 11,061; category sum 12,009; difference -948. Categories exceed total; check duplication, scope and reporting frequency. Event audiences may overlap. Values retained as reported pending source confirmation. Formula check: total_physical_events: Published annual total 11,061; supplied month sum 12,011; difference -950. No replacement inferred. Annual SUM ignores numeric text month cells totalling 950, which explains the entire difference. Numeric month values are preserved by the importer; the published annual value remains unchanged and flagged."
E09000011,Physical,Under 12,2025-07-01/P1M,577,,suspicious,"Source audit: total_physical_events: Published annual total 11,061; supplied month sum 12,011; difference -950. No replacement inferred. | total_physical_events: Annual: reported total 11,061; category sum 12,009; difference -948. Categories exceed total; check duplication, scope and reporting frequency. Event audiences may overlap. Values retained as reported pending source confirmation. Formula check: total_physical_events: Published annual total 11,061; supplied month sum 12,011; difference -950. No replacement inferred. Annual SUM ignores numeric text month cells totalling 950, which explains the entire difference. Numeric month values are preserved by the importer; the published annual value remains unchanged and flagged."
E09000011,Physical,Under 12,2025-08-01/P1M,577,,suspicious,"Source audit: total_physical_events: Published annual total 11,061; supplied month sum 12,011; difference -950. No replacement inferred. | total_physical_events: Annual: reported total 11,061; category sum 12,009; difference -948. Categories exceed total; check duplication, scope and reporting frequency. Event audiences may overlap. Values retained as reported pending source confirmation. Formula check: total_physical_events: Published annual total 11,061; supplied month sum 12,011; difference -950. No replacement inferred. Annual SUM ignores numeric text month cells totalling 950, which explains the entire difference. Numeric month values are preserved by the importer; the published annual value remains unchanged and flagged."
E09000011,Physical,Under 12,2025-09-01/P1M,577,,suspicious,"Source audit: total_physical_events: Published annual total 11,061; supplied month sum 12,011; difference -950. No replacement inferred. | total_physical_events: Annual: reported total 11,061; category sum 12,009; difference -948. Categories exceed total; check duplication, scope and reporting frequency. Event audiences may overlap. Values retained as reported pending source confirmation. Formula check: total_physical_events: Published annual total 11,061; supplied month sum 12,011; difference -950. No replacement inferred. Annual SUM ignores numeric text month cells totalling 950, which explains the entire difference. Numeric month values are preserved by the importer; the published annual value remains unchanged and flagged."
E09000011,Physical,Under 12,2025-10-01/P1M,607,,suspicious,"Source audit: total_physical_events: Published annual total 11,061; supplied month sum 12,011; difference -950. No replacement inferred. | total_physical_events: Annual: reported total 11,061; category sum 12,009; difference -948. Categories exceed total; check duplication, scope and reporting frequency. Event audiences may overlap. Values retained as reported pending source confirmation. Formula check: total_physical_events: Published annual total 11,061; supplied month sum 12,011; difference -950. No replacement inferred. Annual SUM ignores numeric text month cells totalling 950, which explains the entire difference. Numeric month values are preserved by the importer; the published annual value remains unchanged and flagged."
E09000011,Physical,Under 12,2025-11-01/P1M,607,,suspicious,"Source audit: total_physical_events: Published annual total 11,061; supplied month sum 12,011; difference -950. No replacement inferred. | total_physical_events: Annual: reported total 11,061; category sum 12,009; difference -948. Categories exceed total; check duplication, scope and reporting frequency. Event audiences may overlap. Values retained as reported pending source confirmation. Formula check: total_physical_events: Published annual total 11,061; supplied month sum 12,011; difference -950. No replacement inferred. Annual SUM ignores numeric text month cells totalling 950, which explains the entire difference. Numeric month values are preserved by the importer; the published annual value remains unchanged and flagged."
E09000011,Physical,Under 12,2025-12-01/P1M,516,,suspicious,"Source audit: total_physical_events: Published annual total 11,061; supplied month sum 12,011; difference -950. No replacement inferred. | total_physical_events: Annual: reported total 11,061; category sum 12,009; difference -948. Categories exceed total; check duplication, scope and reporting frequency. Event audiences may overlap. Values retained as reported pending source confirmation. Formula check: total_physical_events: Published annual total 11,061; supplied month sum 12,011; difference -950. No replacement inferred. Annual SUM ignores numeric text month cells totalling 950, which explains the entire difference. Numeric month values are preserved by the importer; the published annual value remains unchanged and flagged."
E09000011,Physical,Under 12,2026-01-01/P1M,638,,suspicious,"Source audit: total_physical_events: Published annual total 11,061; supplied month sum 12,011; difference -950. No replacement inferred. | total_physical_events: Annual: reported total 11,061; category sum 12,009; difference -948. Categories exceed total; check duplication, scope and reporting frequency. Event audiences may overlap. Values retained as reported pending source confirmation. Formula check: total_physical_events: Published annual total 11,061; supplied month sum 12,011; difference -950. No replacement inferred. Annual SUM ignores numeric text month cells totalling 950, which explains the entire difference. Numeric month values are preserved by the importer; the published annual value remains unchanged and flagged."
E09000011,Physical,Under 12,2026-02-01/P1M,695,,suspicious,"Source audit: total_physical_events: Published annual total 11,061; supplied month sum 12,011; difference -950. No replacement inferred. | total_physical_events: Annual: reported total 11,061; category sum 12,009; difference -948. Categories exceed total; check duplication, scope and reporting frequency. Event audiences may overlap. Values retained as reported pending source confirmation. Formula check: total_physical_events: Published annual total 11,061; supplied month sum 12,011; difference -950. No replacement inferred. Annual SUM ignores numeric text month cells totalling 950, which explains the entire difference. Numeric month values are preserved by the importer; the published annual value remains unchanged and flagged."
E09000011,Physical,Under 12,2026-03-01/P1M,769,,suspicious,"Source audit: total_physical_events: Published annual total 11,061; supplied month sum 12,011; difference -950. No replacement inferred. | total_physical_events: Annual: reported total 11,061; category sum 12,009; difference -948. Categories exceed total; check duplication, scope and reporting frequency. Event audiences may overlap. Values retained as reported pending source confirmation. Formula check: total_physical_events: Published annual total 11,061; supplied month sum 12,011; difference -950. No replacement inferred. Annual SUM ignores numeric text month cells totalling 950, which explains the entire difference. Numeric month values are preserved by the importer; the published annual value remains unchanged and flagged."
E09000011,Physical,12-17,2025-04-01/P1M,22,,suspicious,"Source audit: total_physical_events: Published annual total 11,061; supplied month sum 12,011; difference -950. No replacement inferred. | total_physical_events: Annual: reported total 11,061; category sum 12,009; difference -948. Categories exceed total; check duplication, scope and reporting frequency. Event audiences may overlap. Values retained as reported pending source confirmation. Formula check: total_physical_events: Published annual total 11,061; supplied month sum 12,011; difference -950. No replacement inferred. Annual SUM ignores numeric text month cells totalling 950, which explains the entire difference. Numeric month values are preserved by the importer; the published annual value remains unchanged and flagged."
E09000011,Physical,12-17,2025-05-01/P1M,22,,suspicious,"Source audit: total_physical_events: Published annual total 11,061; supplied month sum 12,011; difference -950. No replacement inferred. | total_physical_events: Annual: reported total 11,061; category sum 12,009; difference -948. Categories exceed total; check duplication, scope and reporting frequency. Event audiences may overlap. Values retained as reported pending source confirmation. Formula check: total_physical_events: Published annual total 11,061; supplied month sum 12,011; difference -950. No replacement inferred. Annual SUM ignores numeric text month cells totalling 950, which explains the entire difference. Numeric month values are preserved by the importer; the published annual value remains unchanged and flagged."
E09000011,Physical,12-17,2025-06-01/P1M,22,,suspicious,"Source audit: total_physical_events: Published annual total 11,061; supplied month sum 12,011; difference -950. No replacement inferred. | total_physical_events: Annual: reported total 11,061; category sum 12,009; difference -948. Categories exceed total; check duplication, scope and reporting frequency. Event audiences may overlap. Values retained as reported pending source confirmation. Formula check: total_physical_events: Published annual total 11,061; supplied month sum 12,011; difference -950. No replacement inferred. Annual SUM ignores numeric text month cells totalling 950, which explains the entire difference. Numeric month values are preserved by the importer; the published annual value remains unchanged and flagged."
E09000011,Physical,12-17,2025-07-01/P1M,22,,suspicious,"Source audit: total_physical_events: Published annual total 11,061; supplied month sum 12,011; difference -950. No replacement inferred. | total_physical_events: Annual: reported total 11,061; category sum 12,009; difference -948. Categories exceed total; check duplication, scope and reporting frequency. Event audiences may overlap. Values retained as reported pending source confirmation. Formula check: total_physical_events: Published annual total 11,061; supplied month sum 12,011; difference -950. No replacement inferred. Annual SUM ignores numeric text month cells totalling 950, which explains the entire difference. Numeric month values are preserved by the importer; the published annual value remains unchanged and flagged."
E09000011,Physical,12-17,2025-08-01/P1M,22,,suspicious,"Source audit: total_physical_events: Published annual total 11,061; supplied month sum 12,011; difference -950. No replacement inferred. | total_physical_events: Annual: reported total 11,061; category sum 12,009; difference -948. Categories exceed total; check duplication, scope and reporting frequency. Event audiences may overlap. Values retained as reported pending source confirmation. Formula check: total_physical_events: Published annual total 11,061; supplied month sum 12,011; difference -950. No replacement inferred. Annual SUM ignores numeric text month cells totalling 950, which explains the entire difference. Numeric month values are preserved by the importer; the published annual value remains unchanged and flagged."
E09000011,Physical,12-17,2025-09-01/P1M,22,,suspicious,"Source audit: total_physical_events: Published annual total 11,061; supplied month sum 12,011; difference -950. No replacement inferred. | total_physical_events: Annual: reported total 11,061; category sum 12,009; difference -948. Categories exceed total; check duplication, scope and reporting frequency. Event audiences may overlap. Values retained as reported pending source confirmation. Formula check: total_physical_events: Published annual total 11,061; supplied month sum 12,011; difference -950. No replacement inferred. Annual SUM ignores numeric text month cells totalling 950, which explains the entire difference. Numeric month values are preserved by the importer; the published annual value remains unchanged and flagged."
E09000011,Physical,12-17,2025-10-01/P1M,23,,suspicious,"Source audit: total_physical_events: Published annual total 11,061; supplied month sum 12,011; difference -950. No replacement inferred. | total_physical_events: Annual: reported total 11,061; category sum 12,009; difference -948. Categories exceed total; check duplication, scope and reporting frequency. Event audiences may overlap. Values retained as reported pending source confirmation. Formula check: total_physical_events: Published annual total 11,061; supplied month sum 12,011; difference -950. No replacement inferred. Annual SUM ignores numeric text month cells totalling 950, which explains the entire difference. Numeric month values are preserved by the importer; the published annual value remains unchanged and flagged."
E09000011,Physical,12-17,2025-11-01/P1M,23,,suspicious,"Source audit: total_physical_events: Published annual total 11,061; supplied month sum 12,011; difference -950. No replacement inferred. | total_physical_events: Annual: reported total 11,061; category sum 12,009; difference -948. Categories exceed total; check duplication, scope and reporting frequency. Event audiences may overlap. Values retained as reported pending source confirmation. Formula check: total_physical_events: Published annual total 11,061; supplied month sum 12,011; difference -950. No replacement inferred. Annual SUM ignores numeric text month cells totalling 950, which explains the entire difference. Numeric month values are preserved by the importer; the published annual value remains unchanged and flagged."
E09000011,Physical,12-17,2025-12-01/P1M,19,,suspicious,"Source audit: total_physical_events: Published annual total 11,061; supplied month sum 12,011; difference -950. No replacement inferred. | total_physical_events: Annual: reported total 11,061; category sum 12,009; difference -948. Categories exceed total; check duplication, scope and reporting frequency. Event audiences may overlap. Values retained as reported pending source confirmation. Formula check: total_physical_events: Published annual total 11,061; supplied month sum 12,011; difference -950. No replacement inferred. Annual SUM ignores numeric text month cells totalling 950, which explains the entire difference. Numeric month values are preserved by the importer; the published annual value remains unchanged and flagged."
E09000011,Physical,12-17,2026-01-01/P1M,24,,suspicious,"Source audit: total_physical_events: Published annual total 11,061; supplied month sum 12,011; difference -950. No replacement inferred. | total_physical_events: Annual: reported total 11,061; category sum 12,009; difference -948. Categories exceed total; check duplication, scope and reporting frequency. Event audiences may overlap. Values retained as reported pending source confirmation. Formula check: total_physical_events: Published annual total 11,061; supplied month sum 12,011; difference -950. No replacement inferred. Annual SUM ignores numeric text month cells totalling 950, which explains the entire difference. Numeric month values are preserved by the importer; the published annual value remains unchanged and flagged."
E09000011,Physical,12-17,2026-02-01/P1M,26,,suspicious,"Source audit: total_physical_events: Published annual total 11,061; supplied month sum 12,011; difference -950. No replacement inferred. | total_physical_events: Annual: reported total 11,061; category sum 12,009; difference -948. Categories exceed total; check duplication, scope and reporting frequency. Event audiences may overlap. Values retained as reported pending source confirmation. Formula check: total_physical_events: Published annual total 11,061; supplied month sum 12,011; difference -950. No replacement inferred. Annual SUM ignores numeric text month cells totalling 950, which explains the entire difference. Numeric month values are preserved by the importer; the published annual value remains unchanged and flagged."
E09000011,Physical,12-17,2026-03-01/P1M,29,,suspicious,"Source audit: total_physical_events: Published annual total 11,061; supplied month sum 12,011; difference -950. No replacement inferred. | total_physical_events: Annual: reported total 11,061; category sum 12,009; difference -948. Categories exceed total; check duplication, scope and reporting frequency. Event audiences may overlap. Values retained as reported pending source confirmation. Formula check: total_physical_events: Published annual total 11,061; supplied month sum 12,011; difference -950. No replacement inferred. Annual SUM ignores numeric text month cells totalling 950, which explains the entire difference. Numeric month values are preserved by the importer; the published annual value remains unchanged and flagged."
E09000011,Physical,Adult,2025-04-01/P1M,351,,suspicious,"Source audit: total_physical_events: Published annual total 11,061; supplied month sum 12,011; difference -950. No replacement inferred. | total_physical_events: Annual: reported total 11,061; category sum 12,009; difference -948. Categories exceed total; check duplication, scope and reporting frequency. Event audiences may overlap. Values retained as reported pending source confirmation. Formula check: total_physical_events: Published annual total 11,061; supplied month sum 12,011; difference -950. No replacement inferred. Annual SUM ignores numeric text month cells totalling 950, which explains the entire difference. Numeric month values are preserved by the importer; the published annual value remains unchanged and flagged."
E09000011,Physical,Adult,2025-05-01/P1M,351,,suspicious,"Source audit: total_physical_events: Published annual total 11,061; supplied month sum 12,011; difference -950. No replacement inferred. | total_physical_events: Annual: reported total 11,061; category sum 12,009; difference -948. Categories exceed total; check duplication, scope and reporting frequency. Event audiences may overlap. Values retained as reported pending source confirmation. Formula check: total_physical_events: Published annual total 11,061; supplied month sum 12,011; difference -950. No replacement inferred. Annual SUM ignores numeric text month cells totalling 950, which explains the entire difference. Numeric month values are preserved by the importer; the published annual value remains unchanged and flagged."
E09000011,Physical,Adult,2025-06-01/P1M,351,,suspicious,"Source audit: total_physical_events: Published annual total 11,061; supplied month sum 12,011; difference -950. No replacement inferred. | total_physical_events: Annual: reported total 11,061; category sum 12,009; difference -948. Categories exceed total; check duplication, scope and reporting frequency. Event audiences may overlap. Values retained as reported pending source confirmation. Formula check: total_physical_events: Published annual total 11,061; supplied month sum 12,011; difference -950. No replacement inferred. Annual SUM ignores numeric text month cells totalling 950, which explains the entire difference. Numeric month values are preserved by the importer; the published annual value remains unchanged and flagged."
E09000011,Physical,Adult,2025-07-01/P1M,351,,suspicious,"Source audit: total_physical_events: Published annual total 11,061; supplied month sum 12,011; difference -950. No replacement inferred. | total_physical_events: Annual: reported total 11,061; category sum 12,009; difference -948. Categories exceed total; check duplication, scope and reporting frequency. Event audiences may overlap. Values retained as reported pending source confirmation. Formula check: total_physical_events: Published annual total 11,061; supplied month sum 12,011; difference -950. No replacement inferred. Annual SUM ignores numeric text month cells totalling 950, which explains the entire difference. Numeric month values are preserved by the importer; the published annual value remains unchanged and flagged."
E09000011,Physical,Adult,2025-08-01/P1M,351,,suspicious,"Source audit: total_physical_events: Published annual total 11,061; supplied month sum 12,011; difference -950. No replacement inferred. | total_physical_events: Annual: reported total 11,061; category sum 12,009; difference -948. Categories exceed total; check duplication, scope and reporting frequency. Event audiences may overlap. Values retained as reported pending source confirmation. Formula check: total_physical_events: Published annual total 11,061; supplied month sum 12,011; difference -950. No replacement inferred. Annual SUM ignores numeric text month cells totalling 950, which explains the entire difference. Numeric month values are preserved by the importer; the published annual value remains unchanged and flagged."
E09000011,Physical,Adult,2025-09-01/P1M,351,,suspicious,"Source audit: total_physical_events: Published annual total 11,061; supplied month sum 12,011; difference -950. No replacement inferred. | total_physical_events: Annual: reported total 11,061; category sum 12,009; difference -948. Categories exceed total; check duplication, scope and reporting frequency. Event audiences may overlap. Values retained as reported pending source confirmation. Formula check: total_physical_events: Published annual total 11,061; supplied month sum 12,011; difference -950. No replacement inferred. Annual SUM ignores numeric text month cells totalling 950, which explains the entire difference. Numeric month values are preserved by the importer; the published annual value remains unchanged and flagged."
E09000011,Physical,Adult,2025-10-01/P1M,370,,suspicious,"Source audit: total_physical_events: Published annual total 11,061; supplied month sum 12,011; difference -950. No replacement inferred. | total_physical_events: Annual: reported total 11,061; category sum 12,009; difference -948. Categories exceed total; check duplication, scope and reporting frequency. Event audiences may overlap. Values retained as reported pending source confirmation. Formula check: total_physical_events: Published annual total 11,061; supplied month sum 12,011; difference -950. No replacement inferred. Annual SUM ignores numeric text month cells totalling 950, which explains the entire difference. Numeric month values are preserved by the importer; the published annual value remains unchanged and flagged."
E09000011,Physical,Adult,2025-11-01/P1M,370,,suspicious,"Source audit: total_physical_events: Published annual total 11,061; supplied month sum 12,011; difference -950. No replacement inferred. | total_physical_events: Annual: reported total 11,061; category sum 12,009; difference -948. Categories exceed total; check duplication, scope and reporting frequency. Event audiences may overlap. Values retained as reported pending source confirmation. Formula check: total_physical_events: Published annual total 11,061; supplied month sum 12,011; difference -950. No replacement inferred. Annual SUM ignores numeric text month cells totalling 950, which explains the entire difference. Numeric month values are preserved by the importer; the published annual value remains unchanged and flagged."
E09000011,Physical,Adult,2025-12-01/P1M,314,,suspicious,"Source audit: total_physical_events: Published annual total 11,061; supplied month sum 12,011; difference -950. No replacement inferred. | total_physical_events: Annual: reported total 11,061; category sum 12,009; difference -948. Categories exceed total; check duplication, scope and reporting frequency. Event audiences may overlap. Values retained as reported pending source confirmation. Formula check: total_physical_events: Published annual total 11,061; supplied month sum 12,011; difference -950. No replacement inferred. Annual SUM ignores numeric text month cells totalling 950, which explains the entire difference. Numeric month values are preserved by the importer; the published annual value remains unchanged and flagged."
E09000011,Physical,Adult,2026-01-01/P1M,388,,suspicious,"Source audit: total_physical_events: Published annual total 11,061; supplied month sum 12,011; difference -950. No replacement inferred. | total_physical_events: Annual: reported total 11,061; category sum 12,009; difference -948. Categories exceed total; check duplication, scope and reporting frequency. Event audiences may overlap. Values retained as reported pending source confirmation. Formula check: total_physical_events: Published annual total 11,061; supplied month sum 12,011; difference -950. No replacement inferred. Annual SUM ignores numeric text month cells totalling 950, which explains the entire difference. Numeric month values are preserved by the importer; the published annual value remains unchanged and flagged."
E09000011,Physical,Adult,2026-02-01/P1M,423,,suspicious,"Source audit: total_physical_events: Published annual total 11,061; supplied month sum 12,011; difference -950. No replacement inferred. | total_physical_events: Annual: reported total 11,061; category sum 12,009; difference -948. Categories exceed total; check duplication, scope and reporting frequency. Event audiences may overlap. Values retained as reported pending source confirmation. Formula check: total_physical_events: Published annual total 11,061; supplied month sum 12,011; difference -950. No replacement inferred. Annual SUM ignores numeric text month cells totalling 950, which explains the entire difference. Numeric month values are preserved by the importer; the published annual value remains unchanged and flagged."
E09000011,Physical,Adult,2026-03-01/P1M,468,,suspicious,"Source audit: total_physical_events: Published annual total 11,061; supplied month sum 12,011; difference -950. No replacement inferred. | total_physical_events: Annual: reported total 11,061; category sum 12,009; difference -948. Categories exceed total; check duplication, scope and reporting frequency. Event audiences may overlap. Values retained as reported pending source confirmation. Formula check: total_physical_events: Published annual total 11,061; supplied month sum 12,011; difference -950. No replacement inferred. Annual SUM ignores numeric text month cells totalling 950, which explains the entire difference. Numeric month values are preserved by the importer; the published annual value remains unchanged and flagged."
E09000011,Physical,All ages,2025-04-01/P1Y,0,,suspicious,"Source audit: total_physical_events: Published annual total 11,061; supplied month sum 12,011; difference -950. No replacement inferred. | total_physical_events: Annual: reported total 11,061; category sum 12,009; difference -948. Categories exceed total; check duplication, scope and reporting frequency. Event audiences may overlap. Values retained as reported pending source confirmation. Formula check: total_physical_events: Published annual total 11,061; supplied month sum 12,011; difference -950. No replacement inferred. Annual SUM ignores numeric text month cells totalling 950, which explains the entire difference. Numeric month values are preserved by the importer; the published annual value remains unchanged and flagged."
E09000011,Digital,Under 12,2025-04-01/P1M,3,,,
E09000011,Digital,Under 12,2025-05-01/P1M,3,,,
E09000011,Digital,Under 12,2025-06-01/P1M,3,,,
E09000011,Digital,Under 12,2025-07-01/P1M,3,,,
E09000011,Digital,Under 12,2025-08-01/P1M,3,,,
E09000011,Digital,Under 12,2025-09-01/P1M,3,,,
E09000011,Digital,Under 12,2025-10-01/P1M,3,,,
E09000011,Digital,Under 12,2025-11-01/P1M,3,,,
E09000011,Digital,Under 12,2025-12-01/P1M,3,,,
E09000011,Digital,Under 12,2026-01-01/P1M,3,,,
E09000011,Digital,Under 12,2026-02-01/P1M,3,,,
E09000011,Digital,Under 12,2026-03-01/P1M,3,,,
E09000011,Digital,12-17,2025-04-01/P1Y,0,,,
E09000011,Digital,Adult,2025-04-01/P1M,2,,,
E09000011,Digital,Adult,2025-05-01/P1M,2,,,
E09000011,Digital,Adult,2025-06-01/P1M,2,,,
E09000011,Digital,Adult,2025-07-01/P1M,2,,,
E09000011,Digital,Adult,2025-08-01/P1M,2,,,
E09000011,Digital,Adult,2025-09-01/P1M,2,,,
E09000011,Digital,Adult,2025-10-01/P1M,2,,,
E09000011,Digital,Adult,2025-11-01/P1M,2,,,
E09000011,Digital,Adult,2025-12-01/P1M,2,,,
E09000011,Digital,Adult,2026-01-01/P1M,2,,,
E09000011,Digital,Adult,2026-02-01/P1M,2,,,
E09000011,Digital,Adult,2026-03-01/P1M,2,,,
E09000011,Digital,All ages,2025-04-01/P1Y,0,,,
E06000006,Physical,Under 12,2025-04-01/P1M,85,,,
E06000006,Physical,Under 12,2025-05-01/P1M,90,,,
E06000006,Physical,Under 12,2025-06-01/P1M,71,,,
E06000006,Physical,Under 12,2025-07-01/P1M,107,,,
E06000006,Physical,Under 12,2025-08-01/P1M,102,,,
E06000006,Physical,Under 12,2025-09-01/P1M,69,,,
E06000006,Physical,Under 12,2025-10-01/P1M,99,,,
E06000006,Physical,Under 12,2025-11-01/P1M,82,,,
E06000006,Physical,Under 12,2025-12-01/P1M,69,,,
E06000006,Physical,Under 12,2026-01-01/P1M,71,,,
E06000006,Physical,Under 12,2026-02-01/P1M,85,,,
E06000006,Physical,Under 12,2026-03-01/P1M,95,,,
E06000006,Physical,12-17,2025-04-01/P1M,9,,,
E06000006,Physical,12-17,2025-05-01/P1M,7,,,
E06000006,Physical,12-17,2025-06-01/P1M,5,,,
E06000006,Physical,12-17,2025-07-01/P1M,7,,,
E06000006,Physical,12-17,2025-08-01/P1M,5,,,
E06000006,Physical,12-17,2025-09-01/P1M,11,,,
E06000006,Physical,12-17,2025-10-01/P1M,9,,,
E06000006,Physical,12-17,2025-11-01/P1M,2,,,
E06000006,Physical,12-17,2025-12-01/P1M,5,,,
E06000006,Physical,12-17,2026-01-01/P1M,4,,,
E06000006,Physical,12-17,2026-02-01/P1M,5,,,
E06000006,Physical,12-17,2026-03-01/P1M,6,,,
E06000006,Physical,Adult,2025-04-01/P1M,55,,,
E06000006,Physical,Adult,2025-05-01/P1M,46,,,
E06000006,Physical,Adult,2025-06-01/P1M,57,,,
E06000006,Physical,Adult,2025-07-01/P1M,67,,,
E06000006,Physical,Adult,2025-08-01/P1M,47,,,
E06000006,Physical,Adult,2025-09-01/P1M,54,,,
E06000006,Physical,Adult,2025-10-01/P1M,60,,,
E06000006,Physical,Adult,2025-11-01/P1M,54,,,
E06000006,Physical,Adult,2025-12-01/P1M,51,,,
E06000006,Physical,Adult,2026-01-01/P1M,55,,,
E06000006,Physical,Adult,2026-02-01/P1M,47,,,
E06000006,Physical,Adult,2026-03-01/P1M,60,,,
E06000006,Physical,All ages,2025-04-01/P1Y,0,,,
E06000006,Digital,Under 12,2025-04-01/P1Y,0,,,
E06000006,Digital,12-17,2025-04-01/P1Y,0,,,
E06000006,Digital,Adult,2025-04-01/P1M,1,,,
E06000006,Digital,Adult,2025-05-01/P1M,2,,,
E06000006,Digital,Adult,2025-06-01/P1M,2,,,
E06000006,Digital,Adult,2025-07-01/P1M,2,,,
E06000006,Digital,Adult,2025-08-01/P1M,2,,,
E06000006,Digital,Adult,2025-09-01/P1M,2,,,
E06000006,Digital,Adult,2025-10-01/P1M,3,,,
E06000006,Digital,Adult,2025-11-01/P1M,2,,,
E06000006,Digital,Adult,2025-12-01/P1M,1,,,
E06000006,Digital,Adult,2026-01-01/P1M,1,,,
E06000006,Digital,Adult,2026-02-01/P1M,1,,,
E06000006,Digital,Adult,2026-03-01/P1M,1,,,
E06000006,Digital,All ages,2025-04-01/P1Y,0,,,
E09000013,Physical,Under 12,2025-04-01/P1M,120,,suspicious,"Source audit: total_physical_events: Annual: reported total 3,374; category sum 3,479; difference -105. Categories exceed total; check duplication, scope and reporting frequency. Event audiences may overlap. Values retained as reported pending source confirmation."
E09000013,Physical,Under 12,2025-05-01/P1M,128,,suspicious,"Source audit: total_physical_events: Annual: reported total 3,374; category sum 3,479; difference -105. Categories exceed total; check duplication, scope and reporting frequency. Event audiences may overlap. Values retained as reported pending source confirmation."
E09000013,Physical,Under 12,2025-06-01/P1M,129,,suspicious,"Source audit: total_physical_events: Annual: reported total 3,374; category sum 3,479; difference -105. Categories exceed total; check duplication, scope and reporting frequency. Event audiences may overlap. Values retained as reported pending source confirmation."
E09000013,Physical,Under 12,2025-07-01/P1M,139,,suspicious,"Source audit: total_physical_events: Annual: reported total 3,374; category sum 3,479; difference -105. Categories exceed total; check duplication, scope and reporting frequency. Event audiences may overlap. Values retained as reported pending source confirmation."
E09000013,Physical,Under 12,2025-08-01/P1M,66,,suspicious,"Source audit: total_physical_events: Annual: reported total 3,374; category sum 3,479; difference -105. Categories exceed total; check duplication, scope and reporting frequency. Event audiences may overlap. Values retained as reported pending source confirmation."
E09000013,Physical,Under 12,2025-09-01/P1M,145,,suspicious,"Source audit: total_physical_events: Annual: reported total 3,374; category sum 3,479; difference -105. Categories exceed total; check duplication, scope and reporting frequency. Event audiences may overlap. Values retained as reported pending source confirmation."
E09000013,Physical,Under 12,2025-10-01/P1M,152,,suspicious,"Source audit: total_physical_events: Annual: reported total 3,374; category sum 3,479; difference -105. Categories exceed total; check duplication, scope and reporting frequency. Event audiences may overlap. Values retained as reported pending source confirmation."
E09000013,Physical,Under 12,2025-11-01/P1M,161,,suspicious,"Source audit: total_physical_events: Annual: reported total 3,374; category sum 3,479; difference -105. Categories exceed total; check duplication, scope and reporting frequency. Event audiences may overlap. Values retained as reported pending source confirmation."
E09000013,Physical,Under 12,2025-12-01/P1M,90,,suspicious,"Source audit: total_physical_events: Annual: reported total 3,374; category sum 3,479; difference -105. Categories exceed total; check duplication, scope and reporting frequency. Event audiences may overlap. Values retained as reported pending source confirmation."
E09000013,Physical,Under 12,2026-01-01/P1M,149,,suspicious,"Source audit: total_physical_events: Annual: reported total 3,374; category sum 3,479; difference -105. Categories exceed total; check duplication, scope and reporting frequency. Event audiences may overlap. Values retained as reported pending source confirmation."
E09000013,Physical,Under 12,2026-02-01/P1M,128,,suspicious,"Source audit: total_physical_events: Annual: reported total 3,374; category sum 3,479; difference -105. Categories exceed total; check duplication, scope and reporting frequency. Event audiences may overlap. Values retained as reported pending source confirmation."
E09000013,Physical,Under 12,2026-03-01/P1M,146,,suspicious,"Source audit: total_physical_events: Annual: reported total 3,374; category sum 3,479; difference -105. Categories exceed total; check duplication, scope and reporting frequency. Event audiences may overlap. Values retained as reported pending source confirmation."
E09000013,Physical,12-17,2025-04-01/P1Y,0,,suspicious,"Source audit: total_physical_events: Annual: reported total 3,374; category sum 3,479; difference -105. Categories exceed total; check duplication, scope and reporting frequency. Event audiences may overlap. Values retained as reported pending source confirmation."
E09000013,Physical,Adult,2025-04-01/P1M,122,,suspicious,"Source audit: total_physical_events: Annual: reported total 3,374; category sum 3,479; difference -105. Categories exceed total; check duplication, scope and reporting frequency. Event audiences may overlap. Values retained as reported pending source confirmation."
E09000013,Physical,Adult,2025-05-01/P1M,135,,suspicious,"Source audit: total_physical_events: Annual: reported total 3,374; category sum 3,479; difference -105. Categories exceed total; check duplication, scope and reporting frequency. Event audiences may overlap. Values retained as reported pending source confirmation."
E09000013,Physical,Adult,2025-06-01/P1M,154,,suspicious,"Source audit: total_physical_events: Annual: reported total 3,374; category sum 3,479; difference -105. Categories exceed total; check duplication, scope and reporting frequency. Event audiences may overlap. Values retained as reported pending source confirmation."
E09000013,Physical,Adult,2025-07-01/P1M,134,,suspicious,"Source audit: total_physical_events: Annual: reported total 3,374; category sum 3,479; difference -105. Categories exceed total; check duplication, scope and reporting frequency. Event audiences may overlap. Values retained as reported pending source confirmation."
E09000013,Physical,Adult,2025-08-01/P1M,102,,suspicious,"Source audit: total_physical_events: Annual: reported total 3,374; category sum 3,479; difference -105. Categories exceed total; check duplication, scope and reporting frequency. Event audiences may overlap. Values retained as reported pending source confirmation."
E09000013,Physical,Adult,2025-09-01/P1M,127,,suspicious,"Source audit: total_physical_events: Annual: reported total 3,374; category sum 3,479; difference -105. Categories exceed total; check duplication, scope and reporting frequency. Event audiences may overlap. Values retained as reported pending source confirmation."
E09000013,Physical,Adult,2025-10-01/P1M,163,,suspicious,"Source audit: total_physical_events: Annual: reported total 3,374; category sum 3,479; difference -105. Categories exceed total; check duplication, scope and reporting frequency. Event audiences may overlap. Values retained as reported pending source confirmation."
E09000013,Physical,Adult,2025-11-01/P1M,139,,suspicious,"Source audit: total_physical_events: Annual: reported total 3,374; category sum 3,479; difference -105. Categories exceed total; check duplication, scope and reporting frequency. Event audiences may overlap. Values retained as reported pending source confirmation."
E09000013,Physical,Adult,2025-12-01/P1M,98,,suspicious,"Source audit: total_physical_events: Annual: reported total 3,374; category sum 3,479; difference -105. Categories exceed total; check duplication, scope and reporting frequency. Event audiences may overlap. Values retained as reported pending source confirmation."
E09000013,Physical,Adult,2026-01-01/P1M,157,,suspicious,"Source audit: total_physical_events: Annual: reported total 3,374; category sum 3,479; difference -105. Categories exceed total; check duplication, scope and reporting frequency. Event audiences may overlap. Values retained as reported pending source confirmation."
E09000013,Physical,Adult,2026-02-01/P1M,142,,suspicious,"Source audit: total_physical_events: Annual: reported total 3,374; category sum 3,479; difference -105. Categories exceed total; check duplication, scope and reporting frequency. Event audiences may overlap. Values retained as reported pending source confirmation."
E09000013,Physical,Adult,2026-03-01/P1M,156,,suspicious,"Source audit: total_physical_events: Annual: reported total 3,374; category sum 3,479; difference -105. Categories exceed total; check duplication, scope and reporting frequency. Event audiences may overlap. Values retained as reported pending source confirmation."
E09000013,Physical,All ages,2025-04-01/P1M,13,,suspicious,"Source audit: total_physical_events: Annual: reported total 3,374; category sum 3,479; difference -105. Categories exceed total; check duplication, scope and reporting frequency. Event audiences may overlap. Values retained as reported pending source confirmation."
E09000013,Physical,All ages,2025-05-01/P1M,19,,suspicious,"Source audit: total_physical_events: Annual: reported total 3,374; category sum 3,479; difference -105. Categories exceed total; check duplication, scope and reporting frequency. Event audiences may overlap. Values retained as reported pending source confirmation."
E09000013,Physical,All ages,2025-06-01/P1M,13,,suspicious,"Source audit: total_physical_events: Annual: reported total 3,374; category sum 3,479; difference -105. Categories exceed total; check duplication, scope and reporting frequency. Event audiences may overlap. Values retained as reported pending source confirmation."
E09000013,Physical,All ages,2025-07-01/P1M,116,,suspicious,"Source audit: total_physical_events: Annual: reported total 3,374; category sum 3,479; difference -105. Categories exceed total; check duplication, scope and reporting frequency. Event audiences may overlap. Values retained as reported pending source confirmation."
E09000013,Physical,All ages,2025-08-01/P1M,7,,suspicious,"Source audit: total_physical_events: Annual: reported total 3,374; category sum 3,479; difference -105. Categories exceed total; check duplication, scope and reporting frequency. Event audiences may overlap. Values retained as reported pending source confirmation."
E09000013,Physical,All ages,2025-09-01/P1M,14,,suspicious,"Source audit: total_physical_events: Annual: reported total 3,374; category sum 3,479; difference -105. Categories exceed total; check duplication, scope and reporting frequency. Event audiences may overlap. Values retained as reported pending source confirmation."
E09000013,Physical,All ages,2025-10-01/P1M,28,,suspicious,"Source audit: total_physical_events: Annual: reported total 3,374; category sum 3,479; difference -105. Categories exceed total; check duplication, scope and reporting frequency. Event audiences may overlap. Values retained as reported pending source confirmation."
E09000013,Physical,All ages,2025-11-01/P1M,39,,suspicious,"Source audit: total_physical_events: Annual: reported total 3,374; category sum 3,479; difference -105. Categories exceed total; check duplication, scope and reporting frequency. Event audiences may overlap. Values retained as reported pending source confirmation."
E09000013,Physical,All ages,2025-12-01/P1M,19,,suspicious,"Source audit: total_physical_events: Annual: reported total 3,374; category sum 3,479; difference -105. Categories exceed total; check duplication, scope and reporting frequency. Event audiences may overlap. Values retained as reported pending source confirmation."
E09000013,Physical,All ages,2026-01-01/P1M,8,,suspicious,"Source audit: total_physical_events: Annual: reported total 3,374; category sum 3,479; difference -105. Categories exceed total; check duplication, scope and reporting frequency. Event audiences may overlap. Values retained as reported pending source confirmation."
E09000013,Physical,All ages,2026-02-01/P1M,13,,suspicious,"Source audit: total_physical_events: Annual: reported total 3,374; category sum 3,479; difference -105. Categories exceed total; check duplication, scope and reporting frequency. Event audiences may overlap. Values retained as reported pending source confirmation."
E09000013,Physical,All ages,2026-03-01/P1M,8,,suspicious,"Source audit: total_physical_events: Annual: reported total 3,374; category sum 3,479; difference -105. Categories exceed total; check duplication, scope and reporting frequency. Event audiences may overlap. Values retained as reported pending source confirmation."
E09000013,Digital,Unknown,2025-04-01/P1Y,0,,,
E09000013,Digital,Under 12,2025-04-01/P1Y,0,,,
E09000013,Digital,12-17,2025-04-01/P1Y,0,,,
E09000013,Digital,Adult,2025-04-01/P1Y,0,,,
E09000013,Digital,All ages,2025-04-01/P1Y,0,,,
E06000001,Physical,Under 12,2025-04-01/P1M,58,,,
E06000001,Physical,Under 12,2025-05-01/P1M,39,,,
E06000001,Physical,Under 12,2025-06-01/P1M,36,,,
E06000001,Physical,Under 12,2025-07-01/P1M,47,,,
E06000001,Physical,Under 12,2025-08-01/P1M,50,,,
E06000001,Physical,Under 12,2025-09-01/P1M,43,,,
E06000001,Physical,Under 12,2025-10-01/P1M,49,,,
E06000001,Physical,Under 12,2025-11-01/P1M,38,,,
E06000001,Physical,Under 12,2025-12-01/P1M,38,,,
E06000001,Physical,Under 12,2026-01-01/P1M,38,,,
E06000001,Physical,Under 12,2026-02-01/P1M,46,,,
E06000001,Physical,Under 12,2026-03-01/P1M,45,,,
E06000001,Physical,12-17,2025-04-01/P1M,6,,,
E06000001,Physical,12-17,2025-05-01/P1M,5,,,
E06000001,Physical,12-17,2025-06-01/P1M,5,,,
E06000001,Physical,12-17,2025-07-01/P1M,7,,,
E06000001,Physical,12-17,2025-08-01/P1M,9,,,
E06000001,Physical,12-17,2025-09-01/P1M,9,,,
E06000001,Physical,12-17,2025-10-01/P1M,9,,,
E06000001,Physical,12-17,2025-11-01/P1M,9,,,
E06000001,Physical,12-17,2025-12-01/P1M,9,,,
E06000001,Physical,12-17,2026-01-01/P1M,9,,,
E06000001,Physical,12-17,2026-02-01/P1M,9,,,
E06000001,Physical,12-17,2026-03-01/P1M,9,,,
E06000001,Physical,Adult,2025-04-01/P1M,41,,,
E06000001,Physical,Adult,2025-05-01/P1M,55,,,
E06000001,Physical,Adult,2025-06-01/P1M,50,,,
E06000001,Physical,Adult,2025-07-01/P1M,43,,,
E06000001,Physical,Adult,2025-08-01/P1M,46,,,
E06000001,Physical,Adult,2025-09-01/P1M,56,,,
E06000001,Physical,Adult,2025-10-01/P1M,54,,,
E06000001,Physical,Adult,2025-11-01/P1M,50,,,
E06000001,Physical,Adult,2025-12-01/P1M,36,,,
E06000001,Physical,Adult,2026-01-01/P1M,56,,,
E06000001,Physical,Adult,2026-02-01/P1M,49,,,
E06000001,Physical,Adult,2026-03-01/P1M,51,,,
E06000001,Physical,All ages,2025-04-01/P1Y,0,,,
E06000001,Digital,Unknown,2025-04-01/P1Y,0,,,
E06000001,Digital,Under 12,2025-04-01/P1Y,0,,,
E06000001,Digital,12-17,2025-04-01/P1Y,0,,,
E06000001,Digital,Adult,2025-04-01/P1Y,0,,,
E06000001,Digital,All ages,2025-04-01/P1Y,0,,,
E06000019,Physical,Unknown,2025-04-01/P1M,29,,,
E06000019,Physical,Unknown,2025-05-01/P1M,90,,,
E06000019,Physical,Unknown,2025-06-01/P1M,84,,,
E06000019,Physical,Unknown,2025-07-01/P1M,108,,,
E06000019,Physical,Unknown,2025-08-01/P1M,108,,,
E06000019,Physical,Unknown,2025-09-01/P1M,119,,,
E06000019,Physical,Unknown,2025-10-01/P1M,144,,,
E06000019,Physical,Unknown,2025-11-01/P1M,143,,,
E06000019,Physical,Unknown,2025-12-01/P1M,122,,,
E06000019,Physical,Unknown,2026-01-01/P1M,111,,,
E06000019,Physical,Unknown,2026-02-01/P1M,132,,,
E06000019,Physical,Unknown,2026-03-01/P1M,146,,,
E06000019,Physical,Under 12,2025-04-01/P1Y,0,,,
E06000019,Physical,12-17,2025-04-01/P1Y,0,,,
E06000019,Physical,Adult,2025-04-01/P1Y,0,,,
E06000019,Physical,All ages,2025-04-01/P1Y,0,,,
E06000019,Digital,Unknown,2025-04-01/P1Y,0,,,
E06000019,Digital,Under 12,2025-04-01/P1Y,0,,,
E06000019,Digital,12-17,2025-04-01/P1Y,0,,,
E06000019,Digital,Adult,2025-04-01/P1Y,0,,,
E06000019,Digital,All ages,2025-04-01/P1Y,0,,,
E10000015,Physical,Unknown,2025-04-01/P1M,818,,,
E10000015,Physical,Unknown,2025-05-01/P1M,946,,,
E10000015,Physical,Unknown,2025-06-01/P1M,927,,,
E10000015,Physical,Unknown,2025-07-01/P1M,820,,,
E10000015,Physical,Unknown,2025-08-01/P1M,747,,,
E10000015,Physical,Unknown,2025-09-01/P1M,834,,,
E10000015,Physical,Unknown,2025-10-01/P1M,950,,,
E10000015,Physical,Unknown,2025-11-01/P1M,931,,,
E10000015,Physical,Unknown,2025-12-01/P1M,812,,,
E10000015,Physical,Unknown,2026-01-01/P1M,824,,,
E10000015,Physical,Unknown,2026-02-01/P1M,877,,,
E10000015,Physical,Unknown,2026-03-01/P1M,941,,,
E10000015,Physical,Under 12,2025-04-01/P1Y,0,,,
E10000015,Physical,12-17,2025-04-01/P1Y,0,,,
E10000015,Physical,Adult,2025-04-01/P1Y,0,,,
E10000015,Physical,All ages,2025-04-01/P1Y,0,,,
E10000015,Digital,Unknown,2025-04-01/P1M,0,,,
E10000015,Digital,Unknown,2025-05-01/P1M,0,,,
E10000015,Digital,Unknown,2025-06-01/P1M,1,,,
E10000015,Digital,Unknown,2025-07-01/P1M,0,,,
E10000015,Digital,Unknown,2025-08-01/P1M,0,,,
E10000015,Digital,Unknown,2025-09-01/P1M,0,,,
E10000015,Digital,Unknown,2025-10-01/P1M,1,,,
E10000015,Digital,Unknown,2025-11-01/P1M,0,,,
E10000015,Digital,Unknown,2025-12-01/P1M,0,,,
E10000015,Digital,Unknown,2026-01-01/P1M,0,,,
E10000015,Digital,Unknown,2026-02-01/P1M,0,,,
E10000015,Digital,Unknown,2026-03-01/P1M,0,,,
E10000015,Digital,Under 12,2025-04-01/P1Y,0,,,
E10000015,Digital,12-17,2025-04-01/P1Y,0,,,
E10000015,Digital,Adult,2025-04-01/P1Y,0,,,
E10000015,Digital,All ages,2025-04-01/P1Y,0,,,
E09000017,Physical,Under 12,2025-04-01/P1M,182,,,
E09000017,Physical,Under 12,2025-05-01/P1M,271,,,
E09000017,Physical,Under 12,2025-06-01/P1M,292,,,
E09000017,Physical,Under 12,2025-07-01/P1M,282,,,
E09000017,Physical,Under 12,2025-08-01/P1M,135,,,
E09000017,Physical,Under 12,2025-09-01/P1M,245,,,
E09000017,Physical,Under 12,2025-10-01/P1M,278,,,
E09000017,Physical,Under 12,2025-11-01/P1M,286,,,
E09000017,Physical,Under 12,2025-12-01/P1M,216,,,
E09000017,Physical,Under 12,2026-01-01/P1M,275,,,
E09000017,Physical,Under 12,2026-02-01/P1M,258,,,
E09000017,Physical,Under 12,2026-03-01/P1M,330,,,
E09000017,Physical,12-17,2025-04-01/P1M,21,,,
E09000017,Physical,12-17,2025-05-01/P1M,28,,,
E09000017,Physical,12-17,2025-06-01/P1M,32,,,
E09000017,Physical,12-17,2025-07-01/P1M,27,,,
E09000017,Physical,12-17,2025-08-01/P1M,25,,,
E09000017,Physical,12-17,2025-09-01/P1M,25,,,
E09000017,Physical,12-17,2025-10-01/P1M,30,,,
E09000017,Physical,12-17,2025-11-01/P1M,26,,,
E09000017,Physical,12-17,2025-12-01/P1M,30,,,
E09000017,Physical,12-17,2026-01-01/P1M,41,,,
E09000017,Physical,12-17,2026-02-01/P1M,45,,,
E09000017,Physical,12-17,2026-03-01/P1M,54,,,
E09000017,Physical,Adult,2025-04-01/P1M,340,,,
E09000017,Physical,Adult,2025-05-01/P1M,411,,,
E09000017,Physical,Adult,2025-06-01/P1M,374,,,
E09000017,Physical,Adult,2025-07-01/P1M,423,,,
E09000017,Physical,Adult,2025-08-01/P1M,410,,,
E09000017,Physical,Adult,2025-09-01/P1M,434,,,
E09000017,Physical,Adult,2025-10-01/P1M,450,,,
E09000017,Physical,Adult,2025-11-01/P1M,422,,,
E09000017,Physical,Adult,2025-12-01/P1M,365,,,
E09000017,Physical,Adult,2026-01-01/P1M,424,,,
E09000017,Physical,Adult,2026-02-01/P1M,430,,,
E09000017,Physical,Adult,2026-03-01/P1M,423,,,
E09000017,Physical,All ages,2025-04-01/P1Y,0,,,
E09000017,Digital,Under 12,2025-04-01/P1M,1,,,
E09000017,Digital,Under 12,2025-05-01/P1M,5,,,
E09000017,Digital,Under 12,2025-06-01/P1M,3,,,
E09000017,Digital,Under 12,2025-07-01/P1M,5,,,
E09000017,Digital,Under 12,2025-08-01/P1M,1,,,
E09000017,Digital,Under 12,2025-09-01/P1M,0,,,
E09000017,Digital,Under 12,2025-10-01/P1M,1,,,
E09000017,Digital,Under 12,2025-11-01/P1M,4,,,
E09000017,Digital,Under 12,2025-12-01/P1M,3,,,
E09000017,Digital,Under 12,2026-01-01/P1M,2,,,
E09000017,Digital,Under 12,2026-02-01/P1M,3,,,
E09000017,Digital,Under 12,2026-03-01/P1M,4,,,
E09000017,Digital,12-17,2025-04-01/P1Y,0,,,
E09000017,Digital,Adult,2025-04-01/P1Y,0,,,
E09000017,Digital,All ages,2025-04-01/P1Y,0,,,
E06000046,Physical,Under 12,2025-04-01/P1M,74,,,
E06000046,Physical,Under 12,2025-05-01/P1M,87,,,
E06000046,Physical,Under 12,2025-06-01/P1M,90,,,
E06000046,Physical,Under 12,2025-07-01/P1M,99,,,
E06000046,Physical,Under 12,2025-08-01/P1M,100,,,
E06000046,Physical,Under 12,2025-09-01/P1M,107,,,
E06000046,Physical,Under 12,2025-10-01/P1M,129,,,
E06000046,Physical,Under 12,2025-11-01/P1M,131,,,
E06000046,Physical,Under 12,2025-12-01/P1M,88,,,
E06000046,Physical,Under 12,2026-01-01/P1M,114,,,
E06000046,Physical,Under 12,2026-02-01/P1M,112,,,
E06000046,Physical,Under 12,2026-03-01/P1M,112,,,
E06000046,Physical,12-17,2025-04-01/P1Y,0,,,
E06000046,Physical,Adult,2025-04-01/P1M,109,,,
E06000046,Physical,Adult,2025-05-01/P1M,124,,,
E06000046,Physical,Adult,2025-06-01/P1M,136,,,
E06000046,Physical,Adult,2025-07-01/P1M,154,,,
E06000046,Physical,Adult,2025-08-01/P1M,134,,,
E06000046,Physical,Adult,2025-09-01/P1M,141,,,
E06000046,Physical,Adult,2025-10-01/P1M,171,,,
E06000046,Physical,Adult,2025-11-01/P1M,144,,,
E06000046,Physical,Adult,2025-12-01/P1M,103,,,
E06000046,Physical,Adult,2026-01-01/P1M,141,,,
E06000046,Physical,Adult,2026-02-01/P1M,138,,,
E06000046,Physical,Adult,2026-03-01/P1M,151,,,
E06000046,Physical,All ages,2025-04-01/P1Y,0,,,
E06000046,Digital,Unknown,2025-04-01/P1Y,0,,,
E06000046,Digital,Under 12,2025-04-01/P1Y,0,,,
E06000046,Digital,12-17,2025-04-01/P1Y,0,,,
E06000046,Digital,Adult,2025-04-01/P1Y,0,,,
E06000046,Digital,All ages,2025-04-01/P1Y,0,,,
E09000019,Physical,Under 12,2025-04-01/P1M,224,,,
E09000019,Physical,Under 12,2025-05-01/P1M,243,,,
E09000019,Physical,Under 12,2025-06-01/P1M,219,,,
E09000019,Physical,Under 12,2025-07-01/P1M,263,,,
E09000019,Physical,Under 12,2025-08-01/P1M,274,,,
E09000019,Physical,Under 12,2025-09-01/P1M,227,,,
E09000019,Physical,Under 12,2025-10-01/P1M,266,,,
E09000019,Physical,Under 12,2025-11-01/P1M,223,,,
E09000019,Physical,Under 12,2025-12-01/P1M,225,,,
E09000019,Physical,Under 12,2026-01-01/P1M,238,,,
E09000019,Physical,Under 12,2026-02-01/P1M,241,,,
E09000019,Physical,Under 12,2026-03-01/P1M,259,,,
E09000019,Physical,12-17,2025-04-01/P1Y,0,,,
E09000019,Physical,Adult,2025-04-01/P1M,71,,,
E09000019,Physical,Adult,2025-05-01/P1M,85,,,
E09000019,Physical,Adult,2025-06-01/P1M,66,,,
E09000019,Physical,Adult,2025-07-01/P1M,75,,,
E09000019,Physical,Adult,2025-08-01/P1M,72,,,
E09000019,Physical,Adult,2025-09-01/P1M,75,,,
E09000019,Physical,Adult,2025-10-01/P1M,76,,,
E09000019,Physical,Adult,2025-11-01/P1M,65,,,
E09000019,Physical,Adult,2025-12-01/P1M,68,,,
E09000019,Physical,Adult,2026-01-01/P1M,74,,,
E09000019,Physical,Adult,2026-02-01/P1M,68,,,
E09000019,Physical,Adult,2026-03-01/P1M,75,,,
E09000019,Physical,All ages,2025-04-01/P1Y,0,,,
E09000019,Digital,Unknown,2025-04-01/P1Y,0,,,
E09000019,Digital,Under 12,2025-04-01/P1Y,0,,,
E09000019,Digital,12-17,2025-04-01/P1Y,0,,,
E09000019,Digital,Adult,2025-04-01/P1Y,0,,,
E09000019,Digital,All ages,2025-04-01/P1Y,0,,,
E09000020,Physical,Unknown,2025-04-01/P1M,250,,,
E09000020,Physical,Unknown,2025-05-01/P1M,325,,,
E09000020,Physical,Unknown,2025-06-01/P1M,323,,,
E09000020,Physical,Unknown,2025-07-01/P1M,255,,,
E09000020,Physical,Unknown,2025-08-01/P1M,197,,,
E09000020,Physical,Unknown,2025-09-01/P1M,338,,,
E09000020,Physical,Unknown,2025-10-01/P1M,383,,,
E09000020,Physical,Unknown,2025-11-01/P1M,334,,,
E09000020,Physical,Unknown,2025-12-01/P1M,213,,,
E09000020,Physical,Unknown,2026-01-01/P1M,300,,,
E09000020,Physical,Unknown,2026-02-01/P1M,308,,,
E09000020,Physical,Unknown,2026-03-01/P1M,364,,,
E09000020,Physical,Under 12,2025-04-01/P1Y,0,,,
E09000020,Physical,12-17,2025-04-01/P1Y,0,,,
E09000020,Physical,Adult,2025-04-01/P1Y,0,,,
E09000020,Physical,All ages,2025-04-01/P1Y,0,,,
E09000020,Digital,Unknown,2025-04-01/P1Y,0,,,
E09000020,Digital,Under 12,2025-04-01/P1Y,0,,,
E09000020,Digital,12-17,2025-04-01/P1Y,0,,,
E09000020,Digital,Adult,2025-04-01/P1Y,0,,,
E09000020,Digital,All ages,2025-04-01/P1Y,0,,,
E10000016,Physical,Under 12,2025-04-01/P1M,552,,,
E10000016,Physical,Under 12,2025-05-01/P1M,662,,,
E10000016,Physical,Under 12,2025-06-01/P1M,685,,,
E10000016,Physical,Under 12,2025-07-01/P1M,767,,,
E10000016,Physical,Under 12,2025-08-01/P1M,557,,,
E10000016,Physical,Under 12,2025-09-01/P1M,604,,,
E10000016,Physical,Under 12,2025-10-01/P1M,647,,,
E10000016,Physical,Under 12,2025-11-01/P1M,686,,,
E10000016,Physical,Under 12,2025-12-01/P1M,479,,,
E10000016,Physical,Under 12,2026-01-01/P1M,627,,,
E10000016,Physical,Under 12,2026-02-01/P1M,648,,,
E10000016,Physical,Under 12,2026-03-01/P1M,713,,,
E10000016,Physical,12-17,2025-04-01/P1M,12,,,
E10000016,Physical,12-17,2025-05-01/P1M,15,,,
E10000016,Physical,12-17,2025-06-01/P1M,23,,,
E10000016,Physical,12-17,2025-07-01/P1M,13,,,
E10000016,Physical,12-17,2025-08-01/P1M,6,,,
E10000016,Physical,12-17,2025-09-01/P1M,13,,,
E10000016,Physical,12-17,2025-10-01/P1M,16,,,
E10000016,Physical,12-17,2025-11-01/P1M,19,,,
E10000016,Physical,12-17,2025-12-01/P1M,7,,,
E10000016,Physical,12-17,2026-01-01/P1M,15,,,
E10000016,Physical,12-17,2026-02-01/P1M,15,,,
E10000016,Physical,12-17,2026-03-01/P1M,24,,,
E10000016,Physical,Adult,2025-04-01/P1M,778,,,
E10000016,Physical,Adult,2025-05-01/P1M,800,,,
E10000016,Physical,Adult,2025-06-01/P1M,833,,,
E10000016,Physical,Adult,2025-07-01/P1M,841,,,
E10000016,Physical,Adult,2025-08-01/P1M,625,,,
E10000016,Physical,Adult,2025-09-01/P1M,818,,,
E10000016,Physical,Adult,2025-10-01/P1M,826,,,
E10000016,Physical,Adult,2025-11-01/P1M,793,,,
E10000016,Physical,Adult,2025-12-01/P1M,616,,,
E10000016,Physical,Adult,2026-01-01/P1M,776,,,
E10000016,Physical,Adult,2026-02-01/P1M,819,,,
E10000016,Physical,Adult,2026-03-01/P1M,748,,,
E10000016,Physical,All ages,2025-04-01/P1Y,0,,,
E10000016,Digital,Under 12,2025-04-01/P1Y,1,,,
E10000016,Digital,12-17,2025-04-01/P1Y,0,,,
E10000016,Digital,Adult,2025-04-01/P1Y,1,,,
E10000016,Digital,All ages,2025-04-01/P1Y,0,,,
E06000010,Physical,Under 12,2025-04-01/P1M,130,,,
E06000010,Physical,Under 12,2025-05-01/P1M,145,,,
E06000010,Physical,Under 12,2025-06-01/P1M,147,,,
E06000010,Physical,Under 12,2025-07-01/P1M,185,,,
E06000010,Physical,Under 12,2025-08-01/P1M,162,,,
E06000010,Physical,Under 12,2025-09-01/P1M,130,,,
E06000010,Physical,Under 12,2025-10-01/P1M,157,,,
E06000010,Physical,Under 12,2025-11-01/P1M,150,,,
E06000010,Physical,Under 12,2025-12-01/P1M,126,,,
E06000010,Physical,Under 12,2026-01-01/P1M,136,,,
E06000010,Physical,Under 12,2026-02-01/P1M,122,,,
E06000010,Physical,Under 12,2026-03-01/P1M,136,,,
E06000010,Physical,12-17,2025-04-01/P1M,9,,,
E06000010,Physical,12-17,2025-05-01/P1M,5,,,
E06000010,Physical,12-17,2025-06-01/P1M,0,,,
E06000010,Physical,12-17,2025-07-01/P1M,1,,,
E06000010,Physical,12-17,2025-08-01/P1M,3,,,
E06000010,Physical,12-17,2025-09-01/P1M,0,,,
E06000010,Physical,12-17,2025-10-01/P1M,0,,,
E06000010,Physical,12-17,2025-11-01/P1M,0,,,
E06000010,Physical,12-17,2025-12-01/P1M,1,,,
E06000010,Physical,12-17,2026-01-01/P1M,0,,,
E06000010,Physical,12-17,2026-02-01/P1M,0,,,
E06000010,Physical,12-17,2026-03-01/P1M,0,,,
E06000010,Physical,Adult,2025-04-01/P1M,118,,,
E06000010,Physical,Adult,2025-05-01/P1M,119,,,
E06000010,Physical,Adult,2025-06-01/P1M,131,,,
E06000010,Physical,Adult,2025-07-01/P1M,146,,,
E06000010,Physical,Adult,2025-08-01/P1M,115,,,
E06000010,Physical,Adult,2025-09-01/P1M,150,,,
E06000010,Physical,Adult,2025-10-01/P1M,141,,,
E06000010,Physical,Adult,2025-11-01/P1M,136,,,
E06000010,Physical,Adult,2025-12-01/P1M,93,,,
E06000010,Physical,Adult,2026-01-01/P1M,135,,,
E06000010,Physical,Adult,2026-02-01/P1M,119,,,
E06000010,Physical,Adult,2026-03-01/P1M,131,,,
E06000010,Physical,All ages,2025-04-01/P1M,24,,,
E06000010,Physical,All ages,2025-05-01/P1M,27,,,
E06000010,Physical,All ages,2025-06-01/P1M,24,,,
E06000010,Physical,All ages,2025-07-01/P1M,30,,,
E06000010,Physical,All ages,2025-08-01/P1M,35,,,
E06000010,Physical,All ages,2025-09-01/P1M,13,,,
E06000010,Physical,All ages,2025-10-01/P1M,13,,,
E06000010,Physical,All ages,2025-11-01/P1M,14,,,
E06000010,Physical,All ages,2025-12-01/P1M,13,,,
E06000010,Physical,All ages,2026-01-01/P1M,13,,,
E06000010,Physical,All ages,2026-02-01/P1M,12,,,
E06000010,Physical,All ages,2026-03-01/P1M,11,,,
E06000010,Digital,Under 12,2025-04-01/P1Y,0,,,
E06000010,Digital,12-17,2025-04-01/P1Y,0,,,
E06000010,Digital,Adult,2025-04-01/P1M,1,,,
E06000010,Digital,Adult,2025-05-01/P1M,1,,,
E06000010,Digital,Adult,2025-06-01/P1M,1,,,
E06000010,Digital,Adult,2025-07-01/P1M,1,,,
E06000010,Digital,Adult,2025-08-01/P1M,1,,,
E06000010,Digital,Adult,2025-09-01/P1M,1,,,
E06000010,Digital,Adult,2025-10-01/P1M,1,,,
E06000010,Digital,Adult,2025-11-01/P1M,1,,,
E06000010,Digital,Adult,2025-12-01/P1M,1,,,
E06000010,Digital,Adult,2026-01-01/P1M,1,,,
E06000010,Digital,Adult,2026-02-01/P1M,1,,,
E06000010,Digital,Adult,2026-03-01/P1M,1,,,
E06000010,Digital,All ages,2025-04-01/P1Y,0,,,
E08000034,Physical,Under 12,2025-04-01/P1M,232,,,
E08000034,Physical,Under 12,2025-05-01/P1M,243,,,
E08000034,Physical,Under 12,2025-06-01/P1M,242,,,
E08000034,Physical,Under 12,2025-07-01/P1M,215,,,
E08000034,Physical,Under 12,2025-08-01/P1M,201,,,
E08000034,Physical,Under 12,2025-09-01/P1M,223,,,
E08000034,Physical,Under 12,2025-10-01/P1M,257,,,
E08000034,Physical,Under 12,2025-11-01/P1M,244,,,
E08000034,Physical,Under 12,2025-12-01/P1M,191,,,
E08000034,Physical,Under 12,2026-01-01/P1M,255,,,
E08000034,Physical,Under 12,2026-02-01/P1M,237,,,
E08000034,Physical,Under 12,2026-03-01/P1M,261,,,
E08000034,Physical,12-17,2025-04-01/P1M,0,,,
E08000034,Physical,12-17,2025-05-01/P1M,0,,,
E08000034,Physical,12-17,2025-06-01/P1M,0,,,
E08000034,Physical,12-17,2025-07-01/P1M,1,,,
E08000034,Physical,12-17,2025-08-01/P1M,8,,,
E08000034,Physical,12-17,2025-09-01/P1M,12,,,
E08000034,Physical,12-17,2025-10-01/P1M,11,,,
E08000034,Physical,12-17,2025-11-01/P1M,19,,,
E08000034,Physical,12-17,2025-12-01/P1M,10,,,
E08000034,Physical,12-17,2026-01-01/P1M,10,,,
E08000034,Physical,12-17,2026-02-01/P1M,15,,,
E08000034,Physical,12-17,2026-03-01/P1M,15,,,
E08000034,Physical,Adult,2025-04-01/P1M,464,,,
E08000034,Physical,Adult,2025-05-01/P1M,450,,,
E08000034,Physical,Adult,2025-06-01/P1M,519,,,
E08000034,Physical,Adult,2025-07-01/P1M,527,,,
E08000034,Physical,Adult,2025-08-01/P1M,435,,,
E08000034,Physical,Adult,2025-09-01/P1M,559,,,
E08000034,Physical,Adult,2025-10-01/P1M,587,,,
E08000034,Physical,Adult,2025-11-01/P1M,539,,,
E08000034,Physical,Adult,2025-12-01/P1M,409,,,
E08000034,Physical,Adult,2026-01-01/P1M,494,,,
E08000034,Physical,Adult,2026-02-01/P1M,489,,,
E08000034,Physical,Adult,2026-03-01/P1M,539,,,
E08000034,Physical,All ages,2025-04-01/P1Y,0,,,
E08000034,Digital,Unknown,2025-04-01/P1Y,0,,,
E08000034,Digital,Under 12,2025-04-01/P1Y,0,,,
E08000034,Digital,12-17,2025-04-01/P1Y,0,,,
E08000034,Digital,Adult,2025-04-01/P1Y,0,,,
E08000034,Digital,All ages,2025-04-01/P1Y,0,,,
E08000035,Physical,Under 12,2025-04-01/P1M,144,,,
E08000035,Physical,Under 12,2025-05-01/P1M,131,,,
E08000035,Physical,Under 12,2025-06-01/P1M,174,,,
E08000035,Physical,Under 12,2025-07-01/P1M,181,,,
E08000035,Physical,Under 12,2025-08-01/P1M,107,,,
E08000035,Physical,Under 12,2025-09-01/P1M,149,,,
E08000035,Physical,Under 12,2025-10-01/P1M,148,,,
E08000035,Physical,Under 12,2025-11-01/P1M,121,,,
E08000035,Physical,Under 12,2025-12-01/P1M,97,,,
E08000035,Physical,Under 12,2026-01-01/P1M,124,,,
E08000035,Physical,Under 12,2026-02-01/P1M,132,,,
E08000035,Physical,Under 12,2026-03-01/P1M,160,,,
E08000035,Physical,12-17,2025-04-01/P1Y,0,,,
E08000035,Physical,Adult,2025-04-01/P1M,13,,,
E08000035,Physical,Adult,2025-05-01/P1M,12,,,
E08000035,Physical,Adult,2025-06-01/P1M,13,,,
E08000035,Physical,Adult,2025-07-01/P1M,15,,,
E08000035,Physical,Adult,2025-08-01/P1M,21,,,
E08000035,Physical,Adult,2025-09-01/P1M,23,,,
E08000035,Physical,Adult,2025-10-01/P1M,18,,,
E08000035,Physical,Adult,2025-11-01/P1M,6,,,
E08000035,Physical,Adult,2025-12-01/P1M,8,,,
E08000035,Physical,Adult,2026-01-01/P1M,7,,,
E08000035,Physical,Adult,2026-02-01/P1M,21,,,
E08000035,Physical,Adult,2026-03-01/P1M,12,,,
E08000035,Physical,All ages,2025-04-01/P1Y,0,,,
E08000035,Digital,Unknown,2025-04-01/P1Y,0,,,
E08000035,Digital,Under 12,2025-04-01/P1Y,0,,,
E08000035,Digital,12-17,2025-04-01/P1Y,0,,,
E08000035,Digital,Adult,2025-04-01/P1Y,0,,,
E08000035,Digital,All ages,2025-04-01/P1Y,0,,,
E10000019,Physical,Unknown,2025-04-01/P1M,551,,,
E10000019,Physical,Unknown,2025-05-01/P1M,639,,,
E10000019,Physical,Unknown,2025-06-01/P1M,556,,,
E10000019,Physical,Unknown,2025-07-01/P1M,630,,,
E10000019,Physical,Unknown,2025-08-01/P1M,571,,,
E10000019,Physical,Unknown,2025-09-01/P1M,542,,,
E10000019,Physical,Unknown,2025-10-01/P1M,629,,,
E10000019,Physical,Unknown,2025-11-01/P1M,547,,,
E10000019,Physical,Unknown,2025-12-01/P1M,528,,,
E10000019,Physical,Unknown,2026-01-01/P1M,571,,,
E10000019,Physical,Unknown,2026-02-01/P1M,590,,,
E10000019,Physical,Unknown,2026-03-01/P1M,658,,,
E10000019,Physical,Under 12,2025-04-01/P1Y,0,,,
E10000019,Physical,12-17,2025-04-01/P1Y,0,,,
E10000019,Physical,Adult,2025-04-01/P1Y,0,,,
E10000019,Physical,All ages,2025-04-01/P1Y,0,,,
E10000019,Digital,Unknown,2025-04-01/P1Y,0,,,
E10000019,Digital,Under 12,2025-04-01/P1Y,0,,,
E10000019,Digital,12-17,2025-04-01/P1Y,0,,,
E10000019,Digital,Adult,2025-04-01/P1Y,0,,,
E10000019,Digital,All ages,2025-04-01/P1Y,0,,,
E08000012,Physical,Unknown,2025-04-01/P1M,210,,,
E08000012,Physical,Unknown,2025-05-01/P1M,212,,,
E08000012,Physical,Unknown,2025-06-01/P1M,311,,,
E08000012,Physical,Unknown,2025-07-01/P1M,317,,,
E08000012,Physical,Unknown,2025-08-01/P1M,286,,,
E08000012,Physical,Unknown,2025-09-01/P1M,299,,,
E08000012,Physical,Unknown,2025-10-01/P1M,280,,,
E08000012,Physical,Unknown,2025-11-01/P1M,302,,,
E08000012,Physical,Unknown,2025-12-01/P1M,193,,,
E08000012,Physical,Unknown,2026-01-01/P1M,308,,,
E08000012,Physical,Unknown,2026-02-01/P1M,247,,,
E08000012,Physical,Unknown,2026-03-01/P1M,360,,,
E08000012,Physical,Under 12,2025-04-01/P1Y,0,,,
E08000012,Physical,12-17,2025-04-01/P1Y,0,,,
E08000012,Physical,Adult,2025-04-01/P1Y,0,,,
E08000012,Physical,All ages,2025-04-01/P1Y,0,,,
E08000012,Digital,Unknown,2025-04-01/P1Y,0,,,
E08000012,Digital,Under 12,2025-04-01/P1Y,0,,,
E08000012,Digital,12-17,2025-04-01/P1Y,0,,,
E08000012,Digital,Adult,2025-04-01/P1Y,0,,,
E08000012,Digital,All ages,2025-04-01/P1Y,0,,,
E09000024,Physical,Under 12,2025-04-01/P1M,231,,,
E09000024,Physical,Under 12,2025-05-01/P1M,294,,,
E09000024,Physical,Under 12,2025-06-01/P1M,281,,,
E09000024,Physical,Under 12,2025-07-01/P1M,250,,,
E09000024,Physical,Under 12,2025-08-01/P1M,189,,,
E09000024,Physical,Under 12,2025-09-01/P1M,360,,,
E09000024,Physical,Under 12,2025-10-01/P1M,268,,,
E09000024,Physical,Under 12,2025-11-01/P1M,284,,,
E09000024,Physical,Under 12,2025-12-01/P1M,261,,,
E09000024,Physical,Under 12,2026-01-01/P1M,223,,,
E09000024,Physical,Under 12,2026-02-01/P1M,220,,,
E09000024,Physical,Under 12,2026-03-01/P1M,247,,,
E09000024,Physical,12-17,2025-04-01/P1M,33,,,
E09000024,Physical,12-17,2025-05-01/P1M,7,,,
E09000024,Physical,12-17,2025-06-01/P1M,3,,,
E09000024,Physical,12-17,2025-07-01/P1M,13,,,
E09000024,Physical,12-17,2025-08-01/P1M,0,,,
E09000024,Physical,12-17,2025-09-01/P1M,9,,,
E09000024,Physical,12-17,2025-10-01/P1M,22,,,
E09000024,Physical,12-17,2025-11-01/P1M,27,,,
E09000024,Physical,12-17,2025-12-01/P1M,20,,,
E09000024,Physical,12-17,2026-01-01/P1M,21,,,
E09000024,Physical,12-17,2026-02-01/P1M,26,,,
E09000024,Physical,12-17,2026-03-01/P1M,26,,,
E09000024,Physical,Adult,2025-04-01/P1M,391,,,
E09000024,Physical,Adult,2025-05-01/P1M,473,,,
E09000024,Physical,Adult,2025-06-01/P1M,452,,,
E09000024,Physical,Adult,2025-07-01/P1M,417,,,
E09000024,Physical,Adult,2025-08-01/P1M,259,,,
E09000024,Physical,Adult,2025-09-01/P1M,333,,,
E09000024,Physical,Adult,2025-10-01/P1M,534,,,
E09000024,Physical,Adult,2025-11-01/P1M,502,,,
E09000024,Physical,Adult,2025-12-01/P1M,337,,,
E09000024,Physical,Adult,2026-01-01/P1M,420,,,
E09000024,Physical,Adult,2026-02-01/P1M,434,,,
E09000024,Physical,Adult,2026-03-01/P1M,536,,,
E09000024,Physical,All ages,2025-04-01/P1Y,0,,,
E09000024,Digital,Unknown,2025-04-01/P1Y,0,,,
E09000024,Digital,Under 12,2025-04-01/P1Y,0,,,
E09000024,Digital,12-17,2025-04-01/P1Y,0,,,
E09000024,Digital,Adult,2025-04-01/P1Y,0,,,
E09000024,Digital,All ages,2025-04-01/P1Y,0,,,
E06000002,Physical,Unknown,2025-04-01/P1Y,0,,,
E06000002,Physical,Under 12,2025-04-01/P1Y,0,,,
E06000002,Physical,12-17,2025-04-01/P1Y,0,,,
E06000002,Physical,Adult,2025-04-01/P1Y,0,,,
E06000002,Physical,All ages,2025-04-01/P1Y,0,,,
E06000002,Digital,Unknown,2025-04-01/P1Y,0,,,
E06000002,Digital,Under 12,2025-04-01/P1Y,0,,,
E06000002,Digital,12-17,2025-04-01/P1Y,0,,,
E06000002,Digital,Adult,2025-04-01/P1Y,0,,,
E06000002,Digital,All ages,2025-04-01/P1Y,0,,,
E06000042,Physical,Unknown,2025-04-01/P1M,214,,,
E06000042,Physical,Unknown,2025-05-01/P1M,193,,,
E06000042,Physical,Unknown,2025-06-01/P1M,192,,,
E06000042,Physical,Unknown,2025-07-01/P1M,247,,,
E06000042,Physical,Unknown,2025-08-01/P1M,208,,,
E06000042,Physical,Unknown,2025-09-01/P1M,220,,,
E06000042,Physical,Unknown,2025-10-01/P1M,245,,,
E06000042,Physical,Unknown,2025-11-01/P1M,231,,,
E06000042,Physical,Unknown,2025-12-01/P1M,176,,,
E06000042,Physical,Unknown,2026-01-01/P1M,280,,,
E06000042,Physical,Unknown,2026-02-01/P1M,244,,,
E06000042,Physical,Unknown,2026-03-01/P1M,262,,,
E06000042,Physical,Under 12,2025-04-01/P1Y,0,,,
E06000042,Physical,12-17,2025-04-01/P1Y,0,,,
E06000042,Physical,Adult,2025-04-01/P1Y,0,,,
E06000042,Physical,All ages,2025-04-01/P1Y,0,,,
E06000042,Digital,Unknown,2025-04-01/P1Y,0,,,
E06000042,Digital,Under 12,2025-04-01/P1Y,0,,,
E06000042,Digital,12-17,2025-04-01/P1Y,0,,,
E06000042,Digital,Adult,2025-04-01/P1Y,0,,,
E06000042,Digital,All ages,2025-04-01/P1Y,0,,,
E08000021,Physical,Under 12,2025-04-01/P1Y,0,,,
E08000021,Physical,12-17,2025-04-01/P1Y,0,,,
E08000021,Physical,Adult,2025-04-01/P1M,165,,,
E08000021,Physical,Adult,2025-05-01/P1M,191,,,
E08000021,Physical,Adult,2025-06-01/P1M,184,,,
E08000021,Physical,Adult,2025-07-01/P1M,164,,,
E08000021,Physical,Adult,2025-08-01/P1M,140,,,
E08000021,Physical,Adult,2025-09-01/P1M,193,,,
E08000021,Physical,Adult,2025-10-01/P1M,198,,,
E08000021,Physical,Adult,2025-11-01/P1M,216,,,
E08000021,Physical,Adult,2025-12-01/P1M,122,,,
E08000021,Physical,Adult,2026-01-01/P1M,179,,,
E08000021,Physical,Adult,2026-02-01/P1M,186,,,
E08000021,Physical,Adult,2026-03-01/P1M,264,,,
E08000021,Physical,All ages,2025-04-01/P1Y,0,,,
E08000021,Digital,Unknown,2025-04-01/P1Y,0,,,
E08000021,Digital,Under 12,2025-04-01/P1Y,0,,,
E08000021,Digital,12-17,2025-04-01/P1Y,0,,,
E08000021,Digital,Adult,2025-04-01/P1Y,0,,,
E08000021,Digital,All ages,2025-04-01/P1Y,0,,,
E09000025,Physical,Under 12,2025-04-01/P1M,343,,,
E09000025,Physical,Under 12,2025-05-01/P1M,374,,,
E09000025,Physical,Under 12,2025-06-01/P1M,387,,,
E09000025,Physical,Under 12,2025-07-01/P1M,381,,,
E09000025,Physical,Under 12,2025-08-01/P1M,370,,,
E09000025,Physical,Under 12,2025-09-01/P1M,355,,,
E09000025,Physical,Under 12,2025-10-01/P1M,348,,,
E09000025,Physical,Under 12,2025-11-01/P1M,371,,,
E09000025,Physical,Under 12,2025-12-01/P1M,301,,,
E09000025,Physical,Under 12,2026-01-01/P1M,246,,,
E09000025,Physical,Under 12,2026-02-01/P1M,381,,,
E09000025,Physical,Under 12,2026-03-01/P1M,402,,,
E09000025,Physical,12-17,2025-04-01/P1M,35,,,
E09000025,Physical,12-17,2025-05-01/P1M,32,,,
E09000025,Physical,12-17,2025-06-01/P1M,34,,,
E09000025,Physical,12-17,2025-07-01/P1M,1,,,
E09000025,Physical,12-17,2025-08-01/P1M,30,,,
E09000025,Physical,12-17,2025-09-01/P1M,5,,,
E09000025,Physical,12-17,2025-10-01/P1M,35,,,
E09000025,Physical,12-17,2025-11-01/P1M,7,,,
E09000025,Physical,12-17,2025-12-01/P1M,9,,,
E09000025,Physical,12-17,2026-01-01/P1M,9,,,
E09000025,Physical,12-17,2026-02-01/P1M,9,,,
E09000025,Physical,12-17,2026-03-01/P1M,10,,,
E09000025,Physical,Adult,2025-04-01/P1M,448,,,
E09000025,Physical,Adult,2025-05-01/P1M,677,,,
E09000025,Physical,Adult,2025-06-01/P1M,770,,,
E09000025,Physical,Adult,2025-07-01/P1M,824,,,
E09000025,Physical,Adult,2025-08-01/P1M,604,,,
E09000025,Physical,Adult,2025-09-01/P1M,748,,,
E09000025,Physical,Adult,2025-10-01/P1M,752,,,
E09000025,Physical,Adult,2025-11-01/P1M,743,,,
E09000025,Physical,Adult,2025-12-01/P1M,572,,,
E09000025,Physical,Adult,2026-01-01/P1M,534,,,
E09000025,Physical,Adult,2026-02-01/P1M,744,,,
E09000025,Physical,Adult,2026-03-01/P1M,778,,,
E09000025,Physical,All ages,2025-04-01/P1Y,0,,,
E09000025,Digital,Unknown,2025-04-01/P1Y,0,,,
E09000025,Digital,Under 12,2025-04-01/P1Y,0,,,
E09000025,Digital,12-17,2025-04-01/P1Y,0,,,
E09000025,Digital,Adult,2025-04-01/P1Y,0,,,
E09000025,Digital,All ages,2025-04-01/P1Y,0,,,
E06000012,Physical,Under 12,2025-04-01/P1M,34,,,
E06000012,Physical,Under 12,2025-05-01/P1M,26,,,
E06000012,Physical,Under 12,2025-06-01/P1M,27,,,
E06000012,Physical,Under 12,2025-07-01/P1M,23,,,
E06000012,Physical,Under 12,2025-08-01/P1M,36,,,
E06000012,Physical,Under 12,2025-09-01/P1M,21,,,
E06000012,Physical,Under 12,2025-10-01/P1M,32,,,
E06000012,Physical,Under 12,2025-11-01/P1M,31,,,
E06000012,Physical,Under 12,2025-12-01/P1M,18,,,
E06000012,Physical,Under 12,2026-01-01/P1M,32,,,
E06000012,Physical,Under 12,2026-02-01/P1M,26,,,
E06000012,Physical,Under 12,2026-03-01/P1M,24,,,
E06000012,Physical,12-17,2025-04-01/P1Y,0,,,
E06000012,Physical,Adult,2025-04-01/P1M,24,,,
E06000012,Physical,Adult,2025-05-01/P1M,14,,,
E06000012,Physical,Adult,2025-06-01/P1M,19,,,
E06000012,Physical,Adult,2025-07-01/P1M,32,,,
E06000012,Physical,Adult,2025-08-01/P1M,15,,,
E06000012,Physical,Adult,2025-09-01/P1M,23,,,
E06000012,Physical,Adult,2025-10-01/P1M,26,,,
E06000012,Physical,Adult,2025-11-01/P1M,25,,,
E06000012,Physical,Adult,2025-12-01/P1M,20,,,
E06000012,Physical,Adult,2026-01-01/P1M,31,,,
E06000012,Physical,Adult,2026-02-01/P1M,28,,,
E06000012,Physical,Adult,2026-03-01/P1M,22,,,
E06000012,Physical,All ages,2025-04-01/P1Y,0,,,
E06000012,Digital,Unknown,2025-04-01/P1Y,0,,,
E06000012,Digital,Under 12,2025-04-01/P1Y,0,,,
E06000012,Digital,12-17,2025-04-01/P1Y,0,,,
E06000012,Digital,Adult,2025-04-01/P1Y,0,,,
E06000012,Digital,All ages,2025-04-01/P1Y,0,,,
E06000013,Physical,Under 12,2025-04-01/P1M,30,,suspicious,"Source audit: total_physical_events: Annual: reported total 526; category sum 825; difference -299. Categories exceed total; check duplication, scope and reporting frequency. Event audiences may overlap. Values retained as reported pending source confirmation."
E06000013,Physical,Under 12,2025-05-01/P1M,29,,suspicious,"Source audit: total_physical_events: Annual: reported total 526; category sum 825; difference -299. Categories exceed total; check duplication, scope and reporting frequency. Event audiences may overlap. Values retained as reported pending source confirmation."
E06000013,Physical,Under 12,2025-06-01/P1M,46,,suspicious,"Source audit: total_physical_events: Annual: reported total 526; category sum 825; difference -299. Categories exceed total; check duplication, scope and reporting frequency. Event audiences may overlap. Values retained as reported pending source confirmation."
E06000013,Physical,Under 12,2025-07-01/P1M,25,,suspicious,"Source audit: total_physical_events: Annual: reported total 526; category sum 825; difference -299. Categories exceed total; check duplication, scope and reporting frequency. Event audiences may overlap. Values retained as reported pending source confirmation."
E06000013,Physical,Under 12,2025-08-01/P1M,33,,suspicious,"Source audit: total_physical_events: Annual: reported total 526; category sum 825; difference -299. Categories exceed total; check duplication, scope and reporting frequency. Event audiences may overlap. Values retained as reported pending source confirmation."
E06000013,Physical,Under 12,2025-09-01/P1M,16,,suspicious,"Source audit: total_physical_events: Annual: reported total 526; category sum 825; difference -299. Categories exceed total; check duplication, scope and reporting frequency. Event audiences may overlap. Values retained as reported pending source confirmation."
E06000013,Physical,Under 12,2025-10-01/P1M,48,,suspicious,"Source audit: total_physical_events: Annual: reported total 526; category sum 825; difference -299. Categories exceed total; check duplication, scope and reporting frequency. Event audiences may overlap. Values retained as reported pending source confirmation."
E06000013,Physical,Under 12,2025-11-01/P1M,41,,suspicious,"Source audit: total_physical_events: Annual: reported total 526; category sum 825; difference -299. Categories exceed total; check duplication, scope and reporting frequency. Event audiences may overlap. Values retained as reported pending source confirmation."
E06000013,Physical,Under 12,2025-12-01/P1M,27,,suspicious,"Source audit: total_physical_events: Annual: reported total 526; category sum 825; difference -299. Categories exceed total; check duplication, scope and reporting frequency. Event audiences may overlap. Values retained as reported pending source confirmation."
E06000013,Physical,Under 12,2026-01-01/P1M,15,,suspicious,"Source audit: total_physical_events: Annual: reported total 526; category sum 825; difference -299. Categories exceed total; check duplication, scope and reporting frequency. Event audiences may overlap. Values retained as reported pending source confirmation."
E06000013,Physical,Under 12,2026-02-01/P1M,28,,suspicious,"Source audit: total_physical_events: Annual: reported total 526; category sum 825; difference -299. Categories exceed total; check duplication, scope and reporting frequency. Event audiences may overlap. Values retained as reported pending source confirmation."
E06000013,Physical,Under 12,2026-03-01/P1M,39,,suspicious,"Source audit: total_physical_events: Annual: reported total 526; category sum 825; difference -299. Categories exceed total; check duplication, scope and reporting frequency. Event audiences may overlap. Values retained as reported pending source confirmation."
E06000013,Physical,12-17,2025-04-01/P1M,14,,suspicious,"Source audit: total_physical_events: Annual: reported total 526; category sum 825; difference -299. Categories exceed total; check duplication, scope and reporting frequency. Event audiences may overlap. Values retained as reported pending source confirmation."
E06000013,Physical,12-17,2025-05-01/P1M,9,,suspicious,"Source audit: total_physical_events: Annual: reported total 526; category sum 825; difference -299. Categories exceed total; check duplication, scope and reporting frequency. Event audiences may overlap. Values retained as reported pending source confirmation."
E06000013,Physical,12-17,2025-06-01/P1M,4,,suspicious,"Source audit: total_physical_events: Annual: reported total 526; category sum 825; difference -299. Categories exceed total; check duplication, scope and reporting frequency. Event audiences may overlap. Values retained as reported pending source confirmation."
E06000013,Physical,12-17,2025-07-01/P1M,4,,suspicious,"Source audit: total_physical_events: Annual: reported total 526; category sum 825; difference -299. Categories exceed total; check duplication, scope and reporting frequency. Event audiences may overlap. Values retained as reported pending source confirmation."
E06000013,Physical,12-17,2025-08-01/P1M,15,,suspicious,"Source audit: total_physical_events: Annual: reported total 526; category sum 825; difference -299. Categories exceed total; check duplication, scope and reporting frequency. Event audiences may overlap. Values retained as reported pending source confirmation."
E06000013,Physical,12-17,2025-09-01/P1M,8,,suspicious,"Source audit: total_physical_events: Annual: reported total 526; category sum 825; difference -299. Categories exceed total; check duplication, scope and reporting frequency. Event audiences may overlap. Values retained as reported pending source confirmation."
E06000013,Physical,12-17,2025-10-01/P1M,21,,suspicious,"Source audit: total_physical_events: Annual: reported total 526; category sum 825; difference -299. Categories exceed total; check duplication, scope and reporting frequency. Event audiences may overlap. Values retained as reported pending source confirmation."
E06000013,Physical,12-17,2025-11-01/P1M,30,,suspicious,"Source audit: total_physical_events: Annual: reported total 526; category sum 825; difference -299. Categories exceed total; check duplication, scope and reporting frequency. Event audiences may overlap. Values retained as reported pending source confirmation."
E06000013,Physical,12-17,2025-12-01/P1M,5,,suspicious,"Source audit: total_physical_events: Annual: reported total 526; category sum 825; difference -299. Categories exceed total; check duplication, scope and reporting frequency. Event audiences may overlap. Values retained as reported pending source confirmation."
E06000013,Physical,12-17,2026-01-01/P1M,8,,suspicious,"Source audit: total_physical_events: Annual: reported total 526; category sum 825; difference -299. Categories exceed total; check duplication, scope and reporting frequency. Event audiences may overlap. Values retained as reported pending source confirmation."
E06000013,Physical,12-17,2026-02-01/P1M,9,,suspicious,"Source audit: total_physical_events: Annual: reported total 526; category sum 825; difference -299. Categories exceed total; check duplication, scope and reporting frequency. Event audiences may overlap. Values retained as reported pending source confirmation."
E06000013,Physical,12-17,2026-03-01/P1M,8,,suspicious,"Source audit: total_physical_events: Annual: reported total 526; category sum 825; difference -299. Categories exceed total; check duplication, scope and reporting frequency. Event audiences may overlap. Values retained as reported pending source confirmation."
E06000013,Physical,Adult,2025-04-01/P1M,17,,suspicious,"Source audit: total_physical_events: Annual: reported total 526; category sum 825; difference -299. Categories exceed total; check duplication, scope and reporting frequency. Event audiences may overlap. Values retained as reported pending source confirmation."
E06000013,Physical,Adult,2025-05-01/P1M,9,,suspicious,"Source audit: total_physical_events: Annual: reported total 526; category sum 825; difference -299. Categories exceed total; check duplication, scope and reporting frequency. Event audiences may overlap. Values retained as reported pending source confirmation."
E06000013,Physical,Adult,2025-06-01/P1M,37,,suspicious,"Source audit: total_physical_events: Annual: reported total 526; category sum 825; difference -299. Categories exceed total; check duplication, scope and reporting frequency. Event audiences may overlap. Values retained as reported pending source confirmation."
E06000013,Physical,Adult,2025-07-01/P1M,14,,suspicious,"Source audit: total_physical_events: Annual: reported total 526; category sum 825; difference -299. Categories exceed total; check duplication, scope and reporting frequency. Event audiences may overlap. Values retained as reported pending source confirmation."
E06000013,Physical,Adult,2025-08-01/P1M,21,,suspicious,"Source audit: total_physical_events: Annual: reported total 526; category sum 825; difference -299. Categories exceed total; check duplication, scope and reporting frequency. Event audiences may overlap. Values retained as reported pending source confirmation."
E06000013,Physical,Adult,2025-09-01/P1M,15,,suspicious,"Source audit: total_physical_events: Annual: reported total 526; category sum 825; difference -299. Categories exceed total; check duplication, scope and reporting frequency. Event audiences may overlap. Values retained as reported pending source confirmation."
E06000013,Physical,Adult,2025-10-01/P1M,26,,suspicious,"Source audit: total_physical_events: Annual: reported total 526; category sum 825; difference -299. Categories exceed total; check duplication, scope and reporting frequency. Event audiences may overlap. Values retained as reported pending source confirmation."
E06000013,Physical,Adult,2025-11-01/P1M,38,,suspicious,"Source audit: total_physical_events: Annual: reported total 526; category sum 825; difference -299. Categories exceed total; check duplication, scope and reporting frequency. Event audiences may overlap. Values retained as reported pending source confirmation."
E06000013,Physical,Adult,2025-12-01/P1M,8,,suspicious,"Source audit: total_physical_events: Annual: reported total 526; category sum 825; difference -299. Categories exceed total; check duplication, scope and reporting frequency. Event audiences may overlap. Values retained as reported pending source confirmation."
E06000013,Physical,Adult,2026-01-01/P1M,17,,suspicious,"Source audit: total_physical_events: Annual: reported total 526; category sum 825; difference -299. Categories exceed total; check duplication, scope and reporting frequency. Event audiences may overlap. Values retained as reported pending source confirmation."
E06000013,Physical,Adult,2026-02-01/P1M,25,,suspicious,"Source audit: total_physical_events: Annual: reported total 526; category sum 825; difference -299. Categories exceed total; check duplication, scope and reporting frequency. Event audiences may overlap. Values retained as reported pending source confirmation."
E06000013,Physical,Adult,2026-03-01/P1M,14,,suspicious,"Source audit: total_physical_events: Annual: reported total 526; category sum 825; difference -299. Categories exceed total; check duplication, scope and reporting frequency. Event audiences may overlap. Values retained as reported pending source confirmation."
E06000013,Physical,All ages,2025-04-01/P1M,13,,suspicious,"Source audit: total_physical_events: Annual: reported total 526; category sum 825; difference -299. Categories exceed total; check duplication, scope and reporting frequency. Event audiences may overlap. Values retained as reported pending source confirmation."
E06000013,Physical,All ages,2025-05-01/P1M,5,,suspicious,"Source audit: total_physical_events: Annual: reported total 526; category sum 825; difference -299. Categories exceed total; check duplication, scope and reporting frequency. Event audiences may overlap. Values retained as reported pending source confirmation."
E06000013,Physical,All ages,2025-06-01/P1M,4,,suspicious,"Source audit: total_physical_events: Annual: reported total 526; category sum 825; difference -299. Categories exceed total; check duplication, scope and reporting frequency. Event audiences may overlap. Values retained as reported pending source confirmation."
E06000013,Physical,All ages,2025-07-01/P1M,4,,suspicious,"Source audit: total_physical_events: Annual: reported total 526; category sum 825; difference -299. Categories exceed total; check duplication, scope and reporting frequency. Event audiences may overlap. Values retained as reported pending source confirmation."
E06000013,Physical,All ages,2025-08-01/P1M,14,,suspicious,"Source audit: total_physical_events: Annual: reported total 526; category sum 825; difference -299. Categories exceed total; check duplication, scope and reporting frequency. Event audiences may overlap. Values retained as reported pending source confirmation."
E06000013,Physical,All ages,2025-09-01/P1M,2,,suspicious,"Source audit: total_physical_events: Annual: reported total 526; category sum 825; difference -299. Categories exceed total; check duplication, scope and reporting frequency. Event audiences may overlap. Values retained as reported pending source confirmation."
E06000013,Physical,All ages,2025-10-01/P1M,5,,suspicious,"Source audit: total_physical_events: Annual: reported total 526; category sum 825; difference -299. Categories exceed total; check duplication, scope and reporting frequency. Event audiences may overlap. Values retained as reported pending source confirmation."
E06000013,Physical,All ages,2025-11-01/P1M,21,,suspicious,"Source audit: total_physical_events: Annual: reported total 526; category sum 825; difference -299. Categories exceed total; check duplication, scope and reporting frequency. Event audiences may overlap. Values retained as reported pending source confirmation."
E06000013,Physical,All ages,2025-12-01/P1M,2,,suspicious,"Source audit: total_physical_events: Annual: reported total 526; category sum 825; difference -299. Categories exceed total; check duplication, scope and reporting frequency. Event audiences may overlap. Values retained as reported pending source confirmation."
E06000013,Physical,All ages,2026-01-01/P1M,0,,suspicious,"Source audit: total_physical_events: Annual: reported total 526; category sum 825; difference -299. Categories exceed total; check duplication, scope and reporting frequency. Event audiences may overlap. Values retained as reported pending source confirmation."
E06000013,Physical,All ages,2026-02-01/P1M,1,,suspicious,"Source audit: total_physical_events: Annual: reported total 526; category sum 825; difference -299. Categories exceed total; check duplication, scope and reporting frequency. Event audiences may overlap. Values retained as reported pending source confirmation."
E06000013,Physical,All ages,2026-03-01/P1M,1,,suspicious,"Source audit: total_physical_events: Annual: reported total 526; category sum 825; difference -299. Categories exceed total; check duplication, scope and reporting frequency. Event audiences may overlap. Values retained as reported pending source confirmation."
E06000013,Digital,Unknown,2025-04-01/P1Y,0,,,
E06000013,Digital,Under 12,2025-04-01/P1Y,0,,,
E06000013,Digital,12-17,2025-04-01/P1Y,0,,,
E06000013,Digital,Adult,2025-04-01/P1Y,0,,,
E06000013,Digital,All ages,2025-04-01/P1Y,0,,,
E06000061,Physical,Under 12,2025-04-01/P1M,55,,,
E06000061,Physical,Under 12,2025-05-01/P1M,80,,,
E06000061,Physical,Under 12,2025-06-01/P1M,96,,,
E06000061,Physical,Under 12,2025-07-01/P1M,13,,,
E06000061,Physical,Under 12,2025-08-01/P1M,111,,,
E06000061,Physical,Under 12,2025-09-01/P1M,96,,,
E06000061,Physical,Under 12,2025-10-01/P1M,80,,,
E06000061,Physical,Under 12,2025-11-01/P1M,72,,,
E06000061,Physical,Under 12,2025-12-01/P1M,64,,,
E06000061,Physical,Under 12,2026-01-01/P1M,56,,,
E06000061,Physical,Under 12,2026-02-01/P1M,56,,,
E06000061,Physical,Under 12,2026-03-01/P1M,72,,,
E06000061,Physical,12-17,2025-04-01/P1M,9,,,
E06000061,Physical,12-17,2025-05-01/P1M,13,,,
E06000061,Physical,12-17,2025-06-01/P1M,16,,,
E06000061,Physical,12-17,2025-07-01/P1M,19,,,
E06000061,Physical,12-17,2025-08-01/P1M,19,,,
E06000061,Physical,12-17,2025-09-01/P1M,16,,,
E06000061,Physical,12-17,2025-10-01/P1M,13,,,
E06000061,Physical,12-17,2025-11-01/P1M,12,,,
E06000061,Physical,12-17,2025-12-01/P1M,11,,,
E06000061,Physical,12-17,2026-01-01/P1M,9,,,
E06000061,Physical,12-17,2026-02-01/P1M,9,,,
E06000061,Physical,12-17,2026-03-01/P1M,12,,,
E06000061,Physical,Adult,2025-04-01/P1M,44,,,
E06000061,Physical,Adult,2025-05-01/P1M,64,,,
E06000061,Physical,Adult,2025-06-01/P1M,77,,,
E06000061,Physical,Adult,2025-07-01/P1M,62,,,
E06000061,Physical,Adult,2025-08-01/P1M,58,,,
E06000061,Physical,Adult,2025-09-01/P1M,77,,,
E06000061,Physical,Adult,2025-10-01/P1M,89,,,
E06000061,Physical,Adult,2025-11-01/P1M,89,,,
E06000061,Physical,Adult,2025-12-01/P1M,51,,,
E06000061,Physical,Adult,2026-01-01/P1M,44,,,
E06000061,Physical,Adult,2026-02-01/P1M,45,,,
E06000061,Physical,Adult,2026-03-01/P1M,58,,,
E06000061,Physical,All ages,2025-04-01/P1M,37,,,
E06000061,Physical,All ages,2025-05-01/P1M,54,,,
E06000061,Physical,All ages,2025-06-01/P1M,64,,,
E06000061,Physical,All ages,2025-07-01/P1M,4,,,
E06000061,Physical,All ages,2025-08-01/P1M,75,,,
E06000061,Physical,All ages,2025-09-01/P1M,64,,,
E06000061,Physical,All ages,2025-10-01/P1M,56,,,
E06000061,Physical,All ages,2025-11-01/P1M,47,,,
E06000061,Physical,All ages,2025-12-01/P1M,42,,,
E06000061,Physical,All ages,2026-01-01/P1M,38,,,
E06000061,Physical,All ages,2026-02-01/P1M,37,,,
E06000061,Physical,All ages,2026-03-01/P1M,48,,,
E06000061,Digital,Unknown,2025-04-01/P1Y,0,,,
E06000061,Digital,Under 12,2025-04-01/P1Y,0,,,
E06000061,Digital,12-17,2025-04-01/P1Y,0,,,
E06000061,Digital,Adult,2025-04-01/P1Y,0,,,
E06000061,Digital,All ages,2025-04-01/P1Y,0,,,
E06000024,Physical,Under 12,2025-04-01/P3M,342,,,
E06000024,Physical,Under 12,2025-07-01/P3M,339,,,
E06000024,Physical,Under 12,2025-10-01/P3M,334,,,
E06000024,Physical,Under 12,2026-01-01/P3M,313,,,
E06000024,Physical,12-17,2025-04-01/P3M,4,,,
E06000024,Physical,12-17,2025-07-01/P3M,5,,,
E06000024,Physical,12-17,2025-10-01/P3M,2,,,
E06000024,Physical,12-17,2026-01-01/P3M,2,,,
E06000024,Physical,Adult,2025-04-01/P3M,371,,,
E06000024,Physical,Adult,2025-07-01/P3M,292,,,
E06000024,Physical,Adult,2025-10-01/P3M,321,,,
E06000024,Physical,Adult,2026-01-01/P3M,342,,,
E06000024,Physical,All ages,2025-04-01/P1Y,0,,,
E06000024,Digital,Unknown,2025-04-01/P1Y,0,,,
E06000024,Digital,Under 12,2025-04-01/P1Y,0,,,
E06000024,Digital,12-17,2025-04-01/P1Y,0,,,
E06000024,Digital,Adult,2025-04-01/P1Y,0,,,
E06000024,Digital,All ages,2025-04-01/P1Y,0,,,
E08000022,Physical,Under 12,2025-04-01/P1M,151,,suspicious,"Source audit: total_physical_events: Annual: reported total 2,650; category sum 3,650; difference -1,000. Categories exceed total; check duplication, scope and reporting frequency. Event audiences may overlap. Values retained as reported pending source confirmation."
E08000022,Physical,Under 12,2025-05-01/P1M,1166,,suspicious,"Source audit: total_physical_events: Annual: reported total 2,650; category sum 3,650; difference -1,000. Categories exceed total; check duplication, scope and reporting frequency. Event audiences may overlap. Values retained as reported pending source confirmation."
E08000022,Physical,Under 12,2025-06-01/P1M,150,,suspicious,"Source audit: total_physical_events: Annual: reported total 2,650; category sum 3,650; difference -1,000. Categories exceed total; check duplication, scope and reporting frequency. Event audiences may overlap. Values retained as reported pending source confirmation."
E08000022,Physical,Under 12,2025-07-01/P1M,175,,suspicious,"Source audit: total_physical_events: Annual: reported total 2,650; category sum 3,650; difference -1,000. Categories exceed total; check duplication, scope and reporting frequency. Event audiences may overlap. Values retained as reported pending source confirmation."
E08000022,Physical,Under 12,2025-08-01/P1M,154,,suspicious,"Source audit: total_physical_events: Annual: reported total 2,650; category sum 3,650; difference -1,000. Categories exceed total; check duplication, scope and reporting frequency. Event audiences may overlap. Values retained as reported pending source confirmation."
E08000022,Physical,Under 12,2025-09-01/P1M,159,,suspicious,"Source audit: total_physical_events: Annual: reported total 2,650; category sum 3,650; difference -1,000. Categories exceed total; check duplication, scope and reporting frequency. Event audiences may overlap. Values retained as reported pending source confirmation."
E08000022,Physical,Under 12,2025-10-01/P1M,172,,suspicious,"Source audit: total_physical_events: Annual: reported total 2,650; category sum 3,650; difference -1,000. Categories exceed total; check duplication, scope and reporting frequency. Event audiences may overlap. Values retained as reported pending source confirmation."
E08000022,Physical,Under 12,2025-11-01/P1M,150,,suspicious,"Source audit: total_physical_events: Annual: reported total 2,650; category sum 3,650; difference -1,000. Categories exceed total; check duplication, scope and reporting frequency. Event audiences may overlap. Values retained as reported pending source confirmation."
E08000022,Physical,Under 12,2025-12-01/P1M,126,,suspicious,"Source audit: total_physical_events: Annual: reported total 2,650; category sum 3,650; difference -1,000. Categories exceed total; check duplication, scope and reporting frequency. Event audiences may overlap. Values retained as reported pending source confirmation."
E08000022,Physical,Under 12,2026-01-01/P1M,156,,suspicious,"Source audit: total_physical_events: Annual: reported total 2,650; category sum 3,650; difference -1,000. Categories exceed total; check duplication, scope and reporting frequency. Event audiences may overlap. Values retained as reported pending source confirmation."
E08000022,Physical,Under 12,2026-02-01/P1M,148,,suspicious,"Source audit: total_physical_events: Annual: reported total 2,650; category sum 3,650; difference -1,000. Categories exceed total; check duplication, scope and reporting frequency. Event audiences may overlap. Values retained as reported pending source confirmation."
E08000022,Physical,Under 12,2026-03-01/P1M,159,,suspicious,"Source audit: total_physical_events: Annual: reported total 2,650; category sum 3,650; difference -1,000. Categories exceed total; check duplication, scope and reporting frequency. Event audiences may overlap. Values retained as reported pending source confirmation."
E08000022,Physical,12-17,2025-04-01/P1Y,0,,suspicious,"Source audit: total_physical_events: Annual: reported total 2,650; category sum 3,650; difference -1,000. Categories exceed total; check duplication, scope and reporting frequency. Event audiences may overlap. Values retained as reported pending source confirmation."
E08000022,Physical,Adult,2025-04-01/P1M,63,,suspicious,"Source audit: total_physical_events: Annual: reported total 2,650; category sum 3,650; difference -1,000. Categories exceed total; check duplication, scope and reporting frequency. Event audiences may overlap. Values retained as reported pending source confirmation."
E08000022,Physical,Adult,2025-05-01/P1M,68,,suspicious,"Source audit: total_physical_events: Annual: reported total 2,650; category sum 3,650; difference -1,000. Categories exceed total; check duplication, scope and reporting frequency. Event audiences may overlap. Values retained as reported pending source confirmation."
E08000022,Physical,Adult,2025-06-01/P1M,63,,suspicious,"Source audit: total_physical_events: Annual: reported total 2,650; category sum 3,650; difference -1,000. Categories exceed total; check duplication, scope and reporting frequency. Event audiences may overlap. Values retained as reported pending source confirmation."
E08000022,Physical,Adult,2025-07-01/P1M,68,,suspicious,"Source audit: total_physical_events: Annual: reported total 2,650; category sum 3,650; difference -1,000. Categories exceed total; check duplication, scope and reporting frequency. Event audiences may overlap. Values retained as reported pending source confirmation."
E08000022,Physical,Adult,2025-08-01/P1M,68,,suspicious,"Source audit: total_physical_events: Annual: reported total 2,650; category sum 3,650; difference -1,000. Categories exceed total; check duplication, scope and reporting frequency. Event audiences may overlap. Values retained as reported pending source confirmation."
E08000022,Physical,Adult,2025-09-01/P1M,66,,suspicious,"Source audit: total_physical_events: Annual: reported total 2,650; category sum 3,650; difference -1,000. Categories exceed total; check duplication, scope and reporting frequency. Event audiences may overlap. Values retained as reported pending source confirmation."
E08000022,Physical,Adult,2025-10-01/P1M,67,,suspicious,"Source audit: total_physical_events: Annual: reported total 2,650; category sum 3,650; difference -1,000. Categories exceed total; check duplication, scope and reporting frequency. Event audiences may overlap. Values retained as reported pending source confirmation."
E08000022,Physical,Adult,2025-11-01/P1M,66,,suspicious,"Source audit: total_physical_events: Annual: reported total 2,650; category sum 3,650; difference -1,000. Categories exceed total; check duplication, scope and reporting frequency. Event audiences may overlap. Values retained as reported pending source confirmation."
E08000022,Physical,Adult,2025-12-01/P1M,58,,suspicious,"Source audit: total_physical_events: Annual: reported total 2,650; category sum 3,650; difference -1,000. Categories exceed total; check duplication, scope and reporting frequency. Event audiences may overlap. Values retained as reported pending source confirmation."
E08000022,Physical,Adult,2026-01-01/P1M,68,,suspicious,"Source audit: total_physical_events: Annual: reported total 2,650; category sum 3,650; difference -1,000. Categories exceed total; check duplication, scope and reporting frequency. Event audiences may overlap. Values retained as reported pending source confirmation."
E08000022,Physical,Adult,2026-02-01/P1M,63,,suspicious,"Source audit: total_physical_events: Annual: reported total 2,650; category sum 3,650; difference -1,000. Categories exceed total; check duplication, scope and reporting frequency. Event audiences may overlap. Values retained as reported pending source confirmation."
E08000022,Physical,Adult,2026-03-01/P1M,66,,suspicious,"Source audit: total_physical_events: Annual: reported total 2,650; category sum 3,650; difference -1,000. Categories exceed total; check duplication, scope and reporting frequency. Event audiences may overlap. Values retained as reported pending source confirmation."
E08000022,Physical,All ages,2025-04-01/P1Y,0,,suspicious,"Source audit: total_physical_events: Annual: reported total 2,650; category sum 3,650; difference -1,000. Categories exceed total; check duplication, scope and reporting frequency. Event audiences may overlap. Values retained as reported pending source confirmation."
E08000022,Digital,Unknown,2025-04-01/P1Y,0,,,
E08000022,Digital,Under 12,2025-04-01/P1Y,0,,,
E08000022,Digital,12-17,2025-04-01/P1Y,0,,,
E08000022,Digital,Adult,2025-04-01/P1Y,0,,,
E08000022,Digital,All ages,2025-04-01/P1Y,0,,,
E06000065,Physical,Unknown,2025-04-01/P1M,804,,,
E06000065,Physical,Unknown,2025-05-01/P1M,843,,,
E06000065,Physical,Unknown,2025-06-01/P1M,919,,,
E06000065,Physical,Unknown,2025-07-01/P1M,986,,,
E06000065,Physical,Unknown,2025-08-01/P1M,807,,,
E06000065,Physical,Unknown,2025-09-01/P1M,932,,,
E06000065,Physical,Unknown,2025-10-01/P1M,1144,,,
E06000065,Physical,Unknown,2025-11-01/P1M,1023,,,
E06000065,Physical,Unknown,2025-12-01/P1M,696,,,
E06000065,Physical,Unknown,2026-01-01/P1M,966,,,
E06000065,Physical,Unknown,2026-02-01/P1M,1004,,,
E06000065,Physical,Unknown,2026-03-01/P1M,1115,,,
E06000065,Physical,Under 12,2025-04-01/P1Y,0,,,
E06000065,Physical,12-17,2025-04-01/P1Y,0,,,
E06000065,Physical,Adult,2025-04-01/P1Y,0,,,
E06000065,Physical,All ages,2025-04-01/P1Y,0,,,
E06000065,Digital,Unknown,2025-04-01/P1Y,0,,,
E06000065,Digital,Under 12,2025-04-01/P1Y,0,,,
E06000065,Digital,12-17,2025-04-01/P1Y,0,,,
E06000065,Digital,Adult,2025-04-01/P1Y,0,,,
E06000065,Digital,All ages,2025-04-01/P1Y,0,,,
E06000057,Physical,Under 12,2025-04-01/P1M,132,,,
E06000057,Physical,Under 12,2025-05-01/P1M,120,,,
E06000057,Physical,Under 12,2025-06-01/P1M,120,,,
E06000057,Physical,Under 12,2025-07-01/P1M,114,,,
E06000057,Physical,Under 12,2025-08-01/P1M,135,,,
E06000057,Physical,Under 12,2025-09-01/P1M,94,,,
E06000057,Physical,Under 12,2025-10-01/P1M,114,,,
E06000057,Physical,Under 12,2025-11-01/P1M,85,,,
E06000057,Physical,Under 12,2025-12-01/P1M,88,,,
E06000057,Physical,Under 12,2026-01-01/P1M,112,,,
E06000057,Physical,Under 12,2026-02-01/P1M,117,,,
E06000057,Physical,Under 12,2026-03-01/P1M,145,,,
E06000057,Physical,12-17,2025-04-01/P1Y,0,,,
E06000057,Physical,Adult,2025-04-01/P1M,137,,,
E06000057,Physical,Adult,2025-05-01/P1M,152,,,
E06000057,Physical,Adult,2025-06-01/P1M,147,,,
E06000057,Physical,Adult,2025-07-01/P1M,168,,,
E06000057,Physical,Adult,2025-08-01/P1M,138,,,
E06000057,Physical,Adult,2025-09-01/P1M,160,,,
E06000057,Physical,Adult,2025-10-01/P1M,192,,,
E06000057,Physical,Adult,2025-11-01/P1M,168,,,
E06000057,Physical,Adult,2025-12-01/P1M,120,,,
E06000057,Physical,Adult,2026-01-01/P1M,177,,,
E06000057,Physical,Adult,2026-02-01/P1M,173,,,
E06000057,Physical,Adult,2026-03-01/P1M,182,,,
E06000057,Physical,All ages,2025-04-01/P1Y,0,,,
E06000057,Digital,Unknown,2025-04-01/P1Y,0,,,
E06000057,Digital,Under 12,2025-04-01/P1Y,0,,,
E06000057,Digital,12-17,2025-04-01/P1Y,0,,,
E06000057,Digital,Adult,2025-04-01/P1Y,0,,,
E06000057,Digital,All ages,2025-04-01/P1Y,0,,,
E06000018,Physical,Under 12,2025-04-01/P1M,159,,,
E06000018,Physical,Under 12,2025-05-01/P1M,195,,,
E06000018,Physical,Under 12,2025-06-01/P1M,204,,,
E06000018,Physical,Under 12,2025-07-01/P1M,155,,,
E06000018,Physical,Under 12,2025-08-01/P1M,151,,,
E06000018,Physical,Under 12,2025-09-01/P1M,138,,,
E06000018,Physical,Under 12,2025-10-01/P1M,169,,,
E06000018,Physical,Under 12,2025-11-01/P1M,177,,,
E06000018,Physical,Under 12,2025-12-01/P1M,105,,,
E06000018,Physical,Under 12,2026-01-01/P1M,168,,,
E06000018,Physical,Under 12,2026-02-01/P1M,181,,,
E06000018,Physical,Under 12,2026-03-01/P1M,177,,,
E06000018,Physical,12-17,2025-04-01/P1Y,0,,,
E06000018,Physical,Adult,2025-04-01/P1M,259,,,
E06000018,Physical,Adult,2025-05-01/P1M,262,,,
E06000018,Physical,Adult,2025-06-01/P1M,279,,,
E06000018,Physical,Adult,2025-07-01/P1M,304,,,
E06000018,Physical,Adult,2025-08-01/P1M,258,,,
E06000018,Physical,Adult,2025-09-01/P1M,296,,,
E06000018,Physical,Adult,2025-10-01/P1M,340,,,
E06000018,Physical,Adult,2025-11-01/P1M,197,,,
E06000018,Physical,Adult,2025-12-01/P1M,148,,,
E06000018,Physical,Adult,2026-01-01/P1M,205,,,
E06000018,Physical,Adult,2026-02-01/P1M,207,,,
E06000018,Physical,Adult,2026-03-01/P1M,212,,,
E06000018,Physical,All ages,2025-04-01/P1Y,0,,,
E06000018,Digital,Under 12,2025-04-01/P1Y,0,,,
E06000018,Digital,12-17,2025-04-01/P1Y,0,,,
E06000018,Digital,Adult,2025-04-01/P1M,9,,,
E06000018,Digital,Adult,2025-05-01/P1M,1,,,
E06000018,Digital,Adult,2025-06-01/P1M,6,,,
E06000018,Digital,Adult,2025-07-01/P1M,6,,,
E06000018,Digital,Adult,2025-08-01/P1M,6,,,
E06000018,Digital,Adult,2025-09-01/P1M,7,,,
E06000018,Digital,Adult,2025-10-01/P1M,8,,,
E06000018,Digital,Adult,2025-11-01/P1M,8,,,
E06000018,Digital,Adult,2025-12-01/P1M,8,,,
E06000018,Digital,Adult,2026-01-01/P1M,9,,,
E06000018,Digital,Adult,2026-02-01/P1M,9,,,
E06000018,Digital,Adult,2026-03-01/P1M,8,,,
E06000018,Digital,All ages,2025-04-01/P1Y,0,,,
E10000024,Physical,Unknown,2025-04-01/P1M,1689,,suspicious,"Source audit: total_physical_events: Published annual total 20,573; supplied month sum 24,207; difference -3,634. No replacement inferred. Values retained as reported pending source confirmation. Formula check: total_physical_events: Published annual total 20,573; supplied month sum 24,207; difference -3,634. No replacement inferred. Annual SUM ignores numeric text month cells totalling 3,634, which explains the entire difference. Numeric month values are preserved by the importer; the published annual value remains unchanged and flagged."
E10000024,Physical,Unknown,2025-05-01/P1M,1971,,suspicious,"Source audit: total_physical_events: Published annual total 20,573; supplied month sum 24,207; difference -3,634. No replacement inferred. Values retained as reported pending source confirmation. Formula check: total_physical_events: Published annual total 20,573; supplied month sum 24,207; difference -3,634. No replacement inferred. Annual SUM ignores numeric text month cells totalling 3,634, which explains the entire difference. Numeric month values are preserved by the importer; the published annual value remains unchanged and flagged."
E10000024,Physical,Unknown,2025-06-01/P1M,2257,,suspicious,"Source audit: total_physical_events: Published annual total 20,573; supplied month sum 24,207; difference -3,634. No replacement inferred. Values retained as reported pending source confirmation. Formula check: total_physical_events: Published annual total 20,573; supplied month sum 24,207; difference -3,634. No replacement inferred. Annual SUM ignores numeric text month cells totalling 3,634, which explains the entire difference. Numeric month values are preserved by the importer; the published annual value remains unchanged and flagged."
E10000024,Physical,Unknown,2025-07-01/P1M,2048,,suspicious,"Source audit: total_physical_events: Published annual total 20,573; supplied month sum 24,207; difference -3,634. No replacement inferred. Values retained as reported pending source confirmation. Formula check: total_physical_events: Published annual total 20,573; supplied month sum 24,207; difference -3,634. No replacement inferred. Annual SUM ignores numeric text month cells totalling 3,634, which explains the entire difference. Numeric month values are preserved by the importer; the published annual value remains unchanged and flagged."
E10000024,Physical,Unknown,2025-08-01/P1M,1724,,suspicious,"Source audit: total_physical_events: Published annual total 20,573; supplied month sum 24,207; difference -3,634. No replacement inferred. Values retained as reported pending source confirmation. Formula check: total_physical_events: Published annual total 20,573; supplied month sum 24,207; difference -3,634. No replacement inferred. Annual SUM ignores numeric text month cells totalling 3,634, which explains the entire difference. Numeric month values are preserved by the importer; the published annual value remains unchanged and flagged."
E10000024,Physical,Unknown,2025-09-01/P1M,1945,,suspicious,"Source audit: total_physical_events: Published annual total 20,573; supplied month sum 24,207; difference -3,634. No replacement inferred. Values retained as reported pending source confirmation. Formula check: total_physical_events: Published annual total 20,573; supplied month sum 24,207; difference -3,634. No replacement inferred. Annual SUM ignores numeric text month cells totalling 3,634, which explains the entire difference. Numeric month values are preserved by the importer; the published annual value remains unchanged and flagged."
E10000024,Physical,Unknown,2025-10-01/P1M,2232,,suspicious,"Source audit: total_physical_events: Published annual total 20,573; supplied month sum 24,207; difference -3,634. No replacement inferred. Values retained as reported pending source confirmation. Formula check: total_physical_events: Published annual total 20,573; supplied month sum 24,207; difference -3,634. No replacement inferred. Annual SUM ignores numeric text month cells totalling 3,634, which explains the entire difference. Numeric month values are preserved by the importer; the published annual value remains unchanged and flagged."
E10000024,Physical,Unknown,2025-11-01/P1M,2033,,suspicious,"Source audit: total_physical_events: Published annual total 20,573; supplied month sum 24,207; difference -3,634. No replacement inferred. Values retained as reported pending source confirmation. Formula check: total_physical_events: Published annual total 20,573; supplied month sum 24,207; difference -3,634. No replacement inferred. Annual SUM ignores numeric text month cells totalling 3,634, which explains the entire difference. Numeric month values are preserved by the importer; the published annual value remains unchanged and flagged."
E10000024,Physical,Unknown,2025-12-01/P1M,1701,,suspicious,"Source audit: total_physical_events: Published annual total 20,573; supplied month sum 24,207; difference -3,634. No replacement inferred. Values retained as reported pending source confirmation. Formula check: total_physical_events: Published annual total 20,573; supplied month sum 24,207; difference -3,634. No replacement inferred. Annual SUM ignores numeric text month cells totalling 3,634, which explains the entire difference. Numeric month values are preserved by the importer; the published annual value remains unchanged and flagged."
E10000024,Physical,Unknown,2026-01-01/P1M,2206,,suspicious,"Source audit: total_physical_events: Published annual total 20,573; supplied month sum 24,207; difference -3,634. No replacement inferred. Values retained as reported pending source confirmation. Formula check: total_physical_events: Published annual total 20,573; supplied month sum 24,207; difference -3,634. No replacement inferred. Annual SUM ignores numeric text month cells totalling 3,634, which explains the entire difference. Numeric month values are preserved by the importer; the published annual value remains unchanged and flagged."
E10000024,Physical,Unknown,2026-02-01/P1M,2173,,suspicious,"Source audit: total_physical_events: Published annual total 20,573; supplied month sum 24,207; difference -3,634. No replacement inferred. Values retained as reported pending source confirmation. Formula check: total_physical_events: Published annual total 20,573; supplied month sum 24,207; difference -3,634. No replacement inferred. Annual SUM ignores numeric text month cells totalling 3,634, which explains the entire difference. Numeric month values are preserved by the importer; the published annual value remains unchanged and flagged."
E10000024,Physical,Unknown,2026-03-01/P1M,2228,,suspicious,"Source audit: total_physical_events: Published annual total 20,573; supplied month sum 24,207; difference -3,634. No replacement inferred. Values retained as reported pending source confirmation. Formula check: total_physical_events: Published annual total 20,573; supplied month sum 24,207; difference -3,634. No replacement inferred. Annual SUM ignores numeric text month cells totalling 3,634, which explains the entire difference. Numeric month values are preserved by the importer; the published annual value remains unchanged and flagged."
E10000024,Physical,Under 12,2025-04-01/P1Y,0,,suspicious,"Source audit: total_physical_events: Published annual total 20,573; supplied month sum 24,207; difference -3,634. No replacement inferred. Values retained as reported pending source confirmation. Formula check: total_physical_events: Published annual total 20,573; supplied month sum 24,207; difference -3,634. No replacement inferred. Annual SUM ignores numeric text month cells totalling 3,634, which explains the entire difference. Numeric month values are preserved by the importer; the published annual value remains unchanged and flagged."
E10000024,Physical,12-17,2025-04-01/P1Y,0,,suspicious,"Source audit: total_physical_events: Published annual total 20,573; supplied month sum 24,207; difference -3,634. No replacement inferred. Values retained as reported pending source confirmation. Formula check: total_physical_events: Published annual total 20,573; supplied month sum 24,207; difference -3,634. No replacement inferred. Annual SUM ignores numeric text month cells totalling 3,634, which explains the entire difference. Numeric month values are preserved by the importer; the published annual value remains unchanged and flagged."
E10000024,Physical,Adult,2025-04-01/P1Y,0,,suspicious,"Source audit: total_physical_events: Published annual total 20,573; supplied month sum 24,207; difference -3,634. No replacement inferred. Values retained as reported pending source confirmation. Formula check: total_physical_events: Published annual total 20,573; supplied month sum 24,207; difference -3,634. No replacement inferred. Annual SUM ignores numeric text month cells totalling 3,634, which explains the entire difference. Numeric month values are preserved by the importer; the published annual value remains unchanged and flagged."
E10000024,Physical,All ages,2025-04-01/P1Y,0,,suspicious,"Source audit: total_physical_events: Published annual total 20,573; supplied month sum 24,207; difference -3,634. No replacement inferred. Values retained as reported pending source confirmation. Formula check: total_physical_events: Published annual total 20,573; supplied month sum 24,207; difference -3,634. No replacement inferred. Annual SUM ignores numeric text month cells totalling 3,634, which explains the entire difference. Numeric month values are preserved by the importer; the published annual value remains unchanged and flagged."
E10000024,Digital,Unknown,2025-04-01/P1M,23,,,
E10000024,Digital,Unknown,2025-05-01/P1M,26,,,
E10000024,Digital,Unknown,2025-06-01/P1M,32,,,
E10000024,Digital,Unknown,2025-07-01/P1M,42,,,
E10000024,Digital,Unknown,2025-08-01/P1M,26,,,
E10000024,Digital,Unknown,2025-09-01/P1M,32,,,
E10000024,Digital,Unknown,2025-10-01/P1M,11,,,
E10000024,Digital,Unknown,2025-11-01/P1M,6,,,
E10000024,Digital,Unknown,2025-12-01/P1M,4,,,
E10000024,Digital,Unknown,2026-01-01/P1M,4,,,
E10000024,Digital,Unknown,2026-02-01/P1M,4,,,
E10000024,Digital,Unknown,2026-03-01/P1M,31,,,
E10000024,Digital,Under 12,2025-04-01/P1Y,0,,,
E10000024,Digital,12-17,2025-04-01/P1Y,0,,,
E10000024,Digital,Adult,2025-04-01/P1Y,0,,,
E10000024,Digital,All ages,2025-04-01/P1Y,0,,,
E08000004,Physical,Under 12,2025-04-01/P1M,25,,,
E08000004,Physical,Under 12,2025-05-01/P1M,24,,,
E08000004,Physical,Under 12,2025-06-01/P1M,26,,,
E08000004,Physical,Under 12,2025-07-01/P1M,26,,,
E08000004,Physical,Under 12,2025-08-01/P1M,13,,,
E08000004,Physical,Under 12,2025-09-01/P1M,23,,,
E08000004,Physical,Under 12,2025-10-01/P1M,32,,,
E08000004,Physical,Under 12,2025-11-01/P1M,33,,,
E08000004,Physical,Under 12,2025-12-01/P1M,26,,,
E08000004,Physical,Under 12,2026-01-01/P1M,33,,,
E08000004,Physical,Under 12,2026-02-01/P1M,27,,,
E08000004,Physical,Under 12,2026-03-01/P1M,32,,,
E08000004,Physical,12-17,2025-04-01/P1M,5,,,
E08000004,Physical,12-17,2025-05-01/P1M,0,,,
E08000004,Physical,12-17,2025-06-01/P1M,1,,,
E08000004,Physical,12-17,2025-07-01/P1M,0,,,
E08000004,Physical,12-17,2025-08-01/P1M,4,,,
E08000004,Physical,12-17,2025-09-01/P1M,0,,,
E08000004,Physical,12-17,2025-10-01/P1M,2,,,
E08000004,Physical,12-17,2025-11-01/P1M,1,,,
E08000004,Physical,12-17,2025-12-01/P1M,0,,,
E08000004,Physical,12-17,2026-01-01/P1M,0,,,
E08000004,Physical,12-17,2026-02-01/P1M,2,,,
E08000004,Physical,12-17,2026-03-01/P1M,1,,,
E08000004,Physical,Adult,2025-04-01/P1M,254,,,
E08000004,Physical,Adult,2025-05-01/P1M,295,,,
E08000004,Physical,Adult,2025-06-01/P1M,278,,,
E08000004,Physical,Adult,2025-07-01/P1M,271,,,
E08000004,Physical,Adult,2025-08-01/P1M,200,,,
E08000004,Physical,Adult,2025-09-01/P1M,281,,,
E08000004,Physical,Adult,2025-10-01/P1M,295,,,
E08000004,Physical,Adult,2025-11-01/P1M,291,,,
E08000004,Physical,Adult,2025-12-01/P1M,200,,,
E08000004,Physical,Adult,2026-01-01/P1M,246,,,
E08000004,Physical,Adult,2026-02-01/P1M,238,,,
E08000004,Physical,Adult,2026-03-01/P1M,281,,,
E08000004,Physical,All ages,2025-04-01/P1M,83,,,
E08000004,Physical,All ages,2025-05-01/P1M,82,,,
E08000004,Physical,All ages,2025-06-01/P1M,68,,,
E08000004,Physical,All ages,2025-07-01/P1M,107,,,
E08000004,Physical,All ages,2025-08-01/P1M,134,,,
E08000004,Physical,All ages,2025-09-01/P1M,108,,,
E08000004,Physical,All ages,2025-10-01/P1M,133,,,
E08000004,Physical,All ages,2025-11-01/P1M,82,,,
E08000004,Physical,All ages,2025-12-01/P1M,123,,,
E08000004,Physical,All ages,2026-01-01/P1M,74,,,
E08000004,Physical,All ages,2026-02-01/P1M,99,,,
E08000004,Physical,All ages,2026-03-01/P1M,99,,,
E08000004,Digital,Unknown,2025-04-01/P1Y,0,,,
E08000004,Digital,Under 12,2025-04-01/P1Y,0,,,
E08000004,Digital,12-17,2025-04-01/P1Y,0,,,
E08000004,Digital,Adult,2025-04-01/P1Y,0,,,
E08000004,Digital,All ages,2025-04-01/P1Y,0,,,
E10000025,Physical,Under 12,2025-04-01/P1M,626,,,
E10000025,Physical,Under 12,2025-05-01/P1M,732,,,
E10000025,Physical,Under 12,2025-06-01/P1M,713,,,
E10000025,Physical,Under 12,2025-07-01/P1M,814,,,
E10000025,Physical,Under 12,2025-08-01/P1M,599,,,
E10000025,Physical,Under 12,2025-09-01/P1M,634,,,
E10000025,Physical,Under 12,2025-10-01/P1M,791,,,
E10000025,Physical,Under 12,2025-11-01/P1M,821,,,
E10000025,Physical,Under 12,2025-12-01/P1M,647,,,
E10000025,Physical,Under 12,2026-01-01/P1M,733,,,
E10000025,Physical,Under 12,2026-02-01/P1M,799,,,
E10000025,Physical,Under 12,2026-03-01/P1M,846,,,
E10000025,Physical,12-17,2025-04-01/P1Y,0,,,
E10000025,Physical,Adult,2025-04-01/P1M,383,,,
E10000025,Physical,Adult,2025-05-01/P1M,428,,,
E10000025,Physical,Adult,2025-06-01/P1M,423,,,
E10000025,Physical,Adult,2025-07-01/P1M,402,,,
E10000025,Physical,Adult,2025-08-01/P1M,327,,,
E10000025,Physical,Adult,2025-09-01/P1M,395,,,
E10000025,Physical,Adult,2025-10-01/P1M,436,,,
E10000025,Physical,Adult,2025-11-01/P1M,477,,,
E10000025,Physical,Adult,2025-12-01/P1M,374,,,
E10000025,Physical,Adult,2026-01-01/P1M,467,,,
E10000025,Physical,Adult,2026-02-01/P1M,471,,,
E10000025,Physical,Adult,2026-03-01/P1M,498,,,
E10000025,Physical,All ages,2025-04-01/P1Y,0,,,
E10000025,Digital,Unknown,2025-04-01/P1Y,0,,,
E10000025,Digital,Under 12,2025-04-01/P1Y,0,,,
E10000025,Digital,12-17,2025-04-01/P1Y,0,,,
E10000025,Digital,Adult,2025-04-01/P1Y,0,,,
E10000025,Digital,All ages,2025-04-01/P1Y,0,,,
E06000031,Physical,Under 12,2025-04-01/P1M,63,,,
E06000031,Physical,Under 12,2025-05-01/P1M,56,,,
E06000031,Physical,Under 12,2025-06-01/P1M,42,,,
E06000031,Physical,Under 12,2025-07-01/P1M,43,,,
E06000031,Physical,Under 12,2025-08-01/P1M,53,,,
E06000031,Physical,Under 12,2025-09-01/P1M,64,,,
E06000031,Physical,Under 12,2025-10-01/P1M,59,,,
E06000031,Physical,Under 12,2025-11-01/P1M,60,,,
E06000031,Physical,Under 12,2025-12-01/P1M,51,,,
E06000031,Physical,Under 12,2026-01-01/P1M,60,,,
E06000031,Physical,Under 12,2026-02-01/P1M,67,,,
E06000031,Physical,Under 12,2026-03-01/P1M,69,,,
E06000031,Physical,12-17,2025-04-01/P1Y,0,,,
E06000031,Physical,Adult,2025-04-01/P1M,27,,,
E06000031,Physical,Adult,2025-05-01/P1M,19,,,
E06000031,Physical,Adult,2025-06-01/P1M,19,,,
E06000031,Physical,Adult,2025-07-01/P1M,17,,,
E06000031,Physical,Adult,2025-08-01/P1M,17,,,
E06000031,Physical,Adult,2025-09-01/P1M,21,,,
E06000031,Physical,Adult,2025-10-01/P1M,26,,,
E06000031,Physical,Adult,2025-11-01/P1M,23,,,
E06000031,Physical,Adult,2025-12-01/P1M,13,,,
E06000031,Physical,Adult,2026-01-01/P1M,21,,,
E06000031,Physical,Adult,2026-02-01/P1M,27,,,
E06000031,Physical,Adult,2026-03-01/P1M,29,,,
E06000031,Physical,All ages,2025-04-01/P1M,2,,,
E06000031,Physical,All ages,2025-05-01/P1M,2,,,
E06000031,Physical,All ages,2025-06-01/P1M,1,,,
E06000031,Physical,All ages,2025-07-01/P1M,0,,,
E06000031,Physical,All ages,2025-08-01/P1M,0,,,
E06000031,Physical,All ages,2025-09-01/P1M,1,,,
E06000031,Physical,All ages,2025-10-01/P1M,4,,,
E06000031,Physical,All ages,2025-11-01/P1M,4,,,
E06000031,Physical,All ages,2025-12-01/P1M,3,,,
E06000031,Physical,All ages,2026-01-01/P1M,3,,,
E06000031,Physical,All ages,2026-02-01/P1M,2,,,
E06000031,Physical,All ages,2026-03-01/P1M,2,,,
E06000031,Digital,Unknown,2025-04-01/P1Y,0,,,
E06000031,Digital,Under 12,2025-04-01/P1Y,0,,,
E06000031,Digital,12-17,2025-04-01/P1Y,0,,,
E06000031,Digital,Adult,2025-04-01/P1Y,0,,,
E06000031,Digital,All ages,2025-04-01/P1Y,0,,,
E06000044,Physical,Under 12,2025-04-01/P1M,100,,suspicious,"Source audit: total_physical_events: Annual: reported total 300; category sum 2,811; difference -2,511. Categories exceed total; check duplication, scope and reporting frequency. Event audiences may overlap. Values retained as reported pending source confirmation."
E06000044,Physical,Under 12,2025-05-01/P1M,112,,suspicious,"Source audit: total_physical_events: Annual: reported total 300; category sum 2,811; difference -2,511. Categories exceed total; check duplication, scope and reporting frequency. Event audiences may overlap. Values retained as reported pending source confirmation."
E06000044,Physical,Under 12,2025-06-01/P1M,120,,suspicious,"Source audit: total_physical_events: Annual: reported total 300; category sum 2,811; difference -2,511. Categories exceed total; check duplication, scope and reporting frequency. Event audiences may overlap. Values retained as reported pending source confirmation."
E06000044,Physical,Under 12,2025-07-01/P1M,117,,suspicious,"Source audit: total_physical_events: Annual: reported total 300; category sum 2,811; difference -2,511. Categories exceed total; check duplication, scope and reporting frequency. Event audiences may overlap. Values retained as reported pending source confirmation."
E06000044,Physical,Under 12,2025-08-01/P1M,132,,suspicious,"Source audit: total_physical_events: Annual: reported total 300; category sum 2,811; difference -2,511. Categories exceed total; check duplication, scope and reporting frequency. Event audiences may overlap. Values retained as reported pending source confirmation."
E06000044,Physical,Under 12,2025-09-01/P1M,93,,suspicious,"Source audit: total_physical_events: Annual: reported total 300; category sum 2,811; difference -2,511. Categories exceed total; check duplication, scope and reporting frequency. Event audiences may overlap. Values retained as reported pending source confirmation."
E06000044,Physical,Under 12,2025-10-01/P1M,103,,suspicious,"Source audit: total_physical_events: Annual: reported total 300; category sum 2,811; difference -2,511. Categories exceed total; check duplication, scope and reporting frequency. Event audiences may overlap. Values retained as reported pending source confirmation."
E06000044,Physical,Under 12,2025-11-01/P1M,100,,suspicious,"Source audit: total_physical_events: Annual: reported total 300; category sum 2,811; difference -2,511. Categories exceed total; check duplication, scope and reporting frequency. Event audiences may overlap. Values retained as reported pending source confirmation."
E06000044,Physical,Under 12,2025-12-01/P1M,98,,suspicious,"Source audit: total_physical_events: Annual: reported total 300; category sum 2,811; difference -2,511. Categories exceed total; check duplication, scope and reporting frequency. Event audiences may overlap. Values retained as reported pending source confirmation."
E06000044,Physical,Under 12,2026-01-01/P1M,179,,suspicious,"Source audit: total_physical_events: Annual: reported total 300; category sum 2,811; difference -2,511. Categories exceed total; check duplication, scope and reporting frequency. Event audiences may overlap. Values retained as reported pending source confirmation."
E06000044,Physical,Under 12,2026-02-01/P1M,173,,suspicious,"Source audit: total_physical_events: Annual: reported total 300; category sum 2,811; difference -2,511. Categories exceed total; check duplication, scope and reporting frequency. Event audiences may overlap. Values retained as reported pending source confirmation."
E06000044,Physical,Under 12,2026-03-01/P1M,129,,suspicious,"Source audit: total_physical_events: Annual: reported total 300; category sum 2,811; difference -2,511. Categories exceed total; check duplication, scope and reporting frequency. Event audiences may overlap. Values retained as reported pending source confirmation."
E06000044,Physical,12-17,2025-04-01/P1M,0,,suspicious,"Source audit: total_physical_events: Annual: reported total 300; category sum 2,811; difference -2,511. Categories exceed total; check duplication, scope and reporting frequency. Event audiences may overlap. Values retained as reported pending source confirmation."
E06000044,Physical,12-17,2025-05-01/P1M,1,,suspicious,"Source audit: total_physical_events: Annual: reported total 300; category sum 2,811; difference -2,511. Categories exceed total; check duplication, scope and reporting frequency. Event audiences may overlap. Values retained as reported pending source confirmation."
E06000044,Physical,12-17,2025-06-01/P1M,8,,suspicious,"Source audit: total_physical_events: Annual: reported total 300; category sum 2,811; difference -2,511. Categories exceed total; check duplication, scope and reporting frequency. Event audiences may overlap. Values retained as reported pending source confirmation."
E06000044,Physical,12-17,2025-07-01/P1M,2,,suspicious,"Source audit: total_physical_events: Annual: reported total 300; category sum 2,811; difference -2,511. Categories exceed total; check duplication, scope and reporting frequency. Event audiences may overlap. Values retained as reported pending source confirmation."
E06000044,Physical,12-17,2025-08-01/P1M,0,,suspicious,"Source audit: total_physical_events: Annual: reported total 300; category sum 2,811; difference -2,511. Categories exceed total; check duplication, scope and reporting frequency. Event audiences may overlap. Values retained as reported pending source confirmation."
E06000044,Physical,12-17,2025-09-01/P1M,30,,suspicious,"Source audit: total_physical_events: Annual: reported total 300; category sum 2,811; difference -2,511. Categories exceed total; check duplication, scope and reporting frequency. Event audiences may overlap. Values retained as reported pending source confirmation."
E06000044,Physical,12-17,2025-10-01/P1M,0,,suspicious,"Source audit: total_physical_events: Annual: reported total 300; category sum 2,811; difference -2,511. Categories exceed total; check duplication, scope and reporting frequency. Event audiences may overlap. Values retained as reported pending source confirmation."
E06000044,Physical,12-17,2025-11-01/P1M,2,,suspicious,"Source audit: total_physical_events: Annual: reported total 300; category sum 2,811; difference -2,511. Categories exceed total; check duplication, scope and reporting frequency. Event audiences may overlap. Values retained as reported pending source confirmation."
E06000044,Physical,12-17,2025-12-01/P1M,0,,suspicious,"Source audit: total_physical_events: Annual: reported total 300; category sum 2,811; difference -2,511. Categories exceed total; check duplication, scope and reporting frequency. Event audiences may overlap. Values retained as reported pending source confirmation."
E06000044,Physical,12-17,2026-01-01/P1M,2,,suspicious,"Source audit: total_physical_events: Annual: reported total 300; category sum 2,811; difference -2,511. Categories exceed total; check duplication, scope and reporting frequency. Event audiences may overlap. Values retained as reported pending source confirmation."
E06000044,Physical,12-17,2026-02-01/P1M,1,,suspicious,"Source audit: total_physical_events: Annual: reported total 300; category sum 2,811; difference -2,511. Categories exceed total; check duplication, scope and reporting frequency. Event audiences may overlap. Values retained as reported pending source confirmation."
E06000044,Physical,12-17,2026-03-01/P1M,3,,suspicious,"Source audit: total_physical_events: Annual: reported total 300; category sum 2,811; difference -2,511. Categories exceed total; check duplication, scope and reporting frequency. Event audiences may overlap. Values retained as reported pending source confirmation."
E06000044,Physical,Adult,2025-04-01/P1M,94,,suspicious,"Source audit: total_physical_events: Annual: reported total 300; category sum 2,811; difference -2,511. Categories exceed total; check duplication, scope and reporting frequency. Event audiences may overlap. Values retained as reported pending source confirmation."
E06000044,Physical,Adult,2025-05-01/P1M,79,,suspicious,"Source audit: total_physical_events: Annual: reported total 300; category sum 2,811; difference -2,511. Categories exceed total; check duplication, scope and reporting frequency. Event audiences may overlap. Values retained as reported pending source confirmation."
E06000044,Physical,Adult,2025-06-01/P1M,108,,suspicious,"Source audit: total_physical_events: Annual: reported total 300; category sum 2,811; difference -2,511. Categories exceed total; check duplication, scope and reporting frequency. Event audiences may overlap. Values retained as reported pending source confirmation."
E06000044,Physical,Adult,2025-07-01/P1M,99,,suspicious,"Source audit: total_physical_events: Annual: reported total 300; category sum 2,811; difference -2,511. Categories exceed total; check duplication, scope and reporting frequency. Event audiences may overlap. Values retained as reported pending source confirmation."
E06000044,Physical,Adult,2025-08-01/P1M,88,,suspicious,"Source audit: total_physical_events: Annual: reported total 300; category sum 2,811; difference -2,511. Categories exceed total; check duplication, scope and reporting frequency. Event audiences may overlap. Values retained as reported pending source confirmation."
E06000044,Physical,Adult,2025-09-01/P1M,122,,suspicious,"Source audit: total_physical_events: Annual: reported total 300; category sum 2,811; difference -2,511. Categories exceed total; check duplication, scope and reporting frequency. Event audiences may overlap. Values retained as reported pending source confirmation."
E06000044,Physical,Adult,2025-10-01/P1M,146,,suspicious,"Source audit: total_physical_events: Annual: reported total 300; category sum 2,811; difference -2,511. Categories exceed total; check duplication, scope and reporting frequency. Event audiences may overlap. Values retained as reported pending source confirmation."
E06000044,Physical,Adult,2025-11-01/P1M,95,,suspicious,"Source audit: total_physical_events: Annual: reported total 300; category sum 2,811; difference -2,511. Categories exceed total; check duplication, scope and reporting frequency. Event audiences may overlap. Values retained as reported pending source confirmation."
E06000044,Physical,Adult,2025-12-01/P1M,85,,suspicious,"Source audit: total_physical_events: Annual: reported total 300; category sum 2,811; difference -2,511. Categories exceed total; check duplication, scope and reporting frequency. Event audiences may overlap. Values retained as reported pending source confirmation."
E06000044,Physical,Adult,2026-01-01/P1M,151,,suspicious,"Source audit: total_physical_events: Annual: reported total 300; category sum 2,811; difference -2,511. Categories exceed total; check duplication, scope and reporting frequency. Event audiences may overlap. Values retained as reported pending source confirmation."
E06000044,Physical,Adult,2026-02-01/P1M,134,,suspicious,"Source audit: total_physical_events: Annual: reported total 300; category sum 2,811; difference -2,511. Categories exceed total; check duplication, scope and reporting frequency. Event audiences may overlap. Values retained as reported pending source confirmation."
E06000044,Physical,Adult,2026-03-01/P1M,105,,suspicious,"Source audit: total_physical_events: Annual: reported total 300; category sum 2,811; difference -2,511. Categories exceed total; check duplication, scope and reporting frequency. Event audiences may overlap. Values retained as reported pending source confirmation."
E06000044,Physical,All ages,2025-04-01/P1Y,0,,suspicious,"Source audit: total_physical_events: Annual: reported total 300; category sum 2,811; difference -2,511. Categories exceed total; check duplication, scope and reporting frequency. Event audiences may overlap. Values retained as reported pending source confirmation."
E06000044,Digital,Under 12,2025-04-01/P1Y,0,,,
E06000044,Digital,12-17,2025-04-01/P1M,0,,,
E06000044,Digital,12-17,2025-05-01/P1M,0,,,
E06000044,Digital,12-17,2025-06-01/P1M,5,,,
E06000044,Digital,12-17,2025-07-01/P1M,0,,,
E06000044,Digital,12-17,2025-08-01/P1M,0,,,
E06000044,Digital,12-17,2025-09-01/P1M,0,,,
E06000044,Digital,12-17,2025-10-01/P1M,4,,,
E06000044,Digital,12-17,2025-11-01/P1M,0,,,
E06000044,Digital,12-17,2025-12-01/P1M,0,,,
E06000044,Digital,12-17,2026-01-01/P1M,3,,,
E06000044,Digital,12-17,2026-02-01/P1M,4,,,
E06000044,Digital,12-17,2026-03-01/P1M,0,,,
E06000044,Digital,Adult,2025-04-01/P1Y,0,,,
E06000044,Digital,All ages,2025-04-01/P1Y,0,,,
E06000038,Physical,Under 12,2025-04-01/P1M,74,,,
E06000038,Physical,Under 12,2025-05-01/P1M,79,,,
E06000038,Physical,Under 12,2025-06-01/P1M,76,,,
E06000038,Physical,Under 12,2025-07-01/P1M,98,,,
E06000038,Physical,Under 12,2025-08-01/P1M,95,,,
E06000038,Physical,Under 12,2025-09-01/P1M,85,,,
E06000038,Physical,Under 12,2025-10-01/P1M,95,,,
E06000038,Physical,Under 12,2025-11-01/P1M,78,,,
E06000038,Physical,Under 12,2025-12-01/P1M,66,,,
E06000038,Physical,Under 12,2026-01-01/P1M,79,,,
E06000038,Physical,Under 12,2026-02-01/P1M,82,,,
E06000038,Physical,Under 12,2026-03-01/P1M,81,,,
E06000038,Physical,12-17,2025-04-01/P1Y,0,,,
E06000038,Physical,Adult,2025-04-01/P1M,9,,,
E06000038,Physical,Adult,2025-05-01/P1M,15,,,
E06000038,Physical,Adult,2025-06-01/P1M,15,,,
E06000038,Physical,Adult,2025-07-01/P1M,17,,,
E06000038,Physical,Adult,2025-08-01/P1M,1,,,
E06000038,Physical,Adult,2025-09-01/P1M,16,,,
E06000038,Physical,Adult,2025-10-01/P1M,11,,,
E06000038,Physical,Adult,2025-11-01/P1M,17,,,
E06000038,Physical,Adult,2025-12-01/P1M,14,,,
E06000038,Physical,Adult,2026-01-01/P1M,18,,,
E06000038,Physical,Adult,2026-02-01/P1M,13,,,
E06000038,Physical,Adult,2026-03-01/P1M,14,,,
E06000038,Physical,All ages,2025-04-01/P1Y,0,,,
E06000038,Digital,Unknown,2025-04-01/P1Y,0,,,
E06000038,Digital,Under 12,2025-04-01/P1Y,0,,,
E06000038,Digital,12-17,2025-04-01/P1Y,0,,,
E06000038,Digital,Adult,2025-04-01/P1Y,0,,,
E06000038,Digital,All ages,2025-04-01/P1Y,0,,,
E09000027,Physical,Under 12,2025-04-01/P1M,104,,,
E09000027,Physical,Under 12,2025-05-01/P1M,91,,,
E09000027,Physical,Under 12,2025-06-01/P1M,89,,,
E09000027,Physical,Under 12,2025-07-01/P1M,101,,,
E09000027,Physical,Under 12,2025-08-01/P1M,102,,,
E09000027,Physical,Under 12,2025-09-01/P1M,106,,,
E09000027,Physical,Under 12,2025-10-01/P1M,113,,,
E09000027,Physical,Under 12,2025-11-01/P1M,102,,,
E09000027,Physical,Under 12,2025-12-01/P1M,85,,,
E09000027,Physical,Under 12,2026-01-01/P1M,105,,,
E09000027,Physical,Under 12,2026-02-01/P1M,103,,,
E09000027,Physical,Under 12,2026-03-01/P1M,101,,,
E09000027,Physical,12-17,2025-04-01/P1Y,0,,,
E09000027,Physical,Adult,2025-04-01/P1M,51,,,
E09000027,Physical,Adult,2025-05-01/P1M,61,,,
E09000027,Physical,Adult,2025-06-01/P1M,65,,,
E09000027,Physical,Adult,2025-07-01/P1M,61,,,
E09000027,Physical,Adult,2025-08-01/P1M,53,,,
E09000027,Physical,Adult,2025-09-01/P1M,82,,,
E09000027,Physical,Adult,2025-10-01/P1M,91,,,
E09000027,Physical,Adult,2025-11-01/P1M,86,,,
E09000027,Physical,Adult,2025-12-01/P1M,40,,,
E09000027,Physical,Adult,2026-01-01/P1M,58,,,
E09000027,Physical,Adult,2026-02-01/P1M,77,,,
E09000027,Physical,Adult,2026-03-01/P1M,86,,,
E09000027,Physical,All ages,2025-04-01/P1Y,0,,,
E09000027,Digital,Unknown,2025-04-01/P1Y,0,,,
E09000027,Digital,Under 12,2025-04-01/P1Y,0,,,
E09000027,Digital,12-17,2025-04-01/P1Y,0,,,
E09000027,Digital,Adult,2025-04-01/P1Y,0,,,
E09000027,Digital,All ages,2025-04-01/P1Y,0,,,
E08000018,Physical,Unknown,2025-04-01/P1Y,0,,,
E08000018,Physical,Under 12,2025-04-01/P1Y,0,,,
E08000018,Physical,12-17,2025-04-01/P1Y,0,,,
E08000018,Physical,Adult,2025-04-01/P1Y,0,,,
E08000018,Physical,All ages,2025-04-01/P1Y,0,,,
E08000018,Digital,Unknown,2025-04-01/P1Y,0,,,
E08000018,Digital,Under 12,2025-04-01/P1Y,0,,,
E08000018,Digital,12-17,2025-04-01/P1Y,0,,,
E08000018,Digital,Adult,2025-04-01/P1Y,0,,,
E08000018,Digital,All ages,2025-04-01/P1Y,0,,,
E08000028,Physical,Under 12,2025-04-01/P1M,742,,,
E08000028,Physical,Under 12,2025-05-01/P1M,756,,,
E08000028,Physical,Under 12,2025-06-01/P1M,681,,,
E08000028,Physical,Under 12,2025-07-01/P1M,780,,,
E08000028,Physical,Under 12,2025-08-01/P1M,864,,,
E08000028,Physical,Under 12,2025-09-01/P1M,700,,,
E08000028,Physical,Under 12,2025-10-01/P1M,848,,,
E08000028,Physical,Under 12,2025-11-01/P1M,759,,,
E08000028,Physical,Under 12,2025-12-01/P1M,630,,,
E08000028,Physical,Under 12,2026-01-01/P1M,675,,,
E08000028,Physical,Under 12,2026-02-01/P1M,766,,,
E08000028,Physical,Under 12,2026-03-01/P1M,841,,,
E08000028,Physical,12-17,2025-04-01/P1Y,0,,,
E08000028,Physical,Adult,2025-04-01/P1M,286,,,
E08000028,Physical,Adult,2025-05-01/P1M,316,,,
E08000028,Physical,Adult,2025-06-01/P1M,456,,,
E08000028,Physical,Adult,2025-07-01/P1M,364,,,
E08000028,Physical,Adult,2025-08-01/P1M,173,,,
E08000028,Physical,Adult,2025-09-01/P1M,420,,,
E08000028,Physical,Adult,2025-10-01/P1M,455,,,
E08000028,Physical,Adult,2025-11-01/P1M,416,,,
E08000028,Physical,Adult,2025-12-01/P1M,338,,,
E08000028,Physical,Adult,2026-01-01/P1M,384,,,
E08000028,Physical,Adult,2026-02-01/P1M,402,,,
E08000028,Physical,Adult,2026-03-01/P1M,516,,,
E08000028,Physical,All ages,2025-04-01/P1Y,0,,,
E08000028,Digital,Unknown,2025-04-01/P1Y,0,,,
E08000028,Digital,Under 12,2025-04-01/P1Y,0,,,
E08000028,Digital,12-17,2025-04-01/P1Y,0,,,
E08000028,Digital,Adult,2025-04-01/P1Y,0,,,
E08000028,Digital,All ages,2025-04-01/P1Y,0,,,
E08000014,Physical,Under 12,2025-04-01/P1M,122,,,
E08000014,Physical,Under 12,2025-05-01/P1M,123,,,
E08000014,Physical,Under 12,2025-06-01/P1M,121,,,
E08000014,Physical,Under 12,2025-07-01/P1M,131,,,
E08000014,Physical,Under 12,2025-08-01/P1M,160,,,
E08000014,Physical,Under 12,2025-09-01/P1M,116,,,
E08000014,Physical,Under 12,2025-10-01/P1M,135,,,
E08000014,Physical,Under 12,2025-11-01/P1M,106,,,
E08000014,Physical,Under 12,2025-12-01/P1M,79,,,
E08000014,Physical,Under 12,2026-01-01/P1M,113,,,
E08000014,Physical,Under 12,2026-02-01/P1M,133,,,
E08000014,Physical,Under 12,2026-03-01/P1M,121,,,
E08000014,Physical,12-17,2025-04-01/P1Y,0,,,
E08000014,Physical,Adult,2025-04-01/P1M,259,,,
E08000014,Physical,Adult,2025-05-01/P1M,268,,,
E08000014,Physical,Adult,2025-06-01/P1M,263,,,
E08000014,Physical,Adult,2025-07-01/P1M,247,,,
E08000014,Physical,Adult,2025-08-01/P1M,288,,,
E08000014,Physical,Adult,2025-09-01/P1M,234,,,
E08000014,Physical,Adult,2025-10-01/P1M,269,,,
E08000014,Physical,Adult,2025-11-01/P1M,331,,,
E08000014,Physical,Adult,2025-12-01/P1M,167,,,
E08000014,Physical,Adult,2026-01-01/P1M,226,,,
E08000014,Physical,Adult,2026-02-01/P1M,218,,,
E08000014,Physical,Adult,2026-03-01/P1M,269,,,
E08000014,Physical,All ages,2025-04-01/P1Y,0,,,
E08000014,Digital,Unknown,2025-04-01/P1Y,0,,,
E08000014,Digital,Under 12,2025-04-01/P1Y,0,,,
E08000014,Digital,12-17,2025-04-01/P1Y,0,,,
E08000014,Digital,Adult,2025-04-01/P1Y,0,,,
E08000014,Digital,All ages,2025-04-01/P1Y,0,,,
E08000019,Physical,Under 12,2025-04-01/P1M,130,,,
E08000019,Physical,Under 12,2025-05-01/P1M,122,,,
E08000019,Physical,Under 12,2025-06-01/P1M,152,,,
E08000019,Physical,Under 12,2025-07-01/P1M,150,,,
E08000019,Physical,Under 12,2025-08-01/P1M,146,,,
E08000019,Physical,Under 12,2025-09-01/P1M,136,,,
E08000019,Physical,Under 12,2025-10-01/P1M,171,,,
E08000019,Physical,Under 12,2025-11-01/P1M,150,,,
E08000019,Physical,Under 12,2025-12-01/P1M,115,,,
E08000019,Physical,Under 12,2026-01-01/P1M,140,,,
E08000019,Physical,Under 12,2026-02-01/P1M,141,,,
E08000019,Physical,Under 12,2026-03-01/P1M,165,,,
E08000019,Physical,12-17,2025-04-01/P1Y,0,,,
E08000019,Physical,Adult,2025-04-01/P1M,135,,,
E08000019,Physical,Adult,2025-05-01/P1M,104,,,
E08000019,Physical,Adult,2025-06-01/P1M,113,,,
E08000019,Physical,Adult,2025-07-01/P1M,126,,,
E08000019,Physical,Adult,2025-08-01/P1M,98,,,
E08000019,Physical,Adult,2025-09-01/P1M,115,,,
E08000019,Physical,Adult,2025-10-01/P1M,146,,,
E08000019,Physical,Adult,2025-11-01/P1M,109,,,
E08000019,Physical,Adult,2025-12-01/P1M,96,,,
E08000019,Physical,Adult,2026-01-01/P1M,110,,,
E08000019,Physical,Adult,2026-02-01/P1M,113,,,
E08000019,Physical,Adult,2026-03-01/P1M,105,,,
E08000019,Physical,All ages,2025-04-01/P1Y,0,,,
E08000019,Digital,Unknown,2025-04-01/P1Y,0,,,
E08000019,Digital,Under 12,2025-04-01/P1Y,0,,,
E08000019,Digital,12-17,2025-04-01/P1Y,0,,,
E08000019,Digital,Adult,2025-04-01/P1Y,0,,,
E08000019,Digital,All ages,2025-04-01/P1Y,0,,,
E06000051,Physical,Under 12,2025-04-01/P1M,122,,,
E06000051,Physical,Under 12,2025-05-01/P1M,112,,,
E06000051,Physical,Under 12,2025-06-01/P1M,122,,,
E06000051,Physical,Under 12,2025-07-01/P1M,168,,,
E06000051,Physical,Under 12,2025-08-01/P1M,128,,,
E06000051,Physical,Under 12,2025-09-01/P1M,101,,,
E06000051,Physical,Under 12,2025-10-01/P1M,127,,,
E06000051,Physical,Under 12,2025-11-01/P1M,103,,,
E06000051,Physical,Under 12,2025-12-01/P1M,82,,,
E06000051,Physical,Under 12,2026-01-01/P1M,106,,,
E06000051,Physical,Under 12,2026-02-01/P1M,130,,,
E06000051,Physical,Under 12,2026-03-01/P1M,140,,,
E06000051,Physical,12-17,2025-04-01/P1M,9,,,
E06000051,Physical,12-17,2025-05-01/P1M,8,,,
E06000051,Physical,12-17,2025-06-01/P1M,6,,,
E06000051,Physical,12-17,2025-07-01/P1M,8,,,
E06000051,Physical,12-17,2025-08-01/P1M,13,,,
E06000051,Physical,12-17,2025-09-01/P1M,16,,,
E06000051,Physical,12-17,2025-10-01/P1M,12,,,
E06000051,Physical,12-17,2025-11-01/P1M,10,,,
E06000051,Physical,12-17,2025-12-01/P1M,4,,,
E06000051,Physical,12-17,2026-01-01/P1M,6,,,
E06000051,Physical,12-17,2026-02-01/P1M,7,,,
E06000051,Physical,12-17,2026-03-01/P1M,8,,,
E06000051,Physical,Adult,2025-04-01/P1M,356,,,
E06000051,Physical,Adult,2025-05-01/P1M,388,,,
E06000051,Physical,Adult,2025-06-01/P1M,378,,,
E06000051,Physical,Adult,2025-07-01/P1M,389,,,
E06000051,Physical,Adult,2025-08-01/P1M,335,,,
E06000051,Physical,Adult,2025-09-01/P1M,365,,,
E06000051,Physical,Adult,2025-10-01/P1M,434,,,
E06000051,Physical,Adult,2025-11-01/P1M,373,,,
E06000051,Physical,Adult,2025-12-01/P1M,245,,,
E06000051,Physical,Adult,2026-01-01/P1M,317,,,
E06000051,Physical,Adult,2026-02-01/P1M,375,,,
E06000051,Physical,Adult,2026-03-01/P1M,411,,,
E06000051,Physical,All ages,2025-04-01/P1Y,0,,,
E06000051,Digital,Unknown,2025-04-01/P1Y,0,,,
E06000051,Digital,Under 12,2025-04-01/P1Y,0,,,
E06000051,Digital,12-17,2025-04-01/P1Y,0,,,
E06000051,Digital,Adult,2025-04-01/P1Y,0,,,
E06000051,Digital,All ages,2025-04-01/P1Y,0,,,
E06000039,Physical,Under 12,2025-04-01/P1M,37,,,
E06000039,Physical,Under 12,2025-05-01/P1M,67,,,
E06000039,Physical,Under 12,2025-06-01/P1M,65,,,
E06000039,Physical,Under 12,2025-07-01/P1M,50,,,
E06000039,Physical,Under 12,2025-08-01/P1M,18,,,
E06000039,Physical,Under 12,2025-09-01/P1M,44,,,
E06000039,Physical,Under 12,2025-10-01/P1M,63,,,
E06000039,Physical,Under 12,2025-11-01/P1M,65,,,
E06000039,Physical,Under 12,2025-12-01/P1M,54,,,
E06000039,Physical,Under 12,2026-01-01/P1M,50,,,
E06000039,Physical,Under 12,2026-02-01/P1M,56,,,
E06000039,Physical,Under 12,2026-03-01/P1M,106,,,
E06000039,Physical,12-17,2025-04-01/P1M,0,,,
E06000039,Physical,12-17,2025-05-01/P1M,0,,,
E06000039,Physical,12-17,2025-06-01/P1M,4,,,
E06000039,Physical,12-17,2025-07-01/P1M,1,,,
E06000039,Physical,12-17,2025-08-01/P1M,0,,,
E06000039,Physical,12-17,2025-09-01/P1M,0,,,
E06000039,Physical,12-17,2025-10-01/P1M,3,,,
E06000039,Physical,12-17,2025-11-01/P1M,0,,,
E06000039,Physical,12-17,2025-12-01/P1M,0,,,
E06000039,Physical,12-17,2026-01-01/P1M,0,,,
E06000039,Physical,12-17,2026-02-01/P1M,0,,,
E06000039,Physical,12-17,2026-03-01/P1M,0,,,
E06000039,Physical,Adult,2025-04-01/P1M,11,,,
E06000039,Physical,Adult,2025-05-01/P1M,7,,,
E06000039,Physical,Adult,2025-06-01/P1M,6,,,
E06000039,Physical,Adult,2025-07-01/P1M,10,,,
E06000039,Physical,Adult,2025-08-01/P1M,3,,,
E06000039,Physical,Adult,2025-09-01/P1M,6,,,
E06000039,Physical,Adult,2025-10-01/P1M,6,,,
E06000039,Physical,Adult,2025-11-01/P1M,4,,,
E06000039,Physical,Adult,2025-12-01/P1M,5,,,
E06000039,Physical,Adult,2026-01-01/P1M,9,,,
E06000039,Physical,Adult,2026-02-01/P1M,7,,,
E06000039,Physical,Adult,2026-03-01/P1M,4,,,
E06000039,Physical,All ages,2025-04-01/P1M,4,,,
E06000039,Physical,All ages,2025-05-01/P1M,5,,,
E06000039,Physical,All ages,2025-06-01/P1M,5,,,
E06000039,Physical,All ages,2025-07-01/P1M,4,,,
E06000039,Physical,All ages,2025-08-01/P1M,4,,,
E06000039,Physical,All ages,2025-09-01/P1M,4,,,
E06000039,Physical,All ages,2025-10-01/P1M,4,,,
E06000039,Physical,All ages,2025-11-01/P1M,5,,,
E06000039,Physical,All ages,2025-12-01/P1M,4,,,
E06000039,Physical,All ages,2026-01-01/P1M,5,,,
E06000039,Physical,All ages,2026-02-01/P1M,4,,,
E06000039,Physical,All ages,2026-03-01/P1M,4,,,
E06000039,Digital,Unknown,2025-04-01/P1Y,0,,,
E06000039,Digital,Under 12,2025-04-01/P1Y,0,,,
E06000039,Digital,12-17,2025-04-01/P1Y,0,,,
E06000039,Digital,Adult,2025-04-01/P1Y,0,,,
E06000039,Digital,All ages,2025-04-01/P1Y,0,,,
E06000066,Physical,Under 12,2025-04-01/P1M,159,,,
E06000066,Physical,Under 12,2025-05-01/P1M,205,,,
E06000066,Physical,Under 12,2025-06-01/P1M,261,,,
E06000066,Physical,Under 12,2025-07-01/P1M,282,,,
E06000066,Physical,Under 12,2025-08-01/P1M,122,,,
E06000066,Physical,Under 12,2025-09-01/P1M,179,,,
E06000066,Physical,Under 12,2025-10-01/P1M,194,,,
E06000066,Physical,Under 12,2025-11-01/P1M,195,,,
E06000066,Physical,Under 12,2025-12-01/P1M,163,,,
E06000066,Physical,Under 12,2026-01-01/P1M,173,,,
E06000066,Physical,Under 12,2026-02-01/P1M,162,,,
E06000066,Physical,Under 12,2026-03-01/P1M,240,,,
E06000066,Physical,12-17,2025-04-01/P1M,8,,,
E06000066,Physical,12-17,2025-05-01/P1M,14,,,
E06000066,Physical,12-17,2025-06-01/P1M,9,,,
E06000066,Physical,12-17,2025-07-01/P1M,5,,,
E06000066,Physical,12-17,2025-08-01/P1M,0,,,
E06000066,Physical,12-17,2025-09-01/P1M,12,,,
E06000066,Physical,12-17,2025-10-01/P1M,19,,,
E06000066,Physical,12-17,2025-11-01/P1M,11,,,
E06000066,Physical,12-17,2025-12-01/P1M,9,,,
E06000066,Physical,12-17,2026-01-01/P1M,11,,,
E06000066,Physical,12-17,2026-02-01/P1M,12,,,
E06000066,Physical,12-17,2026-03-01/P1M,15,,,
E06000066,Physical,Adult,2025-04-01/P1M,319,,,
E06000066,Physical,Adult,2025-05-01/P1M,345,,,
E06000066,Physical,Adult,2025-06-01/P1M,359,,,
E06000066,Physical,Adult,2025-07-01/P1M,371,,,
E06000066,Physical,Adult,2025-08-01/P1M,288,,,
E06000066,Physical,Adult,2025-09-01/P1M,382,,,
E06000066,Physical,Adult,2025-10-01/P1M,402,,,
E06000066,Physical,Adult,2025-11-01/P1M,361,,,
E06000066,Physical,Adult,2025-12-01/P1M,253,,,
E06000066,Physical,Adult,2026-01-01/P1M,370,,,
E06000066,Physical,Adult,2026-02-01/P1M,353,,,
E06000066,Physical,Adult,2026-03-01/P1M,369,,,
E06000066,Physical,All ages,2025-04-01/P1M,171,,,
E06000066,Physical,All ages,2025-05-01/P1M,129,,,
E06000066,Physical,All ages,2025-06-01/P1M,88,,,
E06000066,Physical,All ages,2025-07-01/P1M,159,,,
E06000066,Physical,All ages,2025-08-01/P1M,283,,,
E06000066,Physical,All ages,2025-09-01/P1M,147,,,
E06000066,Physical,All ages,2025-10-01/P1M,143,,,
E06000066,Physical,All ages,2025-11-01/P1M,141,,,
E06000066,Physical,All ages,2025-12-01/P1M,156,,,
E06000066,Physical,All ages,2026-01-01/P1M,142,,,
E06000066,Physical,All ages,2026-02-01/P1M,194,,,
E06000066,Physical,All ages,2026-03-01/P1M,158,,,
E06000066,Digital,Under 12,2025-04-01/P1M,0,,,
E06000066,Digital,Under 12,2025-05-01/P1M,0,,,
E06000066,Digital,Under 12,2025-06-01/P1M,1,,,
E06000066,Digital,Under 12,2025-07-01/P1M,0,,,
E06000066,Digital,Under 12,2025-08-01/P1M,0,,,
E06000066,Digital,Under 12,2025-09-01/P1M,0,,,
E06000066,Digital,Under 12,2025-10-01/P1M,0,,,
E06000066,Digital,Under 12,2025-11-01/P1M,0,,,
E06000066,Digital,Under 12,2025-12-01/P1M,1,,,
E06000066,Digital,Under 12,2026-01-01/P1M,0,,,
E06000066,Digital,Under 12,2026-02-01/P1M,0,,,
E06000066,Digital,Under 12,2026-03-01/P1M,0,,,
E06000066,Digital,12-17,2025-04-01/P1M,0,,,
E06000066,Digital,12-17,2025-05-01/P1M,0,,,
E06000066,Digital,12-17,2025-06-01/P1M,2,,,
E06000066,Digital,12-17,2025-07-01/P1M,2,,,
E06000066,Digital,12-17,2025-08-01/P1M,0,,,
E06000066,Digital,12-17,2025-09-01/P1M,0,,,
E06000066,Digital,12-17,2025-10-01/P1M,0,,,
E06000066,Digital,12-17,2025-11-01/P1M,0,,,
E06000066,Digital,12-17,2025-12-01/P1M,0,,,
E06000066,Digital,12-17,2026-01-01/P1M,0,,,
E06000066,Digital,12-17,2026-02-01/P1M,1,,,
E06000066,Digital,12-17,2026-03-01/P1M,0,,,
E06000066,Digital,Adult,2025-04-01/P1M,2,,,
E06000066,Digital,Adult,2025-05-01/P1M,3,,,
E06000066,Digital,Adult,2025-06-01/P1M,3,,,
E06000066,Digital,Adult,2025-07-01/P1M,2,,,
E06000066,Digital,Adult,2025-08-01/P1M,2,,,
E06000066,Digital,Adult,2025-09-01/P1M,2,,,
E06000066,Digital,Adult,2025-10-01/P1M,6,,,
E06000066,Digital,Adult,2025-11-01/P1M,7,,,
E06000066,Digital,Adult,2025-12-01/P1M,4,,,
E06000066,Digital,Adult,2026-01-01/P1M,3,,,
E06000066,Digital,Adult,2026-02-01/P1M,2,,,
E06000066,Digital,Adult,2026-03-01/P1M,6,,,
E06000066,Digital,All ages,2025-04-01/P1Y,1,,,
E06000025,Physical,Under 12,2025-04-01/P1M,175,,,
E06000025,Physical,Under 12,2025-05-01/P1M,204,,,
E06000025,Physical,Under 12,2025-06-01/P1M,228,,,
E06000025,Physical,Under 12,2025-07-01/P1M,243,,,
E06000025,Physical,Under 12,2025-08-01/P1M,168,,,
E06000025,Physical,Under 12,2025-09-01/P1M,332,,,
E06000025,Physical,Under 12,2025-10-01/P1M,217,,,
E06000025,Physical,Under 12,2025-11-01/P1M,186,,,
E06000025,Physical,Under 12,2025-12-01/P1M,178,,,
E06000025,Physical,Under 12,2026-01-01/P1M,211,,,
E06000025,Physical,Under 12,2026-02-01/P1M,207,,,
E06000025,Physical,Under 12,2026-03-01/P1M,232,,,
E06000025,Physical,12-17,2025-04-01/P1M,0,,,
E06000025,Physical,12-17,2025-05-01/P1M,1,,,
E06000025,Physical,12-17,2025-06-01/P1M,1,,,
E06000025,Physical,12-17,2025-07-01/P1M,1,,,
E06000025,Physical,12-17,2025-08-01/P1M,0,,,
E06000025,Physical,12-17,2025-09-01/P1M,0,,,
E06000025,Physical,12-17,2025-10-01/P1M,1,,,
E06000025,Physical,12-17,2025-11-01/P1M,0,,,
E06000025,Physical,12-17,2025-12-01/P1M,0,,,
E06000025,Physical,12-17,2026-01-01/P1M,0,,,
E06000025,Physical,12-17,2026-02-01/P1M,0,,,
E06000025,Physical,12-17,2026-03-01/P1M,0,,,
E06000025,Physical,Adult,2025-04-01/P1M,74,,,
E06000025,Physical,Adult,2025-05-01/P1M,77,,,
E06000025,Physical,Adult,2025-06-01/P1M,80,,,
E06000025,Physical,Adult,2025-07-01/P1M,78,,,
E06000025,Physical,Adult,2025-08-01/P1M,75,,,
E06000025,Physical,Adult,2025-09-01/P1M,81,,,
E06000025,Physical,Adult,2025-10-01/P1M,81,,,
E06000025,Physical,Adult,2025-11-01/P1M,76,,,
E06000025,Physical,Adult,2025-12-01/P1M,71,,,
E06000025,Physical,Adult,2026-01-01/P1M,79,,,
E06000025,Physical,Adult,2026-02-01/P1M,72,,,
E06000025,Physical,Adult,2026-03-01/P1M,74,,,
E06000025,Physical,All ages,2025-04-01/P1Y,0,,,
E06000025,Digital,Unknown,2025-04-01/P1Y,0,,,
E06000025,Digital,Under 12,2025-04-01/P1Y,0,,,
E06000025,Digital,12-17,2025-04-01/P1Y,0,,,
E06000025,Digital,Adult,2025-04-01/P1Y,0,,,
E06000025,Digital,All ages,2025-04-01/P1Y,0,,,
E08000023,Physical,Under 12,2025-04-01/P1M,61,,,
E08000023,Physical,Under 12,2025-05-01/P1M,50,,,
E08000023,Physical,Under 12,2025-06-01/P1M,35,,,
E08000023,Physical,Under 12,2025-07-01/P1M,65,,,
E08000023,Physical,Under 12,2025-08-01/P1M,80,,,
E08000023,Physical,Under 12,2025-09-01/P1M,55,,,
E08000023,Physical,Under 12,2025-10-01/P1M,50,,,
E08000023,Physical,Under 12,2025-11-01/P1M,35,,,
E08000023,Physical,Under 12,2025-12-01/P1M,40,,,
E08000023,Physical,Under 12,2026-01-01/P1M,35,,,
E08000023,Physical,Under 12,2026-02-01/P1M,48,,,
E08000023,Physical,Under 12,2026-03-01/P1M,55,,,
E08000023,Physical,12-17,2025-04-01/P1M,2,,,
E08000023,Physical,12-17,2025-05-01/P1M,2,,,
E08000023,Physical,12-17,2025-06-01/P1M,2,,,
E08000023,Physical,12-17,2025-07-01/P1M,5,,,
E08000023,Physical,12-17,2025-08-01/P1M,5,,,
E08000023,Physical,12-17,2025-09-01/P1M,4,,,
E08000023,Physical,12-17,2025-10-01/P1M,2,,,
E08000023,Physical,12-17,2025-11-01/P1M,2,,,
E08000023,Physical,12-17,2025-12-01/P1M,2,,,
E08000023,Physical,12-17,2026-01-01/P1M,2,,,
E08000023,Physical,12-17,2026-02-01/P1M,2,,,
E08000023,Physical,12-17,2026-03-01/P1M,5,,,
E08000023,Physical,Adult,2025-04-01/P1M,68,,,
E08000023,Physical,Adult,2025-05-01/P1M,85,,,
E08000023,Physical,Adult,2025-06-01/P1M,85,,,
E08000023,Physical,Adult,2025-07-01/P1M,70,,,
E08000023,Physical,Adult,2025-08-01/P1M,65,,,
E08000023,Physical,Adult,2025-09-01/P1M,90,,,
E08000023,Physical,Adult,2025-10-01/P1M,70,,,
E08000023,Physical,Adult,2025-11-01/P1M,68,,,
E08000023,Physical,Adult,2025-12-01/P1M,70,,,
E08000023,Physical,Adult,2026-01-01/P1M,50,,,
E08000023,Physical,Adult,2026-02-01/P1M,48,,,
E08000023,Physical,Adult,2026-03-01/P1M,72,,,
E08000023,Physical,All ages,2025-04-01/P1Y,0,,,
E08000023,Digital,Unknown,2025-04-01/P1Y,0,,,
E08000023,Digital,Under 12,2025-04-01/P1Y,0,,,
E08000023,Digital,12-17,2025-04-01/P1Y,0,,,
E08000023,Digital,Adult,2025-04-01/P1Y,0,,,
E08000023,Digital,All ages,2025-04-01/P1Y,0,,,
E06000033,Physical,Unknown,2025-04-01/P1M,81,,,
E06000033,Physical,Unknown,2025-05-01/P1M,84,,,
E06000033,Physical,Unknown,2025-06-01/P1M,78,,,
E06000033,Physical,Unknown,2025-07-01/P1M,119,,,
E06000033,Physical,Unknown,2025-08-01/P1M,305,,,
E06000033,Physical,Unknown,2025-09-01/P1M,54,,,
E06000033,Physical,Unknown,2025-10-01/P1M,96,,,
E06000033,Physical,Unknown,2025-11-01/P1M,68,,,
E06000033,Physical,Unknown,2025-12-01/P1M,33,,,
E06000033,Physical,Unknown,2026-01-01/P1M,69,,,
E06000033,Physical,Unknown,2026-02-01/P1M,67,,,
E06000033,Physical,Unknown,2026-03-01/P1M,97,,,
E06000033,Physical,Under 12,2025-04-01/P1Y,0,,,
E06000033,Physical,12-17,2025-04-01/P1Y,0,,,
E06000033,Physical,Adult,2025-04-01/P1Y,0,,,
E06000033,Physical,All ages,2025-04-01/P1Y,0,,,
E06000033,Digital,Unknown,2025-04-01/P1Y,0,,,
E06000033,Digital,Under 12,2025-04-01/P1Y,0,,,
E06000033,Digital,12-17,2025-04-01/P1Y,0,,,
E06000033,Digital,Adult,2025-04-01/P1Y,0,,,
E06000033,Digital,All ages,2025-04-01/P1Y,0,,,
E09000028,Physical,Unknown,2025-04-01/P1M,984,,,
E09000028,Physical,Unknown,2025-05-01/P1M,762,,,
E09000028,Physical,Unknown,2025-06-01/P1M,1286,,,
E09000028,Physical,Unknown,2025-07-01/P1M,1194,,,
E09000028,Physical,Unknown,2025-08-01/P1M,832,,,
E09000028,Physical,Unknown,2025-09-01/P1M,1049,,,
E09000028,Physical,Unknown,2025-10-01/P1M,1211,,,
E09000028,Physical,Unknown,2025-11-01/P1M,1062,,,
E09000028,Physical,Unknown,2025-12-01/P1M,918,,,
E09000028,Physical,Unknown,2026-01-01/P1M,966,,,
E09000028,Physical,Unknown,2026-02-01/P1M,1055,,,
E09000028,Physical,Unknown,2026-03-01/P1M,1153,,,
E09000028,Physical,Under 12,2025-04-01/P1Y,0,,,
E09000028,Physical,12-17,2025-04-01/P1Y,0,,,
E09000028,Physical,Adult,2025-04-01/P1Y,0,,,
E09000028,Physical,All ages,2025-04-01/P1Y,0,,,
E09000028,Digital,Unknown,2025-04-01/P1Y,0,,,
E09000028,Digital,Under 12,2025-04-01/P1Y,0,,,
E09000028,Digital,12-17,2025-04-01/P1Y,0,,,
E09000028,Digital,Adult,2025-04-01/P1Y,0,,,
E09000028,Digital,All ages,2025-04-01/P1Y,0,,,
E08000013,Physical,Unknown,2025-04-01/P1M,269,,,
E08000013,Physical,Unknown,2025-05-01/P1M,309,,,
E08000013,Physical,Unknown,2025-06-01/P1M,320,,,
E08000013,Physical,Unknown,2025-07-01/P1M,346,,,
E08000013,Physical,Unknown,2025-08-01/P1M,310,,,
E08000013,Physical,Unknown,2025-09-01/P1M,320,,,
E08000013,Physical,Unknown,2025-10-01/P1M,360,,,
E08000013,Physical,Unknown,2025-11-01/P1M,310,,,
E08000013,Physical,Unknown,2025-12-01/P1M,265,,,
E08000013,Physical,Unknown,2026-01-01/P1M,297,,,
E08000013,Physical,Unknown,2026-02-01/P1M,301,,,
E08000013,Physical,Unknown,2026-03-01/P1M,357,,,
E08000013,Physical,Under 12,2025-04-01/P1Y,0,,,
E08000013,Physical,12-17,2025-04-01/P1Y,0,,,
E08000013,Physical,Adult,2025-04-01/P1Y,0,,,
E08000013,Physical,All ages,2025-04-01/P1Y,0,,,
E08000013,Digital,Unknown,2025-04-01/P1M,0,,,
E08000013,Digital,Unknown,2025-05-01/P1M,0,,,
E08000013,Digital,Unknown,2025-06-01/P1M,0,,,
E08000013,Digital,Unknown,2025-07-01/P1M,0,,,
E08000013,Digital,Unknown,2025-08-01/P1M,0,,,
E08000013,Digital,Unknown,2025-09-01/P1M,0,,,
E08000013,Digital,Unknown,2025-10-01/P1M,0,,,
E08000013,Digital,Unknown,2025-11-01/P1M,1,,,
E08000013,Digital,Unknown,2025-12-01/P1M,0,,,
E08000013,Digital,Unknown,2026-01-01/P1M,0,,,
E08000013,Digital,Unknown,2026-02-01/P1M,0,,,
E08000013,Digital,Unknown,2026-03-01/P1M,1,,,
E08000013,Digital,Under 12,2025-04-01/P1Y,0,,,
E08000013,Digital,12-17,2025-04-01/P1Y,0,,,
E08000013,Digital,Adult,2025-04-01/P1Y,0,,,
E08000013,Digital,All ages,2025-04-01/P1Y,0,,,
E10000028,Physical,Under 12,2025-04-01/P1M,431,,,
E10000028,Physical,Under 12,2025-05-01/P1M,503,,,
E10000028,Physical,Under 12,2025-06-01/P1M,505,,,
E10000028,Physical,Under 12,2025-07-01/P1M,496,,,
E10000028,Physical,Under 12,2025-08-01/P1M,311,,,
E10000028,Physical,Under 12,2025-09-01/P1M,439,,,
E10000028,Physical,Under 12,2025-10-01/P1M,519,,,
E10000028,Physical,Under 12,2025-11-01/P1M,493,,,
E10000028,Physical,Under 12,2025-12-01/P1M,360,,,
E10000028,Physical,Under 12,2026-01-01/P1M,397,,,
E10000028,Physical,Under 12,2026-02-01/P1M,508,,,
E10000028,Physical,Under 12,2026-03-01/P1M,578,,,
E10000028,Physical,12-17,2025-04-01/P1M,19,,,
E10000028,Physical,12-17,2025-05-01/P1M,21,,,
E10000028,Physical,12-17,2025-06-01/P1M,11,,,
E10000028,Physical,12-17,2025-07-01/P1M,16,,,
E10000028,Physical,12-17,2025-08-01/P1M,5,,,
E10000028,Physical,12-17,2025-09-01/P1M,33,,,
E10000028,Physical,12-17,2025-10-01/P1M,30,,,
E10000028,Physical,12-17,2025-11-01/P1M,11,,,
E10000028,Physical,12-17,2025-12-01/P1M,8,,,
E10000028,Physical,12-17,2026-01-01/P1M,25,,,
E10000028,Physical,12-17,2026-02-01/P1M,34,,,
E10000028,Physical,12-17,2026-03-01/P1M,65,,,
E10000028,Physical,Adult,2025-04-01/P1M,838,,,
E10000028,Physical,Adult,2025-05-01/P1M,869,,,
E10000028,Physical,Adult,2025-06-01/P1M,839,,,
E10000028,Physical,Adult,2025-07-01/P1M,865,,,
E10000028,Physical,Adult,2025-08-01/P1M,749,,,
E10000028,Physical,Adult,2025-09-01/P1M,922,,,
E10000028,Physical,Adult,2025-10-01/P1M,1014,,,
E10000028,Physical,Adult,2025-11-01/P1M,859,,,
E10000028,Physical,Adult,2025-12-01/P1M,679,,,
E10000028,Physical,Adult,2026-01-01/P1M,908,,,
E10000028,Physical,Adult,2026-02-01/P1M,984,,,
E10000028,Physical,Adult,2026-03-01/P1M,1013,,,
E10000028,Physical,All ages,2025-04-01/P1Y,0,,,
E10000028,Digital,Under 12,2025-04-01/P1Y,0,,,
E10000028,Digital,12-17,2025-04-01/P1Y,0,,,
E10000028,Digital,Adult,2025-04-01/P1Y,9,,,
E10000028,Digital,All ages,2025-04-01/P1Y,0,,,
E06000004,Physical,Unknown,2025-04-01/P1M,321,,,
E06000004,Physical,Unknown,2025-05-01/P1M,344,,,
E06000004,Physical,Unknown,2025-06-01/P1M,349,,,
E06000004,Physical,Unknown,2025-07-01/P1M,382,,,
E06000004,Physical,Unknown,2025-08-01/P1M,245,,,
E06000004,Physical,Unknown,2025-09-01/P1M,385,,,
E06000004,Physical,Unknown,2025-10-01/P1M,375,,,
E06000004,Physical,Unknown,2025-11-01/P1M,385,,,
E06000004,Physical,Unknown,2025-12-01/P1M,281,,,
E06000004,Physical,Unknown,2026-01-01/P1M,387,,,
E06000004,Physical,Unknown,2026-02-01/P1M,293,,,
E06000004,Physical,Unknown,2026-03-01/P1M,242,,,
E06000004,Physical,Under 12,2025-04-01/P1Y,0,,,
E06000004,Physical,12-17,2025-04-01/P1Y,0,,,
E06000004,Physical,Adult,2025-04-01/P1Y,0,,,
E06000004,Physical,All ages,2025-04-01/P1Y,0,,,
E06000004,Digital,Unknown,2025-04-01/P1Y,0,,,
E06000004,Digital,Under 12,2025-04-01/P1Y,0,,,
E06000004,Digital,12-17,2025-04-01/P1Y,0,,,
E06000004,Digital,Adult,2025-04-01/P1Y,0,,,
E06000004,Digital,All ages,2025-04-01/P1Y,0,,,
E06000021,Physical,Unknown,2025-04-01/P1M,189,,,
E06000021,Physical,Unknown,2025-05-01/P1M,207,,,
E06000021,Physical,Unknown,2025-06-01/P1M,229,,,
E06000021,Physical,Unknown,2025-07-01/P1M,216,,,
E06000021,Physical,Unknown,2025-08-01/P1M,225,,,
E06000021,Physical,Unknown,2025-09-01/P1M,210,,,
E06000021,Physical,Unknown,2025-10-01/P1M,251,,,
E06000021,Physical,Unknown,2025-11-01/P1M,259,,,
E06000021,Physical,Unknown,2025-12-01/P1M,199,,,
E06000021,Physical,Unknown,2026-01-01/P1M,229,,,
E06000021,Physical,Unknown,2026-02-01/P1M,261,,,
E06000021,Physical,Unknown,2026-03-01/P1M,271,,,
E06000021,Physical,Under 12,2025-04-01/P1Y,0,,,
E06000021,Physical,12-17,2025-04-01/P1Y,0,,,
E06000021,Physical,Adult,2025-04-01/P1Y,0,,,
E06000021,Physical,All ages,2025-04-01/P1Y,0,,,
E06000021,Digital,Unknown,2025-04-01/P1Y,0,,,
E06000021,Digital,Under 12,2025-04-01/P1Y,0,,,
E06000021,Digital,12-17,2025-04-01/P1Y,0,,,
E06000021,Digital,Adult,2025-04-01/P1Y,0,,,
E06000021,Digital,All ages,2025-04-01/P1Y,0,,,
E10000030,Physical,Under 12,2025-04-01/P1M,710,,,
E10000030,Physical,Under 12,2025-05-01/P1M,784,,,
E10000030,Physical,Under 12,2025-06-01/P1M,747,,,
E10000030,Physical,Under 12,2025-07-01/P1M,827,,,
E10000030,Physical,Under 12,2025-08-01/P1M,886,,,
E10000030,Physical,Under 12,2025-09-01/P1M,691,,,
E10000030,Physical,Under 12,2025-10-01/P1M,787,,,
E10000030,Physical,Under 12,2025-11-01/P1M,733,,,
E10000030,Physical,Under 12,2025-12-01/P1M,670,,,
E10000030,Physical,Under 12,2026-01-01/P1M,762,,,
E10000030,Physical,Under 12,2026-02-01/P1M,785,,,
E10000030,Physical,Under 12,2026-03-01/P1M,865,,,
E10000030,Physical,12-17,2025-04-01/P1M,16,,,
E10000030,Physical,12-17,2025-05-01/P1M,9,,,
E10000030,Physical,12-17,2025-06-01/P1M,10,,,
E10000030,Physical,12-17,2025-07-01/P1M,3,,,
E10000030,Physical,12-17,2025-08-01/P1M,4,,,
E10000030,Physical,12-17,2025-09-01/P1M,2,,,
E10000030,Physical,12-17,2025-10-01/P1M,10,,,
E10000030,Physical,12-17,2025-11-01/P1M,12,,,
E10000030,Physical,12-17,2025-12-01/P1M,13,,,
E10000030,Physical,12-17,2026-01-01/P1M,24,,,
E10000030,Physical,12-17,2026-02-01/P1M,24,,,
E10000030,Physical,12-17,2026-03-01/P1M,33,,,
E10000030,Physical,Adult,2025-04-01/P1M,178,,,
E10000030,Physical,Adult,2025-05-01/P1M,206,,,
E10000030,Physical,Adult,2025-06-01/P1M,159,,,
E10000030,Physical,Adult,2025-07-01/P1M,185,,,
E10000030,Physical,Adult,2025-08-01/P1M,142,,,
E10000030,Physical,Adult,2025-09-01/P1M,173,,,
E10000030,Physical,Adult,2025-10-01/P1M,216,,,
E10000030,Physical,Adult,2025-11-01/P1M,197,,,
E10000030,Physical,Adult,2025-12-01/P1M,192,,,
E10000030,Physical,Adult,2026-01-01/P1M,247,,,
E10000030,Physical,Adult,2026-02-01/P1M,221,,,
E10000030,Physical,Adult,2026-03-01/P1M,296,,,
E10000030,Physical,All ages,2025-04-01/P1M,295,,,
E10000030,Physical,All ages,2025-05-01/P1M,299,,,
E10000030,Physical,All ages,2025-06-01/P1M,342,,,
E10000030,Physical,All ages,2025-07-01/P1M,338,,,
E10000030,Physical,All ages,2025-08-01/P1M,312,,,
E10000030,Physical,All ages,2025-09-01/P1M,268,,,
E10000030,Physical,All ages,2025-10-01/P1M,293,,,
E10000030,Physical,All ages,2025-11-01/P1M,306,,,
E10000030,Physical,All ages,2025-12-01/P1M,253,,,
E10000030,Physical,All ages,2026-01-01/P1M,326,,,
E10000030,Physical,All ages,2026-02-01/P1M,374,,,
E10000030,Physical,All ages,2026-03-01/P1M,331,,,
E10000030,Digital,Unknown,2025-04-01/P1Y,0,,,
E10000030,Digital,Under 12,2025-04-01/P1Y,0,,,
E10000030,Digital,12-17,2025-04-01/P1Y,0,,,
E10000030,Digital,Adult,2025-04-01/P1Y,0,,,
E10000030,Digital,All ages,2025-04-01/P1Y,0,,,
E09000029,Physical,Under 12,2025-04-01/P1M,142,,,
E09000029,Physical,Under 12,2025-05-01/P1M,165,,,
E09000029,Physical,Under 12,2025-06-01/P1M,163,,,
E09000029,Physical,Under 12,2025-07-01/P1M,166,,,
E09000029,Physical,Under 12,2025-08-01/P1M,152,,,
E09000029,Physical,Under 12,2025-09-01/P1M,151,,,
E09000029,Physical,Under 12,2025-10-01/P1M,202,,,
E09000029,Physical,Under 12,2025-11-01/P1M,177,,,
E09000029,Physical,Under 12,2025-12-01/P1M,118,,,
E09000029,Physical,Under 12,2026-01-01/P1M,136,,,
E09000029,Physical,Under 12,2026-02-01/P1M,177,,,
E09000029,Physical,Under 12,2026-03-01/P1M,176,,,
E09000029,Physical,12-17,2025-04-01/P1Y,0,,,
E09000029,Physical,Adult,2025-04-01/P1M,83,,,
E09000029,Physical,Adult,2025-05-01/P1M,110,,,
E09000029,Physical,Adult,2025-06-01/P1M,84,,,
E09000029,Physical,Adult,2025-07-01/P1M,93,,,
E09000029,Physical,Adult,2025-08-01/P1M,86,,,
E09000029,Physical,Adult,2025-09-01/P1M,106,,,
E09000029,Physical,Adult,2025-10-01/P1M,109,,,
E09000029,Physical,Adult,2025-11-01/P1M,98,,,
E09000029,Physical,Adult,2025-12-01/P1M,67,,,
E09000029,Physical,Adult,2026-01-01/P1M,97,,,
E09000029,Physical,Adult,2026-02-01/P1M,98,,,
E09000029,Physical,Adult,2026-03-01/P1M,123,,,
E09000029,Physical,All ages,2025-04-01/P1Y,0,,,
E09000029,Digital,Unknown,2025-04-01/P1Y,0,,,
E09000029,Digital,Under 12,2025-04-01/P1Y,0,,,
E09000029,Digital,12-17,2025-04-01/P1Y,0,,,
E09000029,Digital,Adult,2025-04-01/P1Y,0,,,
E09000029,Digital,All ages,2025-04-01/P1Y,0,,,
E08000008,Physical,Unknown,2025-04-01/P1M,131,,,
E08000008,Physical,Unknown,2025-05-01/P1M,120,,,
E08000008,Physical,Unknown,2025-06-01/P1M,128,,,
E08000008,Physical,Unknown,2025-07-01/P1M,121,,,
E08000008,Physical,Unknown,2025-08-01/P1M,100,,,
E08000008,Physical,Unknown,2025-09-01/P1M,130,,,
E08000008,Physical,Unknown,2025-10-01/P1M,162,,,
E08000008,Physical,Unknown,2025-11-01/P1M,141,,,
E08000008,Physical,Unknown,2025-12-01/P1M,114,,,
E08000008,Physical,Unknown,2026-01-01/P1M,122,,,
E08000008,Physical,Unknown,2026-02-01/P1M,153,,,
E08000008,Physical,Unknown,2026-03-01/P1M,142,,,
E08000008,Physical,Under 12,2025-04-01/P1Y,0,,,
E08000008,Physical,12-17,2025-04-01/P1Y,0,,,
E08000008,Physical,Adult,2025-04-01/P1Y,0,,,
E08000008,Physical,All ages,2025-04-01/P1Y,0,,,
E08000008,Digital,Unknown,2025-04-01/P1M,4,,,
E08000008,Digital,Unknown,2025-05-01/P1M,2,,,
E08000008,Digital,Unknown,2025-06-01/P1M,0,,,
E08000008,Digital,Unknown,2025-07-01/P1M,1,,,
E08000008,Digital,Unknown,2025-08-01/P1M,0,,,
E08000008,Digital,Unknown,2025-09-01/P1M,1,,,
E08000008,Digital,Unknown,2025-10-01/P1M,4,,,
E08000008,Digital,Unknown,2025-11-01/P1M,5,,,
E08000008,Digital,Unknown,2025-12-01/P1M,3,,,
E08000008,Digital,Unknown,2026-01-01/P1M,4,,,
E08000008,Digital,Unknown,2026-02-01/P1M,3,,,
E08000008,Digital,Unknown,2026-03-01/P1M,5,,,
E08000008,Digital,Under 12,2025-04-01/P1Y,0,,,
E08000008,Digital,12-17,2025-04-01/P1Y,0,,,
E08000008,Digital,Adult,2025-04-01/P1Y,0,,,
E08000008,Digital,All ages,2025-04-01/P1Y,0,,,
E06000020,Physical,Under 12,2025-04-01/P1M,16,,,
E06000020,Physical,Under 12,2025-05-01/P1M,14,,,
E06000020,Physical,Under 12,2025-06-01/P1M,12,,,
E06000020,Physical,Under 12,2025-07-01/P1M,27,,,
E06000020,Physical,Under 12,2025-08-01/P1M,30,,,
E06000020,Physical,Under 12,2025-09-01/P1M,21,,,
E06000020,Physical,Under 12,2025-10-01/P1M,29,,,
E06000020,Physical,Under 12,2025-11-01/P1M,28,,,
E06000020,Physical,Under 12,2025-12-01/P1M,17,,,
E06000020,Physical,Under 12,2026-01-01/P1M,18,,,
E06000020,Physical,Under 12,2026-02-01/P1M,27,,,
E06000020,Physical,Under 12,2026-03-01/P1M,27,,,
E06000020,Physical,12-17,2025-04-01/P1Y,0,,,
E06000020,Physical,Adult,2025-04-01/P1M,0,,,
E06000020,Physical,Adult,2025-05-01/P1M,0,,,
E06000020,Physical,Adult,2025-06-01/P1M,0,,,
E06000020,Physical,Adult,2025-07-01/P1M,2,,,
E06000020,Physical,Adult,2025-08-01/P1M,0,,,
E06000020,Physical,Adult,2025-09-01/P1M,1,,,
E06000020,Physical,Adult,2025-10-01/P1M,2,,,
E06000020,Physical,Adult,2025-11-01/P1M,12,,,
E06000020,Physical,Adult,2025-12-01/P1M,2,,,
E06000020,Physical,Adult,2026-01-01/P1M,0,,,
E06000020,Physical,Adult,2026-02-01/P1M,2,,,
E06000020,Physical,Adult,2026-03-01/P1M,4,,,
E06000020,Physical,All ages,2025-04-01/P1Y,0,,,
E06000020,Digital,Unknown,2025-04-01/P1Y,0,,,
E06000020,Digital,Under 12,2025-04-01/P1Y,0,,,
E06000020,Digital,12-17,2025-04-01/P1Y,0,,,
E06000020,Digital,Adult,2025-04-01/P1Y,0,,,
E06000020,Digital,All ages,2025-04-01/P1Y,0,,,
E06000034,Physical,Under 12,2025-04-01/P1Y,0,,,
E06000034,Physical,12-17,2025-04-01/P1Y,0,,,
E06000034,Physical,Adult,2025-04-01/P1Y,0,,,
E06000034,Physical,All ages,2025-04-01/P1Y,4147,,,
E06000034,Digital,Unknown,2025-04-01/P1Y,0,,,
E06000034,Digital,Under 12,2025-04-01/P1Y,0,,,
E06000034,Digital,12-17,2025-04-01/P1Y,0,,,
E06000034,Digital,Adult,2025-04-01/P1Y,0,,,
E06000034,Digital,All ages,2025-04-01/P1Y,0,,,
E06000027,Physical,Under 12,2025-04-01/P1M,82,,,
E06000027,Physical,Under 12,2025-05-01/P1M,75,,,
E06000027,Physical,Under 12,2025-06-01/P1M,73,,,
E06000027,Physical,Under 12,2025-07-01/P1M,69,,,
E06000027,Physical,Under 12,2025-08-01/P1M,85,,,
E06000027,Physical,Under 12,2025-09-01/P1M,57,,,
E06000027,Physical,Under 12,2025-10-01/P1M,83,,,
E06000027,Physical,Under 12,2025-11-01/P1M,68,,,
E06000027,Physical,Under 12,2025-12-01/P1M,60,,,
E06000027,Physical,Under 12,2026-01-01/P1M,82,,,
E06000027,Physical,Under 12,2026-02-01/P1M,81,,,
E06000027,Physical,Under 12,2026-03-01/P1M,76,,,
E06000027,Physical,12-17,2025-04-01/P1M,0,,,
E06000027,Physical,12-17,2025-05-01/P1M,1,,,
E06000027,Physical,12-17,2025-06-01/P1M,1,,,
E06000027,Physical,12-17,2025-07-01/P1M,0,,,
E06000027,Physical,12-17,2025-08-01/P1M,0,,,
E06000027,Physical,12-17,2025-09-01/P1M,0,,,
E06000027,Physical,12-17,2025-10-01/P1M,2,,,
E06000027,Physical,12-17,2025-11-01/P1M,0,,,
E06000027,Physical,12-17,2025-12-01/P1M,1,,,
E06000027,Physical,12-17,2026-01-01/P1M,1,,,
E06000027,Physical,12-17,2026-02-01/P1M,1,,,
E06000027,Physical,12-17,2026-03-01/P1M,2,,,
E06000027,Physical,Adult,2025-04-01/P1M,74,,,
E06000027,Physical,Adult,2025-05-01/P1M,65,,,
E06000027,Physical,Adult,2025-06-01/P1M,80,,,
E06000027,Physical,Adult,2025-07-01/P1M,76,,,
E06000027,Physical,Adult,2025-08-01/P1M,42,,,
E06000027,Physical,Adult,2025-09-01/P1M,56,,,
E06000027,Physical,Adult,2025-10-01/P1M,66,,,
E06000027,Physical,Adult,2025-11-01/P1M,55,,,
E06000027,Physical,Adult,2025-12-01/P1M,63,,,
E06000027,Physical,Adult,2026-01-01/P1M,91,,,
E06000027,Physical,Adult,2026-02-01/P1M,75,,,
E06000027,Physical,Adult,2026-03-01/P1M,112,,,
E06000027,Physical,All ages,2025-04-01/P1Y,0,,,
E06000027,Digital,Unknown,2025-04-01/P1Y,0,,,
E06000027,Digital,Under 12,2025-04-01/P1Y,0,,,
E06000027,Digital,12-17,2025-04-01/P1Y,0,,,
E06000027,Digital,Adult,2025-04-01/P1Y,0,,,
E06000027,Digital,All ages,2025-04-01/P1Y,0,,,
E08000036,Physical,Under 12,2025-04-01/P1M,317,,,
E08000036,Physical,Under 12,2025-05-01/P1M,313,,,
E08000036,Physical,Under 12,2025-06-01/P1M,315,,,
E08000036,Physical,Under 12,2025-07-01/P1M,383,,,
E08000036,Physical,Under 12,2025-08-01/P1M,340,,,
E08000036,Physical,Under 12,2025-09-01/P1M,309,,,
E08000036,Physical,Under 12,2025-10-01/P1M,427,,,
E08000036,Physical,Under 12,2025-11-01/P1M,297,,,
E08000036,Physical,Under 12,2025-12-01/P1M,232,,,
E08000036,Physical,Under 12,2026-01-01/P1M,289,,,
E08000036,Physical,Under 12,2026-02-01/P1M,330,,,
E08000036,Physical,Under 12,2026-03-01/P1M,317,,,
E08000036,Physical,12-17,2025-04-01/P1M,3,,,
E08000036,Physical,12-17,2025-05-01/P1M,4,,,
E08000036,Physical,12-17,2025-06-01/P1M,4,,,
E08000036,Physical,12-17,2025-07-01/P1M,1,,,
E08000036,Physical,12-17,2025-08-01/P1M,5,,,
E08000036,Physical,12-17,2025-09-01/P1M,4,,,
E08000036,Physical,12-17,2025-10-01/P1M,5,,,
E08000036,Physical,12-17,2025-11-01/P1M,3,,,
E08000036,Physical,12-17,2025-12-01/P1M,2,,,
E08000036,Physical,12-17,2026-01-01/P1M,4,,,
E08000036,Physical,12-17,2026-02-01/P1M,5,,,
E08000036,Physical,12-17,2026-03-01/P1M,4,,,
E08000036,Physical,Adult,2025-04-01/P1M,520,,,
E08000036,Physical,Adult,2025-05-01/P1M,506,,,
E08000036,Physical,Adult,2025-06-01/P1M,593,,,
E08000036,Physical,Adult,2025-07-01/P1M,527,,,
E08000036,Physical,Adult,2025-08-01/P1M,455,,,
E08000036,Physical,Adult,2025-09-01/P1M,570,,,
E08000036,Physical,Adult,2025-10-01/P1M,596,,,
E08000036,Physical,Adult,2025-11-01/P1M,477,,,
E08000036,Physical,Adult,2025-12-01/P1M,355,,,
E08000036,Physical,Adult,2026-01-01/P1M,463,,,
E08000036,Physical,Adult,2026-02-01/P1M,476,,,
E08000036,Physical,Adult,2026-03-01/P1M,497,,,
E08000036,Physical,All ages,2025-04-01/P1Y,0,,,
E08000036,Digital,Unknown,2025-04-01/P1Y,0,,,
E08000036,Digital,Under 12,2025-04-01/P1Y,0,,,
E08000036,Digital,12-17,2025-04-01/P1Y,0,,,
E08000036,Digital,Adult,2025-04-01/P1Y,0,,,
E08000036,Digital,All ages,2025-04-01/P1Y,0,,,
E09000031,Physical,Under 12,2025-04-01/P1M,457,,,
E09000031,Physical,Under 12,2025-05-01/P1M,471,,,
E09000031,Physical,Under 12,2025-06-01/P1M,462,,,
E09000031,Physical,Under 12,2025-07-01/P1M,449,,,
E09000031,Physical,Under 12,2025-08-01/P1M,431,,,
E09000031,Physical,Under 12,2025-09-01/P1M,433,,,
E09000031,Physical,Under 12,2025-10-01/P1M,459,,,
E09000031,Physical,Under 12,2025-11-01/P1M,462,,,
E09000031,Physical,Under 12,2025-12-01/P1M,415,,,
E09000031,Physical,Under 12,2026-01-01/P1M,448,,,
E09000031,Physical,Under 12,2026-02-01/P1M,423,,,
E09000031,Physical,Under 12,2026-03-01/P1M,452,,,
E09000031,Physical,12-17,2025-04-01/P1Y,0,,,
E09000031,Physical,Adult,2025-04-01/P1M,145,,,
E09000031,Physical,Adult,2025-05-01/P1M,149,,,
E09000031,Physical,Adult,2025-06-01/P1M,144,,,
E09000031,Physical,Adult,2025-07-01/P1M,138,,,
E09000031,Physical,Adult,2025-08-01/P1M,135,,,
E09000031,Physical,Adult,2025-09-01/P1M,120,,,
E09000031,Physical,Adult,2025-10-01/P1M,149,,,
E09000031,Physical,Adult,2025-11-01/P1M,141,,,
E09000031,Physical,Adult,2025-12-01/P1M,133,,,
E09000031,Physical,Adult,2026-01-01/P1M,127,,,
E09000031,Physical,Adult,2026-02-01/P1M,130,,,
E09000031,Physical,Adult,2026-03-01/P1M,132,,,
E09000031,Physical,All ages,2025-04-01/P1Y,0,,,
E09000031,Digital,Unknown,2025-04-01/P1Y,0,,,
E09000031,Digital,Under 12,2025-04-01/P1Y,0,,,
E09000031,Digital,12-17,2025-04-01/P1Y,0,,,
E09000031,Digital,Adult,2025-04-01/P1Y,0,,,
E09000031,Digital,All ages,2025-04-01/P1Y,0,,,
E09000032,Physical,Under 12,2025-04-01/P1M,321,,suspicious,"Source audit: total_physical_events: Annual: reported total 6,795; category sum 20,385; difference -13,590. Categories exceed total; check duplication, scope and reporting frequency. Event audiences may overlap. Values retained as reported pending source confirmation."
E09000032,Physical,Under 12,2025-05-01/P1M,339,,suspicious,"Source audit: total_physical_events: Annual: reported total 6,795; category sum 20,385; difference -13,590. Categories exceed total; check duplication, scope and reporting frequency. Event audiences may overlap. Values retained as reported pending source confirmation."
E09000032,Physical,Under 12,2025-06-01/P1M,342,,suspicious,"Source audit: total_physical_events: Annual: reported total 6,795; category sum 20,385; difference -13,590. Categories exceed total; check duplication, scope and reporting frequency. Event audiences may overlap. Values retained as reported pending source confirmation."
E09000032,Physical,Under 12,2025-07-01/P1M,357,,suspicious,"Source audit: total_physical_events: Annual: reported total 6,795; category sum 20,385; difference -13,590. Categories exceed total; check duplication, scope and reporting frequency. Event audiences may overlap. Values retained as reported pending source confirmation."
E09000032,Physical,Under 12,2025-08-01/P1M,340,,suspicious,"Source audit: total_physical_events: Annual: reported total 6,795; category sum 20,385; difference -13,590. Categories exceed total; check duplication, scope and reporting frequency. Event audiences may overlap. Values retained as reported pending source confirmation."
E09000032,Physical,Under 12,2025-09-01/P1M,347,,suspicious,"Source audit: total_physical_events: Annual: reported total 6,795; category sum 20,385; difference -13,590. Categories exceed total; check duplication, scope and reporting frequency. Event audiences may overlap. Values retained as reported pending source confirmation."
E09000032,Physical,Under 12,2025-10-01/P1M,419,,suspicious,"Source audit: total_physical_events: Annual: reported total 6,795; category sum 20,385; difference -13,590. Categories exceed total; check duplication, scope and reporting frequency. Event audiences may overlap. Values retained as reported pending source confirmation."
E09000032,Physical,Under 12,2025-11-01/P1M,382,,suspicious,"Source audit: total_physical_events: Annual: reported total 6,795; category sum 20,385; difference -13,590. Categories exceed total; check duplication, scope and reporting frequency. Event audiences may overlap. Values retained as reported pending source confirmation."
E09000032,Physical,Under 12,2025-12-01/P1M,280,,suspicious,"Source audit: total_physical_events: Annual: reported total 6,795; category sum 20,385; difference -13,590. Categories exceed total; check duplication, scope and reporting frequency. Event audiences may overlap. Values retained as reported pending source confirmation."
E09000032,Physical,Under 12,2026-01-01/P1M,382,,suspicious,"Source audit: total_physical_events: Annual: reported total 6,795; category sum 20,385; difference -13,590. Categories exceed total; check duplication, scope and reporting frequency. Event audiences may overlap. Values retained as reported pending source confirmation."
E09000032,Physical,Under 12,2026-02-01/P1M,366,,suspicious,"Source audit: total_physical_events: Annual: reported total 6,795; category sum 20,385; difference -13,590. Categories exceed total; check duplication, scope and reporting frequency. Event audiences may overlap. Values retained as reported pending source confirmation."
E09000032,Physical,Under 12,2026-03-01/P1M,430,,suspicious,"Source audit: total_physical_events: Annual: reported total 6,795; category sum 20,385; difference -13,590. Categories exceed total; check duplication, scope and reporting frequency. Event audiences may overlap. Values retained as reported pending source confirmation."
E09000032,Physical,12-17,2025-04-01/P1M,2,,suspicious,"Source audit: total_physical_events: Annual: reported total 6,795; category sum 20,385; difference -13,590. Categories exceed total; check duplication, scope and reporting frequency. Event audiences may overlap. Values retained as reported pending source confirmation."
E09000032,Physical,12-17,2025-05-01/P1M,3,,suspicious,"Source audit: total_physical_events: Annual: reported total 6,795; category sum 20,385; difference -13,590. Categories exceed total; check duplication, scope and reporting frequency. Event audiences may overlap. Values retained as reported pending source confirmation."
E09000032,Physical,12-17,2025-06-01/P1M,1,,suspicious,"Source audit: total_physical_events: Annual: reported total 6,795; category sum 20,385; difference -13,590. Categories exceed total; check duplication, scope and reporting frequency. Event audiences may overlap. Values retained as reported pending source confirmation."
E09000032,Physical,12-17,2025-07-01/P1M,1,,suspicious,"Source audit: total_physical_events: Annual: reported total 6,795; category sum 20,385; difference -13,590. Categories exceed total; check duplication, scope and reporting frequency. Event audiences may overlap. Values retained as reported pending source confirmation."
E09000032,Physical,12-17,2025-08-01/P1M,0,,suspicious,"Source audit: total_physical_events: Annual: reported total 6,795; category sum 20,385; difference -13,590. Categories exceed total; check duplication, scope and reporting frequency. Event audiences may overlap. Values retained as reported pending source confirmation."
E09000032,Physical,12-17,2025-09-01/P1M,1,,suspicious,"Source audit: total_physical_events: Annual: reported total 6,795; category sum 20,385; difference -13,590. Categories exceed total; check duplication, scope and reporting frequency. Event audiences may overlap. Values retained as reported pending source confirmation."
E09000032,Physical,12-17,2025-10-01/P1M,2,,suspicious,"Source audit: total_physical_events: Annual: reported total 6,795; category sum 20,385; difference -13,590. Categories exceed total; check duplication, scope and reporting frequency. Event audiences may overlap. Values retained as reported pending source confirmation."
E09000032,Physical,12-17,2025-11-01/P1M,2,,suspicious,"Source audit: total_physical_events: Annual: reported total 6,795; category sum 20,385; difference -13,590. Categories exceed total; check duplication, scope and reporting frequency. Event audiences may overlap. Values retained as reported pending source confirmation."
E09000032,Physical,12-17,2025-12-01/P1M,2,,suspicious,"Source audit: total_physical_events: Annual: reported total 6,795; category sum 20,385; difference -13,590. Categories exceed total; check duplication, scope and reporting frequency. Event audiences may overlap. Values retained as reported pending source confirmation."
E09000032,Physical,12-17,2026-01-01/P1M,1,,suspicious,"Source audit: total_physical_events: Annual: reported total 6,795; category sum 20,385; difference -13,590. Categories exceed total; check duplication, scope and reporting frequency. Event audiences may overlap. Values retained as reported pending source confirmation."
E09000032,Physical,12-17,2026-02-01/P1M,2,,suspicious,"Source audit: total_physical_events: Annual: reported total 6,795; category sum 20,385; difference -13,590. Categories exceed total; check duplication, scope and reporting frequency. Event audiences may overlap. Values retained as reported pending source confirmation."
E09000032,Physical,12-17,2026-03-01/P1M,1,,suspicious,"Source audit: total_physical_events: Annual: reported total 6,795; category sum 20,385; difference -13,590. Categories exceed total; check duplication, scope and reporting frequency. Event audiences may overlap. Values retained as reported pending source confirmation."
E09000032,Physical,Adult,2025-04-01/P1M,176,,suspicious,"Source audit: total_physical_events: Annual: reported total 6,795; category sum 20,385; difference -13,590. Categories exceed total; check duplication, scope and reporting frequency. Event audiences may overlap. Values retained as reported pending source confirmation."
E09000032,Physical,Adult,2025-05-01/P1M,200,,suspicious,"Source audit: total_physical_events: Annual: reported total 6,795; category sum 20,385; difference -13,590. Categories exceed total; check duplication, scope and reporting frequency. Event audiences may overlap. Values retained as reported pending source confirmation."
E09000032,Physical,Adult,2025-06-01/P1M,218,,suspicious,"Source audit: total_physical_events: Annual: reported total 6,795; category sum 20,385; difference -13,590. Categories exceed total; check duplication, scope and reporting frequency. Event audiences may overlap. Values retained as reported pending source confirmation."
E09000032,Physical,Adult,2025-07-01/P1M,169,,suspicious,"Source audit: total_physical_events: Annual: reported total 6,795; category sum 20,385; difference -13,590. Categories exceed total; check duplication, scope and reporting frequency. Event audiences may overlap. Values retained as reported pending source confirmation."
E09000032,Physical,Adult,2025-08-01/P1M,144,,suspicious,"Source audit: total_physical_events: Annual: reported total 6,795; category sum 20,385; difference -13,590. Categories exceed total; check duplication, scope and reporting frequency. Event audiences may overlap. Values retained as reported pending source confirmation."
E09000032,Physical,Adult,2025-09-01/P1M,212,,suspicious,"Source audit: total_physical_events: Annual: reported total 6,795; category sum 20,385; difference -13,590. Categories exceed total; check duplication, scope and reporting frequency. Event audiences may overlap. Values retained as reported pending source confirmation."
E09000032,Physical,Adult,2025-10-01/P1M,226,,suspicious,"Source audit: total_physical_events: Annual: reported total 6,795; category sum 20,385; difference -13,590. Categories exceed total; check duplication, scope and reporting frequency. Event audiences may overlap. Values retained as reported pending source confirmation."
E09000032,Physical,Adult,2025-11-01/P1M,253,,suspicious,"Source audit: total_physical_events: Annual: reported total 6,795; category sum 20,385; difference -13,590. Categories exceed total; check duplication, scope and reporting frequency. Event audiences may overlap. Values retained as reported pending source confirmation."
E09000032,Physical,Adult,2025-12-01/P1M,181,,suspicious,"Source audit: total_physical_events: Annual: reported total 6,795; category sum 20,385; difference -13,590. Categories exceed total; check duplication, scope and reporting frequency. Event audiences may overlap. Values retained as reported pending source confirmation."
E09000032,Physical,Adult,2026-01-01/P1M,248,,suspicious,"Source audit: total_physical_events: Annual: reported total 6,795; category sum 20,385; difference -13,590. Categories exceed total; check duplication, scope and reporting frequency. Event audiences may overlap. Values retained as reported pending source confirmation."
E09000032,Physical,Adult,2026-02-01/P1M,227,,suspicious,"Source audit: total_physical_events: Annual: reported total 6,795; category sum 20,385; difference -13,590. Categories exceed total; check duplication, scope and reporting frequency. Event audiences may overlap. Values retained as reported pending source confirmation."
E09000032,Physical,Adult,2026-03-01/P1M,218,,suspicious,"Source audit: total_physical_events: Annual: reported total 6,795; category sum 20,385; difference -13,590. Categories exceed total; check duplication, scope and reporting frequency. Event audiences may overlap. Values retained as reported pending source confirmation."
E09000032,Physical,All ages,2025-04-01/P1M,998,,suspicious,"Source audit: total_physical_events: Annual: reported total 6,795; category sum 20,385; difference -13,590. Categories exceed total; check duplication, scope and reporting frequency. Event audiences may overlap. Values retained as reported pending source confirmation."
E09000032,Physical,All ages,2025-05-01/P1M,1084,,suspicious,"Source audit: total_physical_events: Annual: reported total 6,795; category sum 20,385; difference -13,590. Categories exceed total; check duplication, scope and reporting frequency. Event audiences may overlap. Values retained as reported pending source confirmation."
E09000032,Physical,All ages,2025-06-01/P1M,1122,,suspicious,"Source audit: total_physical_events: Annual: reported total 6,795; category sum 20,385; difference -13,590. Categories exceed total; check duplication, scope and reporting frequency. Event audiences may overlap. Values retained as reported pending source confirmation."
E09000032,Physical,All ages,2025-07-01/P1M,1054,,suspicious,"Source audit: total_physical_events: Annual: reported total 6,795; category sum 20,385; difference -13,590. Categories exceed total; check duplication, scope and reporting frequency. Event audiences may overlap. Values retained as reported pending source confirmation."
E09000032,Physical,All ages,2025-08-01/P1M,968,,suspicious,"Source audit: total_physical_events: Annual: reported total 6,795; category sum 20,385; difference -13,590. Categories exceed total; check duplication, scope and reporting frequency. Event audiences may overlap. Values retained as reported pending source confirmation."
E09000032,Physical,All ages,2025-09-01/P1M,1120,,suspicious,"Source audit: total_physical_events: Annual: reported total 6,795; category sum 20,385; difference -13,590. Categories exceed total; check duplication, scope and reporting frequency. Event audiences may overlap. Values retained as reported pending source confirmation."
E09000032,Physical,All ages,2025-10-01/P1M,1294,,suspicious,"Source audit: total_physical_events: Annual: reported total 6,795; category sum 20,385; difference -13,590. Categories exceed total; check duplication, scope and reporting frequency. Event audiences may overlap. Values retained as reported pending source confirmation."
E09000032,Physical,All ages,2025-11-01/P1M,1274,,suspicious,"Source audit: total_physical_events: Annual: reported total 6,795; category sum 20,385; difference -13,590. Categories exceed total; check duplication, scope and reporting frequency. Event audiences may overlap. Values retained as reported pending source confirmation."
E09000032,Physical,All ages,2025-12-01/P1M,926,,suspicious,"Source audit: total_physical_events: Annual: reported total 6,795; category sum 20,385; difference -13,590. Categories exceed total; check duplication, scope and reporting frequency. Event audiences may overlap. Values retained as reported pending source confirmation."
E09000032,Physical,All ages,2026-01-01/P1M,1262,,suspicious,"Source audit: total_physical_events: Annual: reported total 6,795; category sum 20,385; difference -13,590. Categories exceed total; check duplication, scope and reporting frequency. Event audiences may overlap. Values retained as reported pending source confirmation."
E09000032,Physical,All ages,2026-02-01/P1M,1190,,suspicious,"Source audit: total_physical_events: Annual: reported total 6,795; category sum 20,385; difference -13,590. Categories exceed total; check duplication, scope and reporting frequency. Event audiences may overlap. Values retained as reported pending source confirmation."
E09000032,Physical,All ages,2026-03-01/P1M,1298,,suspicious,"Source audit: total_physical_events: Annual: reported total 6,795; category sum 20,385; difference -13,590. Categories exceed total; check duplication, scope and reporting frequency. Event audiences may overlap. Values retained as reported pending source confirmation."
E09000032,Digital,Unknown,2025-04-01/P1Y,0,,,
E09000032,Digital,Under 12,2025-04-01/P1Y,0,,,
E09000032,Digital,12-17,2025-04-01/P1Y,0,,,
E09000032,Digital,Adult,2025-04-01/P1Y,0,,,
E09000032,Digital,All ages,2025-04-01/P1Y,0,,,
E06000007,Physical,Under 12,2025-04-01/P3M,352,,,
E06000007,Physical,Under 12,2025-07-01/P3M,400,,,
E06000007,Physical,Under 12,2025-10-01/P3M,273,,,
E06000007,Physical,Under 12,2026-01-01/P3M,245,,,
E06000007,Physical,12-17,2025-04-01/P1Y,0,,,
E06000007,Physical,Adult,2025-04-01/P3M,274,,,
E06000007,Physical,Adult,2025-07-01/P3M,266,,,
E06000007,Physical,Adult,2025-10-01/P3M,294,,,
E06000007,Physical,Adult,2026-01-01/P3M,274,,,
E06000007,Physical,All ages,2025-04-01/P1Y,0,,,
E06000007,Digital,Unknown,2025-04-01/P1Y,0,,,
E06000007,Digital,Under 12,2025-04-01/P1Y,0,,,
E06000007,Digital,12-17,2025-04-01/P1Y,0,,,
E06000007,Digital,Adult,2025-04-01/P1Y,0,,,
E06000007,Digital,All ages,2025-04-01/P1Y,0,,,
E10000031,Physical,Under 12,2025-04-01/P1M,293,,,
E10000031,Physical,Under 12,2025-05-01/P1M,306,,,
E10000031,Physical,Under 12,2025-06-01/P1M,265,,,
E10000031,Physical,Under 12,2025-07-01/P1M,289,,,
E10000031,Physical,Under 12,2025-08-01/P1M,305,,,
E10000031,Physical,Under 12,2025-09-01/P1M,302,,,
E10000031,Physical,Under 12,2025-10-01/P1M,326,,,
E10000031,Physical,Under 12,2025-11-01/P1M,289,,,
E10000031,Physical,Under 12,2025-12-01/P1M,290,,,
E10000031,Physical,Under 12,2026-01-01/P1M,316,,,
E10000031,Physical,Under 12,2026-02-01/P1M,316,,,
E10000031,Physical,Under 12,2026-03-01/P1M,362,,,
E10000031,Physical,12-17,2025-04-01/P1M,33,,,
E10000031,Physical,12-17,2025-05-01/P1M,29,,,
E10000031,Physical,12-17,2025-06-01/P1M,41,,,
E10000031,Physical,12-17,2025-07-01/P1M,32,,,
E10000031,Physical,12-17,2025-08-01/P1M,32,,,
E10000031,Physical,12-17,2025-09-01/P1M,44,,,
E10000031,Physical,12-17,2025-10-01/P1M,37,,,
E10000031,Physical,12-17,2025-11-01/P1M,28,,,
E10000031,Physical,12-17,2025-12-01/P1M,25,,,
E10000031,Physical,12-17,2026-01-01/P1M,37,,,
E10000031,Physical,12-17,2026-02-01/P1M,34,,,
E10000031,Physical,12-17,2026-03-01/P1M,31,,,
E10000031,Physical,Adult,2025-04-01/P1M,244,,,
E10000031,Physical,Adult,2025-05-01/P1M,274,,,
E10000031,Physical,Adult,2025-06-01/P1M,179,,,
E10000031,Physical,Adult,2025-07-01/P1M,199,,,
E10000031,Physical,Adult,2025-08-01/P1M,161,,,
E10000031,Physical,Adult,2025-09-01/P1M,181,,,
E10000031,Physical,Adult,2025-10-01/P1M,222,,,
E10000031,Physical,Adult,2025-11-01/P1M,238,,,
E10000031,Physical,Adult,2025-12-01/P1M,212,,,
E10000031,Physical,Adult,2026-01-01/P1M,249,,,
E10000031,Physical,Adult,2026-02-01/P1M,279,,,
E10000031,Physical,Adult,2026-03-01/P1M,331,,,
E10000031,Physical,All ages,2025-04-01/P1M,7,,,
E10000031,Physical,All ages,2025-05-01/P1M,8,,,
E10000031,Physical,All ages,2025-06-01/P1M,9,,,
E10000031,Physical,All ages,2025-07-01/P1M,12,,,
E10000031,Physical,All ages,2025-08-01/P1M,9,,,
E10000031,Physical,All ages,2025-09-01/P1M,13,,,
E10000031,Physical,All ages,2025-10-01/P1M,11,,,
E10000031,Physical,All ages,2025-11-01/P1M,4,,,
E10000031,Physical,All ages,2025-12-01/P1M,6,,,
E10000031,Physical,All ages,2026-01-01/P1M,7,,,
E10000031,Physical,All ages,2026-02-01/P1M,9,,,
E10000031,Physical,All ages,2026-03-01/P1M,4,,,
E10000031,Digital,Under 12,2025-04-01/P1M,0,,,
E10000031,Digital,Under 12,2025-05-01/P1M,8,,,
E10000031,Digital,Under 12,2025-06-01/P1M,8,,,
E10000031,Digital,Under 12,2025-07-01/P1M,4,,,
E10000031,Digital,Under 12,2025-08-01/P1M,0,,,
E10000031,Digital,Under 12,2025-09-01/P1M,7,,,
E10000031,Digital,Under 12,2025-10-01/P1M,6,,,
E10000031,Digital,Under 12,2025-11-01/P1M,10,,,
E10000031,Digital,Under 12,2025-12-01/P1M,6,,,
E10000031,Digital,Under 12,2026-01-01/P1M,6,,,
E10000031,Digital,Under 12,2026-02-01/P1M,8,,,
E10000031,Digital,Under 12,2026-03-01/P1M,11,,,
E10000031,Digital,12-17,2025-04-01/P1M,5,,,
E10000031,Digital,12-17,2025-05-01/P1M,7,,,
E10000031,Digital,12-17,2025-06-01/P1M,12,,,
E10000031,Digital,12-17,2025-07-01/P1M,1,,,
E10000031,Digital,12-17,2025-08-01/P1M,4,,,
E10000031,Digital,12-17,2025-09-01/P1M,6,,,
E10000031,Digital,12-17,2025-10-01/P1M,0,,,
E10000031,Digital,12-17,2025-11-01/P1M,1,,,
E10000031,Digital,12-17,2025-12-01/P1M,0,,,
E10000031,Digital,12-17,2026-01-01/P1M,0,,,
E10000031,Digital,12-17,2026-02-01/P1M,3,,,
E10000031,Digital,12-17,2026-03-01/P1M,5,,,
E10000031,Digital,Adult,2025-04-01/P1M,3,,,
E10000031,Digital,Adult,2025-05-01/P1M,8,,,
E10000031,Digital,Adult,2025-06-01/P1M,1,,,
E10000031,Digital,Adult,2025-07-01/P1M,1,,,
E10000031,Digital,Adult,2025-08-01/P1M,0,,,
E10000031,Digital,Adult,2025-09-01/P1M,2,,,
E10000031,Digital,Adult,2025-10-01/P1M,6,,,
E10000031,Digital,Adult,2025-11-01/P1M,1,,,
E10000031,Digital,Adult,2025-12-01/P1M,2,,,
E10000031,Digital,Adult,2026-01-01/P1M,5,,,
E10000031,Digital,Adult,2026-02-01/P1M,2,,,
E10000031,Digital,Adult,2026-03-01/P1M,4,,,
E10000031,Digital,All ages,2025-04-01/P1M,3,,,
E10000031,Digital,All ages,2025-05-01/P1M,4,,,
E10000031,Digital,All ages,2025-06-01/P1M,6,,,
E10000031,Digital,All ages,2025-07-01/P1M,1,,,
E10000031,Digital,All ages,2025-08-01/P1M,1,,,
E10000031,Digital,All ages,2025-09-01/P1M,5,,,
E10000031,Digital,All ages,2025-10-01/P1M,0,,,
E10000031,Digital,All ages,2025-11-01/P1M,0,,,
E10000031,Digital,All ages,2025-12-01/P1M,0,,,
E10000031,Digital,All ages,2026-01-01/P1M,0,,,
E10000031,Digital,All ages,2026-02-01/P1M,0,,,
E10000031,Digital,All ages,2026-03-01/P1M,0,,,
E06000037,Physical,Under 12,2025-04-01/P1M,77,,suspicious,"Source audit: total_physical_events: Annual: reported total 3,070; category sum 9,510; difference -6,440. Categories exceed total; check duplication, scope and reporting frequency. Event audiences may overlap. Values retained as reported pending source confirmation."
E06000037,Physical,Under 12,2025-05-01/P1M,89,,suspicious,"Source audit: total_physical_events: Annual: reported total 3,070; category sum 9,510; difference -6,440. Categories exceed total; check duplication, scope and reporting frequency. Event audiences may overlap. Values retained as reported pending source confirmation."
E06000037,Physical,Under 12,2025-06-01/P1M,86,,suspicious,"Source audit: total_physical_events: Annual: reported total 3,070; category sum 9,510; difference -6,440. Categories exceed total; check duplication, scope and reporting frequency. Event audiences may overlap. Values retained as reported pending source confirmation."
E06000037,Physical,Under 12,2025-07-01/P1M,87,,suspicious,"Source audit: total_physical_events: Annual: reported total 3,070; category sum 9,510; difference -6,440. Categories exceed total; check duplication, scope and reporting frequency. Event audiences may overlap. Values retained as reported pending source confirmation."
E06000037,Physical,Under 12,2025-08-01/P1M,119,,suspicious,"Source audit: total_physical_events: Annual: reported total 3,070; category sum 9,510; difference -6,440. Categories exceed total; check duplication, scope and reporting frequency. Event audiences may overlap. Values retained as reported pending source confirmation."
E06000037,Physical,Under 12,2025-09-01/P1M,102,,suspicious,"Source audit: total_physical_events: Annual: reported total 3,070; category sum 9,510; difference -6,440. Categories exceed total; check duplication, scope and reporting frequency. Event audiences may overlap. Values retained as reported pending source confirmation."
E06000037,Physical,Under 12,2025-10-01/P1M,94,,suspicious,"Source audit: total_physical_events: Annual: reported total 3,070; category sum 9,510; difference -6,440. Categories exceed total; check duplication, scope and reporting frequency. Event audiences may overlap. Values retained as reported pending source confirmation."
E06000037,Physical,Under 12,2025-11-01/P1M,88,,suspicious,"Source audit: total_physical_events: Annual: reported total 3,070; category sum 9,510; difference -6,440. Categories exceed total; check duplication, scope and reporting frequency. Event audiences may overlap. Values retained as reported pending source confirmation."
E06000037,Physical,Under 12,2025-12-01/P1M,69,,suspicious,"Source audit: total_physical_events: Annual: reported total 3,070; category sum 9,510; difference -6,440. Categories exceed total; check duplication, scope and reporting frequency. Event audiences may overlap. Values retained as reported pending source confirmation."
E06000037,Physical,Under 12,2026-01-01/P1M,76,,suspicious,"Source audit: total_physical_events: Annual: reported total 3,070; category sum 9,510; difference -6,440. Categories exceed total; check duplication, scope and reporting frequency. Event audiences may overlap. Values retained as reported pending source confirmation."
E06000037,Physical,Under 12,2026-02-01/P1M,78,,suspicious,"Source audit: total_physical_events: Annual: reported total 3,070; category sum 9,510; difference -6,440. Categories exceed total; check duplication, scope and reporting frequency. Event audiences may overlap. Values retained as reported pending source confirmation."
E06000037,Physical,Under 12,2026-03-01/P1M,85,,suspicious,"Source audit: total_physical_events: Annual: reported total 3,070; category sum 9,510; difference -6,440. Categories exceed total; check duplication, scope and reporting frequency. Event audiences may overlap. Values retained as reported pending source confirmation."
E06000037,Physical,12-17,2025-04-01/P1M,7,,suspicious,"Source audit: total_physical_events: Annual: reported total 3,070; category sum 9,510; difference -6,440. Categories exceed total; check duplication, scope and reporting frequency. Event audiences may overlap. Values retained as reported pending source confirmation."
E06000037,Physical,12-17,2025-05-01/P1M,7,,suspicious,"Source audit: total_physical_events: Annual: reported total 3,070; category sum 9,510; difference -6,440. Categories exceed total; check duplication, scope and reporting frequency. Event audiences may overlap. Values retained as reported pending source confirmation."
E06000037,Physical,12-17,2025-06-01/P1M,10,,suspicious,"Source audit: total_physical_events: Annual: reported total 3,070; category sum 9,510; difference -6,440. Categories exceed total; check duplication, scope and reporting frequency. Event audiences may overlap. Values retained as reported pending source confirmation."
E06000037,Physical,12-17,2025-07-01/P1M,8,,suspicious,"Source audit: total_physical_events: Annual: reported total 3,070; category sum 9,510; difference -6,440. Categories exceed total; check duplication, scope and reporting frequency. Event audiences may overlap. Values retained as reported pending source confirmation."
E06000037,Physical,12-17,2025-08-01/P1M,3,,suspicious,"Source audit: total_physical_events: Annual: reported total 3,070; category sum 9,510; difference -6,440. Categories exceed total; check duplication, scope and reporting frequency. Event audiences may overlap. Values retained as reported pending source confirmation."
E06000037,Physical,12-17,2025-09-01/P1M,9,,suspicious,"Source audit: total_physical_events: Annual: reported total 3,070; category sum 9,510; difference -6,440. Categories exceed total; check duplication, scope and reporting frequency. Event audiences may overlap. Values retained as reported pending source confirmation."
E06000037,Physical,12-17,2025-10-01/P1M,10,,suspicious,"Source audit: total_physical_events: Annual: reported total 3,070; category sum 9,510; difference -6,440. Categories exceed total; check duplication, scope and reporting frequency. Event audiences may overlap. Values retained as reported pending source confirmation."
E06000037,Physical,12-17,2025-11-01/P1M,13,,suspicious,"Source audit: total_physical_events: Annual: reported total 3,070; category sum 9,510; difference -6,440. Categories exceed total; check duplication, scope and reporting frequency. Event audiences may overlap. Values retained as reported pending source confirmation."
E06000037,Physical,12-17,2025-12-01/P1M,7,,suspicious,"Source audit: total_physical_events: Annual: reported total 3,070; category sum 9,510; difference -6,440. Categories exceed total; check duplication, scope and reporting frequency. Event audiences may overlap. Values retained as reported pending source confirmation."
E06000037,Physical,12-17,2026-01-01/P1M,11,,suspicious,"Source audit: total_physical_events: Annual: reported total 3,070; category sum 9,510; difference -6,440. Categories exceed total; check duplication, scope and reporting frequency. Event audiences may overlap. Values retained as reported pending source confirmation."
E06000037,Physical,12-17,2026-02-01/P1M,15,,suspicious,"Source audit: total_physical_events: Annual: reported total 3,070; category sum 9,510; difference -6,440. Categories exceed total; check duplication, scope and reporting frequency. Event audiences may overlap. Values retained as reported pending source confirmation."
E06000037,Physical,12-17,2026-03-01/P1M,20,,suspicious,"Source audit: total_physical_events: Annual: reported total 3,070; category sum 9,510; difference -6,440. Categories exceed total; check duplication, scope and reporting frequency. Event audiences may overlap. Values retained as reported pending source confirmation."
E06000037,Physical,Adult,2025-04-01/P1M,157,,suspicious,"Source audit: total_physical_events: Annual: reported total 3,070; category sum 9,510; difference -6,440. Categories exceed total; check duplication, scope and reporting frequency. Event audiences may overlap. Values retained as reported pending source confirmation."
E06000037,Physical,Adult,2025-05-01/P1M,159,,suspicious,"Source audit: total_physical_events: Annual: reported total 3,070; category sum 9,510; difference -6,440. Categories exceed total; check duplication, scope and reporting frequency. Event audiences may overlap. Values retained as reported pending source confirmation."
E06000037,Physical,Adult,2025-06-01/P1M,162,,suspicious,"Source audit: total_physical_events: Annual: reported total 3,070; category sum 9,510; difference -6,440. Categories exceed total; check duplication, scope and reporting frequency. Event audiences may overlap. Values retained as reported pending source confirmation."
E06000037,Physical,Adult,2025-07-01/P1M,167,,suspicious,"Source audit: total_physical_events: Annual: reported total 3,070; category sum 9,510; difference -6,440. Categories exceed total; check duplication, scope and reporting frequency. Event audiences may overlap. Values retained as reported pending source confirmation."
E06000037,Physical,Adult,2025-08-01/P1M,126,,suspicious,"Source audit: total_physical_events: Annual: reported total 3,070; category sum 9,510; difference -6,440. Categories exceed total; check duplication, scope and reporting frequency. Event audiences may overlap. Values retained as reported pending source confirmation."
E06000037,Physical,Adult,2025-09-01/P1M,147,,suspicious,"Source audit: total_physical_events: Annual: reported total 3,070; category sum 9,510; difference -6,440. Categories exceed total; check duplication, scope and reporting frequency. Event audiences may overlap. Values retained as reported pending source confirmation."
E06000037,Physical,Adult,2025-10-01/P1M,168,,suspicious,"Source audit: total_physical_events: Annual: reported total 3,070; category sum 9,510; difference -6,440. Categories exceed total; check duplication, scope and reporting frequency. Event audiences may overlap. Values retained as reported pending source confirmation."
E06000037,Physical,Adult,2025-11-01/P1M,155,,suspicious,"Source audit: total_physical_events: Annual: reported total 3,070; category sum 9,510; difference -6,440. Categories exceed total; check duplication, scope and reporting frequency. Event audiences may overlap. Values retained as reported pending source confirmation."
E06000037,Physical,Adult,2025-12-01/P1M,139,,suspicious,"Source audit: total_physical_events: Annual: reported total 3,070; category sum 9,510; difference -6,440. Categories exceed total; check duplication, scope and reporting frequency. Event audiences may overlap. Values retained as reported pending source confirmation."
E06000037,Physical,Adult,2026-01-01/P1M,158,,suspicious,"Source audit: total_physical_events: Annual: reported total 3,070; category sum 9,510; difference -6,440. Categories exceed total; check duplication, scope and reporting frequency. Event audiences may overlap. Values retained as reported pending source confirmation."
E06000037,Physical,Adult,2026-02-01/P1M,190,,suspicious,"Source audit: total_physical_events: Annual: reported total 3,070; category sum 9,510; difference -6,440. Categories exceed total; check duplication, scope and reporting frequency. Event audiences may overlap. Values retained as reported pending source confirmation."
E06000037,Physical,Adult,2026-03-01/P1M,172,,suspicious,"Source audit: total_physical_events: Annual: reported total 3,070; category sum 9,510; difference -6,440. Categories exceed total; check duplication, scope and reporting frequency. Event audiences may overlap. Values retained as reported pending source confirmation."
E06000037,Physical,All ages,2025-04-01/P1M,782,,suspicious,"Source audit: total_physical_events: Annual: reported total 3,070; category sum 9,510; difference -6,440. Categories exceed total; check duplication, scope and reporting frequency. Event audiences may overlap. Values retained as reported pending source confirmation."
E06000037,Physical,All ages,2025-05-01/P1M,510,,suspicious,"Source audit: total_physical_events: Annual: reported total 3,070; category sum 9,510; difference -6,440. Categories exceed total; check duplication, scope and reporting frequency. Event audiences may overlap. Values retained as reported pending source confirmation."
E06000037,Physical,All ages,2025-06-01/P1M,516,,suspicious,"Source audit: total_physical_events: Annual: reported total 3,070; category sum 9,510; difference -6,440. Categories exceed total; check duplication, scope and reporting frequency. Event audiences may overlap. Values retained as reported pending source confirmation."
E06000037,Physical,All ages,2025-07-01/P1M,524,,suspicious,"Source audit: total_physical_events: Annual: reported total 3,070; category sum 9,510; difference -6,440. Categories exceed total; check duplication, scope and reporting frequency. Event audiences may overlap. Values retained as reported pending source confirmation."
E06000037,Physical,All ages,2025-08-01/P1M,496,,suspicious,"Source audit: total_physical_events: Annual: reported total 3,070; category sum 9,510; difference -6,440. Categories exceed total; check duplication, scope and reporting frequency. Event audiences may overlap. Values retained as reported pending source confirmation."
E06000037,Physical,All ages,2025-09-01/P1M,516,,suspicious,"Source audit: total_physical_events: Annual: reported total 3,070; category sum 9,510; difference -6,440. Categories exceed total; check duplication, scope and reporting frequency. Event audiences may overlap. Values retained as reported pending source confirmation."
E06000037,Physical,All ages,2025-10-01/P1M,544,,suspicious,"Source audit: total_physical_events: Annual: reported total 3,070; category sum 9,510; difference -6,440. Categories exceed total; check duplication, scope and reporting frequency. Event audiences may overlap. Values retained as reported pending source confirmation."
E06000037,Physical,All ages,2025-11-01/P1M,512,,suspicious,"Source audit: total_physical_events: Annual: reported total 3,070; category sum 9,510; difference -6,440. Categories exceed total; check duplication, scope and reporting frequency. Event audiences may overlap. Values retained as reported pending source confirmation."
E06000037,Physical,All ages,2025-12-01/P1M,430,,suspicious,"Source audit: total_physical_events: Annual: reported total 3,070; category sum 9,510; difference -6,440. Categories exceed total; check duplication, scope and reporting frequency. Event audiences may overlap. Values retained as reported pending source confirmation."
E06000037,Physical,All ages,2026-01-01/P1M,490,,suspicious,"Source audit: total_physical_events: Annual: reported total 3,070; category sum 9,510; difference -6,440. Categories exceed total; check duplication, scope and reporting frequency. Event audiences may overlap. Values retained as reported pending source confirmation."
E06000037,Physical,All ages,2026-02-01/P1M,566,,suspicious,"Source audit: total_physical_events: Annual: reported total 3,070; category sum 9,510; difference -6,440. Categories exceed total; check duplication, scope and reporting frequency. Event audiences may overlap. Values retained as reported pending source confirmation."
E06000037,Physical,All ages,2026-03-01/P1M,554,,suspicious,"Source audit: total_physical_events: Annual: reported total 3,070; category sum 9,510; difference -6,440. Categories exceed total; check duplication, scope and reporting frequency. Event audiences may overlap. Values retained as reported pending source confirmation."
E06000037,Digital,Unknown,2025-04-01/P1Y,0,,,
E06000037,Digital,Under 12,2025-04-01/P1Y,0,,,
E06000037,Digital,12-17,2025-04-01/P1Y,0,,,
E06000037,Digital,Adult,2025-04-01/P1Y,0,,,
E06000037,Digital,All ages,2025-04-01/P1Y,0,,,
E06000062,Physical,Under 12,2025-04-01/P1M,159,,,
E06000062,Physical,Under 12,2025-05-01/P1M,231,,,
E06000062,Physical,Under 12,2025-06-01/P1M,277,,,
E06000062,Physical,Under 12,2025-07-01/P1M,325,,,
E06000062,Physical,Under 12,2025-08-01/P1M,321,,,
E06000062,Physical,Under 12,2025-09-01/P1M,277,,,
E06000062,Physical,Under 12,2025-10-01/P1M,231,,,
E06000062,Physical,Under 12,2025-11-01/P1M,208,,,
E06000062,Physical,Under 12,2025-12-01/P1M,184,,,
E06000062,Physical,Under 12,2026-01-01/P1M,161,,,
E06000062,Physical,Under 12,2026-02-01/P1M,161,,,
E06000062,Physical,Under 12,2026-03-01/P1M,208,,,
E06000062,Physical,12-17,2025-04-01/P1M,27,,,
E06000062,Physical,12-17,2025-05-01/P1M,39,,,
E06000062,Physical,12-17,2025-06-01/P1M,47,,,
E06000062,Physical,12-17,2025-07-01/P1M,55,,,
E06000062,Physical,12-17,2025-08-01/P1M,55,,,
E06000062,Physical,12-17,2025-09-01/P1M,47,,,
E06000062,Physical,12-17,2025-10-01/P1M,39,,,
E06000062,Physical,12-17,2025-11-01/P1M,35,,,
E06000062,Physical,12-17,2025-12-01/P1M,31,,,
E06000062,Physical,12-17,2026-01-01/P1M,27,,,
E06000062,Physical,12-17,2026-02-01/P1M,27,,,
E06000062,Physical,12-17,2026-03-01/P1M,35,,,
E06000062,Physical,Adult,2025-04-01/P1M,127,,,
E06000062,Physical,Adult,2025-05-01/P1M,184,,,
E06000062,Physical,Adult,2025-06-01/P1M,221,,,
E06000062,Physical,Adult,2025-07-01/P1M,256,,,
E06000062,Physical,Adult,2025-08-01/P1M,258,,,
E06000062,Physical,Adult,2025-09-01/P1M,221,,,
E06000062,Physical,Adult,2025-10-01/P1M,180,,,
E06000062,Physical,Adult,2025-11-01/P1M,166,,,
E06000062,Physical,Adult,2025-12-01/P1M,147,,,
E06000062,Physical,Adult,2026-01-01/P1M,127,,,
E06000062,Physical,Adult,2026-02-01/P1M,131,,,
E06000062,Physical,Adult,2026-03-01/P1M,166,,,
E06000062,Physical,All ages,2025-04-01/P1M,106,,,
E06000062,Physical,All ages,2025-05-01/P1M,154,,,
E06000062,Physical,All ages,2025-06-01/P1M,184,,,
E06000062,Physical,All ages,2025-07-01/P1M,217,,,
E06000062,Physical,All ages,2025-08-01/P1M,215,,,
E06000062,Physical,All ages,2025-09-01/P1M,184,,,
E06000062,Physical,All ages,2025-10-01/P1M,158,,,
E06000062,Physical,All ages,2025-11-01/P1M,138,,,
E06000062,Physical,All ages,2025-12-01/P1M,124,,,
E06000062,Physical,All ages,2026-01-01/P1M,108,,,
E06000062,Physical,All ages,2026-02-01/P1M,108,,,
E06000062,Physical,All ages,2026-03-01/P1M,139,,,
E06000062,Digital,Unknown,2025-04-01/P1Y,0,,,
E06000062,Digital,Under 12,2025-04-01/P1Y,0,,,
E06000062,Digital,12-17,2025-04-01/P1Y,0,,,
E06000062,Digital,Adult,2025-04-01/P1Y,0,,,
E06000062,Digital,All ages,2025-04-01/P1Y,0,,,
E10000032,Physical,Under 12,2025-04-01/P1M,466,,,
E10000032,Physical,Under 12,2025-05-01/P1M,515,,,
E10000032,Physical,Under 12,2025-06-01/P1M,521,,,
E10000032,Physical,Under 12,2025-07-01/P1M,635,,,
E10000032,Physical,Under 12,2025-08-01/P1M,512,,,
E10000032,Physical,Under 12,2025-09-01/P1M,497,,,
E10000032,Physical,Under 12,2025-10-01/P1M,528,,,
E10000032,Physical,Under 12,2025-11-01/P1M,498,,,
E10000032,Physical,Under 12,2025-12-01/P1M,454,,,
E10000032,Physical,Under 12,2026-01-01/P1M,460,,,
E10000032,Physical,Under 12,2026-02-01/P1M,518,,,
E10000032,Physical,Under 12,2026-03-01/P1M,584,,,
E10000032,Physical,12-17,2025-04-01/P1Y,0,,,
E10000032,Physical,Adult,2025-04-01/P1M,309,,,
E10000032,Physical,Adult,2025-05-01/P1M,293,,,
E10000032,Physical,Adult,2025-06-01/P1M,310,,,
E10000032,Physical,Adult,2025-07-01/P1M,318,,,
E10000032,Physical,Adult,2025-08-01/P1M,264,,,
E10000032,Physical,Adult,2025-09-01/P1M,336,,,
E10000032,Physical,Adult,2025-10-01/P1M,337,,,
E10000032,Physical,Adult,2025-11-01/P1M,329,,,
E10000032,Physical,Adult,2025-12-01/P1M,293,,,
E10000032,Physical,Adult,2026-01-01/P1M,267,,,
E10000032,Physical,Adult,2026-02-01/P1M,310,,,
E10000032,Physical,Adult,2026-03-01/P1M,335,,,
E10000032,Physical,All ages,2025-04-01/P1Y,0,,,
E10000032,Digital,Under 12,2025-04-01/P1Y,0,,,
E10000032,Digital,12-17,2025-04-01/P1Y,0,,,
E10000032,Digital,Adult,2025-04-01/P1Y,1,,,
E10000032,Digital,All ages,2025-04-01/P1Y,0,,,
E09000033,Physical,Unknown,2025-04-01/P1M,417,,,
E09000033,Physical,Unknown,2025-05-01/P1M,505,,,
E09000033,Physical,Unknown,2025-06-01/P1M,589,,,
E09000033,Physical,Unknown,2025-07-01/P1M,441,,,
E09000033,Physical,Unknown,2025-08-01/P1M,348,,,
E09000033,Physical,Unknown,2025-09-01/P1M,496,,,
E09000033,Physical,Unknown,2025-10-01/P1M,607,,,
E09000033,Physical,Unknown,2025-11-01/P1M,556,,,
E09000033,Physical,Unknown,2025-12-01/P1M,354,,,
E09000033,Physical,Unknown,2026-01-01/P1M,469,,,
E09000033,Physical,Unknown,2026-02-01/P1M,401,,,
E09000033,Physical,Unknown,2026-03-01/P1M,518,,,
E09000033,Physical,Under 12,2025-04-01/P1Y,0,,,
E09000033,Physical,12-17,2025-04-01/P1Y,0,,,
E09000033,Physical,Adult,2025-04-01/P1Y,0,,,
E09000033,Physical,All ages,2025-04-01/P1Y,0,,,
E09000033,Digital,Unknown,2025-04-01/P1Y,0,,,
E09000033,Digital,Under 12,2025-04-01/P1Y,0,,,
E09000033,Digital,12-17,2025-04-01/P1Y,0,,,
E09000033,Digital,Adult,2025-04-01/P1Y,0,,,
E09000033,Digital,All ages,2025-04-01/P1Y,0,,,
E06000064,Physical,Unknown,2025-04-01/P1M,283,,,
E06000064,Physical,Unknown,2025-05-01/P1M,311,,,
E06000064,Physical,Unknown,2025-06-01/P1M,305,,,
E06000064,Physical,Unknown,2025-07-01/P1M,348,,,
E06000064,Physical,Unknown,2025-08-01/P1M,311,,,
E06000064,Physical,Unknown,2025-09-01/P1M,275,,,
E06000064,Physical,Unknown,2025-10-01/P1M,343,,,
E06000064,Physical,Unknown,2025-11-01/P1M,321,,,
E06000064,Physical,Unknown,2025-12-01/P1M,247,,,
E06000064,Physical,Unknown,2026-01-01/P1M,311,,,
E06000064,Physical,Unknown,2026-02-01/P1M,329,,,
E06000064,Physical,Unknown,2026-03-01/P1M,349,,,
E06000064,Physical,Under 12,2025-04-01/P1Y,0,,,
E06000064,Physical,12-17,2025-04-01/P1Y,0,,,
E06000064,Physical,Adult,2025-04-01/P1Y,0,,,
E06000064,Physical,All ages,2025-04-01/P1Y,0,,,
E06000064,Digital,Unknown,2025-04-01/P1Y,0,,,
E06000064,Digital,Under 12,2025-04-01/P1Y,0,,,
E06000064,Digital,12-17,2025-04-01/P1Y,0,,,
E06000064,Digital,Adult,2025-04-01/P1Y,0,,,
E06000064,Digital,All ages,2025-04-01/P1Y,0,,,
E08000010,Physical,Under 12,2025-04-01/P1M,198,,,
E08000010,Physical,Under 12,2025-05-01/P1M,193,,,
E08000010,Physical,Under 12,2025-06-01/P1M,151,,,
E08000010,Physical,Under 12,2025-07-01/P1M,263,,,
E08000010,Physical,Under 12,2025-08-01/P1M,187,,,
E08000010,Physical,Under 12,2025-09-01/P1M,194,,,
E08000010,Physical,Under 12,2025-10-01/P1M,346,,,
E08000010,Physical,Under 12,2025-11-01/P1M,233,,,
E08000010,Physical,Under 12,2025-12-01/P1M,185,,,
E08000010,Physical,Under 12,2026-01-01/P1M,224,,,
E08000010,Physical,Under 12,2026-02-01/P1M,279,,,
E08000010,Physical,Under 12,2026-03-01/P1M,274,,,
E08000010,Physical,12-17,2025-04-01/P1M,10,,,
E08000010,Physical,12-17,2025-05-01/P1M,33,,,
E08000010,Physical,12-17,2025-06-01/P1M,20,,,
E08000010,Physical,12-17,2025-07-01/P1M,49,,,
E08000010,Physical,12-17,2025-08-01/P1M,12,,,
E08000010,Physical,12-17,2025-09-01/P1M,13,,,
E08000010,Physical,12-17,2025-10-01/P1M,15,,,
E08000010,Physical,12-17,2025-11-01/P1M,21,,,
E08000010,Physical,12-17,2025-12-01/P1M,7,,,
E08000010,Physical,12-17,2026-01-01/P1M,12,,,
E08000010,Physical,12-17,2026-02-01/P1M,12,,,
E08000010,Physical,12-17,2026-03-01/P1M,12,,,
E08000010,Physical,Adult,2025-04-01/P1M,446,,,
E08000010,Physical,Adult,2025-05-01/P1M,337,,,
E08000010,Physical,Adult,2025-06-01/P1M,394,,,
E08000010,Physical,Adult,2025-07-01/P1M,425,,,
E08000010,Physical,Adult,2025-08-01/P1M,338,,,
E08000010,Physical,Adult,2025-09-01/P1M,425,,,
E08000010,Physical,Adult,2025-10-01/P1M,427,,,
E08000010,Physical,Adult,2025-11-01/P1M,422,,,
E08000010,Physical,Adult,2025-12-01/P1M,392,,,
E08000010,Physical,Adult,2026-01-01/P1M,412,,,
E08000010,Physical,Adult,2026-02-01/P1M,391,,,
E08000010,Physical,Adult,2026-03-01/P1M,421,,,
E08000010,Physical,All ages,2025-04-01/P1M,176,,,
E08000010,Physical,All ages,2025-05-01/P1M,170,,,
E08000010,Physical,All ages,2025-06-01/P1M,176,,,
E08000010,Physical,All ages,2025-07-01/P1M,179,,,
E08000010,Physical,All ages,2025-08-01/P1M,175,,,
E08000010,Physical,All ages,2025-09-01/P1M,187,,,
E08000010,Physical,All ages,2025-10-01/P1M,216,,,
E08000010,Physical,All ages,2025-11-01/P1M,168,,,
E08000010,Physical,All ages,2025-12-01/P1M,191,,,
E08000010,Physical,All ages,2026-01-01/P1M,195,,,
E08000010,Physical,All ages,2026-02-01/P1M,224,,,
E08000010,Physical,All ages,2026-03-01/P1M,214,,,
E08000010,Digital,Under 12,2025-04-01/P1M,10,,,
E08000010,Digital,Under 12,2025-05-01/P1M,3,,,
E08000010,Digital,Under 12,2025-06-01/P1M,0,,,
E08000010,Digital,Under 12,2025-07-01/P1M,5,,,
E08000010,Digital,Under 12,2025-08-01/P1M,16,,,
E08000010,Digital,Under 12,2025-09-01/P1M,0,,,
E08000010,Digital,Under 12,2025-10-01/P1M,5,,,
E08000010,Digital,Under 12,2025-11-01/P1M,0,,,
E08000010,Digital,Under 12,2025-12-01/P1M,4,,,
E08000010,Digital,Under 12,2026-01-01/P1M,2,,,
E08000010,Digital,Under 12,2026-02-01/P1M,3,,,
E08000010,Digital,Under 12,2026-03-01/P1M,0,,,
E08000010,Digital,12-17,2025-04-01/P1Y,1,,,
E08000010,Digital,Adult,2025-04-01/P1M,15,,,
E08000010,Digital,Adult,2025-05-01/P1M,18,,,
E08000010,Digital,Adult,2025-06-01/P1M,31,,,
E08000010,Digital,Adult,2025-07-01/P1M,19,,,
E08000010,Digital,Adult,2025-08-01/P1M,18,,,
E08000010,Digital,Adult,2025-09-01/P1M,21,,,
E08000010,Digital,Adult,2025-10-01/P1M,25,,,
E08000010,Digital,Adult,2025-11-01/P1M,33,,,
E08000010,Digital,Adult,2025-12-01/P1M,9,,,
E08000010,Digital,Adult,2026-01-01/P1M,17,,,
E08000010,Digital,Adult,2026-02-01/P1M,21,,,
E08000010,Digital,Adult,2026-03-01/P1M,27,,,
E08000010,Digital,All ages,2025-04-01/P1M,0,,,
E08000010,Digital,All ages,2025-05-01/P1M,0,,,
E08000010,Digital,All ages,2025-06-01/P1M,2,,,
E08000010,Digital,All ages,2025-07-01/P1M,2,,,
E08000010,Digital,All ages,2025-08-01/P1M,0,,,
E08000010,Digital,All ages,2025-09-01/P1M,3,,,
E08000010,Digital,All ages,2025-10-01/P1M,2,,,
E08000010,Digital,All ages,2025-11-01/P1M,2,,,
E08000010,Digital,All ages,2025-12-01/P1M,0,,,
E08000010,Digital,All ages,2026-01-01/P1M,1,,,
E08000010,Digital,All ages,2026-02-01/P1M,2,,,
E08000010,Digital,All ages,2026-03-01/P1M,0,,,
E06000054,Physical,Under 12,2025-04-01/P1M,398,,,
E06000054,Physical,Under 12,2025-05-01/P1M,377,,,
E06000054,Physical,Under 12,2025-06-01/P1M,438,,,
E06000054,Physical,Under 12,2025-07-01/P1M,422,,,
E06000054,Physical,Under 12,2025-08-01/P1M,397,,,
E06000054,Physical,Under 12,2025-09-01/P1M,343,,,
E06000054,Physical,Under 12,2025-10-01/P1M,409,,,
E06000054,Physical,Under 12,2025-11-01/P1M,362,,,
E06000054,Physical,Under 12,2025-12-01/P1M,301,,,
E06000054,Physical,Under 12,2026-01-01/P1M,387,,,
E06000054,Physical,Under 12,2026-02-01/P1M,399,,,
E06000054,Physical,Under 12,2026-03-01/P1M,430,,,
E06000054,Physical,12-17,2025-04-01/P1M,6,,,
E06000054,Physical,12-17,2025-05-01/P1M,5,,,
E06000054,Physical,12-17,2025-06-01/P1M,5,,,
E06000054,Physical,12-17,2025-07-01/P1M,4,,,
E06000054,Physical,12-17,2025-08-01/P1M,6,,,
E06000054,Physical,12-17,2025-09-01/P1M,7,,,
E06000054,Physical,12-17,2025-10-01/P1M,6,,,
E06000054,Physical,12-17,2025-11-01/P1M,3,,,
E06000054,Physical,12-17,2025-12-01/P1M,6,,,
E06000054,Physical,12-17,2026-01-01/P1M,12,,,
E06000054,Physical,12-17,2026-02-01/P1M,17,,,
E06000054,Physical,12-17,2026-03-01/P1M,21,,,
E06000054,Physical,Adult,2025-04-01/P1M,326,,,
E06000054,Physical,Adult,2025-05-01/P1M,337,,,
E06000054,Physical,Adult,2025-06-01/P1M,340,,,
E06000054,Physical,Adult,2025-07-01/P1M,370,,,
E06000054,Physical,Adult,2025-08-01/P1M,279,,,
E06000054,Physical,Adult,2025-09-01/P1M,363,,,
E06000054,Physical,Adult,2025-10-01/P1M,277,,,
E06000054,Physical,Adult,2025-11-01/P1M,366,,,
E06000054,Physical,Adult,2025-12-01/P1M,253,,,
E06000054,Physical,Adult,2026-01-01/P1M,343,,,
E06000054,Physical,Adult,2026-02-01/P1M,318,,,
E06000054,Physical,Adult,2026-03-01/P1M,328,,,
E06000054,Physical,All ages,2025-04-01/P1M,27,,,
E06000054,Physical,All ages,2025-05-01/P1M,30,,,
E06000054,Physical,All ages,2025-06-01/P1M,15,,,
E06000054,Physical,All ages,2025-07-01/P1M,24,,,
E06000054,Physical,All ages,2025-08-01/P1M,13,,,
E06000054,Physical,All ages,2025-09-01/P1M,23,,,
E06000054,Physical,All ages,2025-10-01/P1M,105,,,
E06000054,Physical,All ages,2025-11-01/P1M,13,,,
E06000054,Physical,All ages,2025-12-01/P1M,15,,,
E06000054,Physical,All ages,2026-01-01/P1M,26,,,
E06000054,Physical,All ages,2026-02-01/P1M,40,,,
E06000054,Physical,All ages,2026-03-01/P1M,69,,,
E06000054,Digital,Unknown,2025-04-01/P1Y,0,,,
E06000054,Digital,Under 12,2025-04-01/P1Y,0,,,
E06000054,Digital,12-17,2025-04-01/P1Y,0,,,
E06000054,Digital,Adult,2025-04-01/P1Y,0,,,
E06000054,Digital,All ages,2025-04-01/P1Y,0,,,
E06000040,Physical,Unknown,2025-04-01/P1M,177,,,
E06000040,Physical,Unknown,2025-05-01/P1M,198,,,
E06000040,Physical,Unknown,2025-06-01/P1M,186,,,
E06000040,Physical,Unknown,2025-07-01/P1M,186,,,
E06000040,Physical,Unknown,2025-08-01/P1M,161,,,
E06000040,Physical,Unknown,2025-09-01/P1M,144,,,
E06000040,Physical,Unknown,2025-10-01/P1M,201,,,
E06000040,Physical,Unknown,2025-11-01/P1M,211,,,
E06000040,Physical,Unknown,2025-12-01/P1M,153,,,
E06000040,Physical,Unknown,2026-01-01/P1M,161,,,
E06000040,Physical,Unknown,2026-02-01/P1M,172,,,
E06000040,Physical,Unknown,2026-03-01/P1M,209,,,
E06000040,Physical,Under 12,2025-04-01/P1Y,0,,,
E06000040,Physical,12-17,2025-04-01/P1Y,0,,,
E06000040,Physical,Adult,2025-04-01/P1Y,0,,,
E06000040,Physical,All ages,2025-04-01/P1Y,0,,,
E06000040,Digital,Unknown,2025-04-01/P1Y,0,,,
E06000040,Digital,Under 12,2025-04-01/P1Y,0,,,
E06000040,Digital,12-17,2025-04-01/P1Y,0,,,
E06000040,Digital,Adult,2025-04-01/P1Y,0,,,
E06000040,Digital,All ages,2025-04-01/P1Y,0,,,
E08000015,Physical,Under 12,2025-04-01/P1M,116,,,
E08000015,Physical,Under 12,2025-05-01/P1M,113,,,
E08000015,Physical,Under 12,2025-06-01/P1M,139,,,
E08000015,Physical,Under 12,2025-07-01/P1M,139,,,
E08000015,Physical,Under 12,2025-08-01/P1M,107,,,
E08000015,Physical,Under 12,2025-09-01/P1M,97,,,
E08000015,Physical,Under 12,2025-10-01/P1M,126,,,
E08000015,Physical,Under 12,2025-11-01/P1M,139,,,
E08000015,Physical,Under 12,2025-12-01/P1M,80,,,
E08000015,Physical,Under 12,2026-01-01/P1M,122,,,
E08000015,Physical,Under 12,2026-02-01/P1M,132,,,
E08000015,Physical,Under 12,2026-03-01/P1M,141,,,
E08000015,Physical,12-17,2025-04-01/P1Y,0,,,
E08000015,Physical,Adult,2025-04-01/P1M,19,,,
E08000015,Physical,Adult,2025-05-01/P1M,17,,,
E08000015,Physical,Adult,2025-06-01/P1M,27,,,
E08000015,Physical,Adult,2025-07-01/P1M,17,,,
E08000015,Physical,Adult,2025-08-01/P1M,10,,,
E08000015,Physical,Adult,2025-09-01/P1M,17,,,
E08000015,Physical,Adult,2025-10-01/P1M,25,,,
E08000015,Physical,Adult,2025-11-01/P1M,18,,,
E08000015,Physical,Adult,2025-12-01/P1M,17,,,
E08000015,Physical,Adult,2026-01-01/P1M,11,,,
E08000015,Physical,Adult,2026-02-01/P1M,24,,,
E08000015,Physical,Adult,2026-03-01/P1M,23,,,
E08000015,Physical,All ages,2025-04-01/P1M,0,,,
E08000015,Physical,All ages,2025-05-01/P1M,1,,,
E08000015,Physical,All ages,2025-06-01/P1M,1,,,
E08000015,Physical,All ages,2025-07-01/P1M,2,,,
E08000015,Physical,All ages,2025-08-01/P1M,3,,,
E08000015,Physical,All ages,2025-09-01/P1M,2,,,
E08000015,Physical,All ages,2025-10-01/P1M,3,,,
E08000015,Physical,All ages,2025-11-01/P1M,1,,,
E08000015,Physical,All ages,2025-12-01/P1M,1,,,
E08000015,Physical,All ages,2026-01-01/P1M,1,,,
E08000015,Physical,All ages,2026-02-01/P1M,8,,,
E08000015,Physical,All ages,2026-03-01/P1M,2,,,
E08000015,Digital,Under 12,2025-04-01/P1Y,0,,,
E08000015,Digital,12-17,2025-04-01/P1Y,0,,,
E08000015,Digital,Adult,2025-04-01/P1M,1,,,
E08000015,Digital,Adult,2025-05-01/P1M,1,,,
E08000015,Digital,Adult,2025-06-01/P1M,1,,,
E08000015,Digital,Adult,2025-07-01/P1M,1,,,
E08000015,Digital,Adult,2025-08-01/P1M,1,,,
E08000015,Digital,Adult,2025-09-01/P1M,1,,,
E08000015,Digital,Adult,2025-10-01/P1M,1,,,
E08000015,Digital,Adult,2025-11-01/P1M,1,,,
E08000015,Digital,Adult,2025-12-01/P1M,1,,,
E08000015,Digital,Adult,2026-01-01/P1M,1,,,
E08000015,Digital,Adult,2026-02-01/P1M,1,,,
E08000015,Digital,Adult,2026-03-01/P1M,1,,,
E08000015,Digital,All ages,2025-04-01/P1Y,0,,,
E10000034,Physical,Unknown,2025-04-01/P1M,752,,,
E10000034,Physical,Unknown,2025-05-01/P1M,784,,,
E10000034,Physical,Unknown,2025-06-01/P1M,827,,,
E10000034,Physical,Unknown,2025-07-01/P1M,860,,,
E10000034,Physical,Unknown,2025-08-01/P1M,783,,,
E10000034,Physical,Unknown,2025-09-01/P1M,705,,,
E10000034,Physical,Unknown,2025-10-01/P1M,871,,,
E10000034,Physical,Unknown,2025-11-01/P1M,836,,,
E10000034,Physical,Unknown,2025-12-01/P1M,732,,,
E10000034,Physical,Unknown,2026-01-01/P1M,787,,,
E10000034,Physical,Unknown,2026-02-01/P1M,834,,,
E10000034,Physical,Unknown,2026-03-01/P1M,862,,,
E10000034,Physical,Under 12,2025-04-01/P1Y,0,,,
E10000034,Physical,12-17,2025-04-01/P1Y,0,,,
E10000034,Physical,Adult,2025-04-01/P1Y,0,,,
E10000034,Physical,All ages,2025-04-01/P1Y,0,,,
E10000034,Digital,Unknown,2025-04-01/P1Y,0,,,
E10000034,Digital,Under 12,2025-04-01/P1Y,0,,,
E10000034,Digital,12-17,2025-04-01/P1Y,0,,,
E10000034,Digital,Adult,2025-04-01/P1Y,0,,,
E10000034,Digital,All ages,2025-04-01/P1Y,0,,,
E06000014,Physical,Under 12,2025-04-01/P1M,185,,,
E06000014,Physical,Under 12,2025-05-01/P1M,210,,,
E06000014,Physical,Under 12,2025-06-01/P1M,181,,,
E06000014,Physical,Under 12,2025-07-01/P1M,197,,,
E06000014,Physical,Under 12,2025-08-01/P1M,239,,,
E06000014,Physical,Under 12,2025-09-01/P1M,191,,,
E06000014,Physical,Under 12,2025-10-01/P1M,186,,,
E06000014,Physical,Under 12,2025-11-01/P1M,171,,,
E06000014,Physical,Under 12,2025-12-01/P1M,151,,,
E06000014,Physical,Under 12,2026-01-01/P1M,212,,,
E06000014,Physical,Under 12,2026-02-01/P1M,209,,,
E06000014,Physical,Under 12,2026-03-01/P1M,203,,,
E06000014,Physical,12-17,2025-04-01/P1M,2,,,
E06000014,Physical,12-17,2025-05-01/P1M,2,,,
E06000014,Physical,12-17,2025-06-01/P1M,9,,,
E06000014,Physical,12-17,2025-07-01/P1M,1,,,
E06000014,Physical,12-17,2025-08-01/P1M,5,,,
E06000014,Physical,12-17,2025-09-01/P1M,0,,,
E06000014,Physical,12-17,2025-10-01/P1M,0,,,
E06000014,Physical,12-17,2025-11-01/P1M,2,,,
E06000014,Physical,12-17,2025-12-01/P1M,0,,,
E06000014,Physical,12-17,2026-01-01/P1M,6,,,
E06000014,Physical,12-17,2026-02-01/P1M,1,,,
E06000014,Physical,12-17,2026-03-01/P1M,1,,,
E06000014,Physical,Adult,2025-04-01/P1M,110,,,
E06000014,Physical,Adult,2025-05-01/P1M,117,,,
E06000014,Physical,Adult,2025-06-01/P1M,118,,,
E06000014,Physical,Adult,2025-07-01/P1M,119,,,
E06000014,Physical,Adult,2025-08-01/P1M,95,,,
E06000014,Physical,Adult,2025-09-01/P1M,95,,,
E06000014,Physical,Adult,2025-10-01/P1M,93,,,
E06000014,Physical,Adult,2025-11-01/P1M,86,,,
E06000014,Physical,Adult,2025-12-01/P1M,77,,,
E06000014,Physical,Adult,2026-01-01/P1M,98,,,
E06000014,Physical,Adult,2026-02-01/P1M,107,,,
E06000014,Physical,Adult,2026-03-01/P1M,108,,,
E06000014,Physical,All ages,2025-04-01/P1Y,0,,,
E06000014,Digital,Under 12,2025-04-01/P1Y,0,,,
E06000014,Digital,12-17,2025-04-01/P1Y,0,,,
E06000014,Digital,Adult,2025-04-01/P1M,1,,,
E06000014,Digital,Adult,2025-05-01/P1M,1,,,
E06000014,Digital,Adult,2025-06-01/P1M,1,,,
E06000014,Digital,Adult,2025-07-01/P1M,0,,,
E06000014,Digital,Adult,2025-08-01/P1M,0,,,
E06000014,Digital,Adult,2025-09-01/P1M,0,,,
E06000014,Digital,Adult,2025-10-01/P1M,0,,,
E06000014,Digital,Adult,2025-11-01/P1M,0,,,
E06000014,Digital,Adult,2025-12-01/P1M,0,,,
E06000014,Digital,Adult,2026-01-01/P1M,1,,,
E06000014,Digital,Adult,2026-02-01/P1M,1,,,
E06000014,Digital,Adult,2026-03-01/P1M,0,,,
E06000014,Digital,All ages,2025-04-01/P1Y,0,,,
E09000006,Physical,Under 12,2025-04-01/P1M,214,,,
E09000006,Physical,Under 12,2025-05-01/P1M,257,,,
E09000006,Physical,Under 12,2025-06-01/P1M,247,,,
E09000006,Physical,Under 12,2025-07-01/P1M,285,,,
E09000006,Physical,Under 12,2025-08-01/P1M,138,,,
E09000006,Physical,Under 12,2025-09-01/P1M,238,,,
E09000006,Physical,Under 12,2025-10-01/P1M,410,,,
E09000006,Physical,Under 12,2025-11-01/P1M,301,,,
E09000006,Physical,Under 12,2025-12-01/P1M,371,,,
E09000006,Physical,Under 12,2026-01-01/P1M,293,,,
E09000006,Physical,Under 12,2026-02-01/P1M,275,,,
E09000006,Physical,Under 12,2026-03-01/P1M,319,,,
E09000006,Physical,12-17,2025-04-01/P1Y,0,,,
E09000006,Physical,Adult,2025-04-01/P1M,124,,,
E09000006,Physical,Adult,2025-05-01/P1M,123,,,
E09000006,Physical,Adult,2025-06-01/P1M,136,,,
E09000006,Physical,Adult,2025-07-01/P1M,136,,,
E09000006,Physical,Adult,2025-08-01/P1M,138,,,
E09000006,Physical,Adult,2025-09-01/P1M,159,,,
E09000006,Physical,Adult,2025-10-01/P1M,170,,,
E09000006,Physical,Adult,2025-11-01/P1M,162,,,
E09000006,Physical,Adult,2025-12-01/P1M,127,,,
E09000006,Physical,Adult,2026-01-01/P1M,179,,,
E09000006,Physical,Adult,2026-02-01/P1M,163,,,
E09000006,Physical,Adult,2026-03-01/P1M,165,,,
E09000006,Physical,All ages,2025-04-01/P1Y,0,,,
E09000006,Digital,Under 12,2025-04-01/P1Y,4,,,
E09000006,Digital,12-17,2025-04-01/P1Y,0,,,
E09000006,Digital,Adult,2025-04-01/P1Y,0,,,
E09000006,Digital,All ages,2025-04-01/P1Y,0,,,
E06000022,Physical,Under 12,2025-04-01/P1M,44,,,
E06000022,Physical,Under 12,2025-05-01/P1M,53,,,
E06000022,Physical,Under 12,2025-06-01/P1M,69,,,
E06000022,Physical,Under 12,2025-07-01/P1M,48,,,
E06000022,Physical,Under 12,2025-08-01/P1M,27,,,
E06000022,Physical,Under 12,2025-09-01/P1M,59,,,
E06000022,Physical,Under 12,2025-10-01/P1M,47,,,
E06000022,Physical,Under 12,2025-11-01/P1M,57,,,
E06000022,Physical,Under 12,2025-12-01/P1M,47,,,
E06000022,Physical,Under 12,2026-01-01/P1M,71,,,
E06000022,Physical,Under 12,2026-02-01/P1M,66,,,
E06000022,Physical,Under 12,2026-03-01/P1M,77,,,
E06000022,Physical,12-17,2025-04-01/P1M,0,,,
E06000022,Physical,12-17,2025-05-01/P1M,1,,,
E06000022,Physical,12-17,2025-06-01/P1M,0,,,
E06000022,Physical,12-17,2025-07-01/P1M,0,,,
E06000022,Physical,12-17,2025-08-01/P1M,0,,,
E06000022,Physical,12-17,2025-09-01/P1M,0,,,
E06000022,Physical,12-17,2025-10-01/P1M,1,,,
E06000022,Physical,12-17,2025-11-01/P1M,0,,,
E06000022,Physical,12-17,2025-12-01/P1M,0,,,
E06000022,Physical,12-17,2026-01-01/P1M,0,,,
E06000022,Physical,12-17,2026-02-01/P1M,0,,,
E06000022,Physical,12-17,2026-03-01/P1M,1,,,
E06000022,Physical,Adult,2025-04-01/P1M,77,,,
E06000022,Physical,Adult,2025-05-01/P1M,92,,,
E06000022,Physical,Adult,2025-06-01/P1M,84,,,
E06000022,Physical,Adult,2025-07-01/P1M,92,,,
E06000022,Physical,Adult,2025-08-01/P1M,70,,,
E06000022,Physical,Adult,2025-09-01/P1M,90,,,
E06000022,Physical,Adult,2025-10-01/P1M,114,,,
E06000022,Physical,Adult,2025-11-01/P1M,68,,,
E06000022,Physical,Adult,2025-12-01/P1M,77,,,
E06000022,Physical,Adult,2026-01-01/P1M,73,,,
E06000022,Physical,Adult,2026-02-01/P1M,87,,,
E06000022,Physical,Adult,2026-03-01/P1M,92,,,
E06000022,Physical,All ages,2025-04-01/P1Y,0,,,
E06000022,Digital,Under 12,2025-04-01/P1Y,0,,,
E06000022,Digital,12-17,2025-04-01/P1Y,0,,,
E06000022,Digital,Adult,2025-04-01/P1M,1,,,
E06000022,Digital,Adult,2025-05-01/P1M,1,,,
E06000022,Digital,Adult,2025-06-01/P1M,1,,,
E06000022,Digital,Adult,2025-07-01/P1M,1,,,
E06000022,Digital,Adult,2025-08-01/P1M,1,,,
E06000022,Digital,Adult,2025-09-01/P1M,1,,,
E06000022,Digital,Adult,2025-10-01/P1M,1,,,
E06000022,Digital,Adult,2025-11-01/P1M,1,,,
E06000022,Digital,Adult,2025-12-01/P1M,1,,,
E06000022,Digital,Adult,2026-01-01/P1M,1,,,
E06000022,Digital,Adult,2026-02-01/P1M,1,,,
E06000022,Digital,Adult,2026-03-01/P1M,1,,,
E06000022,Digital,All ages,2025-04-01/P1Y,0,,,
