Authority,Event type,Age group,Period,Count,Estimated count,Status,Notes
E09000001,Physical,Adult,2023-04-01/P3M,5617,,,
E09000001,Physical,Adult,2023-07-01/P3M,3821,,,
E09000001,Physical,Adult,2023-10-01/P3M,4487,,,
E09000001,Physical,Adult,2024-01-01/P3M,4777,,,
E09000001,Physical,Under 12,2023-04-01/P3M,2339,,,
E09000001,Physical,Under 12,2023-07-01/P3M,3331,,,
E09000001,Physical,Under 12,2023-10-01/P3M,3717,,,
E09000001,Physical,Under 12,2024-01-01/P3M,3404,,,
E09000001,Digital,Adult,2023-04-01/P3M,510,,,
E09000001,Digital,Adult,2023-07-01/P3M,274,,,
E09000001,Digital,Adult,2023-10-01/P3M,376,,,
E09000001,Digital,Adult,2024-01-01/P3M,449,,,
E08000016,Physical,Adult,2023-04-01/P1M,2393,,,
E08000016,Physical,Adult,2023-05-01/P1M,2748,,,
E08000016,Physical,Adult,2023-06-01/P1M,2777,,,
E08000016,Physical,Adult,2023-07-01/P1M,2699,,,
E08000016,Physical,Adult,2023-08-01/P1M,2507,,,
E08000016,Physical,Adult,2023-09-01/P1M,7517,,,
E08000016,Physical,Adult,2023-10-01/P1M,2843,,,
E08000016,Physical,Adult,2023-11-01/P1M,3549,,,
E08000016,Physical,Adult,2023-12-01/P1M,2720,,,
E08000016,Physical,Adult,2024-01-01/P1M,2687,,,
E08000016,Physical,Adult,2024-02-01/P1M,3660,,,
E08000016,Physical,Adult,2024-03-01/P1M,3983,,,
E08000016,Physical,Under 12,2023-04-01/P1M,766,,,
E08000016,Physical,Under 12,2023-05-01/P1M,644,,,
E08000016,Physical,Under 12,2023-06-01/P1M,375,,,
E08000016,Physical,Under 12,2023-07-01/P1M,636,,,
E08000016,Physical,Under 12,2023-08-01/P1M,1347,,,
E08000016,Physical,Under 12,2023-09-01/P1M,679,,,
E08000016,Physical,Under 12,2023-10-01/P1M,486,,,
E08000016,Physical,Under 12,2023-11-01/P1M,658,,,
E08000016,Physical,Under 12,2023-12-01/P1M,1271,,,
E08000016,Physical,Under 12,2024-01-01/P1M,819,,,
E08000016,Physical,Under 12,2024-02-01/P1M,993,,,
E08000016,Physical,Under 12,2024-03-01/P1M,1173,,,
E06000022,Physical,Adult,2023-04-01/P1M,641,,suspicious,"Source audit: total_attendees_physical_events: Annual: reported total 21,224; category sum 21,663; difference -439. Categories exceed total; check duplication, scope and reporting frequency. Event audiences may overlap. Values retained as reported pending source confirmation."
E06000022,Physical,Adult,2023-05-01/P1M,715,,suspicious,"Source audit: total_attendees_physical_events: Annual: reported total 21,224; category sum 21,663; difference -439. Categories exceed total; check duplication, scope and reporting frequency. Event audiences may overlap. Values retained as reported pending source confirmation."
E06000022,Physical,Adult,2023-06-01/P1M,615,,suspicious,"Source audit: total_attendees_physical_events: Annual: reported total 21,224; category sum 21,663; difference -439. Categories exceed total; check duplication, scope and reporting frequency. Event audiences may overlap. Values retained as reported pending source confirmation."
E06000022,Physical,Adult,2023-07-01/P1M,615,,suspicious,"Source audit: total_attendees_physical_events: Annual: reported total 21,224; category sum 21,663; difference -439. Categories exceed total; check duplication, scope and reporting frequency. Event audiences may overlap. Values retained as reported pending source confirmation."
E06000022,Physical,Adult,2023-08-01/P1M,446,,suspicious,"Source audit: total_attendees_physical_events: Annual: reported total 21,224; category sum 21,663; difference -439. Categories exceed total; check duplication, scope and reporting frequency. Event audiences may overlap. Values retained as reported pending source confirmation."
E06000022,Physical,Adult,2023-09-01/P1M,684,,suspicious,"Source audit: total_attendees_physical_events: Annual: reported total 21,224; category sum 21,663; difference -439. Categories exceed total; check duplication, scope and reporting frequency. Event audiences may overlap. Values retained as reported pending source confirmation."
E06000022,Physical,Adult,2023-10-01/P1M,817,,suspicious,"Source audit: total_attendees_physical_events: Annual: reported total 21,224; category sum 21,663; difference -439. Categories exceed total; check duplication, scope and reporting frequency. Event audiences may overlap. Values retained as reported pending source confirmation."
E06000022,Physical,Adult,2023-11-01/P1M,1030,,suspicious,"Source audit: total_attendees_physical_events: Annual: reported total 21,224; category sum 21,663; difference -439. Categories exceed total; check duplication, scope and reporting frequency. Event audiences may overlap. Values retained as reported pending source confirmation."
E06000022,Physical,Adult,2023-12-01/P1M,420,,suspicious,"Source audit: total_attendees_physical_events: Annual: reported total 21,224; category sum 21,663; difference -439. Categories exceed total; check duplication, scope and reporting frequency. Event audiences may overlap. Values retained as reported pending source confirmation."
E06000022,Physical,Adult,2024-01-01/P1M,969,,suspicious,"Source audit: total_attendees_physical_events: Annual: reported total 21,224; category sum 21,663; difference -439. Categories exceed total; check duplication, scope and reporting frequency. Event audiences may overlap. Values retained as reported pending source confirmation."
E06000022,Physical,Adult,2024-02-01/P1M,938,,suspicious,"Source audit: total_attendees_physical_events: Annual: reported total 21,224; category sum 21,663; difference -439. Categories exceed total; check duplication, scope and reporting frequency. Event audiences may overlap. Values retained as reported pending source confirmation."
E06000022,Physical,Adult,2024-03-01/P1M,906,,suspicious,"Source audit: total_attendees_physical_events: Annual: reported total 21,224; category sum 21,663; difference -439. Categories exceed total; check duplication, scope and reporting frequency. Event audiences may overlap. Values retained as reported pending source confirmation."
E06000022,Physical,Under 12,2023-04-01/P1M,943,,suspicious,"Source audit: total_attendees_physical_events: Annual: reported total 21,224; category sum 21,663; difference -439. Categories exceed total; check duplication, scope and reporting frequency. Event audiences may overlap. Values retained as reported pending source confirmation."
E06000022,Physical,Under 12,2023-05-01/P1M,1074,,suspicious,"Source audit: total_attendees_physical_events: Annual: reported total 21,224; category sum 21,663; difference -439. Categories exceed total; check duplication, scope and reporting frequency. Event audiences may overlap. Values retained as reported pending source confirmation."
E06000022,Physical,Under 12,2023-06-01/P1M,826,,suspicious,"Source audit: total_attendees_physical_events: Annual: reported total 21,224; category sum 21,663; difference -439. Categories exceed total; check duplication, scope and reporting frequency. Event audiences may overlap. Values retained as reported pending source confirmation."
E06000022,Physical,Under 12,2023-07-01/P1M,903,,suspicious,"Source audit: total_attendees_physical_events: Annual: reported total 21,224; category sum 21,663; difference -439. Categories exceed total; check duplication, scope and reporting frequency. Event audiences may overlap. Values retained as reported pending source confirmation."
E06000022,Physical,Under 12,2023-08-01/P1M,570,,suspicious,"Source audit: total_attendees_physical_events: Annual: reported total 21,224; category sum 21,663; difference -439. Categories exceed total; check duplication, scope and reporting frequency. Event audiences may overlap. Values retained as reported pending source confirmation."
E06000022,Physical,Under 12,2023-09-01/P1M,907,,suspicious,"Source audit: total_attendees_physical_events: Annual: reported total 21,224; category sum 21,663; difference -439. Categories exceed total; check duplication, scope and reporting frequency. Event audiences may overlap. Values retained as reported pending source confirmation."
E06000022,Physical,Under 12,2023-10-01/P1M,1458,,suspicious,"Source audit: total_attendees_physical_events: Annual: reported total 21,224; category sum 21,663; difference -439. Categories exceed total; check duplication, scope and reporting frequency. Event audiences may overlap. Values retained as reported pending source confirmation."
E06000022,Physical,Under 12,2023-11-01/P1M,1772,,suspicious,"Source audit: total_attendees_physical_events: Annual: reported total 21,224; category sum 21,663; difference -439. Categories exceed total; check duplication, scope and reporting frequency. Event audiences may overlap. Values retained as reported pending source confirmation."
E06000022,Physical,Under 12,2023-12-01/P1M,662,,suspicious,"Source audit: total_attendees_physical_events: Annual: reported total 21,224; category sum 21,663; difference -439. Categories exceed total; check duplication, scope and reporting frequency. Event audiences may overlap. Values retained as reported pending source confirmation."
E06000022,Physical,Under 12,2024-01-01/P1M,1211,,suspicious,"Source audit: total_attendees_physical_events: Annual: reported total 21,224; category sum 21,663; difference -439. Categories exceed total; check duplication, scope and reporting frequency. Event audiences may overlap. Values retained as reported pending source confirmation."
E06000022,Physical,Under 12,2024-02-01/P1M,1249,,suspicious,"Source audit: total_attendees_physical_events: Annual: reported total 21,224; category sum 21,663; difference -439. Categories exceed total; check duplication, scope and reporting frequency. Event audiences may overlap. Values retained as reported pending source confirmation."
E06000022,Physical,Under 12,2024-03-01/P1M,1292,,suspicious,"Source audit: total_attendees_physical_events: Annual: reported total 21,224; category sum 21,663; difference -439. Categories exceed total; check duplication, scope and reporting frequency. Event audiences may overlap. Values retained as reported pending source confirmation."
E06000022,Digital,Adult,2023-04-01/P1M,9,,,
E06000022,Digital,Adult,2023-05-01/P1M,7,,,
E06000022,Digital,Adult,2023-06-01/P1M,9,,,
E06000022,Digital,Adult,2023-07-01/P1M,9,,,
E06000022,Digital,Adult,2023-08-01/P1M,7,,,
E06000022,Digital,Adult,2023-09-01/P1M,8,,,
E06000022,Digital,Adult,2023-10-01/P1M,8,,,
E06000022,Digital,Adult,2023-11-01/P1M,7,,,
E06000022,Digital,Adult,2023-12-01/P1M,4,,,
E06000022,Digital,Adult,2024-01-01/P1M,7,,,
E06000022,Digital,Adult,2024-02-01/P1M,8,,,
E06000022,Digital,Adult,2024-03-01/P1M,7,,,
E06000008,Physical,Adult,2023-04-01/P1M,197,,,
E06000008,Physical,Adult,2023-05-01/P1M,268,,,
E06000008,Physical,Adult,2023-06-01/P1M,277,,,
E06000008,Physical,Adult,2023-07-01/P1M,236,,,
E06000008,Physical,Adult,2023-08-01/P1M,373,,,
E06000008,Physical,Adult,2023-09-01/P1M,324,,,
E06000008,Physical,Adult,2023-10-01/P1M,311,,,
E06000008,Physical,Adult,2023-11-01/P1M,462,,,
E06000008,Physical,Adult,2023-12-01/P1M,279,,,
E06000008,Physical,Adult,2024-01-01/P1M,464,,,
E06000008,Physical,Adult,2024-02-01/P1M,667,,,
E06000008,Physical,Adult,2024-03-01/P1M,490,,,
E06000008,Physical,Under 12,2023-04-01/P1M,781,,,
E06000008,Physical,Under 12,2023-05-01/P1M,747,,,
E06000008,Physical,Under 12,2023-06-01/P1M,570,,,
E06000008,Physical,Under 12,2023-07-01/P1M,589,,,
E06000008,Physical,Under 12,2023-08-01/P1M,608,,,
E06000008,Physical,Under 12,2023-09-01/P1M,244,,,
E06000008,Physical,Under 12,2023-10-01/P1M,3528,,,
E06000008,Physical,Under 12,2023-11-01/P1M,671,,,
E06000008,Physical,Under 12,2023-12-01/P1M,2541,,,
E06000008,Physical,Under 12,2024-01-01/P1M,483,,,
E06000008,Physical,Under 12,2024-02-01/P1M,1681,,,
E06000008,Physical,Under 12,2024-03-01/P1M,892,,,
E06000008,Physical,12-17,2023-08-01/P1M,13,,,
E06000008,Physical,12-17,2023-10-01/P1M,15,,,
E06000008,Physical,12-17,2023-12-01/P1M,56,,,
E06000008,Physical,12-17,2024-01-01/P1M,215,,,
E06000008,Physical,12-17,2024-02-01/P1M,27,,,
E06000008,Physical,12-17,2024-03-01/P1M,1390,,,
E06000008,Digital,12-17,2023-04-01/P1Y,1362,,,
E06000009,Physical,Unknown,2023-04-01/P1M,1631,,,
E06000009,Physical,Unknown,2023-05-01/P1M,1655,,,
E06000009,Physical,Unknown,2023-06-01/P1M,2362,,,
E06000009,Physical,Unknown,2023-07-01/P1M,1865,,,
E06000009,Physical,Unknown,2023-08-01/P1M,1604,,,
E06000009,Physical,Unknown,2023-09-01/P1M,1597,,,
E06000009,Physical,Unknown,2023-10-01/P1M,2979,,,
E06000009,Physical,Unknown,2023-11-01/P1M,3640,,,
E06000009,Physical,Unknown,2023-12-01/P1M,1664,,,
E06000009,Physical,Unknown,2024-01-01/P1M,2057,,,
E06000009,Physical,Unknown,2024-02-01/P1M,2924,,,
E06000009,Physical,Unknown,2024-03-01/P1M,2641,,,
E06000009,Digital,Unknown,2023-04-01/P1M,71,,,
E06000009,Digital,Unknown,2023-05-01/P1M,71,,,
E06000009,Digital,Unknown,2023-06-01/P1M,71,,,
E06000009,Digital,Unknown,2023-07-01/P1M,71,,,
E06000009,Digital,Unknown,2023-08-01/P1M,71,,,
E06000009,Digital,Unknown,2023-09-01/P1M,71,,,
E06000009,Digital,Unknown,2023-10-01/P1M,71,,,
E06000009,Digital,Unknown,2023-11-01/P1M,71,,,
E06000009,Digital,Unknown,2023-12-01/P1M,71,,,
E06000009,Digital,Unknown,2024-01-01/P1M,71,,,
E06000009,Digital,Unknown,2024-02-01/P1M,71,,,
E06000009,Digital,Unknown,2024-03-01/P1M,71,,,
E08000001,Physical,Adult,2023-04-01/P1M,1502,,,
E08000001,Physical,Adult,2023-05-01/P1M,1577,,,
E08000001,Physical,Adult,2023-06-01/P1M,1738,,,
E08000001,Physical,Adult,2023-07-01/P1M,1927,,,
E08000001,Physical,Adult,2023-08-01/P1M,1622,,,
E08000001,Physical,Adult,2023-09-01/P1M,1685,,,
E08000001,Physical,Adult,2023-10-01/P1M,1932,,,
E08000001,Physical,Adult,2023-11-01/P1M,2180,,,
E08000001,Physical,Adult,2023-12-01/P1M,1803,,,
E08000001,Physical,Adult,2024-01-01/P1M,2048,,,
E08000001,Physical,Adult,2024-02-01/P1M,3031,,,
E08000001,Physical,Adult,2024-03-01/P1M,2027,,,
E08000001,Physical,Under 12,2023-04-01/P1M,2255,,,
E08000001,Physical,Under 12,2023-05-01/P1M,2468,,,
E08000001,Physical,Under 12,2023-06-01/P1M,2633,,,
E08000001,Physical,Under 12,2023-07-01/P1M,2118,,,
E08000001,Physical,Under 12,2023-08-01/P1M,2133,,,
E08000001,Physical,Under 12,2023-09-01/P1M,1577,,,
E08000001,Physical,Under 12,2023-10-01/P1M,2914,,,
E08000001,Physical,Under 12,2023-11-01/P1M,2664,,,
E08000001,Physical,Under 12,2023-12-01/P1M,2125,,,
E08000001,Physical,Under 12,2024-01-01/P1M,2801,,,
E08000001,Physical,Under 12,2024-02-01/P1M,3612,,,
E08000001,Physical,Under 12,2024-03-01/P1M,5430,,,
E06000058,Physical,Adult,2023-04-01/P1M,4993,,,
E06000058,Physical,Adult,2023-05-01/P1M,6254,,,
E06000058,Physical,Adult,2023-06-01/P1M,4849,,,
E06000058,Physical,Adult,2023-07-01/P1M,5079,,,
E06000058,Physical,Adult,2023-08-01/P1M,5099,,,
E06000058,Physical,Adult,2023-09-01/P1M,5529,,,
E06000058,Physical,Adult,2023-10-01/P1M,6061,,,
E06000058,Physical,Adult,2023-11-01/P1M,5740,,,
E06000058,Physical,Adult,2023-12-01/P1M,4522,,,
E06000058,Physical,Adult,2024-01-01/P1M,5278,,,
E06000058,Physical,Adult,2024-02-01/P1M,5950,,,
E06000058,Physical,Adult,2024-03-01/P1M,5728,,,
E06000058,Physical,Under 12,2023-04-01/P1M,5122,,,
E06000058,Physical,Under 12,2023-05-01/P1M,4508,,,
E06000058,Physical,Under 12,2023-06-01/P1M,5405,,,
E06000058,Physical,Under 12,2023-07-01/P1M,6366,,,
E06000058,Physical,Under 12,2023-08-01/P1M,6782,,,
E06000058,Physical,Under 12,2023-09-01/P1M,4854,,,
E06000058,Physical,Under 12,2023-10-01/P1M,6535,,,
E06000058,Physical,Under 12,2023-11-01/P1M,5203,,,
E06000058,Physical,Under 12,2023-12-01/P1M,4348,,,
E06000058,Physical,Under 12,2024-01-01/P1M,4962,,,
E06000058,Physical,Under 12,2024-02-01/P1M,5976,,,
E06000058,Physical,Under 12,2024-03-01/P1M,5734,,,
E06000058,Physical,12-17,2023-04-01/P1M,29,,,
E06000058,Physical,12-17,2023-05-01/P1M,8,,,
E06000058,Physical,12-17,2023-06-01/P1M,164,,,
E06000058,Physical,12-17,2023-07-01/P1M,32,,,
E06000058,Physical,12-17,2023-08-01/P1M,279,,,
E06000058,Physical,12-17,2023-09-01/P1M,66,,,
E06000058,Physical,12-17,2023-10-01/P1M,25,,,
E06000058,Physical,12-17,2023-11-01/P1M,8,,,
E06000058,Physical,12-17,2023-12-01/P1M,134,,,
E06000058,Physical,12-17,2024-01-01/P1M,33,,,
E06000058,Physical,12-17,2024-02-01/P1M,27,,,
E06000058,Physical,12-17,2024-03-01/P1M,13,,,
E08000032,Physical,Adult,2023-04-01/P1M,3232,,,
E08000032,Physical,Adult,2023-05-01/P1M,3224,,,
E08000032,Physical,Adult,2023-06-01/P1M,3484,,,
E08000032,Physical,Adult,2023-07-01/P1M,4118,,,
E08000032,Physical,Adult,2023-08-01/P1M,4270,,,
E08000032,Physical,Adult,2023-09-01/P1M,3021,,,
E08000032,Physical,Adult,2023-10-01/P1M,4791,,,
E08000032,Physical,Adult,2023-11-01/P1M,4294,,,
E08000032,Physical,Adult,2023-12-01/P1M,2665,,,
E08000032,Physical,Adult,2024-01-01/P1M,3351,,,
E08000032,Physical,Adult,2024-02-01/P1M,4166,,,
E08000032,Physical,Adult,2024-03-01/P1M,4434,,,
E09000005,Physical,Adult,2023-04-01/P1M,815,,,
E09000005,Physical,Adult,2023-05-01/P1M,1355,,,
E09000005,Physical,Adult,2023-06-01/P1M,1473,,,
E09000005,Physical,Adult,2023-07-01/P1M,1718,,,
E09000005,Physical,Adult,2023-08-01/P1M,1283,,,
E09000005,Physical,Adult,2023-09-01/P1M,1107,,,
E09000005,Physical,Adult,2023-10-01/P1M,1974,,,
E09000005,Physical,Adult,2023-11-01/P1M,1599,,,
E09000005,Physical,Adult,2023-12-01/P1M,727,,,
E09000005,Physical,Adult,2024-01-01/P1M,1292,,,
E09000005,Physical,Adult,2024-02-01/P1M,1182,,,
E09000005,Physical,Adult,2024-03-01/P1M,1080,,,
E09000005,Physical,Under 12,2023-04-01/P1M,1015,,,
E09000005,Physical,Under 12,2023-05-01/P1M,1064,,,
E09000005,Physical,Under 12,2023-06-01/P1M,1807,,,
E09000005,Physical,Under 12,2023-07-01/P1M,3446,,,
E09000005,Physical,Under 12,2023-08-01/P1M,1715,,,
E09000005,Physical,Under 12,2023-09-01/P1M,1103,,,
E09000005,Physical,Under 12,2023-10-01/P1M,2188,,,
E09000005,Physical,Under 12,2023-11-01/P1M,1575,,,
E09000005,Physical,Under 12,2023-12-01/P1M,826,,,
E09000005,Physical,Under 12,2024-01-01/P1M,997,,,
E09000005,Physical,Under 12,2024-02-01/P1M,919,,,
E09000005,Physical,Under 12,2024-03-01/P1M,885,,,
E06000023,Physical,Adult,2023-04-01/P3M,1693,,,
E06000023,Physical,Adult,2023-07-01/P3M,1987,,,
E06000023,Physical,Adult,2023-10-01/P3M,2847,,,
E06000023,Physical,Adult,2024-01-01/P3M,2026,,,
E06000023,Physical,Under 12,2023-04-01/P3M,9043,,,
E06000023,Physical,Under 12,2023-07-01/P3M,8382,,,
E06000023,Physical,Under 12,2023-10-01/P3M,11178,,,
E06000023,Physical,Under 12,2024-01-01/P3M,12822,,,
E06000023,Physical,12-17,2023-04-01/P3M,132,,,
E06000023,Physical,12-17,2023-07-01/P3M,96,,,
E06000023,Physical,12-17,2023-10-01/P3M,167,,,
E06000023,Physical,12-17,2024-01-01/P3M,321,,,
E06000023,Digital,Adult,2023-04-01/P3M,58,,,
E06000023,Digital,Adult,2023-07-01/P3M,20,,,
E06000023,Digital,Adult,2023-10-01/P3M,32,,,
E06000023,Digital,Adult,2024-01-01/P3M,7,,,
E09000006,Physical,Adult,2023-04-01/P1M,3754,,,
E09000006,Physical,Adult,2023-05-01/P1M,751,,,
E09000006,Physical,Adult,2023-06-01/P1M,650,,,
E09000006,Physical,Adult,2023-07-01/P1M,680,,,
E09000006,Physical,Adult,2023-08-01/P1M,680,,,
E09000006,Physical,Adult,2023-09-01/P1M,774,,,
E09000006,Physical,Adult,2023-10-01/P1M,740,,,
E09000006,Physical,Adult,2023-11-01/P1M,825,,,
E09000006,Physical,Adult,2023-12-01/P1M,736,,,
E09000006,Physical,Adult,2024-01-01/P1M,832,,,
E09000006,Physical,Adult,2024-02-01/P1M,759,,,
E09000006,Physical,Adult,2024-03-01/P1M,733,,,
E09000006,Physical,Under 12,2023-04-01/P1M,4315,,,
E09000006,Physical,Under 12,2023-05-01/P1M,5868,,,
E09000006,Physical,Under 12,2023-06-01/P1M,5672,,,
E09000006,Physical,Under 12,2023-07-01/P1M,10192,,,
E09000006,Physical,Under 12,2023-08-01/P1M,3837,,,
E09000006,Physical,Under 12,2023-09-01/P1M,5201,,,
E09000006,Physical,Under 12,2023-10-01/P1M,5916,,,
E09000006,Physical,Under 12,2023-11-01/P1M,5425,,,
E09000006,Physical,Under 12,2023-12-01/P1M,4001,,,
E09000006,Physical,Under 12,2024-01-01/P1M,6615,,,
E09000006,Physical,Under 12,2024-02-01/P1M,5204,,,
E09000006,Physical,Under 12,2024-03-01/P1M,5961,,,
E06000060,Physical,Unknown,2023-04-01/P1M,1683,,,
E06000060,Physical,Unknown,2023-05-01/P1M,1231,,,
E06000060,Physical,Unknown,2023-06-01/P1M,1581,,,
E06000060,Physical,Unknown,2023-07-01/P1M,1473,,,
E06000060,Physical,Unknown,2023-08-01/P1M,1341,,,
E06000060,Physical,Unknown,2023-09-01/P1M,1555,,,
E06000060,Physical,Unknown,2023-10-01/P1M,1852,,,
E06000060,Physical,Unknown,2023-11-01/P1M,1676,,,
E06000060,Physical,Unknown,2023-12-01/P1M,1443,,,
E06000060,Physical,Unknown,2024-01-01/P1M,2180,,,
E06000060,Physical,Unknown,2024-02-01/P1M,2823,,,
E06000060,Physical,Unknown,2024-03-01/P1M,2604,,,
E06000060,Digital,Unknown,2023-04-01/P1Y,3300,,,
E08000002,Physical,Adult,2023-04-01/P1M,567,,,
E08000002,Physical,Adult,2023-05-01/P1M,575,,,
E08000002,Physical,Adult,2023-06-01/P1M,444,,,
E08000002,Physical,Adult,2023-07-01/P1M,450,,,
E08000002,Physical,Adult,2023-08-01/P1M,563,,,
E08000002,Physical,Adult,2023-09-01/P1M,666,,,
E08000002,Physical,Adult,2023-10-01/P1M,715,,,
E08000002,Physical,Adult,2023-11-01/P1M,710,,,
E08000002,Physical,Adult,2023-12-01/P1M,516,,,
E08000002,Physical,Adult,2024-01-01/P1M,775,,,
E08000002,Physical,Adult,2024-02-01/P1M,998,,,
E08000002,Physical,Adult,2024-03-01/P1M,851,,,
E08000002,Physical,Under 12,2023-04-01/P1M,817,,,
E08000002,Physical,Under 12,2023-05-01/P1M,1311,,,
E08000002,Physical,Under 12,2023-06-01/P1M,1208,,,
E08000002,Physical,Under 12,2023-07-01/P1M,1010,,,
E08000002,Physical,Under 12,2023-08-01/P1M,613,,,
E08000002,Physical,Under 12,2023-09-01/P1M,823,,,
E08000002,Physical,Under 12,2023-10-01/P1M,838,,,
E08000002,Physical,Under 12,2023-11-01/P1M,890,,,
E08000002,Physical,Under 12,2023-12-01/P1M,710,,,
E08000002,Physical,Under 12,2024-01-01/P1M,834,,,
E08000002,Physical,Under 12,2024-02-01/P1M,861,,,
E08000002,Physical,Under 12,2024-03-01/P1M,935,,,
E10000003,Physical,Unknown,2023-04-01/P1M,84090,,suspicious,"Source audit: total_attendees_physical_events: April 84,090 versus median nonzero month 9,972 (8.43 times). Could be a typo, changed scope or genuine activity; confirm with service. | total_attendees_physical_events: September 104,471 versus median nonzero month 9,972 (10.48 times). Could be a typo, changed scope or genuine activity; confirm with service. Values retained as reported pending source confirmation."
E10000003,Physical,Unknown,2023-05-01/P1M,7418,,suspicious,"Source audit: total_attendees_physical_events: April 84,090 versus median nonzero month 9,972 (8.43 times). Could be a typo, changed scope or genuine activity; confirm with service. | total_attendees_physical_events: September 104,471 versus median nonzero month 9,972 (10.48 times). Could be a typo, changed scope or genuine activity; confirm with service. Values retained as reported pending source confirmation."
E10000003,Physical,Unknown,2023-06-01/P1M,10123,,suspicious,"Source audit: total_attendees_physical_events: April 84,090 versus median nonzero month 9,972 (8.43 times). Could be a typo, changed scope or genuine activity; confirm with service. | total_attendees_physical_events: September 104,471 versus median nonzero month 9,972 (10.48 times). Could be a typo, changed scope or genuine activity; confirm with service. Values retained as reported pending source confirmation."
E10000003,Physical,Unknown,2023-07-01/P1M,16654,,suspicious,"Source audit: total_attendees_physical_events: April 84,090 versus median nonzero month 9,972 (8.43 times). Could be a typo, changed scope or genuine activity; confirm with service. | total_attendees_physical_events: September 104,471 versus median nonzero month 9,972 (10.48 times). Could be a typo, changed scope or genuine activity; confirm with service. Values retained as reported pending source confirmation."
E10000003,Physical,Unknown,2023-08-01/P1M,7677,,suspicious,"Source audit: total_attendees_physical_events: April 84,090 versus median nonzero month 9,972 (8.43 times). Could be a typo, changed scope or genuine activity; confirm with service. | total_attendees_physical_events: September 104,471 versus median nonzero month 9,972 (10.48 times). Could be a typo, changed scope or genuine activity; confirm with service. Values retained as reported pending source confirmation."
E10000003,Physical,Unknown,2023-09-01/P1M,104471,,suspicious,"Source audit: total_attendees_physical_events: April 84,090 versus median nonzero month 9,972 (8.43 times). Could be a typo, changed scope or genuine activity; confirm with service. | total_attendees_physical_events: September 104,471 versus median nonzero month 9,972 (10.48 times). Could be a typo, changed scope or genuine activity; confirm with service. Values retained as reported pending source confirmation."
E10000003,Physical,Unknown,2023-10-01/P1M,8173,,suspicious,"Source audit: total_attendees_physical_events: April 84,090 versus median nonzero month 9,972 (8.43 times). Could be a typo, changed scope or genuine activity; confirm with service. | total_attendees_physical_events: September 104,471 versus median nonzero month 9,972 (10.48 times). Could be a typo, changed scope or genuine activity; confirm with service. Values retained as reported pending source confirmation."
E10000003,Physical,Unknown,2023-11-01/P1M,8183,,suspicious,"Source audit: total_attendees_physical_events: April 84,090 versus median nonzero month 9,972 (8.43 times). Could be a typo, changed scope or genuine activity; confirm with service. | total_attendees_physical_events: September 104,471 versus median nonzero month 9,972 (10.48 times). Could be a typo, changed scope or genuine activity; confirm with service. Values retained as reported pending source confirmation."
E10000003,Physical,Unknown,2023-12-01/P1M,9820,,suspicious,"Source audit: total_attendees_physical_events: April 84,090 versus median nonzero month 9,972 (8.43 times). Could be a typo, changed scope or genuine activity; confirm with service. | total_attendees_physical_events: September 104,471 versus median nonzero month 9,972 (10.48 times). Could be a typo, changed scope or genuine activity; confirm with service. Values retained as reported pending source confirmation."
E10000003,Physical,Unknown,2024-01-01/P1M,8767,,suspicious,"Source audit: total_attendees_physical_events: April 84,090 versus median nonzero month 9,972 (8.43 times). Could be a typo, changed scope or genuine activity; confirm with service. | total_attendees_physical_events: September 104,471 versus median nonzero month 9,972 (10.48 times). Could be a typo, changed scope or genuine activity; confirm with service. Values retained as reported pending source confirmation."
E10000003,Physical,Unknown,2024-02-01/P1M,11905,,suspicious,"Source audit: total_attendees_physical_events: April 84,090 versus median nonzero month 9,972 (8.43 times). Could be a typo, changed scope or genuine activity; confirm with service. | total_attendees_physical_events: September 104,471 versus median nonzero month 9,972 (10.48 times). Could be a typo, changed scope or genuine activity; confirm with service. Values retained as reported pending source confirmation."
E10000003,Physical,Unknown,2024-03-01/P1M,10479,,suspicious,"Source audit: total_attendees_physical_events: April 84,090 versus median nonzero month 9,972 (8.43 times). Could be a typo, changed scope or genuine activity; confirm with service. | total_attendees_physical_events: September 104,471 versus median nonzero month 9,972 (10.48 times). Could be a typo, changed scope or genuine activity; confirm with service. Values retained as reported pending source confirmation."
E10000003,Digital,Unknown,2023-04-01/P1M,12,,,
E10000003,Digital,Unknown,2023-05-01/P1M,35,,,
E10000003,Digital,Unknown,2023-06-01/P1M,25,,,
E10000003,Digital,Unknown,2023-10-01/P1M,11,,,
E10000003,Digital,Unknown,2024-01-01/P1M,10,,,
E06000056,Physical,Adult,2023-04-01/P1M,4153,,,
E06000056,Physical,Adult,2023-05-01/P1M,3090,,,
E06000056,Physical,Adult,2023-06-01/P1M,2720,,,
E06000056,Physical,Adult,2023-07-01/P1M,5329,,,
E06000056,Physical,Adult,2023-08-01/P1M,5735,,,
E06000056,Physical,Adult,2023-09-01/P1M,2681,,,
E06000056,Physical,Adult,2023-10-01/P1M,4381,,,
E06000056,Physical,Adult,2023-11-01/P1M,3154,,,
E06000056,Physical,Adult,2023-12-01/P1M,3088,,,
E06000056,Physical,Adult,2024-01-01/P1M,3192,,,
E06000056,Physical,Adult,2024-02-01/P1M,4331,,,
E06000056,Physical,Adult,2024-03-01/P1M,4027,,,
E06000056,Physical,Under 12,2023-04-01/P1M,6422,,,
E06000056,Physical,Under 12,2023-05-01/P1M,3962,,,
E06000056,Physical,Under 12,2023-06-01/P1M,3969,,,
E06000056,Physical,Under 12,2023-07-01/P1M,5433,,,
E06000056,Physical,Under 12,2023-08-01/P1M,8262,,,
E06000056,Physical,Under 12,2023-09-01/P1M,3647,,,
E06000056,Physical,Under 12,2023-10-01/P1M,6440,,,
E06000056,Physical,Under 12,2023-11-01/P1M,3473,,,
E06000056,Physical,Under 12,2023-12-01/P1M,3694,,,
E06000056,Physical,Under 12,2024-01-01/P1M,4318,,,
E06000056,Physical,Under 12,2024-02-01/P1M,5205,,,
E06000056,Physical,Under 12,2024-03-01/P1M,5152,,,
E06000050,Physical,Adult,2023-04-01/P1M,3749,,,
E06000050,Physical,Adult,2023-05-01/P1M,6485,,,
E06000050,Physical,Adult,2023-06-01/P1M,4006,,,
E06000050,Physical,Adult,2023-07-01/P1M,4449,,,
E06000050,Physical,Adult,2023-08-01/P1M,5006,,,
E06000050,Physical,Adult,2023-09-01/P1M,3926,,,
E06000050,Physical,Adult,2023-10-01/P1M,4781,,,
E06000050,Physical,Adult,2023-11-01/P1M,4715,,,
E06000050,Physical,Adult,2023-12-01/P1M,3217,,,
E06000050,Physical,Adult,2024-01-01/P1M,4778,,,
E06000050,Physical,Adult,2024-02-01/P1M,4710,,,
E06000050,Physical,Adult,2024-03-01/P1M,5059,,,
E06000050,Physical,Under 12,2023-04-01/P1M,3769,,,
E06000050,Physical,Under 12,2023-05-01/P1M,3731,,,
E06000050,Physical,Under 12,2023-06-01/P1M,3156,,,
E06000050,Physical,Under 12,2023-07-01/P1M,4099,,,
E06000050,Physical,Under 12,2023-08-01/P1M,5861,,,
E06000050,Physical,Under 12,2023-09-01/P1M,3209,,,
E06000050,Physical,Under 12,2023-10-01/P1M,6245,,,
E06000050,Physical,Under 12,2023-11-01/P1M,4544,,,
E06000050,Physical,Under 12,2023-12-01/P1M,3450,,,
E06000050,Physical,Under 12,2024-01-01/P1M,3814,,,
E06000050,Physical,Under 12,2024-02-01/P1M,6243,,,
E06000050,Physical,Under 12,2024-03-01/P1M,5408,,,
E06000052,Physical,Unknown,2023-04-01/P1M,2860,,,
E06000052,Physical,Unknown,2023-05-01/P1M,2860,,,
E06000052,Physical,Unknown,2023-06-01/P1M,2860,,,
E06000052,Physical,Unknown,2023-07-01/P1M,2860,,,
E06000052,Physical,Unknown,2023-08-01/P1M,2860,,,
E06000052,Physical,Unknown,2023-09-01/P1M,2860,,,
E06000052,Physical,Unknown,2023-10-01/P1M,2860,,,
E06000052,Physical,Unknown,2023-11-01/P1M,2860,,,
E06000052,Physical,Unknown,2023-12-01/P1M,2860,,,
E06000052,Physical,Unknown,2024-01-01/P1M,2860,,,
E06000052,Physical,Unknown,2024-02-01/P1M,2860,,,
E06000052,Physical,Unknown,2024-03-01/P1M,2860,,,
E06000052,Digital,Unknown,2023-04-01/P1M,188,,,
E06000052,Digital,Unknown,2023-05-01/P1M,188,,,
E06000052,Digital,Unknown,2023-06-01/P1M,188,,,
E06000052,Digital,Unknown,2023-07-01/P1M,188,,,
E06000052,Digital,Unknown,2023-08-01/P1M,188,,,
E06000052,Digital,Unknown,2023-09-01/P1M,188,,,
E06000052,Digital,Unknown,2023-10-01/P1M,188,,,
E06000052,Digital,Unknown,2023-11-01/P1M,188,,,
E06000052,Digital,Unknown,2023-12-01/P1M,188,,,
E06000052,Digital,Unknown,2024-01-01/P1M,188,,,
E06000052,Digital,Unknown,2024-02-01/P1M,188,,,
E06000052,Digital,Unknown,2024-03-01/P1M,188,,,
E08000026,Physical,Unknown,2023-04-01/P1M,7484,,,
E08000026,Physical,Unknown,2023-05-01/P1M,7178,,,
E08000026,Physical,Unknown,2023-06-01/P1M,7588,,,
E08000026,Physical,Unknown,2023-07-01/P1M,8478,,,
E08000026,Physical,Unknown,2023-08-01/P1M,7730,,,
E08000026,Physical,Unknown,2023-09-01/P1M,6820,,,
E08000026,Physical,Unknown,2023-10-01/P1M,10063,,,
E08000026,Physical,Unknown,2023-11-01/P1M,20399,,,
E06000063,Physical,Adult,2023-04-01/P3M,4725,,,
E06000063,Physical,Adult,2023-07-01/P3M,4826,,,
E06000063,Physical,Adult,2023-10-01/P3M,5338,,,
E06000063,Physical,Adult,2024-01-01/P3M,5980,,,
E06000005,Physical,Adult,2023-04-01/P1M,603,,,
E06000005,Physical,Adult,2023-05-01/P1M,856,,,
E06000005,Physical,Adult,2023-06-01/P1M,905,,,
E06000005,Physical,Adult,2023-07-01/P1M,872,,,
E06000005,Physical,Adult,2023-08-01/P1M,1671,,,
E06000005,Physical,Adult,2023-09-01/P1M,1577,,,
E06000005,Physical,Adult,2023-10-01/P1M,1279,,,
E06000005,Physical,Adult,2023-11-01/P1M,1183,,,
E06000005,Physical,Adult,2023-12-01/P1M,928,,,
E06000005,Physical,Adult,2024-01-01/P1M,785,,,
E06000005,Physical,Adult,2024-02-01/P1M,1286,,,
E06000005,Physical,Adult,2024-03-01/P1M,1121,,,
E06000005,Physical,Under 12,2023-04-01/P1M,683,,,
E06000005,Physical,Under 12,2023-05-01/P1M,817,,,
E06000005,Physical,Under 12,2023-06-01/P1M,3681,,,
E06000005,Physical,Under 12,2023-07-01/P1M,4979,,,
E06000005,Physical,Under 12,2023-08-01/P1M,1993,,,
E06000005,Physical,Under 12,2023-09-01/P1M,1874,,,
E06000005,Physical,Under 12,2023-10-01/P1M,1679,,,
E06000005,Physical,Under 12,2023-11-01/P1M,2739,,,
E06000005,Physical,Under 12,2023-12-01/P1M,1071,,,
E06000005,Physical,Under 12,2024-01-01/P1M,2379,,,
E06000005,Physical,Under 12,2024-02-01/P1M,1675,,,
E06000005,Physical,Under 12,2024-03-01/P1M,1992,,,
E06000015,Physical,Adult,2023-04-01/P1M,389,,,
E06000015,Physical,Adult,2023-05-01/P1M,616,,,
E06000015,Physical,Adult,2023-06-01/P1M,597,,,
E06000015,Physical,Adult,2023-07-01/P1M,520,,,
E06000015,Physical,Adult,2023-08-01/P1M,547,,,
E06000015,Physical,Adult,2023-09-01/P1M,482,,,
E06000015,Physical,Adult,2023-10-01/P1M,676,,,
E06000015,Physical,Adult,2023-11-01/P1M,651,,,
E06000015,Physical,Adult,2023-12-01/P1M,578,,,
E06000015,Physical,Adult,2024-01-01/P1M,697,,,
E06000015,Physical,Adult,2024-02-01/P1M,711,,,
E06000015,Physical,Adult,2024-03-01/P1M,695,,,
E06000015,Physical,Under 12,2023-04-01/P1M,976,,,
E06000015,Physical,Under 12,2023-05-01/P1M,1264,,,
E06000015,Physical,Under 12,2023-06-01/P1M,1370,,,
E06000015,Physical,Under 12,2023-07-01/P1M,792,,,
E06000015,Physical,Under 12,2023-08-01/P1M,619,,,
E06000015,Physical,Under 12,2023-09-01/P1M,770,,,
E06000015,Physical,Under 12,2023-10-01/P1M,914,,,
E06000015,Physical,Under 12,2023-11-01/P1M,565,,,
E06000015,Physical,Under 12,2023-12-01/P1M,583,,,
E06000015,Physical,Under 12,2024-01-01/P1M,706,,,
E06000015,Physical,Under 12,2024-02-01/P1M,848,,,
E06000015,Physical,Under 12,2024-03-01/P1M,833,,,
E10000007,Physical,Adult,2023-04-01/P1M,1594,,,
E10000007,Physical,Adult,2023-05-01/P1M,1637,,,
E10000007,Physical,Adult,2023-06-01/P1M,1670,,,
E10000007,Physical,Adult,2023-07-01/P1M,1991,,,
E10000007,Physical,Adult,2023-08-01/P1M,2806,,,
E10000007,Physical,Adult,2023-09-01/P1M,2297,,,
E10000007,Physical,Adult,2023-10-01/P1M,2698,,,
E10000007,Physical,Adult,2023-11-01/P1M,2357,,,
E10000007,Physical,Adult,2023-12-01/P1M,2099,,,
E10000007,Physical,Adult,2024-01-01/P1M,2372,,,
E10000007,Physical,Adult,2024-02-01/P1M,2388,,,
E10000007,Physical,Adult,2024-03-01/P1M,2519,,,
E10000007,Physical,Under 12,2023-04-01/P1M,1679,,,
E10000007,Physical,Under 12,2023-05-01/P1M,1904,,,
E10000007,Physical,Under 12,2023-06-01/P1M,1792,,,
E10000007,Physical,Under 12,2023-07-01/P1M,2986,,,
E10000007,Physical,Under 12,2023-08-01/P1M,2575,,,
E10000007,Physical,Under 12,2023-09-01/P1M,1906,,,
E10000007,Physical,Under 12,2023-10-01/P1M,2502,,,
E10000007,Physical,Under 12,2023-11-01/P1M,2825,,,
E10000007,Physical,Under 12,2023-12-01/P1M,2004,,,
E10000007,Physical,Under 12,2024-01-01/P1M,2048,,,
E10000007,Physical,Under 12,2024-02-01/P1M,2693,,,
E10000007,Physical,Under 12,2024-03-01/P1M,2919,,,
E10000008,Physical,Unknown,2023-04-01/P1M,15340,,,
E10000008,Physical,Unknown,2023-05-01/P1M,14768,,,
E10000008,Physical,Unknown,2023-06-01/P1M,18601,,,
E10000008,Physical,Unknown,2023-07-01/P1M,26177,,,
E10000008,Physical,Unknown,2023-08-01/P1M,17095,,,
E10000008,Physical,Unknown,2023-09-01/P1M,14991,,,
E10000008,Physical,Unknown,2023-10-01/P1M,16430,,,
E10000008,Physical,Unknown,2023-11-01/P1M,15513,,,
E10000008,Physical,Unknown,2023-12-01/P1M,14487,,,
E10000008,Physical,Unknown,2024-01-01/P1M,15825,,,
E10000008,Physical,Unknown,2024-02-01/P1M,18460,,,
E10000008,Physical,Unknown,2024-03-01/P1M,17164,,,
E06000059,Physical,Unknown,2023-04-01/P1M,5886,,,
E06000059,Physical,Unknown,2023-05-01/P1M,5738,,,
E06000059,Physical,Unknown,2023-06-01/P1M,5626,,,
E06000059,Physical,Unknown,2023-07-01/P1M,8531,,,
E06000059,Physical,Unknown,2023-08-01/P1M,7219,,,
E06000059,Physical,Unknown,2023-09-01/P1M,6064,,,
E06000059,Physical,Unknown,2023-10-01/P1M,10197,,,
E06000059,Physical,Unknown,2023-11-01/P1M,6911,,,
E06000059,Physical,Unknown,2023-12-01/P1M,5396,,,
E06000059,Physical,Unknown,2024-01-01/P1M,7093,,,
E06000059,Physical,Unknown,2024-02-01/P1M,7371,,,
E06000059,Physical,Unknown,2024-03-01/P1M,8023,,,
E06000059,Digital,Unknown,2023-04-01/P1M,1521,,,
E06000059,Digital,Unknown,2023-05-01/P1M,58,,,
E06000059,Digital,Unknown,2023-06-01/P1M,2059,,,
E06000059,Digital,Unknown,2023-07-01/P1M,63,,,
E06000059,Digital,Unknown,2023-08-01/P1M,47,,,
E06000059,Digital,Unknown,2023-09-01/P1M,62,,,
E06000059,Digital,Unknown,2023-10-01/P1M,1107,,,
E06000059,Digital,Unknown,2023-11-01/P1M,29,,,
E06000059,Digital,Unknown,2023-12-01/P1M,28,,,
E06000059,Digital,Unknown,2024-01-01/P1M,43,,,
E06000059,Digital,Unknown,2024-02-01/P1M,529,,,
E06000059,Digital,Unknown,2024-03-01/P1M,3781,,,
E08000027,Physical,Unknown,2023-04-01/P1M,7928,,,
E08000027,Physical,Unknown,2023-05-01/P1M,7356,,,
E08000027,Physical,Unknown,2023-06-01/P1M,8055,,,
E08000027,Physical,Unknown,2023-07-01/P1M,9385,,,
E08000027,Physical,Unknown,2023-08-01/P1M,7650,,,
E08000027,Physical,Unknown,2023-09-01/P1M,6526,,,
E08000027,Physical,Unknown,2023-10-01/P1M,9876,,,
E08000027,Physical,Unknown,2023-11-01/P1M,9375,,,
E08000027,Physical,Unknown,2023-12-01/P1M,7837,,,
E08000027,Physical,Unknown,2024-01-01/P1M,12089,,,
E08000027,Physical,Unknown,2024-02-01/P1M,11789,,,
E08000027,Physical,Unknown,2024-03-01/P1M,13727,,,
E10000011,Physical,Unknown,2023-04-01/P1M,2566,,,
E10000011,Physical,Unknown,2023-05-01/P1M,3207,,,
E10000011,Physical,Unknown,2023-06-01/P1M,2876,,,
E10000011,Physical,Unknown,2023-07-01/P1M,3579,,,
E10000011,Physical,Unknown,2023-08-01/P1M,4451,,,
E10000011,Physical,Unknown,2023-09-01/P1M,4074,,,
E10000011,Physical,Unknown,2023-10-01/P1M,4628,,,
E10000011,Physical,Unknown,2023-11-01/P1M,3475,,,
E10000011,Physical,Unknown,2023-12-01/P1M,3856,,,
E10000011,Physical,Unknown,2024-01-01/P1M,3313,,,
E10000011,Physical,Unknown,2024-02-01/P1M,4167,,,
E10000011,Physical,Unknown,2024-03-01/P1M,3961,,,
E06000014,Physical,Adult,2023-04-01/P1M,726,,,
E06000014,Physical,Adult,2023-05-01/P1M,665,,,
E06000014,Physical,Adult,2023-06-01/P1M,510,,,
E06000014,Physical,Adult,2023-07-01/P1M,461,,,
E06000014,Physical,Adult,2023-08-01/P1M,453,,,
E06000014,Physical,Adult,2023-09-01/P1M,595,,,
E06000014,Physical,Adult,2023-10-01/P1M,609,,,
E06000014,Physical,Adult,2023-11-01/P1M,531,,,
E06000014,Physical,Adult,2023-12-01/P1M,480,,,
E06000014,Physical,Adult,2024-01-01/P1M,757,,,
E06000014,Physical,Adult,2024-02-01/P1M,658,,,
E06000014,Physical,Adult,2024-03-01/P1M,897,,,
E06000014,Physical,Under 12,2023-04-01/P1M,2535,,,
E06000014,Physical,Under 12,2023-05-01/P1M,2344,,,
E06000014,Physical,Under 12,2023-06-01/P1M,3147,,,
E06000014,Physical,Under 12,2023-07-01/P1M,10664,,,
E06000014,Physical,Under 12,2023-08-01/P1M,2547,,,
E06000014,Physical,Under 12,2023-09-01/P1M,2344,,,
E06000014,Physical,Under 12,2023-10-01/P1M,2563,,,
E06000014,Physical,Under 12,2023-11-01/P1M,2890,,,
E06000014,Physical,Under 12,2023-12-01/P1M,1881,,,
E06000014,Physical,Under 12,2024-01-01/P1M,2442,,,
E06000014,Physical,Under 12,2024-02-01/P1M,2934,,,
E06000014,Physical,Under 12,2024-03-01/P1M,2969,,,
E06000014,Physical,12-17,2023-04-01/P1M,16,,,
E06000014,Physical,12-17,2023-05-01/P1M,9,,,
E06000014,Physical,12-17,2023-06-01/P1M,2,,,
E06000014,Physical,12-17,2023-07-01/P1M,12,,,
E06000014,Physical,12-17,2023-08-01/P1M,81,,,
E06000014,Physical,12-17,2023-09-01/P1M,13,,,
E06000014,Physical,12-17,2023-10-01/P1M,14,,,
E06000014,Physical,12-17,2023-11-01/P1M,11,,,
E06000014,Physical,12-17,2023-12-01/P1M,3,,,
E06000014,Physical,12-17,2024-01-01/P1M,13,,,
E06000014,Physical,12-17,2024-02-01/P1M,16,,,
E06000014,Physical,12-17,2024-03-01/P1M,35,,,
E09000011,Physical,Adult,2023-04-01/P1M,2300,,,
E09000011,Physical,Adult,2023-05-01/P1M,2300,,,
E09000011,Physical,Adult,2023-06-01/P1M,2300,,,
E09000011,Physical,Adult,2023-07-01/P1M,2300,,,
E09000011,Physical,Adult,2023-08-01/P1M,2300,,,
E09000011,Physical,Adult,2023-09-01/P1M,2300,,,
E09000011,Physical,Adult,2023-10-01/P1M,2500,,,
E09000011,Physical,Adult,2023-11-01/P1M,2500,,,
E09000011,Physical,Adult,2023-12-01/P1M,2200,,,
E09000011,Physical,Adult,2024-01-01/P1M,2500,,,
E09000011,Physical,Adult,2024-02-01/P1M,2500,,,
E09000011,Physical,Adult,2024-03-01/P1M,2500,,,
E09000011,Physical,Under 12,2023-04-01/P1M,7600,,,
E09000011,Physical,Under 12,2023-05-01/P1M,7600,,,
E09000011,Physical,Under 12,2023-06-01/P1M,7600,,,
E09000011,Physical,Under 12,2023-07-01/P1M,7600,,,
E09000011,Physical,Under 12,2023-08-01/P1M,7600,,,
E09000011,Physical,Under 12,2023-09-01/P1M,7600,,,
E09000011,Physical,Under 12,2023-10-01/P1M,7800,,,
E09000011,Physical,Under 12,2023-11-01/P1M,7800,,,
E09000011,Physical,Under 12,2023-12-01/P1M,6800,,,
E09000011,Physical,Under 12,2024-01-01/P1M,7800,,,
E09000011,Physical,Under 12,2024-02-01/P1M,7800,,,
E09000011,Physical,Under 12,2024-03-01/P1M,7800,,,
E09000011,Physical,12-17,2023-04-01/P1M,70,,,
E09000011,Physical,12-17,2023-05-01/P1M,70,,,
E09000011,Physical,12-17,2023-06-01/P1M,70,,,
E09000011,Physical,12-17,2023-07-01/P1M,70,,,
E09000011,Physical,12-17,2023-08-01/P1M,70,,,
E09000011,Physical,12-17,2023-09-01/P1M,70,,,
E09000011,Physical,12-17,2023-10-01/P1M,100,,,
E09000011,Physical,12-17,2023-11-01/P1M,100,,,
E09000011,Physical,12-17,2023-12-01/P1M,80,,,
E09000011,Physical,12-17,2024-01-01/P1M,100,,,
E09000011,Physical,12-17,2024-02-01/P1M,100,,,
E09000011,Physical,12-17,2024-03-01/P1M,100,,,
E09000011,Digital,Adult,2023-04-01/P1M,20,,,
E09000011,Digital,Adult,2023-05-01/P1M,20,,,
E09000011,Digital,Adult,2023-06-01/P1M,20,,,
E09000011,Digital,Adult,2023-07-01/P1M,20,,,
E09000011,Digital,Adult,2023-08-01/P1M,20,,,
E09000011,Digital,Adult,2023-09-01/P1M,20,,,
E09000011,Digital,Adult,2023-10-01/P1M,20,,,
E09000011,Digital,Adult,2023-11-01/P1M,20,,,
E09000011,Digital,Adult,2023-12-01/P1M,20,,,
E09000011,Digital,Adult,2024-01-01/P1M,20,,,
E09000011,Digital,Adult,2024-02-01/P1M,20,,,
E09000011,Digital,Adult,2024-03-01/P1M,20,,,
E09000011,Digital,Under 12,2023-04-01/P1M,60,,,
E09000011,Digital,Under 12,2023-05-01/P1M,60,,,
E09000011,Digital,Under 12,2023-06-01/P1M,60,,,
E09000011,Digital,Under 12,2023-07-01/P1M,60,,,
E09000011,Digital,Under 12,2023-08-01/P1M,60,,,
E09000011,Digital,Under 12,2023-09-01/P1M,60,,,
E09000011,Digital,Under 12,2023-10-01/P1M,60,,,
E09000011,Digital,Under 12,2023-11-01/P1M,60,,,
E09000011,Digital,Under 12,2023-12-01/P1M,60,,,
E09000011,Digital,Under 12,2024-01-01/P1M,60,,,
E09000011,Digital,Under 12,2024-02-01/P1M,60,,,
E09000011,Digital,Under 12,2024-03-01/P1M,60,,,
E09000011,Digital,12-17,2023-04-01/P1M,20,,suspicious,"Source audit: digital_attendees_12_17: digital_attendees_12_17 and digital_attendees_adults are identical across every supplied month. Possible copied series; may be deliberate combined-age reporting, so no correction inferred. Values retained as reported pending source confirmation."
E09000011,Digital,12-17,2023-05-01/P1M,20,,suspicious,"Source audit: digital_attendees_12_17: digital_attendees_12_17 and digital_attendees_adults are identical across every supplied month. Possible copied series; may be deliberate combined-age reporting, so no correction inferred. Values retained as reported pending source confirmation."
E09000011,Digital,12-17,2023-06-01/P1M,20,,suspicious,"Source audit: digital_attendees_12_17: digital_attendees_12_17 and digital_attendees_adults are identical across every supplied month. Possible copied series; may be deliberate combined-age reporting, so no correction inferred. Values retained as reported pending source confirmation."
E09000011,Digital,12-17,2023-07-01/P1M,20,,suspicious,"Source audit: digital_attendees_12_17: digital_attendees_12_17 and digital_attendees_adults are identical across every supplied month. Possible copied series; may be deliberate combined-age reporting, so no correction inferred. Values retained as reported pending source confirmation."
E09000011,Digital,12-17,2023-08-01/P1M,20,,suspicious,"Source audit: digital_attendees_12_17: digital_attendees_12_17 and digital_attendees_adults are identical across every supplied month. Possible copied series; may be deliberate combined-age reporting, so no correction inferred. Values retained as reported pending source confirmation."
E09000011,Digital,12-17,2023-09-01/P1M,20,,suspicious,"Source audit: digital_attendees_12_17: digital_attendees_12_17 and digital_attendees_adults are identical across every supplied month. Possible copied series; may be deliberate combined-age reporting, so no correction inferred. Values retained as reported pending source confirmation."
E09000011,Digital,12-17,2023-10-01/P1M,20,,suspicious,"Source audit: digital_attendees_12_17: digital_attendees_12_17 and digital_attendees_adults are identical across every supplied month. Possible copied series; may be deliberate combined-age reporting, so no correction inferred. Values retained as reported pending source confirmation."
E09000011,Digital,12-17,2023-11-01/P1M,20,,suspicious,"Source audit: digital_attendees_12_17: digital_attendees_12_17 and digital_attendees_adults are identical across every supplied month. Possible copied series; may be deliberate combined-age reporting, so no correction inferred. Values retained as reported pending source confirmation."
E09000011,Digital,12-17,2023-12-01/P1M,20,,suspicious,"Source audit: digital_attendees_12_17: digital_attendees_12_17 and digital_attendees_adults are identical across every supplied month. Possible copied series; may be deliberate combined-age reporting, so no correction inferred. Values retained as reported pending source confirmation."
E09000011,Digital,12-17,2024-01-01/P1M,20,,suspicious,"Source audit: digital_attendees_12_17: digital_attendees_12_17 and digital_attendees_adults are identical across every supplied month. Possible copied series; may be deliberate combined-age reporting, so no correction inferred. Values retained as reported pending source confirmation."
E09000011,Digital,12-17,2024-02-01/P1M,20,,suspicious,"Source audit: digital_attendees_12_17: digital_attendees_12_17 and digital_attendees_adults are identical across every supplied month. Possible copied series; may be deliberate combined-age reporting, so no correction inferred. Values retained as reported pending source confirmation."
E09000011,Digital,12-17,2024-03-01/P1M,20,,suspicious,"Source audit: digital_attendees_12_17: digital_attendees_12_17 and digital_attendees_adults are identical across every supplied month. Possible copied series; may be deliberate combined-age reporting, so no correction inferred. Values retained as reported pending source confirmation."
E09000012,Physical,Adult,2023-04-01/P1M,23,,,
E09000012,Physical,Adult,2023-05-01/P1M,18,,,
E09000012,Physical,Adult,2023-06-01/P1M,54,,,
E09000012,Physical,Adult,2023-07-01/P1M,102,,,
E09000012,Physical,Adult,2023-08-01/P1M,62,,,
E09000012,Physical,Adult,2023-09-01/P1M,24,,,
E09000012,Physical,Adult,2023-10-01/P1M,47,,,
E09000012,Physical,Adult,2023-11-01/P1M,45,,,
E09000012,Physical,Adult,2023-12-01/P1M,27,,,
E09000012,Physical,Adult,2024-01-01/P1M,190,,,
E09000012,Physical,Adult,2024-02-01/P1M,137,,,
E09000012,Physical,Adult,2024-03-01/P1M,152,,,
E09000012,Physical,Under 12,2023-04-01/P1M,2554,,,
E09000012,Physical,Under 12,2023-05-01/P1M,2574,,,
E09000012,Physical,Under 12,2023-06-01/P1M,1923,,,
E09000012,Physical,Under 12,2023-07-01/P1M,1087,,,
E09000012,Physical,Under 12,2023-08-01/P1M,1034,,,
E09000012,Physical,Under 12,2023-09-01/P1M,2004,,,
E09000012,Physical,Under 12,2023-10-01/P1M,2946,,,
E09000012,Physical,Under 12,2023-11-01/P1M,3578,,,
E09000012,Physical,Under 12,2023-12-01/P1M,1923,,,
E09000012,Physical,Under 12,2024-01-01/P1M,3080,,,
E09000012,Physical,Under 12,2024-02-01/P1M,2632,,,
E09000012,Physical,Under 12,2024-03-01/P1M,1639,,,
E06000006,Physical,Adult,2023-04-01/P1M,368,,,
E06000006,Physical,Adult,2023-05-01/P1M,623,,,
E06000006,Physical,Adult,2023-06-01/P1M,552,,,
E06000006,Physical,Adult,2023-07-01/P1M,882,,,
E06000006,Physical,Adult,2023-08-01/P1M,1267,,,
E06000006,Physical,Adult,2023-09-01/P1M,857,,,
E06000006,Physical,Adult,2023-10-01/P1M,848,,,
E06000006,Physical,Adult,2023-11-01/P1M,1100,,,
E06000006,Physical,Adult,2023-12-01/P1M,802,,,
E06000006,Physical,Adult,2024-01-01/P1M,1133,,,
E06000006,Physical,Adult,2024-02-01/P1M,1019,,,
E06000006,Physical,Adult,2024-03-01/P1M,1008,,,
E06000006,Physical,Under 12,2023-04-01/P1M,806,,,
E06000006,Physical,Under 12,2023-05-01/P1M,756,,,
E06000006,Physical,Under 12,2023-06-01/P1M,659,,,
E06000006,Physical,Under 12,2023-07-01/P1M,1134,,,
E06000006,Physical,Under 12,2023-08-01/P1M,1782,,,
E06000006,Physical,Under 12,2023-09-01/P1M,983,,,
E06000006,Physical,Under 12,2023-10-01/P1M,1084,,,
E06000006,Physical,Under 12,2023-11-01/P1M,881,,,
E06000006,Physical,Under 12,2023-12-01/P1M,643,,,
E06000006,Physical,Under 12,2024-01-01/P1M,667,,,
E06000006,Physical,Under 12,2024-02-01/P1M,725,,,
E06000006,Physical,Under 12,2024-03-01/P1M,1842,,,
E06000006,Physical,12-17,2023-11-01/P1M,40,,,
E06000006,Physical,12-17,2023-12-01/P1M,40,,,
E06000006,Physical,12-17,2024-01-01/P1M,71,,,
E06000006,Physical,12-17,2024-02-01/P1M,60,,,
E06000006,Physical,12-17,2024-03-01/P1M,55,,,
E10000014,Physical,Adult,2023-04-01/P1M,2414,,,
E10000014,Physical,Adult,2023-05-01/P1M,2476,,,
E10000014,Physical,Adult,2023-06-01/P1M,2578,,,
E10000014,Physical,Adult,2023-07-01/P1M,2896,,,
E10000014,Physical,Adult,2023-08-01/P1M,2872,,,
E10000014,Physical,Adult,2023-09-01/P1M,3209,,,
E10000014,Physical,Adult,2023-10-01/P1M,3634,,,
E10000014,Physical,Adult,2023-11-01/P1M,3599,,,
E10000014,Physical,Adult,2023-12-01/P1M,2906,,,
E10000014,Physical,Adult,2024-01-01/P1M,4011,,,
E10000014,Physical,Adult,2024-02-01/P1M,4029,,,
E10000014,Physical,Adult,2024-03-01/P1M,3810,,,
E10000014,Physical,Under 12,2023-04-01/P1M,15242,,,
E10000014,Physical,Under 12,2023-05-01/P1M,14578,,,
E10000014,Physical,Under 12,2023-06-01/P1M,15646,,,
E10000014,Physical,Under 12,2023-07-01/P1M,32339,,,
E10000014,Physical,Under 12,2023-08-01/P1M,22863,,,
E10000014,Physical,Under 12,2023-09-01/P1M,17316,,,
E10000014,Physical,Under 12,2023-10-01/P1M,18812,,,
E10000014,Physical,Under 12,2023-11-01/P1M,20300,,,
E10000014,Physical,Under 12,2023-12-01/P1M,15133,,,
E10000014,Physical,Under 12,2024-01-01/P1M,21172,,,
E10000014,Physical,Under 12,2024-02-01/P1M,22046,,,
E10000014,Physical,Under 12,2024-03-01/P1M,24151,,,
E10000014,Physical,12-17,2023-04-01/P1M,8084,,,
E10000014,Physical,12-17,2023-05-01/P1M,5911,,,
E10000014,Physical,12-17,2023-06-01/P1M,5608,,,
E10000014,Physical,12-17,2023-07-01/P1M,7707,,,
E10000014,Physical,12-17,2023-08-01/P1M,9386,,,
E10000014,Physical,12-17,2023-09-01/P1M,5145,,,
E10000014,Physical,12-17,2023-10-01/P1M,9379,,,
E10000014,Physical,12-17,2023-11-01/P1M,7357,,,
E10000014,Physical,12-17,2023-12-01/P1M,8141,,,
E10000014,Physical,12-17,2024-01-01/P1M,6396,,,
E10000014,Physical,12-17,2024-02-01/P1M,7388,,,
E10000014,Physical,12-17,2024-03-01/P1M,8567,,,
E10000014,Digital,Adult,2023-04-01/P1M,6,,,
E10000014,Digital,Adult,2023-05-01/P1M,7,,,
E10000014,Digital,Adult,2023-06-01/P1M,7,,,
E10000014,Digital,Adult,2023-07-01/P1M,5,,,
E10000014,Digital,Adult,2023-08-01/P1M,9,,,
E10000014,Digital,Adult,2023-09-01/P1M,8,,,
E10000014,Digital,Adult,2023-10-01/P1M,6,,,
E10000014,Digital,Adult,2023-11-01/P1M,7,,,
E10000014,Digital,Adult,2023-12-01/P1M,8,,,
E10000014,Digital,Adult,2024-01-01/P1M,6,,,
E10000014,Digital,Adult,2024-02-01/P1M,8,,,
E10000014,Digital,Adult,2024-03-01/P1M,6,,,
E09000014,Physical,Adult,2023-04-01/P1M,42,,,
E09000014,Physical,Adult,2023-05-01/P1M,141,,,
E09000014,Physical,Adult,2023-06-01/P1M,97,,,
E09000014,Physical,Adult,2023-07-01/P1M,160,,,
E09000014,Physical,Adult,2023-08-01/P1M,124,,,
E09000014,Physical,Adult,2023-09-01/P1M,135,,,
E09000014,Physical,Adult,2023-10-01/P1M,191,,,
E09000014,Physical,Adult,2023-11-01/P1M,86,,,
E09000014,Physical,Adult,2023-12-01/P1M,110,,,
E09000014,Physical,Adult,2024-01-01/P1M,141,,,
E09000014,Physical,Adult,2024-02-01/P1M,162,,,
E09000014,Physical,Adult,2024-03-01/P1M,163,,,
E09000014,Physical,Under 12,2023-04-01/P1M,1729,,,
E09000014,Physical,Under 12,2023-05-01/P1M,2042,,,
E09000014,Physical,Under 12,2023-06-01/P1M,2700,,,
E09000014,Physical,Under 12,2023-07-01/P1M,2220,,,
E09000014,Physical,Under 12,2023-08-01/P1M,1294,,,
E09000014,Physical,Under 12,2023-09-01/P1M,1558,,,
E09000014,Physical,Under 12,2023-10-01/P1M,2100,,,
E09000014,Physical,Under 12,2023-11-01/P1M,2385,,,
E09000014,Physical,Under 12,2023-12-01/P1M,1776,,,
E09000014,Physical,Under 12,2024-01-01/P1M,1727,,,
E09000014,Physical,Under 12,2024-02-01/P1M,2431,,,
E09000014,Physical,Under 12,2024-03-01/P1M,2880,,,
E09000014,Physical,12-17,2023-04-01/P1M,1,,,
E09000014,Physical,12-17,2023-05-01/P1M,25,,,
E09000014,Physical,12-17,2023-06-01/P1M,90,,,
E09000014,Physical,12-17,2023-07-01/P1M,22,,,
E09000014,Physical,12-17,2023-09-01/P1M,42,,,
E09000014,Physical,12-17,2023-10-01/P1M,72,,,
E09000014,Physical,12-17,2023-11-01/P1M,69,,,
E09000014,Physical,12-17,2024-01-01/P1M,11,,,
E09000014,Physical,12-17,2024-02-01/P1M,43,,,
E09000014,Physical,12-17,2024-03-01/P1M,57,,,
E09000015,Physical,Adult,2023-04-01/P1M,245,,,
E09000015,Physical,Adult,2023-05-01/P1M,393,,,
E09000015,Physical,Adult,2023-06-01/P1M,431,,,
E09000015,Physical,Adult,2023-07-01/P1M,201,,,
E09000015,Physical,Adult,2023-08-01/P1M,205,,,
E09000015,Physical,Adult,2023-09-01/P1M,344,,,
E09000015,Physical,Adult,2023-10-01/P1M,384,,,
E09000015,Physical,Adult,2023-11-01/P1M,463,,,
E09000015,Physical,Adult,2023-12-01/P1M,377,,,
E09000015,Physical,Adult,2024-01-01/P1M,420,,,
E09000015,Physical,Adult,2024-02-01/P1M,479,,,
E09000015,Physical,Adult,2024-03-01/P1M,407,,,
E09000015,Physical,Under 12,2023-04-01/P1M,2125,,,
E09000015,Physical,Under 12,2023-05-01/P1M,2226,,,
E09000015,Physical,Under 12,2023-06-01/P1M,2128,,,
E09000015,Physical,Under 12,2023-07-01/P1M,2382,,,
E09000015,Physical,Under 12,2023-08-01/P1M,3221,,,
E09000015,Physical,Under 12,2023-09-01/P1M,1799,,,
E09000015,Physical,Under 12,2023-10-01/P1M,2724,,,
E09000015,Physical,Under 12,2023-11-01/P1M,2332,,,
E09000015,Physical,Under 12,2023-12-01/P1M,1463,,,
E09000015,Physical,Under 12,2024-01-01/P1M,2075,,,
E09000015,Physical,Under 12,2024-02-01/P1M,2173,,,
E09000015,Physical,Under 12,2024-03-01/P1M,2986,,,
E09000015,Physical,12-17,2023-04-01/P1M,18,,,
E09000015,Physical,12-17,2023-05-01/P1M,30,,,
E09000015,Physical,12-17,2023-10-01/P1M,19,,,
E09000015,Physical,12-17,2023-12-01/P1M,25,,,
E09000015,Physical,12-17,2024-01-01/P1M,25,,,
E09000015,Physical,12-17,2024-02-01/P1M,26,,,
E09000015,Physical,12-17,2024-03-01/P1M,69,,,
E09000015,Digital,Adult,2023-05-01/P1M,57,,,
E09000015,Digital,Adult,2023-06-01/P1M,22,,,
E09000015,Digital,Adult,2023-09-01/P1M,21,,,
E09000015,Digital,Adult,2023-10-01/P1M,47,,,
E09000015,Digital,Under 12,2023-04-01/P1M,4532,,suspicious,"Source audit: digital_attendees_11_under: August 71 versus median nonzero month 1,372 (0.05 times). Could be a typo, changed scope or genuine activity; confirm with service. | digital_attendees_11_under: October 24 versus median nonzero month 1,372 (0.02 times). Could be a typo, changed scope or genuine activity; confirm with service. Values retained as reported pending source confirmation."
E09000015,Digital,Under 12,2023-06-01/P1M,785,,suspicious,"Source audit: digital_attendees_11_under: August 71 versus median nonzero month 1,372 (0.05 times). Could be a typo, changed scope or genuine activity; confirm with service. | digital_attendees_11_under: October 24 versus median nonzero month 1,372 (0.02 times). Could be a typo, changed scope or genuine activity; confirm with service. Values retained as reported pending source confirmation."
E09000015,Digital,Under 12,2023-07-01/P1M,2857,,suspicious,"Source audit: digital_attendees_11_under: August 71 versus median nonzero month 1,372 (0.05 times). Could be a typo, changed scope or genuine activity; confirm with service. | digital_attendees_11_under: October 24 versus median nonzero month 1,372 (0.02 times). Could be a typo, changed scope or genuine activity; confirm with service. Values retained as reported pending source confirmation."
E09000015,Digital,Under 12,2023-08-01/P1M,71,,suspicious,"Source audit: digital_attendees_11_under: August 71 versus median nonzero month 1,372 (0.05 times). Could be a typo, changed scope or genuine activity; confirm with service. | digital_attendees_11_under: October 24 versus median nonzero month 1,372 (0.02 times). Could be a typo, changed scope or genuine activity; confirm with service. Values retained as reported pending source confirmation."
E09000015,Digital,Under 12,2023-10-01/P1M,24,,suspicious,"Source audit: digital_attendees_11_under: August 71 versus median nonzero month 1,372 (0.05 times). Could be a typo, changed scope or genuine activity; confirm with service. | digital_attendees_11_under: October 24 versus median nonzero month 1,372 (0.02 times). Could be a typo, changed scope or genuine activity; confirm with service. Values retained as reported pending source confirmation."
E09000015,Digital,Under 12,2024-03-01/P1M,1960,,suspicious,"Source audit: digital_attendees_11_under: August 71 versus median nonzero month 1,372 (0.05 times). Could be a typo, changed scope or genuine activity; confirm with service. | digital_attendees_11_under: October 24 versus median nonzero month 1,372 (0.02 times). Could be a typo, changed scope or genuine activity; confirm with service. Values retained as reported pending source confirmation."
E06000001,Physical,Adult,2023-04-01/P1M,293,,,
E06000001,Physical,Adult,2023-05-01/P1M,300,,,
E06000001,Physical,Adult,2023-06-01/P1M,323,,,
E06000001,Physical,Adult,2023-07-01/P1M,379,,,
E06000001,Physical,Adult,2023-08-01/P1M,267,,,
E06000001,Physical,Adult,2023-09-01/P1M,343,,,
E06000001,Physical,Adult,2023-10-01/P1M,399,,,
E06000001,Physical,Adult,2023-11-01/P1M,375,,,
E06000001,Physical,Adult,2023-12-01/P1M,211,,,
E06000001,Physical,Adult,2024-01-01/P1M,375,,,
E06000001,Physical,Adult,2024-02-01/P1M,366,,,
E06000001,Physical,Adult,2024-03-01/P1M,349,,,
E06000001,Physical,Under 12,2023-04-01/P1M,662,,,
E06000001,Physical,Under 12,2023-05-01/P1M,792,,,
E06000001,Physical,Under 12,2023-06-01/P1M,807,,,
E06000001,Physical,Under 12,2023-07-01/P1M,962,,,
E06000001,Physical,Under 12,2023-08-01/P1M,399,,,
E06000001,Physical,Under 12,2023-09-01/P1M,732,,,
E06000001,Physical,Under 12,2023-10-01/P1M,1002,,,
E06000001,Physical,Under 12,2023-11-01/P1M,867,,,
E06000001,Physical,Under 12,2023-12-01/P1M,547,,,
E06000001,Physical,Under 12,2024-01-01/P1M,1310,,,
E06000001,Physical,Under 12,2024-02-01/P1M,1170,,,
E06000001,Physical,Under 12,2024-03-01/P1M,1131,,,
E06000019,Physical,Adult,2023-04-01/P1M,440,,,
E06000019,Physical,Adult,2023-05-01/P1M,278,,,
E06000019,Physical,Adult,2023-06-01/P1M,683,,,
E06000019,Physical,Adult,2023-07-01/P1M,649,,,
E06000019,Physical,Adult,2023-08-01/P1M,512,,,
E06000019,Physical,Adult,2023-09-01/P1M,598,,,
E06000019,Physical,Adult,2023-10-01/P1M,646,,,
E06000019,Physical,Adult,2023-11-01/P1M,606,,,
E06000019,Physical,Adult,2023-12-01/P1M,375,,,
E06000019,Physical,Adult,2024-01-01/P1M,369,,,
E06000019,Physical,Adult,2024-02-01/P1M,591,,,
E06000019,Physical,Adult,2024-03-01/P1M,599,,,
E06000019,Physical,Under 12,2023-04-01/P1M,245,,,
E06000019,Physical,Under 12,2023-05-01/P1M,267,,,
E06000019,Physical,Under 12,2023-06-01/P1M,525,,,
E06000019,Physical,Under 12,2023-07-01/P1M,497,,,
E06000019,Physical,Under 12,2023-08-01/P1M,160,,,
E06000019,Physical,Under 12,2023-09-01/P1M,206,,,
E06000019,Physical,Under 12,2023-10-01/P1M,497,,,
E06000019,Physical,Under 12,2023-11-01/P1M,507,,,
E06000019,Physical,Under 12,2023-12-01/P1M,227,,,
E06000019,Physical,Under 12,2024-01-01/P1M,303,,,
E06000019,Physical,Under 12,2024-02-01/P1M,516,,,
E06000019,Physical,Under 12,2024-03-01/P1M,569,,,
E10000015,Physical,Unknown,2023-04-01/P1M,13673,,,
E10000015,Physical,Unknown,2023-05-01/P1M,13161,,,
E10000015,Physical,Unknown,2023-06-01/P1M,13830,,,
E10000015,Physical,Unknown,2023-07-01/P1M,14457,,,
E10000015,Physical,Unknown,2023-08-01/P1M,14145,,,
E10000015,Physical,Unknown,2023-09-01/P1M,14078,,,
E10000015,Physical,Unknown,2023-10-01/P1M,17066,,,
E10000015,Physical,Unknown,2023-11-01/P1M,17482,,,
E10000015,Physical,Unknown,2023-12-01/P1M,11880,,,
E10000015,Physical,Unknown,2024-01-01/P1M,15907,,,
E10000015,Physical,Unknown,2024-02-01/P1M,16934,,,
E10000015,Physical,Unknown,2024-03-01/P1M,16348,,,
E10000015,Digital,Unknown,2023-04-01/P1M,22,,,
E10000015,Digital,Unknown,2023-05-01/P1M,39,,,
E10000015,Digital,Unknown,2023-06-01/P1M,63,,,
E10000015,Digital,Unknown,2023-07-01/P1M,44,,,
E10000015,Digital,Unknown,2023-08-01/P1M,63,,,
E10000015,Digital,Unknown,2023-09-01/P1M,24,,,
E10000015,Digital,Unknown,2023-10-01/P1M,4214,,,
E10000015,Digital,Unknown,2023-11-01/P1M,139,,,
E10000015,Digital,Unknown,2023-12-01/P1M,21,,,
E10000015,Digital,Unknown,2024-01-01/P1M,52,,,
E10000015,Digital,Unknown,2024-02-01/P1M,70,,,
E10000015,Digital,Unknown,2024-03-01/P1M,46,,,
E06000010,Physical,Unknown,2023-04-01/P1M,841,,,
E06000010,Physical,Unknown,2023-05-01/P1M,958,,,
E06000010,Physical,Unknown,2023-06-01/P1M,4589,,,
E06000010,Physical,Unknown,2023-07-01/P1M,1558,,,
E06000010,Physical,Unknown,2023-08-01/P1M,1229,,,
E06000010,Physical,Unknown,2023-09-01/P1M,825,,,
E06000010,Physical,Unknown,2023-10-01/P1M,1094,,,
E06000010,Physical,Unknown,2023-11-01/P1M,1026,,,
E06000010,Physical,Unknown,2023-12-01/P1M,898,,,
E06000010,Physical,Unknown,2024-01-01/P1M,868,,,
E06000010,Physical,Unknown,2024-02-01/P1M,1540,,,
E06000010,Physical,Unknown,2024-03-01/P1M,1582,,,
E06000010,Digital,Unknown,2023-04-01/P1M,480,,,
E06000010,Digital,Unknown,2023-05-01/P1M,33,,,
E06000010,Digital,Unknown,2023-06-01/P1M,35,,,
E06000010,Digital,Unknown,2023-07-01/P1M,26,,,
E06000010,Digital,Unknown,2023-08-01/P1M,37,,,
E06000010,Digital,Unknown,2023-09-01/P1M,26,,,
E06000010,Digital,Unknown,2023-10-01/P1M,35,,,
E06000010,Digital,Unknown,2023-11-01/P1M,30,,,
E06000010,Digital,Unknown,2023-12-01/P1M,24,,,
E06000010,Digital,Unknown,2024-01-01/P1M,34,,,
E06000010,Digital,Unknown,2024-02-01/P1M,38,,,
E06000010,Digital,Unknown,2024-03-01/P1M,35,,,
E06000046,Physical,Adult,2023-04-01/P1M,880,,,
E06000046,Physical,Adult,2023-05-01/P1M,880,,,
E06000046,Physical,Adult,2023-06-01/P1M,880,,,
E06000046,Physical,Adult,2023-07-01/P1M,880,,,
E06000046,Physical,Adult,2023-08-01/P1M,880,,,
E06000046,Physical,Adult,2023-09-01/P1M,880,,,
E06000046,Physical,Adult,2023-10-01/P1M,880,,,
E06000046,Physical,Adult,2023-11-01/P1M,880,,,
E06000046,Physical,Adult,2023-12-01/P1M,880,,,
E06000046,Physical,Adult,2024-01-01/P1M,880,,,
E06000046,Physical,Adult,2024-02-01/P1M,880,,,
E06000046,Physical,Adult,2024-03-01/P1M,880,,,
E06000046,Physical,Under 12,2023-04-01/P1M,760,,,
E06000046,Physical,Under 12,2023-05-01/P1M,760,,,
E06000046,Physical,Under 12,2023-06-01/P1M,760,,,
E06000046,Physical,Under 12,2023-07-01/P1M,760,,,
E06000046,Physical,Under 12,2023-08-01/P1M,760,,,
E06000046,Physical,Under 12,2023-09-01/P1M,760,,,
E06000046,Physical,Under 12,2023-10-01/P1M,760,,,
E06000046,Physical,Under 12,2023-11-01/P1M,760,,,
E06000046,Physical,Under 12,2023-12-01/P1M,760,,,
E06000046,Physical,Under 12,2024-01-01/P1M,760,,,
E06000046,Physical,Under 12,2024-02-01/P1M,760,,,
E06000046,Physical,Under 12,2024-03-01/P1M,760,,,
E06000046,Physical,12-17,2023-04-01/P1M,50,,,
E06000046,Physical,12-17,2023-05-01/P1M,50,,,
E06000046,Physical,12-17,2023-06-01/P1M,50,,,
E06000046,Physical,12-17,2023-07-01/P1M,50,,,
E06000046,Physical,12-17,2023-09-01/P1M,50,,,
E06000046,Physical,12-17,2023-10-01/P1M,50,,,
E06000046,Physical,12-17,2023-11-01/P1M,50,,,
E06000046,Physical,12-17,2023-12-01/P1M,50,,,
E06000046,Physical,12-17,2024-01-01/P1M,50,,,
E06000046,Physical,12-17,2024-02-01/P1M,50,,,
E06000046,Physical,12-17,2024-03-01/P1M,50,,,
E09000019,Physical,Adult,2023-04-01/P1M,1981,,,
E09000019,Physical,Adult,2023-05-01/P1M,2091,,,
E09000019,Physical,Adult,2023-06-01/P1M,2106,,,
E09000019,Physical,Adult,2023-07-01/P1M,2389,,,
E09000019,Physical,Adult,2023-08-01/P1M,2820,,,
E09000019,Physical,Adult,2023-09-01/P1M,2237,,,
E09000019,Physical,Adult,2023-10-01/P1M,3183,,,
E09000019,Physical,Adult,2023-11-01/P1M,2672,,,
E09000019,Physical,Adult,2023-12-01/P1M,1879,,,
E09000019,Physical,Adult,2024-01-01/P1M,2416,,,
E09000019,Physical,Adult,2024-02-01/P1M,2847,,,
E09000019,Physical,Adult,2024-03-01/P1M,2592,,,
E09000019,Physical,Under 12,2023-04-01/P1M,1958,,,
E09000019,Physical,Under 12,2023-05-01/P1M,2005,,,
E09000019,Physical,Under 12,2023-06-01/P1M,1928,,,
E09000019,Physical,Under 12,2023-07-01/P1M,2250,,,
E09000019,Physical,Under 12,2023-08-01/P1M,2764,,,
E09000019,Physical,Under 12,2023-09-01/P1M,1938,,,
E09000019,Physical,Under 12,2023-10-01/P1M,3237,,,
E09000019,Physical,Under 12,2023-11-01/P1M,2400,,,
E09000019,Physical,Under 12,2023-12-01/P1M,2224,,,
E09000019,Physical,Under 12,2024-01-01/P1M,2395,,,
E09000019,Physical,Under 12,2024-02-01/P1M,2530,,,
E09000019,Physical,Under 12,2024-03-01/P1M,2366,,,
E09000020,Physical,Unknown,2023-04-01/P1M,2936,,suspicious,"Source audit: total_attendees_physical_events: March 236 versus median nonzero month 3,269 (0.07 times). Could be a typo, changed scope or genuine activity; confirm with service. Values retained as reported pending source confirmation."
E09000020,Physical,Unknown,2023-05-01/P1M,2973,,suspicious,"Source audit: total_attendees_physical_events: March 236 versus median nonzero month 3,269 (0.07 times). Could be a typo, changed scope or genuine activity; confirm with service. Values retained as reported pending source confirmation."
E09000020,Physical,Unknown,2023-06-01/P1M,3852,,suspicious,"Source audit: total_attendees_physical_events: March 236 versus median nonzero month 3,269 (0.07 times). Could be a typo, changed scope or genuine activity; confirm with service. Values retained as reported pending source confirmation."
E09000020,Physical,Unknown,2023-07-01/P1M,3201,,suspicious,"Source audit: total_attendees_physical_events: March 236 versus median nonzero month 3,269 (0.07 times). Could be a typo, changed scope or genuine activity; confirm with service. Values retained as reported pending source confirmation."
E09000020,Physical,Unknown,2023-08-01/P1M,2396,,suspicious,"Source audit: total_attendees_physical_events: March 236 versus median nonzero month 3,269 (0.07 times). Could be a typo, changed scope or genuine activity; confirm with service. Values retained as reported pending source confirmation."
E09000020,Physical,Unknown,2023-09-01/P1M,3337,,suspicious,"Source audit: total_attendees_physical_events: March 236 versus median nonzero month 3,269 (0.07 times). Could be a typo, changed scope or genuine activity; confirm with service. Values retained as reported pending source confirmation."
E09000020,Physical,Unknown,2023-10-01/P1M,4895,,suspicious,"Source audit: total_attendees_physical_events: March 236 versus median nonzero month 3,269 (0.07 times). Could be a typo, changed scope or genuine activity; confirm with service. Values retained as reported pending source confirmation."
E09000020,Physical,Unknown,2023-11-01/P1M,6610,,suspicious,"Source audit: total_attendees_physical_events: March 236 versus median nonzero month 3,269 (0.07 times). Could be a typo, changed scope or genuine activity; confirm with service. Values retained as reported pending source confirmation."
E09000020,Physical,Unknown,2023-12-01/P1M,2591,,suspicious,"Source audit: total_attendees_physical_events: March 236 versus median nonzero month 3,269 (0.07 times). Could be a typo, changed scope or genuine activity; confirm with service. Values retained as reported pending source confirmation."
E09000020,Physical,Unknown,2024-01-01/P1M,3957,,suspicious,"Source audit: total_attendees_physical_events: March 236 versus median nonzero month 3,269 (0.07 times). Could be a typo, changed scope or genuine activity; confirm with service. Values retained as reported pending source confirmation."
E09000020,Physical,Unknown,2024-02-01/P1M,3935,,suspicious,"Source audit: total_attendees_physical_events: March 236 versus median nonzero month 3,269 (0.07 times). Could be a typo, changed scope or genuine activity; confirm with service. Values retained as reported pending source confirmation."
E09000020,Physical,Unknown,2024-03-01/P1M,236,,suspicious,"Source audit: total_attendees_physical_events: March 236 versus median nonzero month 3,269 (0.07 times). Could be a typo, changed scope or genuine activity; confirm with service. Values retained as reported pending source confirmation."
E10000016,Physical,Adult,2023-04-01/P1M,6787,,,
E10000016,Physical,Adult,2023-05-01/P1M,8132,,,
E10000016,Physical,Adult,2023-06-01/P1M,8312,,,
E10000016,Physical,Adult,2023-07-01/P1M,8430,,,
E10000016,Physical,Adult,2023-08-01/P1M,8050,,,
E10000016,Physical,Adult,2023-09-01/P1M,7449,,,
E10000016,Physical,Adult,2023-10-01/P1M,8676,,,
E10000016,Physical,Adult,2023-11-01/P1M,8600,,,
E10000016,Physical,Adult,2023-12-01/P1M,6208,,,
E10000016,Physical,Adult,2024-01-01/P1M,8267,,,
E10000016,Physical,Adult,2024-02-01/P1M,8775,,,
E10000016,Physical,Adult,2024-03-01/P1M,8860,,,
E10000016,Physical,Under 12,2023-04-01/P1M,5300,,,
E10000016,Physical,Under 12,2023-05-01/P1M,6715,,,
E10000016,Physical,Under 12,2023-06-01/P1M,9533,,,
E10000016,Physical,Under 12,2023-07-01/P1M,23316,,,
E10000016,Physical,Under 12,2023-08-01/P1M,5876,,,
E10000016,Physical,Under 12,2023-09-01/P1M,4710,,,
E10000016,Physical,Under 12,2023-10-01/P1M,7189,,,
E10000016,Physical,Under 12,2023-11-01/P1M,7162,,,
E10000016,Physical,Under 12,2023-12-01/P1M,4506,,,
E10000016,Physical,Under 12,2024-01-01/P1M,6699,,,
E10000016,Physical,Under 12,2024-02-01/P1M,7148,,,
E10000016,Physical,Under 12,2024-03-01/P1M,8231,,,
E10000016,Digital,Adult,2023-07-01/P1M,5,,,
E10000016,Digital,Adult,2023-08-01/P1M,5,,,
E10000016,Digital,Adult,2024-03-01/P1M,14,,,
E10000016,Digital,Under 12,2023-07-01/P1M,210,,,
E10000016,Digital,Under 12,2023-08-01/P1M,210,,,
E10000016,Digital,Under 12,2024-03-01/P1M,200,,,
E09000021,Physical,Adult,2023-04-01/P1M,735,,,
E09000021,Physical,Adult,2023-05-01/P1M,889,,,
E09000021,Physical,Adult,2023-06-01/P1M,656,,,
E09000021,Physical,Adult,2023-07-01/P1M,696,,,
E09000021,Physical,Adult,2023-08-01/P1M,675,,,
E09000021,Physical,Adult,2023-09-01/P1M,851,,,
E09000021,Physical,Adult,2023-10-01/P1M,1048,,,
E09000021,Physical,Adult,2023-11-01/P1M,1092,,,
E09000021,Physical,Adult,2023-12-01/P1M,674,,,
E09000021,Physical,Adult,2024-01-01/P1M,934,,,
E09000021,Physical,Adult,2024-02-01/P1M,1148,,,
E09000021,Physical,Adult,2024-03-01/P1M,1136,,,
E09000021,Physical,Under 12,2023-04-01/P1M,1680,,,
E09000021,Physical,Under 12,2023-05-01/P1M,2434,,,
E09000021,Physical,Under 12,2023-06-01/P1M,2299,,,
E09000021,Physical,Under 12,2023-07-01/P1M,1993,,,
E09000021,Physical,Under 12,2023-08-01/P1M,1420,,,
E09000021,Physical,Under 12,2023-09-01/P1M,1438,,,
E09000021,Physical,Under 12,2023-10-01/P1M,2272,,,
E09000021,Physical,Under 12,2023-11-01/P1M,2130,,,
E09000021,Physical,Under 12,2023-12-01/P1M,1797,,,
E09000021,Physical,Under 12,2024-01-01/P1M,1958,,,
E09000021,Physical,Under 12,2024-02-01/P1M,2666,,,
E09000021,Physical,Under 12,2024-03-01/P1M,2263,,,
E08000034,Physical,Adult,2023-04-01/P1M,5300,,,
E08000034,Physical,Adult,2023-05-01/P1M,5765,,,
E08000034,Physical,Adult,2023-06-01/P1M,6501,,,
E08000034,Physical,Adult,2023-07-01/P1M,6386,,,
E08000034,Physical,Adult,2023-08-01/P1M,5225,,,
E08000034,Physical,Adult,2023-09-01/P1M,5805,,,
E08000034,Physical,Adult,2023-10-01/P1M,6386,,,
E08000034,Physical,Adult,2023-11-01/P1M,6711,,,
E08000034,Physical,Adult,2023-12-01/P1M,4854,,,
E08000034,Physical,Adult,2024-01-01/P1M,6336,,,
E08000034,Physical,Adult,2024-02-01/P1M,6303,,,
E08000034,Physical,Adult,2024-03-01/P1M,7502,,,
E08000034,Physical,Under 12,2023-04-01/P1M,3393,,,
E08000034,Physical,Under 12,2023-05-01/P1M,3051,,,
E08000034,Physical,Under 12,2023-06-01/P1M,3743,,,
E08000034,Physical,Under 12,2023-07-01/P1M,5452,,,
E08000034,Physical,Under 12,2023-08-01/P1M,3247,,,
E08000034,Physical,Under 12,2023-09-01/P1M,2750,,,
E08000034,Physical,Under 12,2023-10-01/P1M,3804,,,
E08000034,Physical,Under 12,2023-11-01/P1M,4017,,,
E08000034,Physical,Under 12,2023-12-01/P1M,2846,,,
E08000034,Physical,Under 12,2024-01-01/P1M,3577,,,
E08000034,Physical,Under 12,2024-02-01/P1M,4359,,,
E08000034,Physical,Under 12,2024-03-01/P1M,4954,,,
E08000011,Physical,Adult,2023-04-01/P1M,856,,,
E08000011,Physical,Adult,2023-05-01/P1M,1139,,,
E08000011,Physical,Adult,2023-06-01/P1M,653,,,
E08000011,Physical,Adult,2023-07-01/P1M,766,,,
E08000011,Physical,Adult,2023-08-01/P1M,689,,,
E08000011,Physical,Adult,2023-09-01/P1M,1050,,,
E08000011,Physical,Adult,2023-10-01/P1M,671,,,
E08000011,Physical,Adult,2023-11-01/P1M,1056,,,
E08000011,Physical,Adult,2023-12-01/P1M,1002,,,
E08000011,Physical,Adult,2024-01-01/P1M,1248,,,
E08000011,Physical,Adult,2024-02-01/P1M,1245,,,
E08000011,Physical,Adult,2024-03-01/P1M,1649,,,
E08000011,Physical,Under 12,2023-04-01/P1M,2735,,,
E08000011,Physical,Under 12,2023-05-01/P1M,1767,,,
E08000011,Physical,Under 12,2023-06-01/P1M,1269,,,
E08000011,Physical,Under 12,2023-07-01/P1M,2433,,,
E08000011,Physical,Under 12,2023-08-01/P1M,4835,,,
E08000011,Physical,Under 12,2023-09-01/P1M,986,,,
E08000011,Physical,Under 12,2023-10-01/P1M,2170,,,
E08000011,Physical,Under 12,2023-11-01/P1M,1972,,,
E08000011,Physical,Under 12,2023-12-01/P1M,576,,,
E08000011,Physical,Under 12,2024-01-01/P1M,1683,,,
E08000011,Physical,Under 12,2024-02-01/P1M,2823,,,
E08000011,Physical,Under 12,2024-03-01/P1M,2556,,,
E06000016,Physical,Under 12,2023-04-01/P1M,1786,,,
E06000016,Physical,Under 12,2023-05-01/P1M,2406,,,
E06000016,Physical,Under 12,2023-06-01/P1M,2102,,,
E06000016,Physical,Under 12,2023-07-01/P1M,1999,,,
E06000016,Physical,Under 12,2023-08-01/P1M,1724,,,
E06000016,Physical,Under 12,2023-09-01/P1M,1989,,,
E06000016,Physical,Under 12,2023-10-01/P1M,2284,,,
E06000016,Physical,Under 12,2023-11-01/P1M,2593,,,
E06000016,Physical,Under 12,2023-12-01/P1M,1481,,,
E06000016,Physical,Under 12,2024-01-01/P1M,2094,,,
E06000016,Physical,Under 12,2024-02-01/P1M,2324,,,
E06000016,Physical,Under 12,2024-03-01/P1M,2247,,,
E10000018,Physical,Unknown,2023-04-01/P1M,3683,,,
E10000018,Physical,Unknown,2023-05-01/P1M,3737,,,
E10000018,Physical,Unknown,2023-06-01/P1M,3680,,,
E10000018,Physical,Unknown,2023-07-01/P1M,4205,,,
E10000018,Physical,Unknown,2023-08-01/P1M,3881,,,
E10000018,Physical,Unknown,2023-09-01/P1M,3480,,,
E10000018,Physical,Unknown,2023-10-01/P1M,3890,,,
E10000018,Physical,Unknown,2023-11-01/P1M,4472,,,
E10000018,Physical,Unknown,2023-12-01/P1M,2800,,,
E10000018,Physical,Unknown,2024-01-01/P1M,3720,,,
E10000018,Physical,Unknown,2024-02-01/P1M,4265,,,
E10000018,Physical,Unknown,2024-03-01/P1M,3666,,,
E09000023,Physical,Unknown,2023-04-01/P1M,5124,,,
E09000023,Physical,Unknown,2023-05-01/P1M,5467,,,
E09000023,Physical,Unknown,2023-06-01/P1M,5737,,,
E09000023,Physical,Unknown,2023-07-01/P1M,5554,,,
E09000023,Physical,Unknown,2023-08-01/P1M,5153,,,
E09000023,Physical,Unknown,2023-09-01/P1M,5183,,,
E09000023,Physical,Unknown,2023-10-01/P1M,5844,,,
E09000023,Physical,Unknown,2023-11-01/P1M,5413,,,
E09000023,Physical,Unknown,2023-12-01/P1M,3990,,,
E09000023,Physical,Unknown,2024-01-01/P1M,4801,,,
E09000023,Physical,Unknown,2024-02-01/P1M,5392,,,
E09000023,Physical,Unknown,2024-03-01/P1M,5262,,,
E09000023,Digital,Unknown,2023-04-01/P1M,17,,,
E09000023,Digital,Unknown,2023-05-01/P1M,18,,,
E09000023,Digital,Unknown,2023-06-01/P1M,20,,,
E09000023,Digital,Unknown,2023-07-01/P1M,19,,,
E09000023,Digital,Unknown,2023-08-01/P1M,17,,,
E09000023,Digital,Unknown,2023-09-01/P1M,17,,,
E09000023,Digital,Unknown,2023-10-01/P1M,20,,,
E09000023,Digital,Unknown,2023-11-01/P1M,18,,,
E09000023,Digital,Unknown,2023-12-01/P1M,13,,,
E09000023,Digital,Unknown,2024-01-01/P1M,16,,,
E09000023,Digital,Unknown,2024-02-01/P1M,18,,,
E09000023,Digital,Unknown,2024-03-01/P1M,18,,,
E10000019,Physical,Unknown,2023-04-01/P1M,8645,,,
E10000019,Physical,Unknown,2023-05-01/P1M,7065,,,
E10000019,Physical,Unknown,2023-06-01/P1M,6550,,,
E10000019,Physical,Unknown,2023-07-01/P1M,6729,,,
E10000019,Physical,Unknown,2023-08-01/P1M,6761,,,
E10000019,Physical,Unknown,2023-09-01/P1M,7405,,,
E10000019,Physical,Unknown,2023-10-01/P1M,9780,,,
E10000019,Physical,Unknown,2023-11-01/P1M,6316,,,
E10000019,Physical,Unknown,2023-12-01/P1M,5269,,,
E10000019,Physical,Unknown,2024-01-01/P1M,6069,,,
E10000019,Physical,Unknown,2024-02-01/P1M,8080,,,
E10000019,Physical,Unknown,2024-03-01/P1M,8994,,,
E09000002,Physical,Adult,2023-04-01/P1M,1842,,,
E09000002,Physical,Adult,2023-05-01/P1M,2534,,,
E09000002,Physical,Adult,2023-06-01/P1M,2192,,,
E09000002,Physical,Adult,2023-07-01/P1M,2375,,,
E09000002,Physical,Adult,2023-08-01/P1M,2350,,,
E09000002,Physical,Adult,2023-09-01/P1M,2024,,,
E09000002,Physical,Adult,2023-10-01/P1M,3088,,,
E09000002,Physical,Adult,2023-11-01/P1M,3289,,,
E09000002,Physical,Adult,2023-12-01/P1M,2113,,,
E09000002,Physical,Adult,2024-01-01/P1M,2772,,,
E09000002,Physical,Adult,2024-02-01/P1M,3378,,,
E09000002,Physical,Adult,2024-03-01/P1M,5124,,,
E09000002,Physical,Under 12,2023-04-01/P1M,1765,,,
E09000002,Physical,Under 12,2023-05-01/P1M,2550,,,
E09000002,Physical,Under 12,2023-06-01/P1M,2610,,,
E09000002,Physical,Under 12,2023-07-01/P1M,2492,,,
E09000002,Physical,Under 12,2023-08-01/P1M,1695,,,
E09000002,Physical,Under 12,2023-09-01/P1M,1863,,,
E09000002,Physical,Under 12,2023-10-01/P1M,2550,,,
E09000002,Physical,Under 12,2023-11-01/P1M,3266,,,
E09000002,Physical,Under 12,2023-12-01/P1M,1664,,,
E09000002,Physical,Under 12,2024-01-01/P1M,2193,,,
E09000002,Physical,Under 12,2024-02-01/P1M,2220,,,
E09000002,Physical,Under 12,2024-03-01/P1M,1567,,,
E09000003,Physical,Adult,2023-04-01/P1M,1350,,,
E09000003,Physical,Adult,2023-05-01/P1M,1904,,,
E09000003,Physical,Adult,2023-06-01/P1M,1788,,,
E09000003,Physical,Adult,2023-07-01/P1M,1560,,,
E09000003,Physical,Adult,2023-08-01/P1M,582,,,
E09000003,Physical,Adult,2023-09-01/P1M,1471,,,
E09000003,Physical,Adult,2023-10-01/P1M,1623,,,
E09000003,Physical,Adult,2023-11-01/P1M,2067,,,
E09000003,Physical,Adult,2023-12-01/P1M,1435,,,
E09000003,Physical,Adult,2024-01-01/P1M,1726,,,
E09000003,Physical,Adult,2024-02-01/P1M,1857,,,
E09000003,Physical,Adult,2024-03-01/P1M,2294,,,
E09000003,Physical,Under 12,2023-04-01/P1M,1510,,,
E09000003,Physical,Under 12,2023-05-01/P1M,2258,,,
E09000003,Physical,Under 12,2023-06-01/P1M,2043,,,
E09000003,Physical,Under 12,2023-07-01/P1M,2598,,,
E09000003,Physical,Under 12,2023-08-01/P1M,710,,,
E09000003,Physical,Under 12,2023-09-01/P1M,1063,,,
E09000003,Physical,Under 12,2023-10-01/P1M,1768,,,
E09000003,Physical,Under 12,2023-11-01/P1M,2344,,,
E09000003,Physical,Under 12,2023-12-01/P1M,1731,,,
E09000003,Physical,Under 12,2024-01-01/P1M,1743,,,
E09000003,Physical,Under 12,2024-02-01/P1M,2144,,,
E09000003,Physical,Under 12,2024-03-01/P1M,2283,,,
E09000003,Digital,Adult,2023-04-01/P1M,9,,,
E09000003,Digital,Adult,2023-05-01/P1M,48,,,
E09000003,Digital,Adult,2023-06-01/P1M,54,,,
E09000003,Digital,Adult,2023-07-01/P1M,80,,,
E09000003,Digital,Adult,2023-08-01/P1M,2,,,
E09000003,Digital,Adult,2023-09-01/P1M,251,,,
E09000003,Digital,Adult,2023-10-01/P1M,12,,,
E09000003,Digital,Adult,2023-11-01/P1M,215,,,
E09000003,Digital,Adult,2023-12-01/P1M,206,,,
E09000003,Digital,Adult,2024-01-01/P1M,22,,,
E09000003,Digital,Adult,2024-02-01/P1M,84,,,
E09000003,Digital,Adult,2024-03-01/P1M,112,,,
E09000003,Digital,Under 12,2023-07-01/P1M,924,,,
E09000003,Digital,Under 12,2023-12-01/P1M,400,,,
E09000007,Physical,Adult,2023-04-01/P1M,470,,,
E09000007,Physical,Adult,2023-05-01/P1M,659,,,
E09000007,Physical,Adult,2023-06-01/P1M,698,,,
E09000007,Physical,Adult,2023-07-01/P1M,541,,,
E09000007,Physical,Adult,2023-08-01/P1M,369,,,
E09000007,Physical,Adult,2023-09-01/P1M,495,,,
E09000007,Physical,Adult,2023-10-01/P1M,677,,,
E09000007,Physical,Adult,2023-11-01/P1M,606,,,
E09000007,Physical,Adult,2023-12-01/P1M,401,,,
E09000007,Physical,Adult,2024-01-01/P1M,641,,,
E09000007,Physical,Adult,2024-02-01/P1M,720,,,
E09000007,Physical,Adult,2024-03-01/P1M,774,,,
E09000007,Physical,Under 12,2023-04-01/P1M,1470,,,
E09000007,Physical,Under 12,2023-05-01/P1M,1812,,,
E09000007,Physical,Under 12,2023-06-01/P1M,1400,,,
E09000007,Physical,Under 12,2023-07-01/P1M,1092,,,
E09000007,Physical,Under 12,2023-08-01/P1M,774,,,
E09000007,Physical,Under 12,2023-09-01/P1M,1024,,,
E09000007,Physical,Under 12,2023-10-01/P1M,1749,,,
E09000007,Physical,Under 12,2023-11-01/P1M,1963,,,
E09000007,Physical,Under 12,2023-12-01/P1M,1465,,,
E09000007,Physical,Under 12,2024-01-01/P1M,1691,,,
E09000007,Physical,Under 12,2024-02-01/P1M,1822,,,
E09000007,Physical,Under 12,2024-03-01/P1M,1846,,,
E09000007,Digital,Adult,2023-05-01/P1M,7,,,
E09000007,Digital,Adult,2023-11-01/P1M,37,,,
E09000009,Physical,Unknown,2023-04-01/P1M,5644,,,
E09000009,Physical,Unknown,2023-05-01/P1M,5519,,,
E09000009,Physical,Unknown,2023-06-01/P1M,5474,,,
E09000009,Physical,Unknown,2023-07-01/P1M,6149,,,
E09000009,Physical,Unknown,2023-08-01/P1M,4892,,,
E09000009,Physical,Unknown,2023-09-01/P1M,5421,,,
E09000009,Physical,Unknown,2023-10-01/P1M,6904,,,
E09000009,Physical,Unknown,2023-11-01/P1M,6705,,,
E09000009,Physical,Unknown,2023-12-01/P1M,3415,,,
E09000009,Physical,Unknown,2024-01-01/P1M,6446,,,
E09000009,Physical,Unknown,2024-02-01/P1M,7553,,,
E09000009,Physical,Unknown,2024-03-01/P1M,7376,,,
E09000017,Physical,Adult,2023-04-01/P1M,1681,,,
E09000017,Physical,Adult,2023-05-01/P1M,2071,,,
E09000017,Physical,Adult,2023-06-01/P1M,1957,,,
E09000017,Physical,Adult,2023-07-01/P1M,1954,,,
E09000017,Physical,Adult,2023-08-01/P1M,12549,,,
E09000017,Physical,Adult,2023-09-01/P1M,2359,,,
E09000017,Physical,Adult,2023-10-01/P1M,2423,,,
E09000017,Physical,Adult,2023-11-01/P1M,2467,,,
E09000017,Physical,Adult,2023-12-01/P1M,1788,,,
E09000017,Physical,Adult,2024-01-01/P1M,2169,,,
E09000017,Physical,Adult,2024-02-01/P1M,1999,,,
E09000017,Physical,Adult,2024-03-01/P1M,1839,,,
E09000017,Physical,Under 12,2023-04-01/P1M,3163,,,
E09000017,Physical,Under 12,2023-05-01/P1M,3903,,,
E09000017,Physical,Under 12,2023-06-01/P1M,7695,,,
E09000017,Physical,Under 12,2023-07-01/P1M,8319,,,
E09000017,Physical,Under 12,2023-08-01/P1M,1286,,,
E09000017,Physical,Under 12,2023-09-01/P1M,2958,,,
E09000017,Physical,Under 12,2023-10-01/P1M,4287,,,
E09000017,Physical,Under 12,2023-11-01/P1M,4482,,,
E09000017,Physical,Under 12,2023-12-01/P1M,2353,,,
E09000017,Physical,Under 12,2024-01-01/P1M,3143,,,
E09000017,Physical,Under 12,2024-02-01/P1M,3567,,,
E09000017,Physical,Under 12,2024-03-01/P1M,4319,,,
E09000017,Physical,12-17,2023-04-01/P1M,179,,,
E09000017,Physical,12-17,2023-05-01/P1M,322,,,
E09000017,Physical,12-17,2023-06-01/P1M,95,,,
E09000017,Physical,12-17,2023-07-01/P1M,161,,,
E09000017,Physical,12-17,2023-08-01/P1M,213,,,
E09000017,Physical,12-17,2023-09-01/P1M,177,,,
E09000017,Physical,12-17,2023-10-01/P1M,670,,,
E09000017,Physical,12-17,2023-11-01/P1M,1009,,,
E09000017,Physical,12-17,2023-12-01/P1M,653,,,
E09000017,Physical,12-17,2024-01-01/P1M,351,,,
E09000017,Physical,12-17,2024-02-01/P1M,500,,,
E09000017,Physical,12-17,2024-03-01/P1M,330,,,
E09000017,Digital,Adult,2023-07-01/P1M,728,,,
E09000017,Digital,Adult,2023-11-01/P1M,9,,,
E09000017,Digital,Under 12,2023-04-01/P1M,2,,,
E09000017,Digital,Under 12,2023-05-01/P1M,100,,,
E09000017,Digital,Under 12,2023-06-01/P1M,26,,,
E09000017,Digital,Under 12,2023-07-01/P1M,13,,,
E09000017,Digital,Under 12,2023-09-01/P1M,16,,,
E09000017,Digital,Under 12,2023-10-01/P1M,13,,,
E09000017,Digital,Under 12,2023-11-01/P1M,5,,,
E09000017,Digital,Under 12,2023-12-01/P1M,15,,,
E09000017,Digital,Under 12,2024-01-01/P1M,12,,,
E09000017,Digital,Under 12,2024-02-01/P1M,16,,,
E09000017,Digital,Under 12,2024-03-01/P1M,8,,,
E09000018,Physical,Adult,2023-04-01/P3M,507,,,
E09000018,Physical,Adult,2023-07-01/P3M,509,,,
E09000018,Physical,Adult,2023-10-01/P3M,504,,,
E09000018,Physical,Adult,2024-01-01/P3M,511,,,
E09000018,Physical,Under 12,2023-04-01/P3M,1212,,,
E09000018,Physical,Under 12,2023-07-01/P3M,1571,,,
E09000018,Physical,Under 12,2023-10-01/P3M,1211,,,
E09000018,Physical,Under 12,2024-01-01/P3M,1136,,,
E09000027,Physical,Adult,2023-04-01/P1M,580,,,
E09000027,Physical,Adult,2023-05-01/P1M,1062,,,
E09000027,Physical,Adult,2023-06-01/P1M,789,,,
E09000027,Physical,Adult,2023-07-01/P1M,769,,,
E09000027,Physical,Adult,2023-08-01/P1M,528,,,
E09000027,Physical,Adult,2023-09-01/P1M,917,,,
E09000027,Physical,Adult,2023-10-01/P1M,1066,,,
E09000027,Physical,Adult,2023-11-01/P1M,1077,,,
E09000027,Physical,Adult,2023-12-01/P1M,596,,,
E09000027,Physical,Adult,2024-01-01/P1M,1066,,,
E09000027,Physical,Adult,2024-02-01/P1M,1354,,,
E09000027,Physical,Adult,2024-03-01/P1M,1585,,,
E09000027,Physical,Under 12,2023-04-01/P1M,1085,,,
E09000027,Physical,Under 12,2023-05-01/P1M,1097,,,
E09000027,Physical,Under 12,2023-06-01/P1M,859,,,
E09000027,Physical,Under 12,2023-07-01/P1M,1038,,,
E09000027,Physical,Under 12,2023-08-01/P1M,981,,,
E09000027,Physical,Under 12,2023-09-01/P1M,1074,,,
E09000027,Physical,Under 12,2023-10-01/P1M,1354,,,
E09000027,Physical,Under 12,2023-11-01/P1M,1596,,,
E09000027,Physical,Under 12,2023-12-01/P1M,961,,,
E09000027,Physical,Under 12,2024-01-01/P1M,1733,,,
E09000027,Physical,Under 12,2024-02-01/P1M,1515,,,
E09000027,Physical,Under 12,2024-03-01/P1M,1488,,,
E09000029,Physical,Adult,2023-04-01/P1M,707,,,
E09000029,Physical,Adult,2023-05-01/P1M,1195,,,
E09000029,Physical,Adult,2023-06-01/P1M,1709,,,
E09000029,Physical,Adult,2023-07-01/P1M,1582,,,
E09000029,Physical,Adult,2023-08-01/P1M,1036,,,
E09000029,Physical,Adult,2023-09-01/P1M,1534,,,
E09000029,Physical,Adult,2023-10-01/P1M,1275,,,
E09000029,Physical,Adult,2023-11-01/P1M,1564,,,
E09000029,Physical,Adult,2023-12-01/P1M,499,,,
E09000029,Physical,Adult,2024-01-01/P1M,1926,,,
E09000029,Physical,Adult,2024-02-01/P1M,2254,,,
E09000029,Physical,Adult,2024-03-01/P1M,1412,,,
E09000029,Physical,Under 12,2023-04-01/P1M,3076,,,
E09000029,Physical,Under 12,2023-05-01/P1M,3626,,,
E09000029,Physical,Under 12,2023-06-01/P1M,3956,,,
E09000029,Physical,Under 12,2023-07-01/P1M,3044,,,
E09000029,Physical,Under 12,2023-08-01/P1M,3438,,,
E09000029,Physical,Under 12,2023-09-01/P1M,3379,,,
E09000029,Physical,Under 12,2023-10-01/P1M,3278,,,
E09000029,Physical,Under 12,2023-11-01/P1M,3566,,,
E09000029,Physical,Under 12,2023-12-01/P1M,2743,,,
E09000029,Physical,Under 12,2024-01-01/P1M,6093,,,
E09000029,Physical,Under 12,2024-02-01/P1M,4172,,,
E09000029,Physical,Under 12,2024-03-01/P1M,3466,,,
E06000032,Physical,Unknown,2023-04-01/P1M,689,,,
E06000032,Physical,Unknown,2023-05-01/P1M,1287,,,
E06000032,Physical,Unknown,2023-06-01/P1M,4599,,,
E06000032,Physical,Unknown,2023-07-01/P1M,12228,,,
E06000032,Physical,Unknown,2023-08-01/P1M,588,,,
E06000032,Physical,Unknown,2023-09-01/P1M,995,,,
E06000032,Physical,Unknown,2023-10-01/P1M,1815,,,
E06000032,Physical,Unknown,2023-11-01/P1M,2603,,,
E06000032,Physical,Unknown,2023-12-01/P1M,1011,,,
E06000032,Physical,Unknown,2024-01-01/P1M,1821,,,
E06000032,Physical,Unknown,2024-02-01/P1M,1718,,,
E06000032,Physical,Unknown,2024-03-01/P1M,1961,,,
E08000003,Physical,Adult,2023-04-01/P1M,8372,,,
E08000003,Physical,Adult,2023-05-01/P1M,9446,,,
E08000003,Physical,Adult,2023-06-01/P1M,9474,,,
E08000003,Physical,Adult,2023-07-01/P1M,9298,,,
E08000003,Physical,Adult,2023-08-01/P1M,7850,,,
E08000003,Physical,Adult,2023-09-01/P1M,13654,,,
E08000003,Physical,Adult,2023-10-01/P1M,12690,,,
E08000003,Physical,Adult,2023-11-01/P1M,17149,,,
E08000003,Physical,Adult,2023-12-01/P1M,11949,,,
E08000003,Physical,Adult,2024-01-01/P1M,14954,,,
E08000003,Physical,Adult,2024-02-01/P1M,18887,,,
E08000003,Physical,Adult,2024-03-01/P1M,11874,,,
E08000003,Digital,Adult,2023-04-01/P1M,35,,,
E08000003,Digital,Adult,2023-05-01/P1M,121,,,
E08000003,Digital,Adult,2023-06-01/P1M,113,,,
E08000003,Digital,Adult,2023-07-01/P1M,88,,,
E08000003,Digital,Adult,2023-08-01/P1M,85,,,
E08000003,Digital,Adult,2023-09-01/P1M,108,,,
E08000003,Digital,Adult,2023-10-01/P1M,75,,,
E08000003,Digital,Adult,2023-11-01/P1M,147,,,
E08000003,Digital,Adult,2023-12-01/P1M,101,,,
E08000003,Digital,Adult,2024-01-01/P1M,85,,,
E08000003,Digital,Adult,2024-02-01/P1M,184,,,
E08000003,Digital,Adult,2024-03-01/P1M,108,,,
E09000024,Physical,Adult,2023-04-01/P1M,2063,,,
E09000024,Physical,Adult,2023-05-01/P1M,3233,,,
E09000024,Physical,Adult,2023-06-01/P1M,3237,,,
E09000024,Physical,Adult,2023-07-01/P1M,2342,,,
E09000024,Physical,Adult,2023-08-01/P1M,4140,,,
E09000024,Physical,Adult,2023-09-01/P1M,3249,,,
E09000024,Physical,Adult,2023-10-01/P1M,4669,,,
E09000024,Physical,Adult,2023-11-01/P1M,3926,,,
E09000024,Physical,Adult,2023-12-01/P1M,2746,,,
E09000024,Physical,Adult,2024-01-01/P1M,5013,,,
E09000024,Physical,Adult,2024-02-01/P1M,4127,,,
E09000024,Physical,Adult,2024-03-01/P1M,4323,,,
E09000024,Physical,Under 12,2023-04-01/P1M,3075,,,
E09000024,Physical,Under 12,2023-05-01/P1M,4214,,,
E09000024,Physical,Under 12,2023-06-01/P1M,4293,,,
E09000024,Physical,Under 12,2023-07-01/P1M,3672,,,
E09000024,Physical,Under 12,2023-08-01/P1M,3704,,,
E09000024,Physical,Under 12,2023-09-01/P1M,4285,,,
E09000024,Physical,Under 12,2023-10-01/P1M,5291,,,
E09000024,Physical,Under 12,2023-11-01/P1M,5822,,,
E09000024,Physical,Under 12,2023-12-01/P1M,4073,,,
E09000024,Physical,Under 12,2024-01-01/P1M,5035,,,
E09000024,Physical,Under 12,2024-02-01/P1M,5359,,,
E09000024,Physical,Under 12,2024-03-01/P1M,5911,,,
E09000024,Physical,12-17,2023-04-01/P1M,242,,,
E09000024,Physical,12-17,2023-05-01/P1M,45,,,
E09000024,Physical,12-17,2023-06-01/P1M,45,,,
E09000024,Physical,12-17,2023-07-01/P1M,352,,,
E09000024,Physical,12-17,2023-08-01/P1M,48,,,
E09000024,Physical,12-17,2023-09-01/P1M,69,,,
E09000024,Physical,12-17,2023-10-01/P1M,320,,,
E09000024,Physical,12-17,2023-11-01/P1M,271,,,
E09000024,Physical,12-17,2024-01-01/P1M,18,,,
E09000024,Physical,12-17,2024-02-01/P1M,17,,,
E09000024,Physical,12-17,2024-03-01/P1M,227,,,
E08000021,Physical,Unknown,2023-04-01/P1M,901,,,
E08000021,Physical,Unknown,2023-05-01/P1M,1615,,,
E08000021,Physical,Unknown,2023-06-01/P1M,1463,,,
E08000021,Physical,Unknown,2023-07-01/P1M,1737,,,
E08000021,Physical,Unknown,2023-08-01/P1M,1323,,,
E08000021,Physical,Unknown,2023-09-01/P1M,821,,,
E08000021,Physical,Unknown,2023-10-01/P1M,1580,,,
E08000021,Physical,Unknown,2023-11-01/P1M,2018,,,
E08000021,Physical,Unknown,2023-12-01/P1M,757,,,
E08000021,Physical,Unknown,2024-01-01/P1M,1549,,,
E08000021,Physical,Unknown,2024-02-01/P1M,2201,,,
E08000021,Physical,Unknown,2024-03-01/P1M,1603,,,
E09000025,Physical,Unknown,2023-04-01/P1M,12203,,,
E09000025,Physical,Unknown,2023-05-01/P1M,18247,,,
E09000025,Physical,Unknown,2023-06-01/P1M,15764,,,
E09000025,Physical,Unknown,2023-07-01/P1M,18379,,,
E09000025,Physical,Unknown,2023-08-01/P1M,19788,,,
E09000025,Physical,Unknown,2023-09-01/P1M,17183,,,
E09000025,Physical,Unknown,2023-10-01/P1M,22790,,,
E09000025,Physical,Unknown,2023-11-01/P1M,20479,,,
E09000025,Physical,Unknown,2023-12-01/P1M,16058,,,
E09000025,Physical,Unknown,2024-01-01/P1M,17475,,,
E09000025,Physical,Unknown,2024-02-01/P1M,20542,,,
E09000025,Physical,Unknown,2024-03-01/P1M,21432,,,
E10000020,Physical,Unknown,2023-04-01/P1Y,101246,,,
E10000020,Digital,Unknown,2023-04-01/P1Y,22470,,,
E06000012,Physical,Adult,2023-04-01/P1M,319,,,
E06000012,Physical,Adult,2023-05-01/P1M,498,,,
E06000012,Physical,Adult,2023-06-01/P1M,333,,,
E06000012,Physical,Adult,2023-07-01/P1M,399,,,
E06000012,Physical,Adult,2023-08-01/P1M,375,,,
E06000012,Physical,Adult,2023-09-01/P1M,509,,,
E06000012,Physical,Adult,2023-10-01/P1M,676,,,
E06000012,Physical,Adult,2023-11-01/P1M,497,,,
E06000012,Physical,Adult,2023-12-01/P1M,274,,,
E06000012,Physical,Adult,2024-01-01/P1M,379,,,
E06000012,Physical,Adult,2024-02-01/P1M,438,,,
E06000012,Physical,Adult,2024-03-01/P1M,396,,,
E06000012,Physical,Under 12,2023-04-01/P1M,318,,,
E06000012,Physical,Under 12,2023-05-01/P1M,435,,,
E06000012,Physical,Under 12,2023-06-01/P1M,357,,,
E06000012,Physical,Under 12,2023-07-01/P1M,315,,,
E06000012,Physical,Under 12,2023-08-01/P1M,352,,,
E06000012,Physical,Under 12,2023-09-01/P1M,420,,,
E06000012,Physical,Under 12,2023-10-01/P1M,439,,,
E06000012,Physical,Under 12,2023-11-01/P1M,458,,,
E06000012,Physical,Under 12,2023-12-01/P1M,230,,,
E06000012,Physical,Under 12,2024-01-01/P1M,325,,,
E06000012,Physical,Under 12,2024-02-01/P1M,441,,,
E06000012,Physical,Under 12,2024-03-01/P1M,546,,,
E06000012,Digital,Adult,2023-04-01/P1M,2,,,
E06000012,Digital,Adult,2023-05-01/P1M,6,,,
E06000012,Digital,Adult,2023-06-01/P1M,2,,,
E06000012,Digital,Adult,2023-07-01/P1M,1,,,
E06000012,Digital,Adult,2023-08-01/P1M,1,,,
E06000012,Digital,Adult,2023-09-01/P1M,1,,,
E06000012,Digital,Adult,2023-10-01/P1M,4,,,
E06000012,Digital,Adult,2023-11-01/P1M,9,,,
E06000012,Digital,Adult,2024-01-01/P1M,4,,,
E06000012,Digital,Adult,2024-02-01/P1M,2,,,
E06000012,Digital,Adult,2024-03-01/P1M,16,,,
E06000013,Physical,Adult,2023-04-01/P1M,24,,,
E06000013,Physical,Adult,2023-05-01/P1M,90,,,
E06000013,Physical,Adult,2023-06-01/P1M,40,,,
E06000013,Physical,Adult,2023-07-01/P1M,50,,,
E06000013,Physical,Adult,2023-08-01/P1M,30,,,
E06000013,Physical,Adult,2023-09-01/P1M,70,,,
E06000013,Physical,Adult,2023-10-01/P1M,130,,,
E06000013,Physical,Adult,2023-11-01/P1M,125,,,
E06000013,Physical,Adult,2023-12-01/P1M,60,,,
E06000013,Physical,Adult,2024-01-01/P1M,50,,,
E06000013,Physical,Adult,2024-02-01/P1M,90,,,
E06000013,Physical,Adult,2024-03-01/P1M,55,,,
E06000013,Physical,Under 12,2023-04-01/P1M,300,,,
E06000013,Physical,Under 12,2023-05-01/P1M,350,,,
E06000013,Physical,Under 12,2023-06-01/P1M,210,,,
E06000013,Physical,Under 12,2023-07-01/P1M,210,,,
E06000013,Physical,Under 12,2023-08-01/P1M,380,,,
E06000013,Physical,Under 12,2023-09-01/P1M,100,,,
E06000013,Physical,Under 12,2023-10-01/P1M,170,,,
E06000013,Physical,Under 12,2023-11-01/P1M,190,,,
E06000013,Physical,Under 12,2023-12-01/P1M,50,,,
E06000013,Physical,Under 12,2024-01-01/P1M,65,,,
E06000013,Physical,Under 12,2024-02-01/P1M,433,,,
E06000013,Physical,Under 12,2024-03-01/P1M,200,,,
E06000013,Physical,12-17,2023-08-01/P1M,60,,,
E06000013,Physical,12-17,2024-02-01/P1M,10,,,
E06000013,Physical,12-17,2024-03-01/P1M,10,,,
E06000024,Physical,Adult,2023-04-01/P3M,3438,,,
E06000024,Physical,Adult,2023-07-01/P3M,4036,,,
E06000024,Physical,Adult,2023-10-01/P3M,3921,,,
E06000024,Physical,Adult,2024-01-01/P3M,4343,,,
E06000024,Physical,Under 12,2023-04-01/P3M,3540,,,
E06000024,Physical,Under 12,2023-07-01/P3M,4603,,,
E06000024,Physical,Under 12,2023-10-01/P3M,3214,,,
E06000024,Physical,Under 12,2024-01-01/P3M,4725,,,
E08000022,Physical,Adult,2023-04-01/P1M,1836,,,
E08000022,Physical,Adult,2023-05-01/P1M,1743,,,
E08000022,Physical,Adult,2023-06-01/P1M,2361,,,
E08000022,Physical,Adult,2023-07-01/P1M,1660,,,
E08000022,Physical,Adult,2023-08-01/P1M,1975,,,
E08000022,Physical,Adult,2023-09-01/P1M,1682,,,
E08000022,Physical,Adult,2023-10-01/P1M,2087,,,
E08000022,Physical,Adult,2023-11-01/P1M,2135,,,
E08000022,Physical,Adult,2023-12-01/P1M,1516,,,
E08000022,Physical,Adult,2024-01-01/P1M,1789,,,
E08000022,Physical,Adult,2024-02-01/P1M,2021,,,
E08000022,Physical,Adult,2024-03-01/P1M,2318,,,
E08000022,Physical,Under 12,2023-04-01/P1M,1139,,,
E08000022,Physical,Under 12,2023-05-01/P1M,943,,,
E08000022,Physical,Under 12,2023-06-01/P1M,1079,,,
E08000022,Physical,Under 12,2023-07-01/P1M,1337,,,
E08000022,Physical,Under 12,2023-08-01/P1M,2690,,,
E08000022,Physical,Under 12,2023-09-01/P1M,1117,,,
E08000022,Physical,Under 12,2023-10-01/P1M,1618,,,
E08000022,Physical,Under 12,2023-11-01/P1M,1205,,,
E08000022,Physical,Under 12,2023-12-01/P1M,1040,,,
E08000022,Physical,Under 12,2024-01-01/P1M,1518,,,
E08000022,Physical,Under 12,2024-02-01/P1M,1861,,,
E08000022,Physical,Under 12,2024-03-01/P1M,1373,,,
E06000065,Physical,Unknown,2023-04-01/P1M,7701,,,
E06000065,Physical,Unknown,2023-05-01/P1M,10364,,,
E06000065,Physical,Unknown,2023-06-01/P1M,11169,,,
E06000065,Physical,Unknown,2023-07-01/P1M,20293,,,
E06000065,Physical,Unknown,2023-08-01/P1M,8924,,,
E06000065,Physical,Unknown,2023-09-01/P1M,8943,,,
E06000065,Physical,Unknown,2023-10-01/P1M,11268,,,
E06000065,Physical,Unknown,2023-11-01/P1M,13258,,,
E06000065,Physical,Unknown,2023-12-01/P1M,8849,,,
E06000065,Physical,Unknown,2024-01-01/P1M,8492,,,
E06000065,Physical,Unknown,2024-02-01/P1M,10969,,,
E06000065,Physical,Unknown,2024-03-01/P1M,10795,,,
E06000065,Digital,Unknown,2023-10-01/P1M,32,,,
E06000065,Digital,Unknown,2024-03-01/P1M,10,,,
E06000057,Physical,Adult,2023-06-01/P1M,277,,,
E06000057,Physical,Adult,2023-07-01/P1M,1032,,,
E06000057,Physical,Adult,2023-08-01/P1M,1108,,,
E06000057,Physical,Adult,2023-09-01/P1M,1537,,,
E06000057,Physical,Adult,2023-10-01/P1M,2114,,,
E06000057,Physical,Adult,2023-11-01/P1M,1689,,,
E06000057,Physical,Adult,2023-12-01/P1M,1148,,,
E06000057,Physical,Adult,2024-01-01/P1M,1730,,,
E06000057,Physical,Adult,2024-02-01/P1M,2501,,,
E06000057,Physical,Adult,2024-03-01/P1M,3373,,,
E06000057,Physical,Under 12,2023-06-01/P1M,298,,,
E06000057,Physical,Under 12,2023-07-01/P1M,1189,,,
E06000057,Physical,Under 12,2023-08-01/P1M,1008,,,
E06000057,Physical,Under 12,2023-09-01/P1M,1521,,,
E06000057,Physical,Under 12,2023-10-01/P1M,2031,,,
E06000057,Physical,Under 12,2023-11-01/P1M,1829,,,
E06000057,Physical,Under 12,2023-12-01/P1M,1208,,,
E06000057,Physical,Under 12,2024-01-01/P1M,1192,,,
E06000057,Physical,Under 12,2024-02-01/P1M,1575,,,
E06000057,Physical,Under 12,2024-03-01/P1M,3481,,,
E06000018,Physical,Adult,2023-04-01/P1M,2386,,,
E06000018,Physical,Adult,2023-05-01/P1M,2569,,,
E06000018,Physical,Adult,2023-06-01/P1M,2938,,,
E06000018,Physical,Adult,2023-07-01/P1M,2576,,,
E06000018,Physical,Adult,2023-08-01/P1M,2388,,,
E06000018,Physical,Adult,2023-09-01/P1M,3066,,,
E06000018,Physical,Adult,2023-10-01/P1M,3144,,,
E06000018,Physical,Adult,2023-11-01/P1M,2926,,,
E06000018,Physical,Adult,2023-12-01/P1M,3613,,,
E06000018,Physical,Adult,2024-01-01/P1M,3322,,,
E06000018,Physical,Adult,2024-02-01/P1M,6152,,,
E06000018,Physical,Adult,2024-03-01/P1M,4408,,,
E06000018,Physical,Under 12,2023-04-01/P1M,1837,,,
E06000018,Physical,Under 12,2023-05-01/P1M,1962,,,
E06000018,Physical,Under 12,2023-06-01/P1M,2359,,,
E06000018,Physical,Under 12,2023-07-01/P1M,1598,,,
E06000018,Physical,Under 12,2023-08-01/P1M,2174,,,
E06000018,Physical,Under 12,2023-09-01/P1M,2333,,,
E06000018,Physical,Under 12,2023-10-01/P1M,2573,,,
E06000018,Physical,Under 12,2023-11-01/P1M,3114,,,
E06000018,Physical,Under 12,2023-12-01/P1M,2351,,,
E06000018,Physical,Under 12,2024-01-01/P1M,2884,,,
E06000018,Physical,Under 12,2024-02-01/P1M,4418,,,
E06000018,Physical,Under 12,2024-03-01/P1M,3634,,,
E06000018,Digital,Adult,2023-04-01/P1M,47,,,
E06000018,Digital,Adult,2023-05-01/P1M,62,,,
E06000018,Digital,Adult,2023-06-01/P1M,133,,,
E06000018,Digital,Adult,2023-07-01/P1M,98,,,
E06000018,Digital,Adult,2023-08-01/P1M,31,,,
E06000018,Digital,Adult,2023-09-01/P1M,110,,,
E06000018,Digital,Adult,2023-10-01/P1M,180,,,
E06000018,Digital,Adult,2023-11-01/P1M,150,,,
E06000018,Digital,Adult,2023-12-01/P1M,106,,,
E06000018,Digital,Adult,2024-01-01/P1M,103,,,
E06000018,Digital,Adult,2024-02-01/P1M,125,,,
E06000018,Digital,Adult,2024-03-01/P1M,21,,,
E10000024,Physical,Unknown,2023-04-01/P1M,19723,,,
E10000024,Physical,Unknown,2023-05-01/P1M,20877,,,
E10000024,Physical,Unknown,2023-06-01/P1M,27253,,,
E10000024,Physical,Unknown,2023-07-01/P1M,33265,,,
E10000024,Physical,Unknown,2023-08-01/P1M,20837,,,
E10000024,Physical,Unknown,2023-09-01/P1M,21131,,,
E10000024,Physical,Unknown,2023-10-01/P1M,23942,,,
E10000024,Physical,Unknown,2023-11-01/P1M,30869,,,
E10000024,Physical,Unknown,2023-12-01/P1M,19243,,,
E10000024,Physical,Unknown,2024-01-01/P1M,22861,,,
E10000024,Physical,Unknown,2024-02-01/P1M,30803,,,
E10000024,Physical,Unknown,2024-03-01/P1M,29432,,,
E10000024,Digital,Unknown,2023-04-01/P1M,2632,,,
E10000024,Digital,Unknown,2023-05-01/P1M,1099,,,
E10000024,Digital,Unknown,2023-06-01/P1M,1181,,,
E10000024,Digital,Unknown,2023-07-01/P1M,3698,,,
E10000024,Digital,Unknown,2023-08-01/P1M,400,,,
E10000024,Digital,Unknown,2023-09-01/P1M,1488,,,
E10000024,Digital,Unknown,2023-10-01/P1M,162,,,
E10000024,Digital,Unknown,2023-11-01/P1M,1173,,,
E10000024,Digital,Unknown,2023-12-01/P1M,308,,,
E10000024,Digital,Unknown,2024-01-01/P1M,304,,,
E10000024,Digital,Unknown,2024-02-01/P1M,336,,,
E10000024,Digital,Unknown,2024-03-01/P1M,1937,,,
E08000004,Physical,Adult,2023-04-01/P1M,3724,,,
E08000004,Physical,Adult,2023-05-01/P1M,2951,,,
E08000004,Physical,Adult,2023-06-01/P1M,2830,,,
E08000004,Physical,Adult,2023-07-01/P1M,3561,,,
E08000004,Physical,Adult,2023-08-01/P1M,2743,,,
E08000004,Physical,Adult,2023-09-01/P1M,4237,,,
E08000004,Physical,Adult,2023-10-01/P1M,1683,,,
E08000004,Physical,Adult,2023-11-01/P1M,5173,,,
E08000004,Physical,Adult,2023-12-01/P1M,1497,,,
E08000004,Physical,Adult,2024-01-01/P1M,2483,,,
E08000004,Physical,Adult,2024-02-01/P1M,3416,,,
E08000004,Physical,Adult,2024-03-01/P1M,3299,,,
E08000004,Physical,Under 12,2023-04-01/P1M,1425,,,
E08000004,Physical,Under 12,2023-05-01/P1M,1109,,,
E08000004,Physical,Under 12,2023-06-01/P1M,1137,,,
E08000004,Physical,Under 12,2023-07-01/P1M,2136,,,
E08000004,Physical,Under 12,2023-08-01/P1M,1897,,,
E08000004,Physical,Under 12,2023-09-01/P1M,1283,,,
E08000004,Physical,Under 12,2023-10-01/P1M,1452,,,
E08000004,Physical,Under 12,2023-11-01/P1M,1251,,,
E08000004,Physical,Under 12,2023-12-01/P1M,2014,,,
E08000004,Physical,Under 12,2024-01-01/P1M,2295,,,
E08000004,Physical,Under 12,2024-02-01/P1M,2935,,,
E08000004,Physical,Under 12,2024-03-01/P1M,1025,,,
E08000004,Physical,12-17,2023-04-01/P1M,19,,,
E08000004,Physical,12-17,2023-05-01/P1M,8,,,
E08000004,Physical,12-17,2023-06-01/P1M,14,,,
E08000004,Physical,12-17,2023-07-01/P1M,24,,,
E08000004,Physical,12-17,2023-08-01/P1M,63,,,
E08000004,Physical,12-17,2023-10-01/P1M,10,,,
E08000004,Physical,12-17,2023-11-01/P1M,14,,,
E08000004,Physical,12-17,2023-12-01/P1M,19,,,
E08000004,Physical,12-17,2024-01-01/P1M,30,,,
E08000004,Physical,12-17,2024-02-01/P1M,18,,,
E08000004,Physical,12-17,2024-03-01/P1M,18,,,
E08000004,Digital,Adult,2023-04-01/P1Y,379,,,
E10000025,Physical,Adult,2023-04-01/P1M,2282,,,
E10000025,Physical,Adult,2023-05-01/P1M,4383,,,
E10000025,Physical,Adult,2023-06-01/P1M,2537,,,
E10000025,Physical,Adult,2023-07-01/P1M,2605,,,
E10000025,Physical,Adult,2023-08-01/P1M,2050,,,
E10000025,Physical,Adult,2023-09-01/P1M,2359,,,
E10000025,Physical,Adult,2023-10-01/P1M,2767,,,
E10000025,Physical,Adult,2023-11-01/P1M,3211,,,
E10000025,Physical,Adult,2023-12-01/P1M,2400,,,
E10000025,Physical,Adult,2024-01-01/P1M,2775,,,
E10000025,Physical,Adult,2024-02-01/P1M,4359,,,
E10000025,Physical,Adult,2024-03-01/P1M,2835,,,
E10000025,Physical,Under 12,2023-04-01/P1M,9021,,,
E10000025,Physical,Under 12,2023-05-01/P1M,10127,,,
E10000025,Physical,Under 12,2023-06-01/P1M,12237,,,
E10000025,Physical,Under 12,2023-07-01/P1M,21993,,,
E10000025,Physical,Under 12,2023-08-01/P1M,12505,,,
E10000025,Physical,Under 12,2023-09-01/P1M,10500,,,
E10000025,Physical,Under 12,2023-10-01/P1M,15012,,,
E10000025,Physical,Under 12,2023-11-01/P1M,14525,,,
E10000025,Physical,Under 12,2023-12-01/P1M,10216,,,
E10000025,Physical,Under 12,2024-01-01/P1M,12914,,,
E10000025,Physical,Under 12,2024-02-01/P1M,14491,,,
E10000025,Physical,Under 12,2024-03-01/P1M,15075,,,
E06000031,Physical,Adult,2023-04-01/P1M,920,,,
E06000031,Physical,Adult,2023-05-01/P1M,761,,,
E06000031,Physical,Adult,2023-06-01/P1M,874,,,
E06000031,Physical,Adult,2023-07-01/P1M,748,,,
E06000031,Physical,Adult,2023-08-01/P1M,861,,,
E06000031,Physical,Adult,2023-09-01/P1M,665,,,
E06000031,Physical,Adult,2023-10-01/P1M,1255,,,
E06000031,Physical,Adult,2023-11-01/P1M,994,,,
E06000031,Physical,Adult,2023-12-01/P1M,437,,,
E06000031,Physical,Adult,2024-01-01/P1M,887,,,
E06000031,Physical,Adult,2024-02-01/P1M,1035,,,
E06000031,Physical,Adult,2024-03-01/P1M,889,,,
E06000031,Physical,Under 12,2023-04-01/P1M,899,,,
E06000031,Physical,Under 12,2023-05-01/P1M,873,,,
E06000031,Physical,Under 12,2023-06-01/P1M,967,,,
E06000031,Physical,Under 12,2023-07-01/P1M,1288,,,
E06000031,Physical,Under 12,2023-08-01/P1M,748,,,
E06000031,Physical,Under 12,2023-09-01/P1M,525,,,
E06000031,Physical,Under 12,2023-10-01/P1M,841,,,
E06000031,Physical,Under 12,2023-11-01/P1M,533,,,
E06000031,Physical,Under 12,2023-12-01/P1M,470,,,
E06000031,Physical,Under 12,2024-01-01/P1M,644,,,
E06000031,Physical,Under 12,2024-02-01/P1M,802,,,
E06000031,Physical,Under 12,2024-03-01/P1M,862,,,
E06000031,Physical,12-17,2023-04-01/P1Y,2,,,
E06000044,Physical,Adult,2023-04-01/P1M,455,,,
E06000044,Physical,Adult,2023-05-01/P1M,404,,,
E06000044,Physical,Adult,2023-06-01/P1M,450,,,
E06000044,Physical,Adult,2023-07-01/P1M,289,,,
E06000044,Physical,Adult,2023-08-01/P1M,400,,,
E06000044,Physical,Adult,2023-09-01/P1M,387,,,
E06000044,Physical,Adult,2023-10-01/P1M,650,,,
E06000044,Physical,Adult,2023-11-01/P1M,503,,,
E06000044,Physical,Adult,2023-12-01/P1M,768,,,
E06000044,Physical,Adult,2024-01-01/P1M,575,,,
E06000044,Physical,Adult,2024-02-01/P1M,761,,,
E06000044,Physical,Adult,2024-03-01/P1M,619,,,
E06000044,Physical,Under 12,2023-04-01/P1M,857,,,
E06000044,Physical,Under 12,2023-05-01/P1M,1161,,,
E06000044,Physical,Under 12,2023-06-01/P1M,1096,,,
E06000044,Physical,Under 12,2023-07-01/P1M,1060,,,
E06000044,Physical,Under 12,2023-08-01/P1M,1108,,,
E06000044,Physical,Under 12,2023-09-01/P1M,1249,,,
E06000044,Physical,Under 12,2023-10-01/P1M,1729,,,
E06000044,Physical,Under 12,2023-11-01/P1M,1191,,,
E06000044,Physical,Under 12,2023-12-01/P1M,1360,,,
E06000044,Physical,Under 12,2024-01-01/P1M,982,,,
E06000044,Physical,Under 12,2024-02-01/P1M,1326,,,
E06000044,Physical,Under 12,2024-03-01/P1M,1396,,,
E06000044,Physical,12-17,2023-09-01/P1M,12,,,
E06000044,Physical,12-17,2023-10-01/P1M,39,,,
E06000044,Physical,12-17,2023-11-01/P1M,20,,,
E06000044,Physical,12-17,2024-01-01/P1M,18,,,
E06000044,Digital,Adult,2023-06-01/P1M,100,,,
E06000044,Digital,Adult,2023-07-01/P1M,96,,,
E06000038,Physical,Adult,2023-04-01/P1M,874,,,
E06000038,Physical,Adult,2023-05-01/P1M,623,,,
E06000038,Physical,Adult,2023-06-01/P1M,1070,,,
E06000038,Physical,Adult,2023-07-01/P1M,1024,,,
E06000038,Physical,Adult,2023-08-01/P1M,1125,,,
E06000038,Physical,Adult,2023-09-01/P1M,732,,,
E06000038,Physical,Adult,2023-10-01/P1M,1350,,,
E06000038,Physical,Adult,2023-11-01/P1M,1086,,,
E06000038,Physical,Adult,2023-12-01/P1M,946,,,
E06000038,Physical,Adult,2024-01-01/P1M,1172,,,
E06000038,Physical,Adult,2024-02-01/P1M,1358,,,
E06000038,Physical,Adult,2024-03-01/P1M,1187,,,
E06000038,Physical,Under 12,2023-04-01/P1M,1060,,,
E06000038,Physical,Under 12,2023-05-01/P1M,844,,,
E06000038,Physical,Under 12,2023-06-01/P1M,1244,,,
E06000038,Physical,Under 12,2023-07-01/P1M,1309,,,
E06000038,Physical,Under 12,2023-08-01/P1M,1360,,,
E06000038,Physical,Under 12,2023-09-01/P1M,951,,,
E06000038,Physical,Under 12,2023-10-01/P1M,1637,,,
E06000038,Physical,Under 12,2023-11-01/P1M,1093,,,
E06000038,Physical,Under 12,2023-12-01/P1M,1093,,,
E06000038,Physical,Under 12,2024-01-01/P1M,1227,,,
E06000038,Physical,Under 12,2024-02-01/P1M,1616,,,
E06000038,Physical,Under 12,2024-03-01/P1M,1412,,,
E08000005,Physical,Adult,2023-04-01/P3M,2000,,,
E08000005,Physical,Adult,2023-07-01/P3M,2000,,,
E08000005,Physical,Adult,2023-10-01/P3M,2000,,,
E08000005,Physical,Adult,2024-01-01/P3M,2295,,,
E08000005,Physical,Under 12,2023-04-01/P3M,3000,,,
E08000005,Physical,Under 12,2023-07-01/P3M,2500,,,
E08000005,Physical,Under 12,2023-10-01/P3M,2500,,,
E08000005,Physical,Under 12,2024-01-01/P3M,3000,,,
E08000005,Digital,Adult,2023-04-01/P3M,50,,,
E08000005,Digital,Adult,2023-07-01/P3M,50,,,
E08000005,Digital,Adult,2023-10-01/P3M,50,,,
E08000005,Digital,Adult,2024-01-01/P3M,50,,,
E08000018,Physical,Adult,2023-04-01/P1M,5435,,,
E08000018,Physical,Adult,2023-05-01/P1M,6049,,,
E08000018,Physical,Adult,2023-06-01/P1M,6010,,,
E08000018,Physical,Adult,2023-07-01/P1M,5862,,,
E08000018,Physical,Adult,2023-08-01/P1M,6115,,,
E08000018,Physical,Adult,2023-09-01/P1M,5888,,,
E08000018,Physical,Adult,2023-10-01/P1M,7283,,,
E08000018,Physical,Adult,2023-11-01/P1M,5814,,,
E08000018,Physical,Adult,2023-12-01/P1M,3817,,,
E08000018,Physical,Adult,2024-01-01/P1M,5833,,,
E08000018,Physical,Adult,2024-02-01/P1M,6446,,,
E08000018,Physical,Adult,2024-03-01/P1M,6853,,,
E08000018,Physical,Under 12,2023-04-01/P1M,3683,,,
E08000018,Physical,Under 12,2023-05-01/P1M,3416,,,
E08000018,Physical,Under 12,2023-06-01/P1M,3501,,,
E08000018,Physical,Under 12,2023-07-01/P1M,4500,,,
E08000018,Physical,Under 12,2023-08-01/P1M,4298,,,
E08000018,Physical,Under 12,2023-09-01/P1M,4607,,,
E08000018,Physical,Under 12,2023-10-01/P1M,4739,,,
E08000018,Physical,Under 12,2023-11-01/P1M,3856,,,
E08000018,Physical,Under 12,2023-12-01/P1M,2595,,,
E08000018,Physical,Under 12,2024-01-01/P1M,4449,,,
E08000018,Physical,Under 12,2024-02-01/P1M,4452,,,
E08000018,Physical,Under 12,2024-03-01/P1M,5643,,,
E06000040,Physical,Unknown,2023-04-01/P1M,2672,,,
E06000040,Physical,Unknown,2023-05-01/P1M,3248,,,
E06000040,Physical,Unknown,2023-06-01/P1M,2914,,,
E06000040,Physical,Unknown,2023-07-01/P1M,3143,,,
E06000040,Physical,Unknown,2023-08-01/P1M,1825,,,
E06000040,Physical,Unknown,2023-09-01/P1M,3643,,,
E06000040,Physical,Unknown,2023-10-01/P1M,3492,,,
E06000040,Physical,Unknown,2023-11-01/P1M,3566,,,
E06000040,Physical,Unknown,2023-12-01/P1M,2001,,,
E06000040,Physical,Unknown,2024-01-01/P1M,3659,,,
E06000040,Physical,Unknown,2024-02-01/P1M,2857,,,
E06000040,Physical,Unknown,2024-03-01/P1M,2131,,,
E06000040,Digital,Unknown,2023-04-01/P1Y,15,,,
E06000017,Physical,Adult,2023-04-01/P1M,92,,,
E06000017,Physical,Adult,2023-05-01/P1M,188,,,
E06000017,Physical,Adult,2023-06-01/P1M,53,,,
E06000017,Physical,Adult,2023-07-01/P1M,71,,,
E06000017,Physical,Adult,2023-08-01/P1M,92,,,
E06000017,Physical,Adult,2023-09-01/P1M,54,,,
E06000017,Physical,Adult,2023-10-01/P1M,86,,,
E06000017,Physical,Adult,2023-11-01/P1M,73,,,
E06000017,Physical,Adult,2023-12-01/P1M,77,,,
E06000017,Physical,Adult,2024-01-01/P1M,65,,,
E06000017,Physical,Adult,2024-02-01/P1M,62,,,
E06000017,Physical,Adult,2024-03-01/P1M,57,,,
E08000006,Physical,Unknown,2023-04-01/P1M,2157,,,
E08000006,Physical,Unknown,2023-05-01/P1M,3120,,,
E08000006,Physical,Unknown,2023-06-01/P1M,3399,,,
E08000006,Physical,Unknown,2023-07-01/P1M,3186,,,
E08000006,Physical,Unknown,2023-08-01/P1M,1945,,,
E08000006,Physical,Unknown,2023-09-01/P1M,3082,,,
E08000006,Physical,Unknown,2023-10-01/P1M,6934,,,
E08000006,Physical,Unknown,2023-11-01/P1M,5960,,,
E08000006,Physical,Unknown,2023-12-01/P1M,3230,,,
E08000006,Physical,Unknown,2024-01-01/P1M,7485,,,
E08000006,Physical,Unknown,2024-02-01/P1M,11389,,,
E08000006,Physical,Unknown,2024-03-01/P1M,6147,,,
E08000006,Digital,Adult,2023-04-01/P1M,11,,,
E08000006,Digital,Adult,2023-05-01/P1M,12,,,
E08000006,Digital,Adult,2023-06-01/P1M,13,,,
E08000006,Digital,Adult,2023-07-01/P1M,10,,,
E08000006,Digital,Adult,2023-09-01/P1M,19,,,
E08000006,Digital,Adult,2023-10-01/P1M,24,,,
E08000006,Digital,Adult,2023-11-01/P1M,17,,,
E08000006,Digital,Adult,2023-12-01/P1M,12,,,
E08000006,Digital,Adult,2024-01-01/P1M,21,,,
E08000006,Digital,Adult,2024-02-01/P1M,22,,,
E08000006,Digital,Adult,2024-03-01/P1M,19,,,
E08000028,Physical,Unknown,2023-04-01/P1M,12507,,,
E08000028,Physical,Unknown,2023-05-01/P1M,11628,,,
E08000028,Physical,Unknown,2023-06-01/P1M,12104,,,
E08000028,Physical,Unknown,2023-07-01/P1M,11827,,,
E08000028,Physical,Unknown,2023-08-01/P1M,11789,,,
E08000028,Physical,Unknown,2023-09-01/P1M,10123,,,
E08000028,Physical,Unknown,2023-10-01/P1M,11547,,,
E08000028,Physical,Unknown,2023-11-01/P1M,12021,,,
E08000028,Physical,Unknown,2023-12-01/P1M,10758,,,
E08000028,Physical,Unknown,2024-01-01/P1M,13335,,,
E08000028,Physical,Unknown,2024-02-01/P1M,17419,,,
E08000028,Physical,Unknown,2024-03-01/P1M,16988,,,
E08000014,Physical,Adult,2023-04-01/P3M,1287,,suspicious,"Source audit: total_attendees_physical_events: Annual: reported total 14,677; category sum 21,535; difference -6,858. Categories exceed total; check duplication, scope and reporting frequency. Event audiences may overlap. Values retained as reported pending source confirmation."
E08000014,Physical,Adult,2023-07-01/P3M,354,,suspicious,"Source audit: total_attendees_physical_events: Annual: reported total 14,677; category sum 21,535; difference -6,858. Categories exceed total; check duplication, scope and reporting frequency. Event audiences may overlap. Values retained as reported pending source confirmation."
E08000014,Physical,Adult,2023-10-01/P3M,474,,suspicious,"Source audit: total_attendees_physical_events: Annual: reported total 14,677; category sum 21,535; difference -6,858. Categories exceed total; check duplication, scope and reporting frequency. Event audiences may overlap. Values retained as reported pending source confirmation."
E08000014,Physical,Adult,2024-01-01/P3M,8120,,suspicious,"Source audit: total_attendees_physical_events: Annual: reported total 14,677; category sum 21,535; difference -6,858. Categories exceed total; check duplication, scope and reporting frequency. Event audiences may overlap. Values retained as reported pending source confirmation."
E08000014,Physical,Under 12,2023-04-01/P3M,1392,,suspicious,"Source audit: total_attendees_physical_events: Annual: reported total 14,677; category sum 21,535; difference -6,858. Categories exceed total; check duplication, scope and reporting frequency. Event audiences may overlap. Values retained as reported pending source confirmation."
E08000014,Physical,Under 12,2023-07-01/P3M,5075,,suspicious,"Source audit: total_attendees_physical_events: Annual: reported total 14,677; category sum 21,535; difference -6,858. Categories exceed total; check duplication, scope and reporting frequency. Event audiences may overlap. Values retained as reported pending source confirmation."
E08000014,Physical,Under 12,2023-10-01/P3M,2086,,suspicious,"Source audit: total_attendees_physical_events: Annual: reported total 14,677; category sum 21,535; difference -6,858. Categories exceed total; check duplication, scope and reporting frequency. Event audiences may overlap. Values retained as reported pending source confirmation."
E08000014,Physical,Under 12,2024-01-01/P3M,2556,,suspicious,"Source audit: total_attendees_physical_events: Annual: reported total 14,677; category sum 21,535; difference -6,858. Categories exceed total; check duplication, scope and reporting frequency. Event audiences may overlap. Values retained as reported pending source confirmation."
E08000014,Physical,12-17,2023-04-01/P3M,52,,suspicious,"Source audit: total_attendees_physical_events: Annual: reported total 14,677; category sum 21,535; difference -6,858. Categories exceed total; check duplication, scope and reporting frequency. Event audiences may overlap. Values retained as reported pending source confirmation."
E08000014,Physical,12-17,2023-07-01/P3M,52,,suspicious,"Source audit: total_attendees_physical_events: Annual: reported total 14,677; category sum 21,535; difference -6,858. Categories exceed total; check duplication, scope and reporting frequency. Event audiences may overlap. Values retained as reported pending source confirmation."
E08000014,Physical,12-17,2023-10-01/P3M,54,,suspicious,"Source audit: total_attendees_physical_events: Annual: reported total 14,677; category sum 21,535; difference -6,858. Categories exceed total; check duplication, scope and reporting frequency. Event audiences may overlap. Values retained as reported pending source confirmation."
E08000014,Physical,12-17,2024-01-01/P3M,33,,suspicious,"Source audit: total_attendees_physical_events: Annual: reported total 14,677; category sum 21,535; difference -6,858. Categories exceed total; check duplication, scope and reporting frequency. Event audiences may overlap. Values retained as reported pending source confirmation."
E08000014,Digital,Under 12,2023-06-01/P1M,64,,,
E08000014,Digital,Under 12,2024-03-01/P1M,64,,,
E08000014,Digital,12-17,2023-09-01/P1M,67,,,
E08000014,Digital,12-17,2023-12-01/P1M,57,,,
E08000019,Physical,Adult,2023-04-01/P1M,1853,,,
E08000019,Physical,Adult,2023-05-01/P1M,1984,,,
E08000019,Physical,Adult,2023-06-01/P1M,2242,,,
E08000019,Physical,Adult,2023-07-01/P1M,2076,,,
E08000019,Physical,Adult,2023-08-01/P1M,1410,,,
E08000019,Physical,Adult,2023-09-01/P1M,1153,,,
E08000019,Physical,Adult,2023-10-01/P1M,2711,,,
E08000019,Physical,Adult,2023-11-01/P1M,2594,,,
E08000019,Physical,Adult,2023-12-01/P1M,1744,,,
E08000019,Physical,Adult,2024-01-01/P1M,1718,,,
E08000019,Physical,Adult,2024-02-01/P1M,2760,,,
E08000019,Physical,Adult,2024-03-01/P1M,1932,,,
E08000019,Physical,Under 12,2023-04-01/P1M,1081,,,
E08000019,Physical,Under 12,2023-05-01/P1M,2471,,,
E08000019,Physical,Under 12,2023-06-01/P1M,1932,,,
E08000019,Physical,Under 12,2023-07-01/P1M,1656,,,
E08000019,Physical,Under 12,2023-08-01/P1M,796,,,
E08000019,Physical,Under 12,2023-09-01/P1M,696,,,
E08000019,Physical,Under 12,2023-10-01/P1M,1300,,,
E08000019,Physical,Under 12,2023-11-01/P1M,1807,,,
E08000019,Physical,Under 12,2023-12-01/P1M,1169,,,
E08000019,Physical,Under 12,2024-01-01/P1M,2233,,,
E08000019,Physical,Under 12,2024-02-01/P1M,2143,,,
E08000019,Physical,Under 12,2024-03-01/P1M,1979,,,
E06000051,Physical,Adult,2023-04-01/P1M,2810,,,
E06000051,Physical,Adult,2023-05-01/P1M,2429,,,
E06000051,Physical,Adult,2023-06-01/P1M,2536,,,
E06000051,Physical,Adult,2023-07-01/P1M,2777,,,
E06000051,Physical,Adult,2023-08-01/P1M,2610,,,
E06000051,Physical,Adult,2023-09-01/P1M,2899,,,
E06000051,Physical,Adult,2023-10-01/P1M,3207,,,
E06000051,Physical,Adult,2023-11-01/P1M,3266,,,
E06000051,Physical,Adult,2023-12-01/P1M,1860,,,
E06000051,Physical,Adult,2024-01-01/P1M,2669,,,
E06000051,Physical,Adult,2024-02-01/P1M,3412,,,
E06000051,Physical,Adult,2024-03-01/P1M,3819,,,
E08000029,Physical,Adult,2023-04-01/P1M,961,,,
E08000029,Physical,Adult,2023-05-01/P1M,1376,,,
E08000029,Physical,Adult,2023-06-01/P1M,924,,,
E08000029,Physical,Adult,2023-07-01/P1M,851,,,
E08000029,Physical,Adult,2023-08-01/P1M,529,,,
E08000029,Physical,Adult,2023-09-01/P1M,775,,,
E08000029,Physical,Adult,2023-10-01/P1M,1228,,,
E08000029,Physical,Adult,2023-11-01/P1M,856,,,
E08000029,Physical,Adult,2023-12-01/P1M,780,,,
E08000029,Physical,Adult,2024-01-01/P1M,694,,,
E08000029,Physical,Adult,2024-02-01/P1M,1364,,,
E08000029,Physical,Adult,2024-03-01/P1M,1278,,,
E08000029,Physical,Under 12,2023-04-01/P1M,945,,,
E08000029,Physical,Under 12,2023-05-01/P1M,1586,,,
E08000029,Physical,Under 12,2023-06-01/P1M,1385,,,
E08000029,Physical,Under 12,2023-07-01/P1M,852,,,
E08000029,Physical,Under 12,2023-08-01/P1M,540,,,
E08000029,Physical,Under 12,2023-09-01/P1M,847,,,
E08000029,Physical,Under 12,2023-10-01/P1M,1517,,,
E08000029,Physical,Under 12,2023-11-01/P1M,955,,,
E08000029,Physical,Under 12,2023-12-01/P1M,969,,,
E08000029,Physical,Under 12,2024-01-01/P1M,803,,,
E08000029,Physical,Under 12,2024-02-01/P1M,1438,,,
E08000029,Physical,Under 12,2024-03-01/P1M,1206,,,
E06000066,Physical,Adult,2023-04-01/P1M,4483,,,
E06000066,Physical,Adult,2023-05-01/P1M,7329,,,
E06000066,Physical,Adult,2023-06-01/P1M,4263,,,
E06000066,Physical,Adult,2023-07-01/P1M,5641,,,
E06000066,Physical,Adult,2023-08-01/P1M,4147,,,
E06000066,Physical,Adult,2023-09-01/P1M,4121,,,
E06000066,Physical,Adult,2023-10-01/P1M,5607,,,
E06000066,Physical,Adult,2023-11-01/P1M,4959,,,
E06000066,Physical,Adult,2023-12-01/P1M,3231,,,
E06000066,Physical,Adult,2024-01-01/P1M,4434,,,
E06000066,Physical,Adult,2024-02-01/P1M,4717,,,
E06000066,Physical,Adult,2024-03-01/P1M,5383,,,
E06000025,Physical,Adult,2023-04-01/P1M,312,,,
E06000025,Physical,Adult,2023-05-01/P1M,529,,,
E06000025,Physical,Adult,2023-06-01/P1M,487,,,
E06000025,Physical,Adult,2023-07-01/P1M,525,,,
E06000025,Physical,Adult,2023-08-01/P1M,381,,,
E06000025,Physical,Adult,2023-09-01/P1M,573,,,
E06000025,Physical,Adult,2023-10-01/P1M,593,,,
E06000025,Physical,Adult,2023-11-01/P1M,880,,,
E06000025,Physical,Adult,2023-12-01/P1M,516,,,
E06000025,Physical,Adult,2024-01-01/P1M,565,,,
E06000025,Physical,Adult,2024-02-01/P1M,734,,,
E06000025,Physical,Adult,2024-03-01/P1M,765,,,
E06000025,Physical,Under 12,2023-04-01/P1M,2929,,,
E06000025,Physical,Under 12,2023-05-01/P1M,3544,,,
E06000025,Physical,Under 12,2023-06-01/P1M,7541,,,
E06000025,Physical,Under 12,2023-07-01/P1M,21468,,,
E06000025,Physical,Under 12,2023-08-01/P1M,2995,,,
E06000025,Physical,Under 12,2023-09-01/P1M,2425,,,
E06000025,Physical,Under 12,2023-10-01/P1M,4497,,,
E06000025,Physical,Under 12,2023-11-01/P1M,4083,,,
E06000025,Physical,Under 12,2023-12-01/P1M,3796,,,
E06000025,Physical,Under 12,2024-01-01/P1M,3664,,,
E06000025,Physical,Under 12,2024-02-01/P1M,4605,,,
E06000025,Physical,Under 12,2024-03-01/P1M,5162,,,
E06000025,Physical,12-17,2023-04-01/P1M,7,,,
E06000025,Physical,12-17,2023-05-01/P1M,10,,,
E06000025,Physical,12-17,2023-07-01/P1M,6,,,
E06000025,Physical,12-17,2023-09-01/P1M,5,,,
E06000025,Physical,12-17,2023-10-01/P1M,5,,,
E06000025,Physical,12-17,2023-11-01/P1M,5,,,
E06000025,Physical,12-17,2023-12-01/P1M,2,,,
E06000025,Physical,12-17,2024-01-01/P1M,5,,,
E06000025,Physical,12-17,2024-02-01/P1M,13,,,
E06000025,Physical,12-17,2024-03-01/P1M,6,,,
E08000023,Physical,Unknown,2023-04-01/P1M,1904,,,
E08000023,Physical,Unknown,2023-05-01/P1M,2176,,,
E08000023,Physical,Unknown,2023-06-01/P1M,3707,,,
E08000023,Physical,Unknown,2023-07-01/P1M,2025,,,
E08000023,Physical,Unknown,2023-08-01/P1M,1957,,,
E08000023,Physical,Unknown,2023-09-01/P1M,2775,,,
E08000023,Physical,Unknown,2023-10-01/P1M,2345,,,
E08000023,Physical,Unknown,2023-11-01/P1M,3333,,,
E08000023,Physical,Unknown,2023-12-01/P1M,1481,,,
E08000023,Physical,Unknown,2024-01-01/P1M,1584,,,
E08000023,Physical,Unknown,2024-02-01/P1M,2450,,,
E08000023,Physical,Unknown,2024-03-01/P1M,2611,,,
E09000028,Physical,Unknown,2023-04-01/P1M,5710,,,
E09000028,Physical,Unknown,2023-05-01/P1M,6249,,,
E09000028,Physical,Unknown,2023-06-01/P1M,6792,,,
E09000028,Physical,Unknown,2023-07-01/P1M,5241,,,
E09000028,Physical,Unknown,2023-08-01/P1M,3484,,,
E09000028,Physical,Unknown,2023-09-01/P1M,5697,,,
E09000028,Physical,Unknown,2023-10-01/P1M,7910,,,
E09000028,Physical,Unknown,2023-11-01/P1M,9923,,,
E09000028,Physical,Unknown,2023-12-01/P1M,6039,,,
E09000028,Physical,Unknown,2024-01-01/P1M,7905,,,
E09000028,Physical,Unknown,2024-02-01/P1M,9542,,,
E09000028,Physical,Unknown,2024-03-01/P1M,10004,,,
E09000028,Digital,Unknown,2023-04-01/P1M,3,,,
E09000028,Digital,Unknown,2023-05-01/P1M,3,,,
E09000028,Digital,Unknown,2023-06-01/P1M,2,,,
E09000028,Digital,Unknown,2023-07-01/P1M,2,,,
E09000028,Digital,Unknown,2023-08-01/P1M,15,,,
E09000028,Digital,Unknown,2023-09-01/P1M,2,,,
E09000028,Digital,Unknown,2023-10-01/P1M,2,,,
E09000028,Digital,Unknown,2023-11-01/P1M,2,,,
E09000028,Digital,Unknown,2024-01-01/P1M,2,,,
E08000013,Physical,Adult,2023-04-01/P1M,1374,,,
E08000013,Physical,Adult,2023-05-01/P1M,1647,,,
E08000013,Physical,Adult,2023-06-01/P1M,2019,,,
E08000013,Physical,Adult,2023-07-01/P1M,2117,,,
E08000013,Physical,Adult,2023-08-01/P1M,1883,,,
E08000013,Physical,Adult,2023-09-01/P1M,2312,,,
E08000013,Physical,Adult,2023-10-01/P1M,2280,,,
E08000013,Physical,Adult,2023-11-01/P1M,1715,,,
E08000013,Physical,Adult,2023-12-01/P1M,1327,,,
E08000013,Physical,Adult,2024-01-01/P1M,1558,,,
E08000013,Physical,Adult,2024-02-01/P1M,1863,,,
E08000013,Physical,Adult,2024-03-01/P1M,1712,,,
E10000028,Physical,Unknown,2023-04-01/P1M,10322,,,
E10000028,Physical,Unknown,2023-05-01/P1M,10322,,,
E10000028,Physical,Unknown,2023-06-01/P1M,10322,,,
E10000028,Physical,Unknown,2023-07-01/P1M,10322,,,
E10000028,Physical,Unknown,2023-08-01/P1M,10322,,,
E10000028,Physical,Unknown,2023-09-01/P1M,10322,,,
E10000028,Physical,Unknown,2023-10-01/P1M,10322,,,
E10000028,Physical,Unknown,2023-11-01/P1M,10322,,,
E10000028,Physical,Unknown,2023-12-01/P1M,10317,,,
E10000028,Physical,Unknown,2024-01-01/P1M,10322,,,
E10000028,Physical,Unknown,2024-02-01/P1M,10322,,,
E10000028,Physical,Unknown,2024-03-01/P1M,10322,,,
E10000028,Digital,Unknown,2023-04-01/P1M,1198,,,
E10000028,Digital,Unknown,2023-05-01/P1M,1168,,,
E10000028,Digital,Unknown,2023-06-01/P1M,2165,,,
E10000028,Digital,Unknown,2023-07-01/P1M,804,,,
E10000028,Digital,Unknown,2023-09-01/P1M,712,,,
E10000028,Digital,Unknown,2023-10-01/P1M,672,,,
E10000028,Digital,Unknown,2023-12-01/P1M,683,,,
E10000028,Digital,Unknown,2024-01-01/P1M,703,,,
E10000028,Digital,Unknown,2024-02-01/P1M,636,,,
E10000028,Digital,Unknown,2024-03-01/P1M,667,,,
E08000007,Physical,Adult,2023-04-01/P1M,512,,,
E08000007,Physical,Adult,2023-05-01/P1M,503,,,
E08000007,Physical,Adult,2023-06-01/P1M,727,,,
E08000007,Physical,Adult,2023-07-01/P1M,1015,,,
E08000007,Physical,Adult,2023-08-01/P1M,804,,,
E08000007,Physical,Adult,2023-09-01/P1M,849,,,
E08000007,Physical,Adult,2023-10-01/P1M,940,,,
E08000007,Physical,Adult,2023-11-01/P1M,571,,,
E08000007,Physical,Adult,2023-12-01/P1M,644,,,
E08000007,Physical,Adult,2024-01-01/P1M,730,,,
E08000007,Physical,Adult,2024-02-01/P1M,595,,,
E08000007,Physical,Adult,2024-03-01/P1M,1436,,,
E08000007,Physical,Under 12,2023-04-01/P1M,2785,,,
E08000007,Physical,Under 12,2023-05-01/P1M,1943,,,
E08000007,Physical,Under 12,2023-06-01/P1M,1564,,,
E08000007,Physical,Under 12,2023-07-01/P1M,2149,,,
E08000007,Physical,Under 12,2023-08-01/P1M,2828,,,
E08000007,Physical,Under 12,2023-09-01/P1M,1564,,,
E08000007,Physical,Under 12,2023-10-01/P1M,2190,,,
E08000007,Physical,Under 12,2023-11-01/P1M,1650,,,
E08000007,Physical,Under 12,2023-12-01/P1M,1828,,,
E08000007,Physical,Under 12,2024-01-01/P1M,1925,,,
E08000007,Physical,Under 12,2024-02-01/P1M,3187,,,
E08000007,Physical,Under 12,2024-03-01/P1M,4305,,,
E06000004,Physical,Unknown,2023-04-01/P1M,2215,,,
E06000004,Physical,Unknown,2023-05-01/P1M,3089,,,
E06000004,Physical,Unknown,2023-06-01/P1M,2561,,,
E06000004,Physical,Unknown,2023-07-01/P1M,3104,,,
E06000004,Physical,Unknown,2023-08-01/P1M,2447,,,
E06000004,Physical,Unknown,2023-09-01/P1M,4572,,,
E06000004,Physical,Unknown,2023-10-01/P1M,2337,,,
E06000004,Physical,Unknown,2023-11-01/P1M,2992,,,
E06000004,Physical,Unknown,2023-12-01/P1M,3421,,,
E06000004,Physical,Unknown,2024-01-01/P1M,2506,,,
E06000004,Physical,Unknown,2024-02-01/P1M,2631,,,
E06000004,Physical,Unknown,2024-03-01/P1M,2439,,,
E06000021,Physical,Unknown,2023-04-01/P1M,2901,,,
E06000021,Physical,Unknown,2023-05-01/P1M,2572,,,
E06000021,Physical,Unknown,2023-06-01/P1M,2407,,,
E06000021,Physical,Unknown,2023-07-01/P1M,3358,,,
E06000021,Physical,Unknown,2023-08-01/P1M,2982,,,
E06000021,Physical,Unknown,2023-09-01/P1M,2623,,,
E06000021,Physical,Unknown,2023-10-01/P1M,4091,,,
E06000021,Physical,Unknown,2023-11-01/P1M,3879,,,
E06000021,Physical,Unknown,2023-12-01/P1M,1602,,,
E06000021,Physical,Unknown,2024-01-01/P1M,2737,,,
E06000021,Physical,Unknown,2024-02-01/P1M,2827,,,
E06000021,Physical,Unknown,2024-03-01/P1M,3130,,,
E10000029,Physical,Adult,2023-04-01/P3M,27893,,suspicious,"Source audit: total_attendees_physical_events: Annual: reported total 289,711; category sum 400,487; difference -110,776. Categories exceed total; check duplication, scope and reporting frequency. Event audiences may overlap. Values retained as reported pending source confirmation."
E10000029,Physical,Adult,2023-07-01/P3M,26880,,suspicious,"Source audit: total_attendees_physical_events: Annual: reported total 289,711; category sum 400,487; difference -110,776. Categories exceed total; check duplication, scope and reporting frequency. Event audiences may overlap. Values retained as reported pending source confirmation."
E10000029,Physical,Adult,2023-10-01/P3M,26714,,suspicious,"Source audit: total_attendees_physical_events: Annual: reported total 289,711; category sum 400,487; difference -110,776. Categories exceed total; check duplication, scope and reporting frequency. Event audiences may overlap. Values retained as reported pending source confirmation."
E10000029,Physical,Adult,2024-01-01/P3M,319000,31900,replaced,"Monthly return (March): March adult event attendance entered as 319,000, which exceeds the reported monthly total (79,280). Likely an accidental extra zero on 31,900."
E08000024,Physical,Adult,2023-04-01/P1M,400,,,
E08000024,Physical,Adult,2023-05-01/P1M,226,,,
E08000024,Physical,Adult,2023-06-01/P1M,190,,,
E08000024,Physical,Adult,2023-07-01/P1M,386,,,
E08000024,Physical,Adult,2023-08-01/P1M,656,,,
E08000024,Physical,Adult,2023-09-01/P1M,251,,,
E08000024,Physical,Adult,2023-10-01/P1M,491,,,
E08000024,Physical,Adult,2023-11-01/P1M,132,,,
E08000024,Physical,Adult,2023-12-01/P1M,70,,,
E08000024,Physical,Adult,2024-01-01/P1M,50,,,
E08000024,Physical,Adult,2024-02-01/P1M,166,,,
E08000024,Physical,Adult,2024-03-01/P1M,162,,,
E08000024,Physical,Under 12,2023-04-01/P1M,325,,,
E08000024,Physical,Under 12,2023-05-01/P1M,121,,,
E08000024,Physical,Under 12,2023-06-01/P1M,230,,,
E08000024,Physical,Under 12,2023-07-01/P1M,1758,,,
E08000024,Physical,Under 12,2023-08-01/P1M,621,,,
E08000024,Physical,Under 12,2023-09-01/P1M,175,,,
E08000024,Physical,Under 12,2023-10-01/P1M,430,,,
E08000024,Physical,Under 12,2023-11-01/P1M,947,,,
E08000024,Physical,Under 12,2023-12-01/P1M,84,,,
E08000024,Physical,Under 12,2024-01-01/P1M,109,,,
E08000024,Physical,Under 12,2024-02-01/P1M,152,,,
E08000024,Physical,Under 12,2024-03-01/P1M,188,,,
E10000030,Physical,Adult,2023-04-01/P1M,7831,,,
E10000030,Physical,Adult,2023-05-01/P1M,11495,,,
E10000030,Physical,Adult,2023-06-01/P1M,8378,,,
E10000030,Physical,Adult,2023-07-01/P1M,8722,,,
E10000030,Physical,Adult,2023-08-01/P1M,9102,,,
E10000030,Physical,Adult,2023-09-01/P1M,8208,,,
E10000030,Physical,Adult,2023-10-01/P1M,9293,,,
E10000030,Physical,Adult,2023-11-01/P1M,9479,,,
E10000030,Physical,Adult,2023-12-01/P1M,6436,,,
E10000030,Physical,Adult,2024-01-01/P1M,8017,,,
E10000030,Physical,Adult,2024-02-01/P1M,10071,,,
E10000030,Physical,Adult,2024-03-01/P1M,9451,,,
E10000030,Physical,Under 12,2023-04-01/P1M,7561,,,
E10000030,Physical,Under 12,2023-05-01/P1M,9685,,,
E10000030,Physical,Under 12,2023-06-01/P1M,12506,,,
E10000030,Physical,Under 12,2023-07-01/P1M,20509,,,
E10000030,Physical,Under 12,2023-08-01/P1M,9061,,,
E10000030,Physical,Under 12,2023-09-01/P1M,8088,,,
E10000030,Physical,Under 12,2023-10-01/P1M,10189,,,
E10000030,Physical,Under 12,2023-11-01/P1M,8353,,,
E10000030,Physical,Under 12,2023-12-01/P1M,6385,,,
E10000030,Physical,Under 12,2024-01-01/P1M,7610,,,
E10000030,Physical,Under 12,2024-02-01/P1M,9891,,,
E10000030,Physical,Under 12,2024-03-01/P1M,10379,,,
E08000008,Physical,Adult,2023-04-01/P1M,1539,,,
E08000008,Physical,Adult,2023-05-01/P1M,993,,,
E08000008,Physical,Adult,2023-06-01/P1M,1213,,,
E08000008,Physical,Adult,2023-07-01/P1M,1040,,,
E08000008,Physical,Adult,2023-08-01/P1M,1081,,,
E08000008,Physical,Adult,2023-09-01/P1M,821,,,
E08000008,Physical,Adult,2023-10-01/P1M,1214,,,
E08000008,Physical,Adult,2023-11-01/P1M,1056,,,
E08000008,Physical,Adult,2023-12-01/P1M,527,,,
E08000008,Physical,Adult,2024-01-01/P1M,1050,,,
E08000008,Physical,Adult,2024-02-01/P1M,1209,,,
E08000008,Physical,Adult,2024-03-01/P1M,1357,,,
E08000008,Physical,Under 12,2023-04-01/P1M,1379,,,
E08000008,Physical,Under 12,2023-05-01/P1M,1304,,,
E08000008,Physical,Under 12,2023-06-01/P1M,3498,,,
E08000008,Physical,Under 12,2023-07-01/P1M,7064,,,
E08000008,Physical,Under 12,2023-08-01/P1M,1441,,,
E08000008,Physical,Under 12,2023-09-01/P1M,831,,,
E08000008,Physical,Under 12,2023-10-01/P1M,1906,,,
E08000008,Physical,Under 12,2023-11-01/P1M,1261,,,
E08000008,Physical,Under 12,2023-12-01/P1M,540,,,
E08000008,Physical,Under 12,2024-01-01/P1M,1664,,,
E08000008,Physical,Under 12,2024-02-01/P1M,2976,,,
E08000008,Physical,Under 12,2024-03-01/P1M,2072,,,
E08000008,Physical,12-17,2023-04-01/P1M,27,,,
E08000008,Physical,12-17,2023-05-01/P1M,3,,,
E08000008,Physical,12-17,2023-06-01/P1M,67,,,
E08000008,Physical,12-17,2023-08-01/P1M,4,,,
E08000008,Digital,Adult,2023-05-01/P1M,2,,suspicious,"Source audit: total_attendees_digital_events: June 5 versus median nonzero month 2,078 (0.00 times). Could be a typo, changed scope or genuine activity; confirm with service. | total_attendees_digital_events: July 127 versus median nonzero month 2,078 (0.06 times). Could be a typo, changed scope or genuine activity; confirm with service. | digital_attendees_11_under: July 120 versus median nonzero month 2,386 (0.05 times). Could be a typo, changed scope or genuine activity; confirm with service. Values retained as reported pending source confirmation."
E08000008,Digital,Adult,2023-06-01/P1M,5,,suspicious,"Source audit: total_attendees_digital_events: June 5 versus median nonzero month 2,078 (0.00 times). Could be a typo, changed scope or genuine activity; confirm with service. | total_attendees_digital_events: July 127 versus median nonzero month 2,078 (0.06 times). Could be a typo, changed scope or genuine activity; confirm with service. | digital_attendees_11_under: July 120 versus median nonzero month 2,386 (0.05 times). Could be a typo, changed scope or genuine activity; confirm with service. Values retained as reported pending source confirmation."
E08000008,Digital,Adult,2023-07-01/P1M,7,,suspicious,"Source audit: total_attendees_digital_events: June 5 versus median nonzero month 2,078 (0.00 times). Could be a typo, changed scope or genuine activity; confirm with service. | total_attendees_digital_events: July 127 versus median nonzero month 2,078 (0.06 times). Could be a typo, changed scope or genuine activity; confirm with service. | digital_attendees_11_under: July 120 versus median nonzero month 2,386 (0.05 times). Could be a typo, changed scope or genuine activity; confirm with service. Values retained as reported pending source confirmation."
E08000008,Digital,Adult,2023-10-01/P1M,4,,suspicious,"Source audit: total_attendees_digital_events: June 5 versus median nonzero month 2,078 (0.00 times). Could be a typo, changed scope or genuine activity; confirm with service. | total_attendees_digital_events: July 127 versus median nonzero month 2,078 (0.06 times). Could be a typo, changed scope or genuine activity; confirm with service. | digital_attendees_11_under: July 120 versus median nonzero month 2,386 (0.05 times). Could be a typo, changed scope or genuine activity; confirm with service. Values retained as reported pending source confirmation."
E08000008,Digital,Adult,2023-11-01/P1M,6,,suspicious,"Source audit: total_attendees_digital_events: June 5 versus median nonzero month 2,078 (0.00 times). Could be a typo, changed scope or genuine activity; confirm with service. | total_attendees_digital_events: July 127 versus median nonzero month 2,078 (0.06 times). Could be a typo, changed scope or genuine activity; confirm with service. | digital_attendees_11_under: July 120 versus median nonzero month 2,386 (0.05 times). Could be a typo, changed scope or genuine activity; confirm with service. Values retained as reported pending source confirmation."
E08000008,Digital,Adult,2023-12-01/P1M,5,,suspicious,"Source audit: total_attendees_digital_events: June 5 versus median nonzero month 2,078 (0.00 times). Could be a typo, changed scope or genuine activity; confirm with service. | total_attendees_digital_events: July 127 versus median nonzero month 2,078 (0.06 times). Could be a typo, changed scope or genuine activity; confirm with service. | digital_attendees_11_under: July 120 versus median nonzero month 2,386 (0.05 times). Could be a typo, changed scope or genuine activity; confirm with service. Values retained as reported pending source confirmation."
E08000008,Digital,Under 12,2023-04-01/P1M,1769,,suspicious,"Source audit: total_attendees_digital_events: June 5 versus median nonzero month 2,078 (0.00 times). Could be a typo, changed scope or genuine activity; confirm with service. | total_attendees_digital_events: July 127 versus median nonzero month 2,078 (0.06 times). Could be a typo, changed scope or genuine activity; confirm with service. | digital_attendees_11_under: July 120 versus median nonzero month 2,386 (0.05 times). Could be a typo, changed scope or genuine activity; confirm with service. Values retained as reported pending source confirmation."
E08000008,Digital,Under 12,2023-05-01/P1M,3133,,suspicious,"Source audit: total_attendees_digital_events: June 5 versus median nonzero month 2,078 (0.00 times). Could be a typo, changed scope or genuine activity; confirm with service. | total_attendees_digital_events: July 127 versus median nonzero month 2,078 (0.06 times). Could be a typo, changed scope or genuine activity; confirm with service. | digital_attendees_11_under: July 120 versus median nonzero month 2,386 (0.05 times). Could be a typo, changed scope or genuine activity; confirm with service. Values retained as reported pending source confirmation."
E08000008,Digital,Under 12,2023-07-01/P1M,120,,suspicious,"Source audit: total_attendees_digital_events: June 5 versus median nonzero month 2,078 (0.00 times). Could be a typo, changed scope or genuine activity; confirm with service. | total_attendees_digital_events: July 127 versus median nonzero month 2,078 (0.06 times). Could be a typo, changed scope or genuine activity; confirm with service. | digital_attendees_11_under: July 120 versus median nonzero month 2,386 (0.05 times). Could be a typo, changed scope or genuine activity; confirm with service. Values retained as reported pending source confirmation."
E08000008,Digital,Under 12,2023-10-01/P1M,1668,,suspicious,"Source audit: total_attendees_digital_events: June 5 versus median nonzero month 2,078 (0.00 times). Could be a typo, changed scope or genuine activity; confirm with service. | total_attendees_digital_events: July 127 versus median nonzero month 2,078 (0.06 times). Could be a typo, changed scope or genuine activity; confirm with service. | digital_attendees_11_under: July 120 versus median nonzero month 2,386 (0.05 times). Could be a typo, changed scope or genuine activity; confirm with service. Values retained as reported pending source confirmation."
E08000008,Digital,Under 12,2023-11-01/P1M,3352,,suspicious,"Source audit: total_attendees_digital_events: June 5 versus median nonzero month 2,078 (0.00 times). Could be a typo, changed scope or genuine activity; confirm with service. | total_attendees_digital_events: July 127 versus median nonzero month 2,078 (0.06 times). Could be a typo, changed scope or genuine activity; confirm with service. | digital_attendees_11_under: July 120 versus median nonzero month 2,386 (0.05 times). Could be a typo, changed scope or genuine activity; confirm with service. Values retained as reported pending source confirmation."
E08000008,Digital,Under 12,2023-12-01/P1M,927,,suspicious,"Source audit: total_attendees_digital_events: June 5 versus median nonzero month 2,078 (0.00 times). Could be a typo, changed scope or genuine activity; confirm with service. | total_attendees_digital_events: July 127 versus median nonzero month 2,078 (0.06 times). Could be a typo, changed scope or genuine activity; confirm with service. | digital_attendees_11_under: July 120 versus median nonzero month 2,386 (0.05 times). Could be a typo, changed scope or genuine activity; confirm with service. Values retained as reported pending source confirmation."
E08000008,Digital,Under 12,2024-01-01/P1M,2386,,suspicious,"Source audit: total_attendees_digital_events: June 5 versus median nonzero month 2,078 (0.00 times). Could be a typo, changed scope or genuine activity; confirm with service. | total_attendees_digital_events: July 127 versus median nonzero month 2,078 (0.06 times). Could be a typo, changed scope or genuine activity; confirm with service. | digital_attendees_11_under: July 120 versus median nonzero month 2,386 (0.05 times). Could be a typo, changed scope or genuine activity; confirm with service. Values retained as reported pending source confirmation."
E08000008,Digital,Under 12,2024-02-01/P1M,2471,,suspicious,"Source audit: total_attendees_digital_events: June 5 versus median nonzero month 2,078 (0.00 times). Could be a typo, changed scope or genuine activity; confirm with service. | total_attendees_digital_events: July 127 versus median nonzero month 2,078 (0.06 times). Could be a typo, changed scope or genuine activity; confirm with service. | digital_attendees_11_under: July 120 versus median nonzero month 2,386 (0.05 times). Could be a typo, changed scope or genuine activity; confirm with service. Values retained as reported pending source confirmation."
E08000008,Digital,Under 12,2024-03-01/P1M,2866,,suspicious,"Source audit: total_attendees_digital_events: June 5 versus median nonzero month 2,078 (0.00 times). Could be a typo, changed scope or genuine activity; confirm with service. | total_attendees_digital_events: July 127 versus median nonzero month 2,078 (0.06 times). Could be a typo, changed scope or genuine activity; confirm with service. | digital_attendees_11_under: July 120 versus median nonzero month 2,386 (0.05 times). Could be a typo, changed scope or genuine activity; confirm with service. Values retained as reported pending source confirmation."
E06000020,Physical,Adult,2023-04-01/P1M,53,,,
E06000020,Physical,Adult,2023-05-01/P1M,73,,,
E06000020,Physical,Adult,2023-06-01/P1M,30,,,
E06000020,Physical,Adult,2023-07-01/P1M,15,,,
E06000020,Physical,Adult,2023-08-01/P1M,7,,,
E06000020,Physical,Adult,2023-09-01/P1M,89,,,
E06000020,Physical,Adult,2023-10-01/P1M,67,,,
E06000020,Physical,Adult,2023-11-01/P1M,4,,,
E06000020,Physical,Adult,2023-12-01/P1M,6,,,
E06000020,Physical,Adult,2024-02-01/P1M,5,,,
E06000020,Physical,Adult,2024-03-01/P1M,5,,,
E06000020,Physical,Under 12,2023-04-01/P1M,172,,,
E06000020,Physical,Under 12,2023-05-01/P1M,236,,,
E06000020,Physical,Under 12,2023-06-01/P1M,194,,,
E06000020,Physical,Under 12,2023-07-01/P1M,183,,,
E06000020,Physical,Under 12,2023-08-01/P1M,170,,,
E06000020,Physical,Under 12,2023-09-01/P1M,165,,,
E06000020,Physical,Under 12,2023-10-01/P1M,183,,,
E06000020,Physical,Under 12,2023-11-01/P1M,135,,,
E06000020,Physical,Under 12,2023-12-01/P1M,99,,,
E06000020,Physical,Under 12,2024-01-01/P1M,207,,,
E06000020,Physical,Under 12,2024-02-01/P1M,257,,,
E06000020,Physical,Under 12,2024-03-01/P1M,145,,,
E06000020,Physical,12-17,2023-04-01/P1Y,6,,,
E06000034,Physical,Unknown,2023-04-01/P1Y,54083,,,
E06000027,Physical,Unknown,2023-04-01/P1M,1463,,,
E06000027,Physical,Unknown,2023-05-01/P1M,1360,,,
E06000027,Physical,Unknown,2023-06-01/P1M,4190,,,
E06000027,Physical,Unknown,2023-07-01/P1M,3109,,,
E06000027,Physical,Unknown,2023-08-01/P1M,1579,,,
E06000027,Physical,Unknown,2023-09-01/P1M,1350,,,
E06000027,Physical,Unknown,2023-10-01/P1M,3610,,,
E06000027,Physical,Unknown,2023-11-01/P1M,2167,,,
E06000027,Physical,Unknown,2023-12-01/P1M,1400,,,
E06000027,Physical,Unknown,2024-01-01/P1M,1664,,,
E06000027,Physical,Unknown,2024-02-01/P1M,3028,,,
E06000027,Physical,Unknown,2024-03-01/P1M,2444,,,
E09000030,Physical,Adult,2023-04-01/P1M,223,,,
E09000030,Physical,Adult,2023-05-01/P1M,235,,,
E09000030,Physical,Adult,2023-06-01/P1M,230,,,
E09000030,Physical,Adult,2023-07-01/P1M,219,,,
E09000030,Physical,Adult,2023-08-01/P1M,235,,,
E09000030,Physical,Adult,2023-09-01/P1M,241,,,
E09000030,Physical,Adult,2023-10-01/P1M,295,,,
E09000030,Physical,Adult,2023-11-01/P1M,313,,,
E09000030,Physical,Adult,2023-12-01/P1M,222,,,
E09000030,Physical,Adult,2024-01-01/P1M,310,,,
E09000030,Physical,Adult,2024-02-01/P1M,348,,,
E09000030,Physical,Adult,2024-03-01/P1M,330,,,
E09000030,Physical,Under 12,2023-04-01/P1M,4461,,,
E09000030,Physical,Under 12,2023-05-01/P1M,4804,,,
E09000030,Physical,Under 12,2023-06-01/P1M,4815,,,
E09000030,Physical,Under 12,2023-07-01/P1M,5158,,,
E09000030,Physical,Under 12,2023-08-01/P1M,4680,,,
E09000030,Physical,Under 12,2023-09-01/P1M,4692,,,
E09000030,Physical,Under 12,2023-10-01/P1M,5029,,,
E09000030,Physical,Under 12,2023-11-01/P1M,5171,,,
E09000030,Physical,Under 12,2023-12-01/P1M,3729,,,
E09000030,Physical,Under 12,2024-01-01/P1M,4888,,,
E09000030,Physical,Under 12,2024-02-01/P1M,5007,,,
E09000030,Physical,Under 12,2024-03-01/P1M,5044,,,
E09000030,Digital,Adult,2023-04-01/P1M,44,,,
E09000030,Digital,Adult,2023-05-01/P1M,112,,,
E09000030,Digital,Adult,2023-06-01/P1M,33,,,
E09000030,Digital,Adult,2023-07-01/P1M,59,,,
E09000030,Digital,Adult,2023-08-01/P1M,65,,,
E09000030,Digital,Adult,2023-09-01/P1M,48,,,
E09000030,Digital,Adult,2023-10-01/P1M,64,,,
E09000030,Digital,Adult,2023-11-01/P1M,108,,,
E09000030,Digital,Adult,2023-12-01/P1M,41,,,
E09000030,Digital,Adult,2024-01-01/P1M,55,,,
E09000030,Digital,Adult,2024-02-01/P1M,50,,,
E09000030,Digital,Adult,2024-03-01/P1M,35,,,
E09000026,Physical,Adult,2023-04-01/P1M,614,,,
E09000026,Physical,Adult,2023-05-01/P1M,518,,,
E09000026,Physical,Adult,2023-06-01/P1M,408,,,
E09000026,Physical,Adult,2023-07-01/P1M,315,,,
E09000026,Physical,Adult,2023-08-01/P1M,432,,,
E09000026,Physical,Adult,2023-09-01/P1M,396,,,
E09000026,Physical,Adult,2023-10-01/P1M,492,,,
E09000026,Physical,Adult,2023-11-01/P1M,531,,,
E09000026,Physical,Adult,2023-12-01/P1M,561,,,
E09000026,Physical,Adult,2024-01-01/P1M,374,,,
E09000026,Physical,Adult,2024-02-01/P1M,314,,,
E09000026,Physical,Adult,2024-03-01/P1M,354,,,
E09000026,Physical,Under 12,2023-04-01/P1M,3341,,,
E09000026,Physical,Under 12,2023-05-01/P1M,3347,,,
E09000026,Physical,Under 12,2023-06-01/P1M,3311,,,
E09000026,Physical,Under 12,2023-07-01/P1M,3629,,,
E09000026,Physical,Under 12,2023-08-01/P1M,3458,,,
E09000026,Physical,Under 12,2023-09-01/P1M,3552,,,
E09000026,Physical,Under 12,2023-10-01/P1M,3362,,,
E09000026,Physical,Under 12,2023-11-01/P1M,3804,,,
E09000026,Physical,Under 12,2023-12-01/P1M,3068,,,
E09000026,Physical,Under 12,2024-01-01/P1M,3407,,,
E09000026,Physical,Under 12,2024-02-01/P1M,3787,,,
E09000026,Physical,Under 12,2024-03-01/P1M,3512,,,
E09000026,Digital,Adult,2023-04-01/P1M,8,,,
E09000026,Digital,Adult,2023-05-01/P1M,6,,,
E09000026,Digital,Adult,2023-06-01/P1M,9,,,
E09000026,Digital,Adult,2023-07-01/P1M,7,,,
E09000026,Digital,Adult,2023-08-01/P1M,6,,,
E09000026,Digital,Adult,2023-09-01/P1M,7,,,
E09000026,Digital,Adult,2023-10-01/P1M,8,,,
E09000026,Digital,Adult,2023-11-01/P1M,6,,,
E09000026,Digital,Adult,2023-12-01/P1M,6,,,
E09000026,Digital,Adult,2024-01-01/P1M,7,,,
E09000026,Digital,Adult,2024-02-01/P1M,8,,,
E09000026,Digital,Adult,2024-03-01/P1M,6,,,
E08000036,Physical,Adult,2023-04-01/P1M,3228,,,
E08000036,Physical,Adult,2023-05-01/P1M,3929,,,
E08000036,Physical,Adult,2023-06-01/P1M,4265,,,
E08000036,Physical,Adult,2023-07-01/P1M,3881,,,
E08000036,Physical,Adult,2023-08-01/P1M,4784,,,
E08000036,Physical,Adult,2023-09-01/P1M,3769,,,
E08000036,Physical,Adult,2023-10-01/P1M,4295,,,
E08000036,Physical,Adult,2023-11-01/P1M,4793,,,
E08000036,Physical,Adult,2023-12-01/P1M,3028,,,
E08000036,Physical,Adult,2024-01-01/P1M,4140,,,
E08000036,Physical,Adult,2024-02-01/P1M,5084,,,
E08000036,Physical,Adult,2024-03-01/P1M,5787,,,
E08000036,Physical,Under 12,2023-04-01/P1M,2291,,,
E08000036,Physical,Under 12,2023-05-01/P1M,2805,,,
E08000036,Physical,Under 12,2023-06-01/P1M,2418,,,
E08000036,Physical,Under 12,2023-07-01/P1M,2550,,,
E08000036,Physical,Under 12,2023-08-01/P1M,4489,,,
E08000036,Physical,Under 12,2023-09-01/P1M,1821,,,
E08000036,Physical,Under 12,2023-10-01/P1M,2337,,,
E08000036,Physical,Under 12,2023-11-01/P1M,2428,,,
E08000036,Physical,Under 12,2023-12-01/P1M,1710,,,
E08000036,Physical,Under 12,2024-01-01/P1M,2411,,,
E08000036,Physical,Under 12,2024-02-01/P1M,2654,,,
E08000036,Physical,Under 12,2024-03-01/P1M,3297,,,
E08000036,Digital,Adult,2023-04-01/P1M,50,,,
E08000036,Digital,Adult,2023-05-01/P1M,31,,,
E08000036,Digital,Adult,2023-06-01/P1M,33,,,
E08000036,Digital,Adult,2023-07-01/P1M,141,,,
E08000036,Digital,Adult,2023-08-01/P1M,36,,,
E08000036,Digital,Adult,2023-09-01/P1M,22,,,
E08000036,Digital,Adult,2023-10-01/P1M,58,,,
E08000036,Digital,Adult,2023-11-01/P1M,81,,,
E08000036,Digital,Adult,2023-12-01/P1M,22,,,
E08000036,Digital,Adult,2024-01-01/P1M,35,,,
E08000036,Digital,Adult,2024-02-01/P1M,40,,,
E08000036,Digital,Adult,2024-03-01/P1M,37,,,
E08000036,Digital,Under 12,2023-04-01/P1M,38,,,
E08000036,Digital,Under 12,2023-05-01/P1M,19,,,
E08000036,Digital,Under 12,2023-06-01/P1M,34,,,
E08000036,Digital,Under 12,2023-07-01/P1M,44,,,
E08000036,Digital,Under 12,2023-08-01/P1M,66,,,
E08000036,Digital,Under 12,2023-09-01/P1M,32,,,
E08000036,Digital,Under 12,2023-10-01/P1M,57,,,
E08000036,Digital,Under 12,2023-11-01/P1M,22,,,
E08000036,Digital,Under 12,2023-12-01/P1M,26,,,
E08000036,Digital,Under 12,2024-01-01/P1M,43,,,
E08000036,Digital,Under 12,2024-02-01/P1M,32,,,
E08000036,Digital,Under 12,2024-03-01/P1M,32,,,
E08000030,Physical,Adult,2023-04-01/P1M,1146,,,
E08000030,Physical,Adult,2023-05-01/P1M,2004,,,
E08000030,Physical,Adult,2023-06-01/P1M,1306,,,
E08000030,Physical,Adult,2023-07-01/P1M,1151,,,
E08000030,Physical,Adult,2023-08-01/P1M,1334,,,
E08000030,Physical,Adult,2023-09-01/P1M,1328,,,
E08000030,Physical,Adult,2023-10-01/P1M,1519,,,
E08000030,Physical,Adult,2023-11-01/P1M,1472,,,
E08000030,Physical,Adult,2023-12-01/P1M,1260,,,
E08000030,Physical,Adult,2024-01-01/P1M,1419,,,
E08000030,Physical,Adult,2024-02-01/P1M,1299,,,
E08000030,Physical,Adult,2024-03-01/P1M,1904,,,
E08000030,Physical,Under 12,2023-04-01/P1M,1155,,,
E08000030,Physical,Under 12,2023-05-01/P1M,1582,,,
E08000030,Physical,Under 12,2023-06-01/P1M,1099,,,
E08000030,Physical,Under 12,2023-07-01/P1M,1364,,,
E08000030,Physical,Under 12,2023-08-01/P1M,1479,,,
E08000030,Physical,Under 12,2023-09-01/P1M,1149,,,
E08000030,Physical,Under 12,2023-10-01/P1M,1554,,,
E08000030,Physical,Under 12,2023-11-01/P1M,1806,,,
E08000030,Physical,Under 12,2023-12-01/P1M,1147,,,
E08000030,Physical,Under 12,2024-01-01/P1M,1391,,,
E08000030,Physical,Under 12,2024-02-01/P1M,1675,,,
E08000030,Physical,Under 12,2024-03-01/P1M,2570,,,
E09000032,Physical,Adult,2023-04-01/P1M,1148,,,
E09000032,Physical,Adult,2023-05-01/P1M,1071,,,
E09000032,Physical,Adult,2023-06-01/P1M,959,,,
E09000032,Physical,Adult,2023-07-01/P1M,968,,,
E09000032,Physical,Adult,2023-08-01/P1M,1085,,,
E09000032,Physical,Adult,2023-09-01/P1M,1261,,,
E09000032,Physical,Adult,2023-10-01/P1M,1392,,,
E09000032,Physical,Adult,2023-11-01/P1M,969,,,
E09000032,Physical,Adult,2023-12-01/P1M,915,,,
E09000032,Physical,Adult,2024-01-01/P1M,1408,,,
E09000032,Physical,Adult,2024-02-01/P1M,1193,,,
E09000032,Physical,Adult,2024-03-01/P1M,1607,,,
E09000032,Physical,Under 12,2023-04-01/P1M,1947,,,
E09000032,Physical,Under 12,2023-05-01/P1M,1428,,,
E09000032,Physical,Under 12,2023-06-01/P1M,1465,,,
E09000032,Physical,Under 12,2023-07-01/P1M,1796,,,
E09000032,Physical,Under 12,2023-08-01/P1M,1902,,,
E09000032,Physical,Under 12,2023-09-01/P1M,1208,,,
E09000032,Physical,Under 12,2023-10-01/P1M,1706,,,
E09000032,Physical,Under 12,2023-11-01/P1M,1823,,,
E09000032,Physical,Under 12,2023-12-01/P1M,1665,,,
E09000032,Physical,Under 12,2024-01-01/P1M,1374,,,
E09000032,Physical,Under 12,2024-02-01/P1M,2283,,,
E09000032,Physical,Under 12,2024-03-01/P1M,1777,,,
E06000007,Physical,Adult,2023-04-01/P3M,2686,,,
E06000007,Physical,Adult,2023-07-01/P3M,2783,,,
E06000007,Physical,Adult,2023-10-01/P3M,3175,,,
E06000007,Physical,Adult,2024-01-01/P3M,3349,,,
E06000007,Physical,Under 12,2023-04-01/P3M,3354,,,
E06000007,Physical,Under 12,2023-07-01/P3M,2667,,,
E06000007,Physical,Under 12,2023-10-01/P3M,3790,,,
E06000007,Physical,Under 12,2024-01-01/P3M,4590,,,
E10000031,Physical,Adult,2023-04-01/P1M,1103,,,
E10000031,Physical,Adult,2023-05-01/P1M,1206,,,
E10000031,Physical,Adult,2023-06-01/P1M,1252,,,
E10000031,Physical,Adult,2023-07-01/P1M,1122,,,
E10000031,Physical,Adult,2023-08-01/P1M,1005,,,
E10000031,Physical,Adult,2023-09-01/P1M,1338,,,
E10000031,Physical,Adult,2023-10-01/P1M,1412,,,
E10000031,Physical,Adult,2023-11-01/P1M,1583,,,
E10000031,Physical,Adult,2023-12-01/P1M,1160,,,
E10000031,Physical,Adult,2024-01-01/P1M,1650,,,
E10000031,Physical,Adult,2024-02-01/P1M,2030,,,
E10000031,Physical,Adult,2024-03-01/P1M,1632,,,
E10000031,Physical,Under 12,2023-04-01/P1M,57,,,
E10000031,Physical,Under 12,2023-05-01/P1M,94,,,
E10000031,Physical,Under 12,2023-06-01/P1M,148,,,
E10000031,Physical,Under 12,2023-07-01/P1M,109,,,
E10000031,Physical,Under 12,2023-08-01/P1M,19,,,
E10000031,Physical,Under 12,2023-09-01/P1M,42,,,
E10000031,Physical,Under 12,2023-10-01/P1M,111,,,
E10000031,Physical,Under 12,2023-11-01/P1M,89,,,
E10000031,Physical,Under 12,2023-12-01/P1M,119,,,
E10000031,Physical,Under 12,2024-01-01/P1M,59,,,
E10000031,Physical,Under 12,2024-02-01/P1M,106,,,
E10000031,Physical,Under 12,2024-03-01/P1M,43,,,
E10000031,Physical,12-17,2023-05-01/P1M,10,,,
E10000031,Physical,12-17,2023-06-01/P1M,6,,,
E10000031,Physical,12-17,2023-07-01/P1M,10,,,
E10000031,Physical,12-17,2023-10-01/P1M,4,,,
E10000031,Physical,12-17,2023-11-01/P1M,10,,,
E10000031,Physical,12-17,2023-12-01/P1M,7,,,
E10000031,Physical,12-17,2024-02-01/P1M,6,,,
E10000031,Digital,Adult,2023-04-01/P1M,16,,,
E10000031,Digital,Adult,2023-05-01/P1M,11,,,
E10000031,Digital,Adult,2023-06-01/P1M,10,,,
E10000031,Digital,Adult,2023-07-01/P1M,6,,,
E10000031,Digital,Adult,2023-08-01/P1M,3,,,
E10000031,Digital,Adult,2023-09-01/P1M,17,,,
E10000031,Digital,Adult,2023-10-01/P1M,8,,,
E10000031,Digital,Adult,2023-11-01/P1M,4,,,
E10000031,Digital,Adult,2023-12-01/P1M,7,,,
E10000031,Digital,Adult,2024-01-01/P1M,8,,,
E10000031,Digital,Adult,2024-02-01/P1M,7,,,
E10000031,Digital,Under 12,2023-04-01/P1Y,6,,,
E10000031,Digital,12-17,2023-04-01/P1M,4,,,
E10000031,Digital,12-17,2023-05-01/P1M,6,,,
E10000031,Digital,12-17,2023-06-01/P1M,5,,,
E10000031,Digital,12-17,2023-07-01/P1M,2,,,
E06000037,Physical,Unknown,2023-04-01/P1M,2647,,,
E06000037,Physical,Unknown,2023-05-01/P1M,4081,,,
E06000037,Physical,Unknown,2023-06-01/P1M,2653,,,
E06000037,Physical,Unknown,2023-07-01/P1M,3031,,,
E06000037,Physical,Unknown,2023-08-01/P1M,2345,,,
E06000037,Physical,Unknown,2023-09-01/P1M,2934,,,
E06000037,Physical,Unknown,2023-10-01/P1M,3062,,,
E06000037,Physical,Unknown,2023-11-01/P1M,3381,,,
E06000037,Physical,Unknown,2023-12-01/P1M,2056,,,
E06000037,Physical,Unknown,2024-01-01/P1M,3043,,,
E06000037,Physical,Unknown,2024-02-01/P1M,3446,,,
E06000037,Physical,Unknown,2024-03-01/P1M,4123,,,
E10000032,Physical,Adult,2023-04-01/P1M,7492,,,
E10000032,Physical,Adult,2023-05-01/P1M,5960,,,
E10000032,Physical,Adult,2023-06-01/P1M,6905,,,
E10000032,Physical,Adult,2023-07-01/P1M,7560,,,
E10000032,Physical,Adult,2023-08-01/P1M,6811,,,
E10000032,Physical,Adult,2023-09-01/P1M,7413,,,
E10000032,Physical,Adult,2023-10-01/P1M,8104,,,
E10000032,Physical,Adult,2023-11-01/P1M,7506,,,
E10000032,Physical,Adult,2023-12-01/P1M,5516,,,
E10000032,Physical,Adult,2024-01-01/P1M,7434,,,
E10000032,Physical,Adult,2024-02-01/P1M,7380,,,
E10000032,Physical,Adult,2024-03-01/P1M,7944,,,
E09000033,Physical,Unknown,2023-04-01/P1M,5428,,suspicious,"Source audit: total_attendees_physical_events: March 841 versus median nonzero month 7,238 (0.12 times). Could be a typo, changed scope or genuine activity; confirm with service. Values retained as reported pending source confirmation."
E09000033,Physical,Unknown,2023-05-01/P1M,8351,,suspicious,"Source audit: total_attendees_physical_events: March 841 versus median nonzero month 7,238 (0.12 times). Could be a typo, changed scope or genuine activity; confirm with service. Values retained as reported pending source confirmation."
E09000033,Physical,Unknown,2023-06-01/P1M,8172,,suspicious,"Source audit: total_attendees_physical_events: March 841 versus median nonzero month 7,238 (0.12 times). Could be a typo, changed scope or genuine activity; confirm with service. Values retained as reported pending source confirmation."
E09000033,Physical,Unknown,2023-07-01/P1M,7156,,suspicious,"Source audit: total_attendees_physical_events: March 841 versus median nonzero month 7,238 (0.12 times). Could be a typo, changed scope or genuine activity; confirm with service. Values retained as reported pending source confirmation."
E09000033,Physical,Unknown,2023-08-01/P1M,5117,,suspicious,"Source audit: total_attendees_physical_events: March 841 versus median nonzero month 7,238 (0.12 times). Could be a typo, changed scope or genuine activity; confirm with service. Values retained as reported pending source confirmation."
E09000033,Physical,Unknown,2023-09-01/P1M,5127,,suspicious,"Source audit: total_attendees_physical_events: March 841 versus median nonzero month 7,238 (0.12 times). Could be a typo, changed scope or genuine activity; confirm with service. Values retained as reported pending source confirmation."
E09000033,Physical,Unknown,2023-10-01/P1M,8796,,suspicious,"Source audit: total_attendees_physical_events: March 841 versus median nonzero month 7,238 (0.12 times). Could be a typo, changed scope or genuine activity; confirm with service. Values retained as reported pending source confirmation."
E09000033,Physical,Unknown,2023-11-01/P1M,9809,,suspicious,"Source audit: total_attendees_physical_events: March 841 versus median nonzero month 7,238 (0.12 times). Could be a typo, changed scope or genuine activity; confirm with service. Values retained as reported pending source confirmation."
E09000033,Physical,Unknown,2023-12-01/P1M,5677,,suspicious,"Source audit: total_attendees_physical_events: March 841 versus median nonzero month 7,238 (0.12 times). Could be a typo, changed scope or genuine activity; confirm with service. Values retained as reported pending source confirmation."
E09000033,Physical,Unknown,2024-01-01/P1M,7319,,suspicious,"Source audit: total_attendees_physical_events: March 841 versus median nonzero month 7,238 (0.12 times). Could be a typo, changed scope or genuine activity; confirm with service. Values retained as reported pending source confirmation."
E09000033,Physical,Unknown,2024-02-01/P1M,7630,,suspicious,"Source audit: total_attendees_physical_events: March 841 versus median nonzero month 7,238 (0.12 times). Could be a typo, changed scope or genuine activity; confirm with service. Values retained as reported pending source confirmation."
E09000033,Physical,Unknown,2024-03-01/P1M,841,,suspicious,"Source audit: total_attendees_physical_events: March 841 versus median nonzero month 7,238 (0.12 times). Could be a typo, changed scope or genuine activity; confirm with service. Values retained as reported pending source confirmation."
E06000064,Physical,Adult,2023-04-01/P3M,8991,,,
E06000064,Physical,Adult,2023-07-01/P3M,10149,,,
E06000064,Physical,Adult,2023-10-01/P3M,7263,,,
E06000064,Physical,Adult,2024-01-01/P3M,10534,,,
E06000064,Physical,12-17,2023-04-01/P3M,5196,,,
E06000064,Physical,12-17,2023-07-01/P3M,5358,,,
E06000064,Physical,12-17,2023-10-01/P3M,4455,,,
E06000064,Physical,12-17,2024-01-01/P3M,5600,,,
E08000010,Physical,Unknown,2023-04-01/P1M,5157,,,
E08000010,Physical,Unknown,2023-05-01/P1M,6006,,,
E08000010,Physical,Unknown,2023-06-01/P1M,4596,,,
E08000010,Physical,Unknown,2023-07-01/P1M,6020,,,
E08000010,Physical,Unknown,2023-08-01/P1M,5122,,,
E08000010,Physical,Unknown,2023-09-01/P1M,4821,,,
E08000010,Physical,Unknown,2023-10-01/P1M,8273,,,
E08000010,Physical,Unknown,2023-11-01/P1M,7721,,,
E08000010,Physical,Unknown,2023-12-01/P1M,5484,,,
E08000010,Physical,Unknown,2024-01-01/P1M,6126,,,
E08000010,Physical,Unknown,2024-02-01/P1M,7060,,,
E08000010,Physical,Unknown,2024-03-01/P1M,6025,,,
E06000054,Physical,Adult,2023-04-01/P1M,3494,,,
E06000054,Physical,Adult,2023-05-01/P1M,4045,,,
E06000054,Physical,Adult,2023-06-01/P1M,4495,,,
E06000054,Physical,Adult,2023-07-01/P1M,5246,,,
E06000054,Physical,Adult,2023-08-01/P1M,4188,,,
E06000054,Physical,Adult,2023-09-01/P1M,4854,,,
E06000054,Physical,Adult,2023-10-01/P1M,5852,,,
E06000054,Physical,Adult,2023-11-01/P1M,5304,,,
E06000054,Physical,Adult,2023-12-01/P1M,3836,,,
E06000054,Physical,Adult,2024-01-01/P1M,5293,,,
E06000054,Physical,Adult,2024-02-01/P1M,6063,,,
E06000054,Physical,Adult,2024-03-01/P1M,5556,,,
E06000054,Physical,Under 12,2023-04-01/P1M,3851,,,
E06000054,Physical,Under 12,2023-05-01/P1M,3820,,,
E06000054,Physical,Under 12,2023-06-01/P1M,5148,,,
E06000054,Physical,Under 12,2023-07-01/P1M,19287,,,
E06000054,Physical,Under 12,2023-08-01/P1M,3810,,,
E06000054,Physical,Under 12,2023-09-01/P1M,4573,,,
E06000054,Physical,Under 12,2023-10-01/P1M,5059,,,
E06000054,Physical,Under 12,2023-11-01/P1M,4532,,,
E06000054,Physical,Under 12,2023-12-01/P1M,3110,,,
E06000054,Physical,Under 12,2024-01-01/P1M,4482,,,
E06000054,Physical,Under 12,2024-02-01/P1M,7073,,,
E06000054,Physical,Under 12,2024-03-01/P1M,5748,,,
E06000054,Digital,Adult,2023-04-01/P1M,90,,,
E06000054,Digital,Adult,2023-05-01/P1M,80,,,
E06000054,Digital,Adult,2023-06-01/P1M,60,,,
E06000054,Digital,Adult,2023-07-01/P1M,59,,,
E06000054,Digital,Adult,2023-09-01/P1M,88,,,
E08000015,Physical,Adult,2023-04-01/P1M,545,,,
E08000015,Physical,Adult,2023-05-01/P1M,573,,,
E08000015,Physical,Adult,2023-06-01/P1M,650,,,
E08000015,Physical,Adult,2023-07-01/P1M,618,,,
E08000015,Physical,Adult,2023-08-01/P1M,579,,,
E08000015,Physical,Adult,2023-09-01/P1M,618,,,
E08000015,Physical,Adult,2023-10-01/P1M,916,,,
E08000015,Physical,Adult,2023-11-01/P1M,1037,,,
E08000015,Physical,Adult,2023-12-01/P1M,633,,,
E08000015,Physical,Adult,2024-01-01/P1M,909,,,
E08000015,Physical,Adult,2024-02-01/P1M,981,,,
E08000015,Physical,Adult,2024-03-01/P1M,835,,,
E08000015,Physical,Under 12,2023-04-01/P1M,605,,,
E08000015,Physical,Under 12,2023-05-01/P1M,825,,,
E08000015,Physical,Under 12,2023-06-01/P1M,1181,,,
E08000015,Physical,Under 12,2023-07-01/P1M,1356,,,
E08000015,Physical,Under 12,2023-08-01/P1M,750,,,
E08000015,Physical,Under 12,2023-09-01/P1M,946,,,
E08000015,Physical,Under 12,2023-10-01/P1M,1224,,,
E08000015,Physical,Under 12,2023-11-01/P1M,1651,,,
E08000015,Physical,Under 12,2023-12-01/P1M,821,,,
E08000015,Physical,Under 12,2024-01-01/P1M,1861,,,
E08000015,Physical,Under 12,2024-02-01/P1M,1387,,,
E08000015,Physical,Under 12,2024-03-01/P1M,1506,,,
E08000015,Digital,Adult,2023-04-01/P1M,5,,,
E08000015,Digital,Adult,2023-05-01/P1M,7,,,
E08000015,Digital,Adult,2023-06-01/P1M,8,,,
E08000015,Digital,Adult,2023-07-01/P1M,5,,,
E08000015,Digital,Adult,2023-08-01/P1M,4,,,
E08000015,Digital,Adult,2023-09-01/P1M,9,,,
E08000015,Digital,Adult,2023-10-01/P1M,10,,,
E08000015,Digital,Adult,2023-11-01/P1M,8,,,
E08000015,Digital,Adult,2023-12-01/P1M,7,,,
E08000015,Digital,Adult,2024-01-01/P1M,9,,,
E08000015,Digital,Adult,2024-02-01/P1M,10,,,
E08000015,Digital,Adult,2024-03-01/P1M,5,,,
E08000031,Physical,Unknown,2023-04-01/P1Y,19784,,,
E08000031,Digital,Adult,2023-04-01/P1Y,394,,,
E10000034,Physical,Unknown,2023-04-01/P1M,10927,,,
E10000034,Physical,Unknown,2023-05-01/P1M,12235,,,
E10000034,Physical,Unknown,2023-06-01/P1M,10161,,,
E10000034,Physical,Unknown,2023-07-01/P1M,12964,,,
E10000034,Physical,Unknown,2023-08-01/P1M,12402,,,
E10000034,Physical,Unknown,2023-09-01/P1M,11181,,,
E10000034,Physical,Unknown,2023-10-01/P1M,13911,,,
E10000034,Physical,Unknown,2023-11-01/P1M,12735,,,
E10000034,Physical,Unknown,2023-12-01/P1M,10756,,,
E10000034,Physical,Unknown,2024-01-01/P1M,15886,,,
E10000034,Physical,Unknown,2024-02-01/P1M,14200,,,
E10000034,Physical,Unknown,2024-03-01/P1M,14363,,,
E10000034,Digital,Unknown,2023-04-01/P1M,121,,,
E10000034,Digital,Unknown,2023-05-01/P1M,57,,,
E10000034,Digital,Unknown,2023-06-01/P1M,99,,,
E10000034,Digital,Unknown,2023-07-01/P1M,56,,,
E10000034,Digital,Unknown,2023-09-01/P1M,51,,,
E10000034,Digital,Unknown,2023-10-01/P1M,57,,,
E10000034,Digital,Unknown,2023-11-01/P1M,56,,,
E10000034,Digital,Unknown,2024-01-01/P1M,35,,,
E10000034,Digital,Unknown,2024-02-01/P1M,48,,,
E10000034,Digital,Unknown,2024-03-01/P1M,49,,,
E09000003,Physical,Adult,2024-04-01/P1M,1444,,,
E09000003,Physical,Adult,2024-05-01/P1M,1557,,,
E09000003,Physical,Adult,2024-06-01/P1M,1577,,,
E09000003,Physical,Adult,2024-07-01/P1M,1831,,,
E09000003,Physical,Adult,2024-08-01/P1M,598,,,
E09000003,Physical,Adult,2024-09-01/P1M,1291,,,
E09000003,Physical,Adult,2024-10-01/P1M,2269,,,
E09000003,Physical,Adult,2024-11-01/P1M,1673,,,
E09000003,Physical,Adult,2024-12-01/P1M,1310,,,
E09000003,Physical,Adult,2025-01-01/P1M,1625,,,
E09000003,Physical,Adult,2025-02-01/P1M,2040,,,
E09000003,Physical,Adult,2025-03-01/P1M,1879,,,
E09000003,Physical,Under 12,2024-04-01/P1M,1490,,,
E09000003,Physical,Under 12,2024-05-01/P1M,1476,,,
E09000003,Physical,Under 12,2024-06-01/P1M,2148,,,
E09000003,Physical,Under 12,2024-07-01/P1M,1885,,,
E09000003,Physical,Under 12,2024-08-01/P1M,638,,,
E09000003,Physical,Under 12,2024-09-01/P1M,1252,,,
E09000003,Physical,Under 12,2024-10-01/P1M,2062,,,
E09000003,Physical,Under 12,2024-11-01/P1M,1805,,,
E09000003,Physical,Under 12,2024-12-01/P1M,1188,,,
E09000003,Physical,Under 12,2025-01-01/P1M,1500,,,
E09000003,Physical,Under 12,2025-02-01/P1M,2215,,,
E09000003,Physical,Under 12,2025-03-01/P1M,1973,,,
E09000003,Physical,12-17,2024-04-01/P1Y,0,,,
E09000003,Digital,Adult,2024-04-01/P1M,14,,,
E09000003,Digital,Adult,2024-05-01/P1M,56,,,
E09000003,Digital,Adult,2024-06-01/P1M,108,,,
E09000003,Digital,Adult,2024-07-01/P1M,23,,,
E09000003,Digital,Adult,2024-08-01/P1M,2,,,
E09000003,Digital,Adult,2024-09-01/P1M,25,,,
E09000003,Digital,Adult,2024-10-01/P1M,15,,,
E09000003,Digital,Adult,2024-11-01/P1M,23,,,
E09000003,Digital,Adult,2024-12-01/P1M,13,,,
E09000003,Digital,Adult,2025-01-01/P1M,80,,,
E09000003,Digital,Adult,2025-02-01/P1M,29,,,
E09000003,Digital,Adult,2025-03-01/P1M,18,,,
E09000003,Digital,Under 12,2024-04-01/P1M,0,,,
E09000003,Digital,Under 12,2024-05-01/P1M,0,,,
E09000003,Digital,Under 12,2024-06-01/P1M,0,,,
E09000003,Digital,Under 12,2024-07-01/P1M,832,,,
E09000003,Digital,Under 12,2024-08-01/P1M,0,,,
E09000003,Digital,Under 12,2024-09-01/P1M,0,,,
E09000003,Digital,Under 12,2024-10-01/P1M,0,,,
E09000003,Digital,Under 12,2024-11-01/P1M,390,,,
E09000003,Digital,Under 12,2024-12-01/P1M,0,,,
E09000003,Digital,Under 12,2025-01-01/P1M,0,,,
E09000003,Digital,Under 12,2025-02-01/P1M,0,,,
E09000003,Digital,Under 12,2025-03-01/P1M,575,,,
E09000003,Digital,12-17,2024-04-01/P1Y,0,,,
E08000016,Physical,Adult,2024-04-01/P1M,4016,,,
E08000016,Physical,Adult,2024-05-01/P1M,3811,,,
E08000016,Physical,Adult,2024-06-01/P1M,4561,,,
E08000016,Physical,Adult,2024-07-01/P1M,4907,,,
E08000016,Physical,Adult,2024-08-01/P1M,4158,,,
E08000016,Physical,Adult,2024-09-01/P1M,7356,,,
E08000016,Physical,Adult,2024-10-01/P1M,5223,,,
E08000016,Physical,Adult,2024-11-01/P1M,5232,,,
E08000016,Physical,Adult,2024-12-01/P1M,3018,,,
E08000016,Physical,Adult,2025-01-01/P1M,3558,,,
E08000016,Physical,Adult,2025-02-01/P1M,5263,,,
E08000016,Physical,Adult,2025-03-01/P1M,15372,,,
E08000016,Physical,Under 12,2024-04-01/P1M,2000,,,
E08000016,Physical,Under 12,2024-05-01/P1M,1791,,,
E08000016,Physical,Under 12,2024-06-01/P1M,1721,,,
E08000016,Physical,Under 12,2024-07-01/P1M,2269,,,
E08000016,Physical,Under 12,2024-08-01/P1M,2516,,,
E08000016,Physical,Under 12,2024-09-01/P1M,2043,,,
E08000016,Physical,Under 12,2024-10-01/P1M,2458,,,
E08000016,Physical,Under 12,2024-11-01/P1M,2655,,,
E08000016,Physical,Under 12,2024-12-01/P1M,1492,,,
E08000016,Physical,Under 12,2025-01-01/P1M,1604,,,
E08000016,Physical,Under 12,2025-02-01/P1M,2514,,,
E08000016,Physical,Under 12,2025-03-01/P1M,2616,,,
E08000016,Physical,12-17,2024-04-01/P1M,0,,,
E08000016,Physical,12-17,2024-05-01/P1M,22,,,
E08000016,Physical,12-17,2024-06-01/P1M,15,,,
E08000016,Physical,12-17,2024-07-01/P1M,27,,,
E08000016,Physical,12-17,2024-08-01/P1M,17,,,
E08000016,Physical,12-17,2024-09-01/P1M,18,,,
E08000016,Physical,12-17,2024-10-01/P1M,0,,,
E08000016,Physical,12-17,2024-11-01/P1M,7,,,
E08000016,Physical,12-17,2024-12-01/P1M,9,,,
E08000016,Physical,12-17,2025-01-01/P1M,0,,,
E08000016,Physical,12-17,2025-02-01/P1M,99,,,
E08000016,Physical,12-17,2025-03-01/P1M,37,,,
E08000016,Digital,Unknown,2024-04-01/P1Y,0,,,
E08000016,Digital,Adult,2024-04-01/P1Y,0,,,
E08000016,Digital,Under 12,2024-04-01/P1Y,0,,,
E08000016,Digital,12-17,2024-04-01/P1Y,0,,,
E06000022,Physical,Adult,2024-04-01/P1M,1077,,,
E06000022,Physical,Adult,2024-05-01/P1M,696,,,
E06000022,Physical,Adult,2024-06-01/P1M,717,,,
E06000022,Physical,Adult,2024-07-01/P1M,937,,,
E06000022,Physical,Adult,2024-08-01/P1M,446,,,
E06000022,Physical,Adult,2024-09-01/P1M,981,,,
E06000022,Physical,Adult,2024-10-01/P1M,1269,,,
E06000022,Physical,Adult,2024-11-01/P1M,2288,,,
E06000022,Physical,Adult,2024-12-01/P1M,738,,,
E06000022,Physical,Adult,2025-01-01/P1M,1069,,,
E06000022,Physical,Adult,2025-02-01/P1M,1417,,,
E06000022,Physical,Adult,2025-03-01/P1M,1447,,,
E06000022,Physical,Under 12,2024-04-01/P1M,1206,,,
E06000022,Physical,Under 12,2024-05-01/P1M,1108,,,
E06000022,Physical,Under 12,2024-06-01/P1M,1446,,,
E06000022,Physical,Under 12,2024-07-01/P1M,1056,,,
E06000022,Physical,Under 12,2024-08-01/P1M,608,,,
E06000022,Physical,Under 12,2024-09-01/P1M,1318,,,
E06000022,Physical,Under 12,2024-10-01/P1M,2246,,,
E06000022,Physical,Under 12,2024-11-01/P1M,1337,,,
E06000022,Physical,Under 12,2024-12-01/P1M,1141,,,
E06000022,Physical,Under 12,2025-01-01/P1M,2021,,,
E06000022,Physical,Under 12,2025-02-01/P1M,1295,,,
E06000022,Physical,Under 12,2025-03-01/P1M,1713,,,
E06000022,Physical,12-17,2024-04-01/P1Y,0,,,
E06000022,Digital,Adult,2024-04-01/P1M,7,,,
E06000022,Digital,Adult,2024-05-01/P1M,7,,,
E06000022,Digital,Adult,2024-06-01/P1M,8,,,
E06000022,Digital,Adult,2024-07-01/P1M,6,,,
E06000022,Digital,Adult,2024-08-01/P1M,8,,,
E06000022,Digital,Adult,2024-09-01/P1M,9,,,
E06000022,Digital,Adult,2024-10-01/P1M,8,,,
E06000022,Digital,Adult,2024-11-01/P1M,8,,,
E06000022,Digital,Adult,2024-12-01/P1M,0,,,
E06000022,Digital,Adult,2025-01-01/P1M,14,,,
E06000022,Digital,Adult,2025-02-01/P1M,19,,,
E06000022,Digital,Adult,2025-03-01/P1M,5,,,
E06000022,Digital,Under 12,2024-04-01/P1Y,0,,,
E06000022,Digital,12-17,2024-04-01/P1Y,0,,,
E08000025,Physical,Unknown,2024-04-01/P1M,18619,,,
E08000025,Physical,Unknown,2024-05-01/P1M,20996,,,
E08000025,Physical,Unknown,2024-06-01/P1M,18713,,,
E08000025,Physical,Unknown,2024-07-01/P1M,23194,,,
E08000025,Physical,Unknown,2024-08-01/P1M,18626,,,
E08000025,Physical,Unknown,2024-09-01/P1M,18755,,,
E08000025,Physical,Unknown,2024-10-01/P1M,16743,,,
E08000025,Physical,Unknown,2024-11-01/P1M,16743,,,
E08000025,Physical,Unknown,2024-12-01/P1M,14908,,,
E08000025,Physical,Unknown,2025-01-01/P1M,14328,,,
E08000025,Physical,Unknown,2025-02-01/P1M,19000,,,
E08000025,Physical,Unknown,2025-03-01/P1M,20011,,,
E08000025,Physical,Adult,2024-04-01/P1Y,0,,,
E08000025,Physical,Under 12,2024-04-01/P1Y,0,,,
E08000025,Physical,12-17,2024-04-01/P1Y,0,,,
E08000025,Digital,Unknown,2024-04-01/P1Y,0,,,
E08000025,Digital,Adult,2024-04-01/P1Y,0,,,
E08000025,Digital,Under 12,2024-04-01/P1Y,0,,,
E08000025,Digital,12-17,2024-04-01/P1Y,0,,,
E06000008,Physical,Adult,2024-04-01/P1M,323,,,
E06000008,Physical,Adult,2024-05-01/P1M,409,,,
E06000008,Physical,Adult,2024-06-01/P1M,430,,,
E06000008,Physical,Adult,2024-07-01/P1M,318,,,
E06000008,Physical,Adult,2024-08-01/P1M,313,,,
E06000008,Physical,Adult,2024-09-01/P1M,361,,,
E06000008,Physical,Adult,2024-10-01/P1M,461,,,
E06000008,Physical,Adult,2024-11-01/P1M,472,,,
E06000008,Physical,Adult,2024-12-01/P1M,419,,,
E06000008,Physical,Adult,2025-01-01/P1M,390,,,
E06000008,Physical,Adult,2025-02-01/P1M,434,,,
E06000008,Physical,Adult,2025-03-01/P1M,554,,,
E06000008,Physical,Under 12,2024-04-01/P1Y,0,,,
E06000008,Physical,12-17,2024-04-01/P1Y,0,,,
E06000008,Digital,Unknown,2024-04-01/P1Y,0,,,
E06000008,Digital,Adult,2024-04-01/P1Y,0,,,
E06000008,Digital,Under 12,2024-04-01/P1Y,0,,,
E06000008,Digital,12-17,2024-04-01/P1Y,0,,,
E06000009,Physical,Adult,2024-04-01/P1M,1290,,,
E06000009,Physical,Adult,2024-05-01/P1M,1540,,,
E06000009,Physical,Adult,2024-06-01/P1M,1227,,,
E06000009,Physical,Adult,2024-07-01/P1M,1257,,,
E06000009,Physical,Adult,2024-08-01/P1M,1087,,,
E06000009,Physical,Adult,2024-09-01/P1M,1579,,,
E06000009,Physical,Adult,2024-10-01/P1M,1316,,,
E06000009,Physical,Adult,2024-11-01/P1M,1511,,,
E06000009,Physical,Adult,2024-12-01/P1M,908,,,
E06000009,Physical,Adult,2025-01-01/P1M,1131,,,
E06000009,Physical,Adult,2025-02-01/P1M,1313,,,
E06000009,Physical,Adult,2025-03-01/P1M,1407,,,
E06000009,Physical,Under 12,2024-04-01/P1M,1006,,,
E06000009,Physical,Under 12,2024-05-01/P1M,1168,,,
E06000009,Physical,Under 12,2024-06-01/P1M,1422,,,
E06000009,Physical,Under 12,2024-07-01/P1M,1125,,,
E06000009,Physical,Under 12,2024-08-01/P1M,758,,,
E06000009,Physical,Under 12,2024-09-01/P1M,734,,,
E06000009,Physical,Under 12,2024-10-01/P1M,1185,,,
E06000009,Physical,Under 12,2024-11-01/P1M,1464,,,
E06000009,Physical,Under 12,2024-12-01/P1M,762,,,
E06000009,Physical,Under 12,2025-01-01/P1M,954,,,
E06000009,Physical,Under 12,2025-02-01/P1M,1184,,,
E06000009,Physical,Under 12,2025-03-01/P1M,1277,,,
E06000009,Physical,12-17,2024-04-01/P1M,76,,,
E06000009,Physical,12-17,2024-05-01/P1M,119,,,
E06000009,Physical,12-17,2024-06-01/P1M,99,,,
E06000009,Physical,12-17,2024-07-01/P1M,54,,,
E06000009,Physical,12-17,2024-08-01/P1M,47,,,
E06000009,Physical,12-17,2024-09-01/P1M,106,,,
E06000009,Physical,12-17,2024-10-01/P1M,121,,,
E06000009,Physical,12-17,2024-11-01/P1M,209,,,
E06000009,Physical,12-17,2024-12-01/P1M,144,,,
E06000009,Physical,12-17,2025-01-01/P1M,63,,,
E06000009,Physical,12-17,2025-02-01/P1M,89,,,
E06000009,Physical,12-17,2025-03-01/P1M,35,,,
E06000009,Digital,Unknown,2024-04-01/P1Y,0,,,
E06000009,Digital,Adult,2024-04-01/P1Y,0,,,
E06000009,Digital,Under 12,2024-04-01/P1Y,0,,,
E06000009,Digital,12-17,2024-04-01/P1Y,0,,,
E08000001,Physical,Adult,2024-04-01/P1M,2087,,,
E08000001,Physical,Adult,2024-05-01/P1M,1862,,,
E08000001,Physical,Adult,2024-06-01/P1M,1893,,,
E08000001,Physical,Adult,2024-07-01/P1M,1947,,,
E08000001,Physical,Adult,2024-08-01/P1M,1903,,,
E08000001,Physical,Adult,2024-09-01/P1M,1974,,,
E08000001,Physical,Adult,2024-10-01/P1M,2448,,,
E08000001,Physical,Adult,2024-11-01/P1M,2145,,,
E08000001,Physical,Adult,2024-12-01/P1M,1604,,,
E08000001,Physical,Adult,2025-01-01/P1M,1987,,,
E08000001,Physical,Adult,2025-02-01/P1M,2855,,,
E08000001,Physical,Adult,2025-03-01/P1M,2364,,,
E08000001,Physical,Under 12,2024-04-01/P1M,3422,,,
E08000001,Physical,Under 12,2024-05-01/P1M,3234,,,
E08000001,Physical,Under 12,2024-06-01/P1M,3631,,,
E08000001,Physical,Under 12,2024-07-01/P1M,3694,,,
E08000001,Physical,Under 12,2024-08-01/P1M,3777,,,
E08000001,Physical,Under 12,2024-09-01/P1M,2909,,,
E08000001,Physical,Under 12,2024-10-01/P1M,5034,,,
E08000001,Physical,Under 12,2024-11-01/P1M,3946,,,
E08000001,Physical,Under 12,2024-12-01/P1M,2890,,,
E08000001,Physical,Under 12,2025-01-01/P1M,3342,,,
E08000001,Physical,Under 12,2025-02-01/P1M,3796,,,
E08000001,Physical,Under 12,2025-03-01/P1M,4419,,,
E08000001,Physical,12-17,2024-04-01/P1Y,0,,,
E08000001,Digital,Unknown,2024-04-01/P1Y,0,,,
E08000001,Digital,Adult,2024-04-01/P1Y,0,,,
E08000001,Digital,Under 12,2024-04-01/P1Y,0,,,
E08000001,Digital,12-17,2024-04-01/P1Y,0,,,
E06000058,Physical,Adult,2024-04-01/P1M,5890,,,
E06000058,Physical,Adult,2024-05-01/P1M,6046,,,
E06000058,Physical,Adult,2024-06-01/P1M,4821,,,
E06000058,Physical,Adult,2024-07-01/P1M,7433,,,
E06000058,Physical,Adult,2024-08-01/P1M,5357,,,
E06000058,Physical,Adult,2024-09-01/P1M,4422,,,
E06000058,Physical,Adult,2024-10-01/P1M,4736,,,
E06000058,Physical,Adult,2024-11-01/P1M,4836,,,
E06000058,Physical,Adult,2024-12-01/P1M,3597,,,
E06000058,Physical,Adult,2025-01-01/P1M,5208,,,
E06000058,Physical,Adult,2025-02-01/P1M,4912,,,
E06000058,Physical,Adult,2025-03-01/P1M,4975,,,
E06000058,Physical,Under 12,2024-04-01/P1M,6238,,,
E06000058,Physical,Under 12,2024-05-01/P1M,5473,,,
E06000058,Physical,Under 12,2024-06-01/P1M,4944,,,
E06000058,Physical,Under 12,2024-07-01/P1M,5583,,,
E06000058,Physical,Under 12,2024-08-01/P1M,6437,,,
E06000058,Physical,Under 12,2024-09-01/P1M,3879,,,
E06000058,Physical,Under 12,2024-10-01/P1M,5111,,,
E06000058,Physical,Under 12,2024-11-01/P1M,4010,,,
E06000058,Physical,Under 12,2024-12-01/P1M,3043,,,
E06000058,Physical,Under 12,2025-01-01/P1M,4584,,,
E06000058,Physical,Under 12,2025-02-01/P1M,4864,,,
E06000058,Physical,Under 12,2025-03-01/P1M,4996,,,
E06000058,Physical,12-17,2024-04-01/P1M,60,,,
E06000058,Physical,12-17,2024-05-01/P1M,19,,,
E06000058,Physical,12-17,2024-06-01/P1M,19,,,
E06000058,Physical,12-17,2024-07-01/P1M,3,,,
E06000058,Physical,12-17,2024-08-01/P1M,3,,,
E06000058,Physical,12-17,2024-09-01/P1M,15,,,
E06000058,Physical,12-17,2024-10-01/P1M,2,,,
E06000058,Physical,12-17,2024-11-01/P1M,4,,,
E06000058,Physical,12-17,2024-12-01/P1M,3,,,
E06000058,Physical,12-17,2025-01-01/P1M,229,,,
E06000058,Physical,12-17,2025-02-01/P1M,12,,,
E06000058,Physical,12-17,2025-03-01/P1M,21,,,
E06000058,Digital,Adult,2024-04-01/P1M,16,,,
E06000058,Digital,Adult,2024-05-01/P1M,13,,,
E06000058,Digital,Adult,2024-06-01/P1M,31,,,
E06000058,Digital,Adult,2024-07-01/P1M,5,,,
E06000058,Digital,Adult,2024-08-01/P1M,8,,,
E06000058,Digital,Adult,2024-09-01/P1M,13,,,
E06000058,Digital,Adult,2024-10-01/P1M,23,,,
E06000058,Digital,Adult,2024-11-01/P1M,17,,,
E06000058,Digital,Adult,2024-12-01/P1M,10,,,
E06000058,Digital,Adult,2025-01-01/P1M,9,,,
E06000058,Digital,Adult,2025-02-01/P1M,18,,,
E06000058,Digital,Adult,2025-03-01/P1M,47,,,
E06000058,Digital,Under 12,2024-04-01/P1M,6,,,
E06000058,Digital,Under 12,2024-05-01/P1M,6,,,
E06000058,Digital,Under 12,2024-06-01/P1M,7,,,
E06000058,Digital,Under 12,2024-07-01/P1M,7,,,
E06000058,Digital,Under 12,2024-08-01/P1M,3,,,
E06000058,Digital,Under 12,2024-09-01/P1M,0,,,
E06000058,Digital,Under 12,2024-10-01/P1M,13,,,
E06000058,Digital,Under 12,2024-11-01/P1M,6,,,
E06000058,Digital,Under 12,2024-12-01/P1M,0,,,
E06000058,Digital,Under 12,2025-01-01/P1M,0,,,
E06000058,Digital,Under 12,2025-02-01/P1M,8,,,
E06000058,Digital,Under 12,2025-03-01/P1M,0,,,
E06000058,Digital,12-17,2024-04-01/P1Y,0,,,
E08000032,Physical,Adult,2024-04-01/P1M,3378,,,
E08000032,Physical,Adult,2024-05-01/P1M,3376,,,
E08000032,Physical,Adult,2024-06-01/P1M,3424,,,
E08000032,Physical,Adult,2024-07-01/P1M,4562,,,
E08000032,Physical,Adult,2024-08-01/P1M,3752,,,
E08000032,Physical,Adult,2024-09-01/P1M,3571,,,
E08000032,Physical,Adult,2024-10-01/P1M,4036,,,
E08000032,Physical,Adult,2024-11-01/P1M,3993,,,
E08000032,Physical,Adult,2024-12-01/P1M,2806,,,
E08000032,Physical,Adult,2025-01-01/P1M,3273,,,
E08000032,Physical,Adult,2025-02-01/P1M,4009,,,
E08000032,Physical,Adult,2025-03-01/P1M,3697,,,
E08000032,Physical,Under 12,2024-04-01/P1M,2036,,,
E08000032,Physical,Under 12,2024-05-01/P1M,3434,,,
E08000032,Physical,Under 12,2024-06-01/P1M,2507,,,
E08000032,Physical,Under 12,2024-07-01/P1M,4573,,,
E08000032,Physical,Under 12,2024-08-01/P1M,3703,,,
E08000032,Physical,Under 12,2024-09-01/P1M,2082,,,
E08000032,Physical,Under 12,2024-10-01/P1M,2817,,,
E08000032,Physical,Under 12,2024-11-01/P1M,3261,,,
E08000032,Physical,Under 12,2024-12-01/P1M,2321,,,
E08000032,Physical,Under 12,2025-01-01/P1M,2554,,,
E08000032,Physical,Under 12,2025-02-01/P1M,4305,,,
E08000032,Physical,Under 12,2025-03-01/P1M,4603,,,
E08000032,Physical,12-17,2024-04-01/P1Y,0,,,
E08000032,Digital,Unknown,2024-04-01/P1Y,0,,,
E08000032,Digital,Adult,2024-04-01/P1Y,0,,,
E08000032,Digital,Under 12,2024-04-01/P1Y,0,,,
E08000032,Digital,12-17,2024-04-01/P1Y,0,,,
E09000005,Physical,Adult,2024-04-01/P1M,1192,,,
E09000005,Physical,Adult,2024-05-01/P1M,1219,,,
E09000005,Physical,Adult,2024-06-01/P1M,1393,,,
E09000005,Physical,Adult,2024-07-01/P1M,1154,,,
E09000005,Physical,Adult,2024-08-01/P1M,992,,,
E09000005,Physical,Adult,2024-09-01/P1M,951,,,
E09000005,Physical,Adult,2024-10-01/P1M,1639,,,
E09000005,Physical,Adult,2024-11-01/P1M,1704,,,
E09000005,Physical,Adult,2024-12-01/P1M,1249,,,
E09000005,Physical,Adult,2025-01-01/P1M,1312,,,
E09000005,Physical,Adult,2025-02-01/P1M,2202,,,
E09000005,Physical,Adult,2025-03-01/P1M,1810,,,
E09000005,Physical,Under 12,2024-04-01/P1M,1444,,,
E09000005,Physical,Under 12,2024-05-01/P1M,1073,,,
E09000005,Physical,Under 12,2024-06-01/P1M,1365,,,
E09000005,Physical,Under 12,2024-07-01/P1M,1036,,,
E09000005,Physical,Under 12,2024-08-01/P1M,1392,,,
E09000005,Physical,Under 12,2024-09-01/P1M,412,,,
E09000005,Physical,Under 12,2024-10-01/P1M,1723,,,
E09000005,Physical,Under 12,2024-11-01/P1M,2168,,,
E09000005,Physical,Under 12,2024-12-01/P1M,1458,,,
E09000005,Physical,Under 12,2025-01-01/P1M,1195,,,
E09000005,Physical,Under 12,2025-02-01/P1M,2231,,,
E09000005,Physical,Under 12,2025-03-01/P1M,2815,,,
E09000005,Physical,12-17,2024-04-01/P1Y,0,,,
E09000005,Digital,Unknown,2024-04-01/P1Y,0,,,
E09000005,Digital,Adult,2024-04-01/P1Y,0,,,
E09000005,Digital,Under 12,2024-04-01/P1Y,0,,,
E09000005,Digital,12-17,2024-04-01/P1Y,0,,,
E06000023,Physical,Adult,2024-04-01/P3M,7446,,,
E06000023,Physical,Adult,2024-07-01/P3M,7075,,,
E06000023,Physical,Adult,2024-10-01/P3M,7800,,,
E06000023,Physical,Adult,2025-01-01/P3M,8941,,,
E06000023,Physical,Under 12,2024-04-01/P3M,7754,,,
E06000023,Physical,Under 12,2024-07-01/P3M,25593,,,
E06000023,Physical,Under 12,2024-10-01/P3M,7836,,,
E06000023,Physical,Under 12,2025-01-01/P3M,9089,,,
E06000023,Physical,12-17,2024-04-01/P1Y,0,,,
E06000023,Digital,Adult,2024-04-01/P3M,126,,,
E06000023,Digital,Adult,2024-07-01/P3M,43,,,
E06000023,Digital,Adult,2024-10-01/P3M,80,,,
E06000023,Digital,Adult,2025-01-01/P3M,41,,,
E06000023,Digital,Under 12,2024-04-01/P1Y,0,,,
E06000023,Digital,12-17,2024-04-01/P1Y,0,,,
E09000006,Physical,Adult,2024-04-01/P1M,636,,,
E09000006,Physical,Adult,2024-05-01/P1M,681,,,
E09000006,Physical,Adult,2024-06-01/P1M,486,,,
E09000006,Physical,Adult,2024-07-01/P1M,713,,,
E09000006,Physical,Adult,2024-08-01/P1M,871,,,
E09000006,Physical,Adult,2024-09-01/P1M,818,,,
E09000006,Physical,Adult,2024-10-01/P1M,929,,,
E09000006,Physical,Adult,2024-11-01/P1M,847,,,
E09000006,Physical,Adult,2024-12-01/P1M,792,,,
E09000006,Physical,Adult,2025-01-01/P1M,883,,,
E09000006,Physical,Adult,2025-02-01/P1M,905,,,
E09000006,Physical,Adult,2025-03-01/P1M,929,,,
E09000006,Physical,Under 12,2024-04-01/P1M,4142,,,
E09000006,Physical,Under 12,2024-05-01/P1M,5302,,,
E09000006,Physical,Under 12,2024-06-01/P1M,4170,,,
E09000006,Physical,Under 12,2024-07-01/P1M,9254,,,
E09000006,Physical,Under 12,2024-08-01/P1M,3210,,,
E09000006,Physical,Under 12,2024-09-01/P1M,4950,,,
E09000006,Physical,Under 12,2024-10-01/P1M,5157,,,
E09000006,Physical,Under 12,2024-11-01/P1M,4765,,,
E09000006,Physical,Under 12,2024-12-01/P1M,3344,,,
E09000006,Physical,Under 12,2025-01-01/P1M,4538,,,
E09000006,Physical,Under 12,2025-02-01/P1M,6205,,,
E09000006,Physical,Under 12,2025-03-01/P1M,5575,,,
E09000006,Physical,12-17,2024-04-01/P1Y,0,,,
E09000006,Digital,Unknown,2024-04-01/P1Y,0,,,
E09000006,Digital,Adult,2024-04-01/P1Y,0,,,
E09000006,Digital,Under 12,2024-04-01/P1Y,0,,,
E09000006,Digital,12-17,2024-04-01/P1Y,0,,,
E08000033,Physical,Unknown,2024-04-01/P1Y,395150,,,
E08000033,Physical,Adult,2024-04-01/P1Y,0,,,
E08000033,Physical,Under 12,2024-04-01/P1Y,0,,,
E08000033,Physical,12-17,2024-04-01/P1Y,0,,,
E08000033,Digital,Unknown,2024-04-01/P1Y,0,,,
E08000033,Digital,Adult,2024-04-01/P1Y,0,,,
E08000033,Digital,Under 12,2024-04-01/P1Y,0,,,
E08000033,Digital,12-17,2024-04-01/P1Y,0,,,
E10000003,Physical,Adult,2024-04-01/P1M,6736,,,
E10000003,Physical,Adult,2024-05-01/P1M,5752,,,
E10000003,Physical,Adult,2024-06-01/P1M,12984,,,
E10000003,Physical,Adult,2024-07-01/P1M,6361,,,
E10000003,Physical,Adult,2024-08-01/P1M,5547,,,
E10000003,Physical,Adult,2024-09-01/P1M,6457,,,
E10000003,Physical,Adult,2024-10-01/P1M,7201,,,
E10000003,Physical,Adult,2024-11-01/P1M,6882,,,
E10000003,Physical,Adult,2024-12-01/P1M,5838,,,
E10000003,Physical,Adult,2025-01-01/P1M,5864,,,
E10000003,Physical,Adult,2025-02-01/P1M,7137,,,
E10000003,Physical,Adult,2025-03-01/P1M,6673,,,
E10000003,Physical,Under 12,2024-04-01/P1M,5913,,,
E10000003,Physical,Under 12,2024-05-01/P1M,4603,,,
E10000003,Physical,Under 12,2024-06-01/P1M,5904,,,
E10000003,Physical,Under 12,2024-07-01/P1M,18471,,,
E10000003,Physical,Under 12,2024-08-01/P1M,5029,,,
E10000003,Physical,Under 12,2024-09-01/P1M,7426,,,
E10000003,Physical,Under 12,2024-10-01/P1M,5862,,,
E10000003,Physical,Under 12,2024-11-01/P1M,5400,,,
E10000003,Physical,Under 12,2024-12-01/P1M,4153,,,
E10000003,Physical,Under 12,2025-01-01/P1M,4952,,,
E10000003,Physical,Under 12,2025-02-01/P1M,5864,,,
E10000003,Physical,Under 12,2025-03-01/P1M,6389,,,
E10000003,Physical,12-17,2024-04-01/P1M,4,,,
E10000003,Physical,12-17,2024-05-01/P1M,114,,,
E10000003,Physical,12-17,2024-06-01/P1M,111,,,
E10000003,Physical,12-17,2024-07-01/P1M,53,,,
E10000003,Physical,12-17,2024-08-01/P1M,31,,,
E10000003,Physical,12-17,2024-09-01/P1M,108,,,
E10000003,Physical,12-17,2024-10-01/P1M,42,,,
E10000003,Physical,12-17,2024-11-01/P1M,19,,,
E10000003,Physical,12-17,2024-12-01/P1M,456,,,
E10000003,Physical,12-17,2025-01-01/P1M,35,,,
E10000003,Physical,12-17,2025-02-01/P1M,73,,,
E10000003,Physical,12-17,2025-03-01/P1M,164,,,
E10000003,Digital,Unknown,2024-04-01/P1Y,0,,,
E10000003,Digital,Adult,2024-04-01/P1Y,0,,,
E10000003,Digital,Under 12,2024-04-01/P1Y,0,,,
E10000003,Digital,12-17,2024-04-01/P1Y,0,,,
E06000049,Physical,Adult,2024-04-01/P1M,2171,,,
E06000049,Physical,Adult,2024-05-01/P1M,2261,,,
E06000049,Physical,Adult,2024-06-01/P1M,2383,,,
E06000049,Physical,Adult,2024-07-01/P1M,2534,,,
E06000049,Physical,Adult,2024-08-01/P1M,2277,,,
E06000049,Physical,Adult,2024-09-01/P1M,2710,,,
E06000049,Physical,Adult,2024-10-01/P1M,2963,,,
E06000049,Physical,Adult,2024-11-01/P1M,3454,,,
E06000049,Physical,Adult,2024-12-01/P1M,2229,,,
E06000049,Physical,Adult,2025-01-01/P1M,2179,,,
E06000049,Physical,Adult,2025-02-01/P1M,2880,,,
E06000049,Physical,Adult,2025-03-01/P1M,3299,,,
E06000049,Physical,Under 12,2024-04-01/P1M,8408,,,
E06000049,Physical,Under 12,2024-05-01/P1M,8426,,,
E06000049,Physical,Under 12,2024-06-01/P1M,14075,,,
E06000049,Physical,Under 12,2024-07-01/P1M,19147,,,
E06000049,Physical,Under 12,2024-08-01/P1M,8562,,,
E06000049,Physical,Under 12,2024-09-01/P1M,8896,,,
E06000049,Physical,Under 12,2024-10-01/P1M,9198,,,
E06000049,Physical,Under 12,2024-11-01/P1M,7305,,,
E06000049,Physical,Under 12,2024-12-01/P1M,5843,,,
E06000049,Physical,Under 12,2025-01-01/P1M,6572,,,
E06000049,Physical,Under 12,2025-02-01/P1M,8521,,,
E06000049,Physical,Under 12,2025-03-01/P1M,9040,,,
E06000049,Physical,12-17,2024-04-01/P1Y,0,,,
E06000049,Digital,Unknown,2024-04-01/P1M,42,,,
E06000049,Digital,Unknown,2024-05-01/P1M,117,,,
E06000049,Digital,Unknown,2024-06-01/P1M,146,,,
E06000049,Digital,Unknown,2024-07-01/P1M,180,,,
E06000049,Digital,Unknown,2024-08-01/P1M,140,,,
E06000049,Digital,Unknown,2024-09-01/P1M,151,,,
E06000049,Digital,Unknown,2024-10-01/P1M,117,,,
E06000049,Digital,Unknown,2024-11-01/P1M,76,,,
E06000049,Digital,Unknown,2024-12-01/P1M,47,,,
E06000049,Digital,Unknown,2025-01-01/P1M,45,,,
E06000049,Digital,Unknown,2025-02-01/P1M,61,,,
E06000049,Digital,Unknown,2025-03-01/P1M,106,,,
E06000049,Digital,Adult,2024-04-01/P1Y,0,,,
E06000049,Digital,Under 12,2024-04-01/P1Y,0,,,
E06000049,Digital,12-17,2024-04-01/P1Y,0,,,
E06000050,Physical,Adult,2024-04-01/P1M,5176,,,
E06000050,Physical,Adult,2024-05-01/P1M,5143,,,
E06000050,Physical,Adult,2024-06-01/P1M,4423,,,
E06000050,Physical,Adult,2024-07-01/P1M,5660,,,
E06000050,Physical,Adult,2024-08-01/P1M,5999,,,
E06000050,Physical,Adult,2024-09-01/P1M,4784,,,
E06000050,Physical,Adult,2024-10-01/P1M,6348,,,
E06000050,Physical,Adult,2024-11-01/P1M,5397,,,
E06000050,Physical,Adult,2024-12-01/P1M,3695,,,
E06000050,Physical,Adult,2025-01-01/P1M,4849,,,
E06000050,Physical,Adult,2025-02-01/P1M,5266,,,
E06000050,Physical,Adult,2025-03-01/P1M,5953,,,
E06000050,Physical,Under 12,2024-04-01/P1M,4864,,,
E06000050,Physical,Under 12,2024-05-01/P1M,3947,,,
E06000050,Physical,Under 12,2024-06-01/P1M,3973,,,
E06000050,Physical,Under 12,2024-07-01/P1M,4931,,,
E06000050,Physical,Under 12,2024-08-01/P1M,6814,,,
E06000050,Physical,Under 12,2024-09-01/P1M,3603,,,
E06000050,Physical,Under 12,2024-10-01/P1M,5987,,,
E06000050,Physical,Under 12,2024-11-01/P1M,4486,,,
E06000050,Physical,Under 12,2024-12-01/P1M,2780,,,
E06000050,Physical,Under 12,2025-01-01/P1M,3688,,,
E06000050,Physical,Under 12,2025-02-01/P1M,4289,,,
E06000050,Physical,Under 12,2025-03-01/P1M,5542,,,
E06000050,Physical,12-17,2024-04-01/P1Y,0,,,
E06000050,Digital,Unknown,2024-04-01/P1Y,0,,,
E06000050,Digital,Adult,2024-04-01/P1Y,0,,,
E06000050,Digital,Under 12,2024-04-01/P1Y,0,,,
E06000050,Digital,12-17,2024-04-01/P1Y,0,,,
E09000001,Physical,Adult,2024-04-01/P3M,4084,,,
E09000001,Physical,Adult,2024-07-01/P3M,4709,,,
E09000001,Physical,Adult,2024-10-01/P3M,4420,,,
E09000001,Physical,Adult,2025-01-01/P3M,4446,,,
E09000001,Physical,Under 12,2024-04-01/P3M,2488,,,
E09000001,Physical,Under 12,2024-07-01/P3M,3140,,,
E09000001,Physical,Under 12,2024-10-01/P3M,2744,,,
E09000001,Physical,Under 12,2025-01-01/P3M,2769,,,
E09000001,Physical,12-17,2024-04-01/P1Y,0,,,
E09000001,Digital,Adult,2024-04-01/P3M,455,,,
E09000001,Digital,Adult,2024-07-01/P3M,437,,,
E09000001,Digital,Adult,2024-10-01/P3M,353,,,
E09000001,Digital,Adult,2025-01-01/P3M,451,,,
E09000001,Digital,Under 12,2024-04-01/P1Y,0,,,
E09000001,Digital,12-17,2024-04-01/P1Y,0,,,
E06000052,Physical,Unknown,2024-04-01/P1Y,0,,,
E06000052,Physical,Adult,2024-04-01/P1Y,0,,,
E06000052,Physical,Under 12,2024-04-01/P1Y,0,,,
E06000052,Physical,12-17,2024-04-01/P1Y,0,,,
E06000052,Digital,Unknown,2024-04-01/P1Y,0,,,
E06000052,Digital,Adult,2024-04-01/P1Y,0,,,
E06000052,Digital,Under 12,2024-04-01/P1Y,0,,,
E06000052,Digital,12-17,2024-04-01/P1Y,0,,,
E08000026,Physical,Adult,2024-04-01/P1M,0,,,
E08000026,Physical,Adult,2024-05-01/P1M,0,,,
E08000026,Physical,Adult,2024-06-01/P1M,0,,,
E08000026,Physical,Adult,2024-07-01/P1M,0,,,
E08000026,Physical,Adult,2024-08-01/P1M,0,,,
E08000026,Physical,Adult,2024-09-01/P1M,0,,,
E08000026,Physical,Adult,2024-10-01/P1M,6549,,,
E08000026,Physical,Adult,2024-11-01/P1M,6776,,,
E08000026,Physical,Adult,2024-12-01/P1M,3550,,,
E08000026,Physical,Adult,2025-01-01/P1M,5290,,,
E08000026,Physical,Adult,2025-02-01/P1M,5411,,,
E08000026,Physical,Adult,2025-03-01/P1M,5702,,,
E08000026,Physical,Under 12,2024-04-01/P1M,0,,,
E08000026,Physical,Under 12,2024-05-01/P1M,0,,,
E08000026,Physical,Under 12,2024-06-01/P1M,0,,,
E08000026,Physical,Under 12,2024-07-01/P1M,0,,,
E08000026,Physical,Under 12,2024-08-01/P1M,0,,,
E08000026,Physical,Under 12,2024-09-01/P1M,0,,,
E08000026,Physical,Under 12,2024-10-01/P1M,3414,,,
E08000026,Physical,Under 12,2024-11-01/P1M,4006,,,
E08000026,Physical,Under 12,2024-12-01/P1M,2396,,,
E08000026,Physical,Under 12,2025-01-01/P1M,2971,,,
E08000026,Physical,Under 12,2025-02-01/P1M,3268,,,
E08000026,Physical,Under 12,2025-03-01/P1M,4827,,,
E08000026,Physical,12-17,2024-04-01/P1Y,0,,,
E08000026,Digital,Adult,2024-04-01/P1M,0,,,
E08000026,Digital,Adult,2024-05-01/P1M,0,,,
E08000026,Digital,Adult,2024-06-01/P1M,0,,,
E08000026,Digital,Adult,2024-07-01/P1M,0,,,
E08000026,Digital,Adult,2024-08-01/P1M,0,,,
E08000026,Digital,Adult,2024-09-01/P1M,0,,,
E08000026,Digital,Adult,2024-10-01/P1M,304,,,
E08000026,Digital,Adult,2024-11-01/P1M,143,,,
E08000026,Digital,Adult,2024-12-01/P1M,34,,,
E08000026,Digital,Adult,2025-01-01/P1M,441,,,
E08000026,Digital,Adult,2025-02-01/P1M,546,,,
E08000026,Digital,Adult,2025-03-01/P1M,225,,,
E08000026,Digital,Under 12,2024-04-01/P1M,0,,,
E08000026,Digital,Under 12,2024-05-01/P1M,0,,,
E08000026,Digital,Under 12,2024-06-01/P1M,0,,,
E08000026,Digital,Under 12,2024-07-01/P1M,0,,,
E08000026,Digital,Under 12,2024-08-01/P1M,0,,,
E08000026,Digital,Under 12,2024-09-01/P1M,0,,,
E08000026,Digital,Under 12,2024-10-01/P1M,54,,,
E08000026,Digital,Under 12,2024-11-01/P1M,185,,,
E08000026,Digital,Under 12,2024-12-01/P1M,12,,,
E08000026,Digital,Under 12,2025-01-01/P1M,131,,,
E08000026,Digital,Under 12,2025-02-01/P1M,163,,,
E08000026,Digital,Under 12,2025-03-01/P1M,27,,,
E08000026,Digital,12-17,2024-04-01/P1Y,0,,,
E09000008,Physical,Adult,2024-04-01/P1M,1108,,,
E09000008,Physical,Adult,2024-05-01/P1M,1204,,,
E09000008,Physical,Adult,2024-06-01/P1M,1448,,,
E09000008,Physical,Adult,2024-07-01/P1M,1043,,,
E09000008,Physical,Adult,2024-08-01/P1M,990,,,
E09000008,Physical,Adult,2024-09-01/P1M,1412,,,
E09000008,Physical,Adult,2024-10-01/P1M,1401,,,
E09000008,Physical,Adult,2024-11-01/P1M,1201,,,
E09000008,Physical,Adult,2024-12-01/P1M,825,,,
E09000008,Physical,Adult,2025-01-01/P1M,911,,,
E09000008,Physical,Adult,2025-02-01/P1M,960,,,
E09000008,Physical,Adult,2025-03-01/P1M,1126,,,
E09000008,Physical,Under 12,2024-04-01/P1M,2675,,,
E09000008,Physical,Under 12,2024-05-01/P1M,2116,,,
E09000008,Physical,Under 12,2024-06-01/P1M,2797,,,
E09000008,Physical,Under 12,2024-07-01/P1M,2132,,,
E09000008,Physical,Under 12,2024-08-01/P1M,2045,,,
E09000008,Physical,Under 12,2024-09-01/P1M,1591,,,
E09000008,Physical,Under 12,2024-10-01/P1M,2273,,,
E09000008,Physical,Under 12,2024-11-01/P1M,2186,,,
E09000008,Physical,Under 12,2024-12-01/P1M,1303,,,
E09000008,Physical,Under 12,2025-01-01/P1M,1896,,,
E09000008,Physical,Under 12,2025-02-01/P1M,2206,,,
E09000008,Physical,Under 12,2025-03-01/P1M,2183,,,
E09000008,Physical,12-17,2024-04-01/P1M,12,,,
E09000008,Physical,12-17,2024-05-01/P1M,12,,,
E09000008,Physical,12-17,2024-06-01/P1M,8,,,
E09000008,Physical,12-17,2024-07-01/P1M,21,,,
E09000008,Physical,12-17,2024-08-01/P1M,74,,,
E09000008,Physical,12-17,2024-09-01/P1M,11,,,
E09000008,Physical,12-17,2024-10-01/P1M,7,,,
E09000008,Physical,12-17,2024-11-01/P1M,5,,,
E09000008,Physical,12-17,2024-12-01/P1M,128,,,
E09000008,Physical,12-17,2025-01-01/P1M,6,,,
E09000008,Physical,12-17,2025-02-01/P1M,4,,,
E09000008,Physical,12-17,2025-03-01/P1M,11,,,
E09000008,Digital,Unknown,2024-04-01/P1Y,0,,,
E09000008,Digital,Adult,2024-04-01/P1Y,0,,,
E09000008,Digital,Under 12,2024-04-01/P1Y,0,,,
E09000008,Digital,12-17,2024-04-01/P1Y,0,,,
E06000063,Physical,Adult,2024-04-01/P1M,1726,,,
E06000063,Physical,Adult,2024-05-01/P1M,1762,,,
E06000063,Physical,Adult,2024-06-01/P1M,2149,,,
E06000063,Physical,Adult,2024-07-01/P1M,1819,,,
E06000063,Physical,Adult,2024-08-01/P1M,1812,,,
E06000063,Physical,Adult,2024-09-01/P1M,1399,,,
E06000063,Physical,Adult,2024-10-01/P1M,2096,,,
E06000063,Physical,Adult,2024-11-01/P1M,2214,,,
E06000063,Physical,Adult,2024-12-01/P1M,1746,,,
E06000063,Physical,Adult,2025-01-01/P1M,1596,,,
E06000063,Physical,Adult,2025-02-01/P1M,1441,,,
E06000063,Physical,Adult,2025-03-01/P1M,1609,,,
E06000063,Physical,Under 12,2024-04-01/P1Y,0,,,
E06000063,Physical,12-17,2024-04-01/P1Y,0,,,
E06000063,Digital,Unknown,2024-04-01/P1Y,0,,,
E06000063,Digital,Adult,2024-04-01/P1Y,0,,,
E06000063,Digital,Under 12,2024-04-01/P1Y,0,,,
E06000063,Digital,12-17,2024-04-01/P1Y,0,,,
E06000005,Physical,Adult,2024-04-01/P1M,1351,,,
E06000005,Physical,Adult,2024-05-01/P1M,1345,,,
E06000005,Physical,Adult,2024-06-01/P1M,1452,,,
E06000005,Physical,Adult,2024-07-01/P1M,1721,,,
E06000005,Physical,Adult,2024-08-01/P1M,2576,,,
E06000005,Physical,Adult,2024-09-01/P1M,979,,,
E06000005,Physical,Adult,2024-10-01/P1M,1218,,,
E06000005,Physical,Adult,2024-11-01/P1M,1251,,,
E06000005,Physical,Adult,2024-12-01/P1M,856,,,
E06000005,Physical,Adult,2025-01-01/P1M,1208,,,
E06000005,Physical,Adult,2025-02-01/P1M,1365,,,
E06000005,Physical,Adult,2025-03-01/P1M,1433,,,
E06000005,Physical,Under 12,2024-04-01/P1Y,0,,,
E06000005,Physical,12-17,2024-04-01/P1M,1170,,,
E06000005,Physical,12-17,2024-05-01/P1M,1354,,,
E06000005,Physical,12-17,2024-06-01/P1M,1773,,,
E06000005,Physical,12-17,2024-07-01/P1M,5017,,,
E06000005,Physical,12-17,2024-08-01/P1M,2702,,,
E06000005,Physical,12-17,2024-09-01/P1M,1292,,,
E06000005,Physical,12-17,2024-10-01/P1M,1990,,,
E06000005,Physical,12-17,2024-11-01/P1M,2627,,,
E06000005,Physical,12-17,2024-12-01/P1M,786,,,
E06000005,Physical,12-17,2025-01-01/P1M,2094,,,
E06000005,Physical,12-17,2025-02-01/P1M,1465,,,
E06000005,Physical,12-17,2025-03-01/P1M,1971,,,
E06000005,Digital,Unknown,2024-04-01/P1Y,0,,,
E06000005,Digital,Adult,2024-04-01/P1Y,0,,,
E06000005,Digital,Under 12,2024-04-01/P1Y,0,,,
E06000005,Digital,12-17,2024-04-01/P1Y,0,,,
E10000007,Physical,Adult,2024-04-01/P1M,2392,,,
E10000007,Physical,Adult,2024-05-01/P1M,2674,,,
E10000007,Physical,Adult,2024-06-01/P1M,2448,,,
E10000007,Physical,Adult,2024-07-01/P1M,2851,,,
E10000007,Physical,Adult,2024-08-01/P1M,2543,,,
E10000007,Physical,Adult,2024-09-01/P1M,2532,,,
E10000007,Physical,Adult,2024-10-01/P1M,3133,,,
E10000007,Physical,Adult,2024-11-01/P1M,2487,,,
E10000007,Physical,Adult,2024-12-01/P1M,1819,,,
E10000007,Physical,Adult,2025-01-01/P1M,1874,,,
E10000007,Physical,Adult,2025-02-01/P1M,2238,,,
E10000007,Physical,Adult,2025-03-01/P1M,2311,,,
E10000007,Physical,Under 12,2024-04-01/P1M,2079,,,
E10000007,Physical,Under 12,2024-05-01/P1M,2323,,,
E10000007,Physical,Under 12,2024-06-01/P1M,2056,,,
E10000007,Physical,Under 12,2024-07-01/P1M,3026,,,
E10000007,Physical,Under 12,2024-08-01/P1M,1874,,,
E10000007,Physical,Under 12,2024-09-01/P1M,1591,,,
E10000007,Physical,Under 12,2024-10-01/P1M,2761,,,
E10000007,Physical,Under 12,2024-11-01/P1M,2385,,,
E10000007,Physical,Under 12,2024-12-01/P1M,1606,,,
E10000007,Physical,Under 12,2025-01-01/P1M,1812,,,
E10000007,Physical,Under 12,2025-02-01/P1M,1829,,,
E10000007,Physical,Under 12,2025-03-01/P1M,2749,,,
E10000007,Physical,12-17,2024-04-01/P1Y,0,,,
E10000007,Digital,Unknown,2024-04-01/P1Y,0,,,
E10000007,Digital,Adult,2024-04-01/P1Y,0,,,
E10000007,Digital,Under 12,2024-04-01/P1Y,0,,,
E10000007,Digital,12-17,2024-04-01/P1Y,0,,,
E10000008,Physical,Adult,2024-04-01/P1M,82,,suspicious,"Source audit: total_attendees_physical_events: April 60,040 versus median nonzero month 6,193 (9.69 times). Could be a typo, changed scope or genuine activity; confirm with service. | total_attendees_physical_events: Annual: reported total 129,562; category sum 142,805; difference -13,243. Categories exceed total; check duplication, scope and reporting frequency. Event audiences may overlap. Values retained as reported pending source confirmation."
E10000008,Physical,Adult,2024-05-01/P1M,58,,suspicious,"Source audit: total_attendees_physical_events: April 60,040 versus median nonzero month 6,193 (9.69 times). Could be a typo, changed scope or genuine activity; confirm with service. | total_attendees_physical_events: Annual: reported total 129,562; category sum 142,805; difference -13,243. Categories exceed total; check duplication, scope and reporting frequency. Event audiences may overlap. Values retained as reported pending source confirmation."
E10000008,Physical,Adult,2024-06-01/P1M,70,,suspicious,"Source audit: total_attendees_physical_events: April 60,040 versus median nonzero month 6,193 (9.69 times). Could be a typo, changed scope or genuine activity; confirm with service. | total_attendees_physical_events: Annual: reported total 129,562; category sum 142,805; difference -13,243. Categories exceed total; check duplication, scope and reporting frequency. Event audiences may overlap. Values retained as reported pending source confirmation."
E10000008,Physical,Adult,2024-07-01/P1M,36,,suspicious,"Source audit: total_attendees_physical_events: April 60,040 versus median nonzero month 6,193 (9.69 times). Could be a typo, changed scope or genuine activity; confirm with service. | total_attendees_physical_events: Annual: reported total 129,562; category sum 142,805; difference -13,243. Categories exceed total; check duplication, scope and reporting frequency. Event audiences may overlap. Values retained as reported pending source confirmation."
E10000008,Physical,Adult,2024-08-01/P1M,182,,suspicious,"Source audit: total_attendees_physical_events: April 60,040 versus median nonzero month 6,193 (9.69 times). Could be a typo, changed scope or genuine activity; confirm with service. | total_attendees_physical_events: Annual: reported total 129,562; category sum 142,805; difference -13,243. Categories exceed total; check duplication, scope and reporting frequency. Event audiences may overlap. Values retained as reported pending source confirmation."
E10000008,Physical,Adult,2024-09-01/P1M,102,,suspicious,"Source audit: total_attendees_physical_events: April 60,040 versus median nonzero month 6,193 (9.69 times). Could be a typo, changed scope or genuine activity; confirm with service. | total_attendees_physical_events: Annual: reported total 129,562; category sum 142,805; difference -13,243. Categories exceed total; check duplication, scope and reporting frequency. Event audiences may overlap. Values retained as reported pending source confirmation."
E10000008,Physical,Adult,2024-10-01/P1M,164,,suspicious,"Source audit: total_attendees_physical_events: April 60,040 versus median nonzero month 6,193 (9.69 times). Could be a typo, changed scope or genuine activity; confirm with service. | total_attendees_physical_events: Annual: reported total 129,562; category sum 142,805; difference -13,243. Categories exceed total; check duplication, scope and reporting frequency. Event audiences may overlap. Values retained as reported pending source confirmation."
E10000008,Physical,Adult,2024-11-01/P1M,196,,suspicious,"Source audit: total_attendees_physical_events: April 60,040 versus median nonzero month 6,193 (9.69 times). Could be a typo, changed scope or genuine activity; confirm with service. | total_attendees_physical_events: Annual: reported total 129,562; category sum 142,805; difference -13,243. Categories exceed total; check duplication, scope and reporting frequency. Event audiences may overlap. Values retained as reported pending source confirmation."
E10000008,Physical,Adult,2024-12-01/P1M,74,,suspicious,"Source audit: total_attendees_physical_events: April 60,040 versus median nonzero month 6,193 (9.69 times). Could be a typo, changed scope or genuine activity; confirm with service. | total_attendees_physical_events: Annual: reported total 129,562; category sum 142,805; difference -13,243. Categories exceed total; check duplication, scope and reporting frequency. Event audiences may overlap. Values retained as reported pending source confirmation."
E10000008,Physical,Adult,2025-01-01/P1M,32,,suspicious,"Source audit: total_attendees_physical_events: April 60,040 versus median nonzero month 6,193 (9.69 times). Could be a typo, changed scope or genuine activity; confirm with service. | total_attendees_physical_events: Annual: reported total 129,562; category sum 142,805; difference -13,243. Categories exceed total; check duplication, scope and reporting frequency. Event audiences may overlap. Values retained as reported pending source confirmation."
E10000008,Physical,Adult,2025-02-01/P1M,168,,suspicious,"Source audit: total_attendees_physical_events: April 60,040 versus median nonzero month 6,193 (9.69 times). Could be a typo, changed scope or genuine activity; confirm with service. | total_attendees_physical_events: Annual: reported total 129,562; category sum 142,805; difference -13,243. Categories exceed total; check duplication, scope and reporting frequency. Event audiences may overlap. Values retained as reported pending source confirmation."
E10000008,Physical,Adult,2025-03-01/P1M,93,,suspicious,"Source audit: total_attendees_physical_events: April 60,040 versus median nonzero month 6,193 (9.69 times). Could be a typo, changed scope or genuine activity; confirm with service. | total_attendees_physical_events: Annual: reported total 129,562; category sum 142,805; difference -13,243. Categories exceed total; check duplication, scope and reporting frequency. Event audiences may overlap. Values retained as reported pending source confirmation."
E10000008,Physical,Under 12,2024-04-01/P1M,7454,,suspicious,"Source audit: total_attendees_physical_events: April 60,040 versus median nonzero month 6,193 (9.69 times). Could be a typo, changed scope or genuine activity; confirm with service. | total_attendees_physical_events: Annual: reported total 129,562; category sum 142,805; difference -13,243. Categories exceed total; check duplication, scope and reporting frequency. Event audiences may overlap. Values retained as reported pending source confirmation."
E10000008,Physical,Under 12,2024-05-01/P1M,8862,,suspicious,"Source audit: total_attendees_physical_events: April 60,040 versus median nonzero month 6,193 (9.69 times). Could be a typo, changed scope or genuine activity; confirm with service. | total_attendees_physical_events: Annual: reported total 129,562; category sum 142,805; difference -13,243. Categories exceed total; check duplication, scope and reporting frequency. Event audiences may overlap. Values retained as reported pending source confirmation."
E10000008,Physical,Under 12,2024-06-01/P1M,17358,,suspicious,"Source audit: total_attendees_physical_events: April 60,040 versus median nonzero month 6,193 (9.69 times). Could be a typo, changed scope or genuine activity; confirm with service. | total_attendees_physical_events: Annual: reported total 129,562; category sum 142,805; difference -13,243. Categories exceed total; check duplication, scope and reporting frequency. Event audiences may overlap. Values retained as reported pending source confirmation."
E10000008,Physical,Under 12,2024-07-01/P1M,33762,,suspicious,"Source audit: total_attendees_physical_events: April 60,040 versus median nonzero month 6,193 (9.69 times). Could be a typo, changed scope or genuine activity; confirm with service. | total_attendees_physical_events: Annual: reported total 129,562; category sum 142,805; difference -13,243. Categories exceed total; check duplication, scope and reporting frequency. Event audiences may overlap. Values retained as reported pending source confirmation."
E10000008,Physical,Under 12,2024-08-01/P1M,9010,,suspicious,"Source audit: total_attendees_physical_events: April 60,040 versus median nonzero month 6,193 (9.69 times). Could be a typo, changed scope or genuine activity; confirm with service. | total_attendees_physical_events: Annual: reported total 129,562; category sum 142,805; difference -13,243. Categories exceed total; check duplication, scope and reporting frequency. Event audiences may overlap. Values retained as reported pending source confirmation."
E10000008,Physical,Under 12,2024-09-01/P1M,9360,,suspicious,"Source audit: total_attendees_physical_events: April 60,040 versus median nonzero month 6,193 (9.69 times). Could be a typo, changed scope or genuine activity; confirm with service. | total_attendees_physical_events: Annual: reported total 129,562; category sum 142,805; difference -13,243. Categories exceed total; check duplication, scope and reporting frequency. Event audiences may overlap. Values retained as reported pending source confirmation."
E10000008,Physical,Under 12,2024-10-01/P1M,9560,,suspicious,"Source audit: total_attendees_physical_events: April 60,040 versus median nonzero month 6,193 (9.69 times). Could be a typo, changed scope or genuine activity; confirm with service. | total_attendees_physical_events: Annual: reported total 129,562; category sum 142,805; difference -13,243. Categories exceed total; check duplication, scope and reporting frequency. Event audiences may overlap. Values retained as reported pending source confirmation."
E10000008,Physical,Under 12,2024-11-01/P1M,8870,,suspicious,"Source audit: total_attendees_physical_events: April 60,040 versus median nonzero month 6,193 (9.69 times). Could be a typo, changed scope or genuine activity; confirm with service. | total_attendees_physical_events: Annual: reported total 129,562; category sum 142,805; difference -13,243. Categories exceed total; check duplication, scope and reporting frequency. Event audiences may overlap. Values retained as reported pending source confirmation."
E10000008,Physical,Under 12,2024-12-01/P1M,4830,,suspicious,"Source audit: total_attendees_physical_events: April 60,040 versus median nonzero month 6,193 (9.69 times). Could be a typo, changed scope or genuine activity; confirm with service. | total_attendees_physical_events: Annual: reported total 129,562; category sum 142,805; difference -13,243. Categories exceed total; check duplication, scope and reporting frequency. Event audiences may overlap. Values retained as reported pending source confirmation."
E10000008,Physical,Under 12,2025-01-01/P1M,7736,,suspicious,"Source audit: total_attendees_physical_events: April 60,040 versus median nonzero month 6,193 (9.69 times). Could be a typo, changed scope or genuine activity; confirm with service. | total_attendees_physical_events: Annual: reported total 129,562; category sum 142,805; difference -13,243. Categories exceed total; check duplication, scope and reporting frequency. Event audiences may overlap. Values retained as reported pending source confirmation."
E10000008,Physical,Under 12,2025-02-01/P1M,10246,,suspicious,"Source audit: total_attendees_physical_events: April 60,040 versus median nonzero month 6,193 (9.69 times). Could be a typo, changed scope or genuine activity; confirm with service. | total_attendees_physical_events: Annual: reported total 129,562; category sum 142,805; difference -13,243. Categories exceed total; check duplication, scope and reporting frequency. Event audiences may overlap. Values retained as reported pending source confirmation."
E10000008,Physical,Under 12,2025-03-01/P1M,12186,,suspicious,"Source audit: total_attendees_physical_events: April 60,040 versus median nonzero month 6,193 (9.69 times). Could be a typo, changed scope or genuine activity; confirm with service. | total_attendees_physical_events: Annual: reported total 129,562; category sum 142,805; difference -13,243. Categories exceed total; check duplication, scope and reporting frequency. Event audiences may overlap. Values retained as reported pending source confirmation."
E10000008,Physical,12-17,2024-04-01/P1M,54,,suspicious,"Source audit: total_attendees_physical_events: April 60,040 versus median nonzero month 6,193 (9.69 times). Could be a typo, changed scope or genuine activity; confirm with service. | total_attendees_physical_events: Annual: reported total 129,562; category sum 142,805; difference -13,243. Categories exceed total; check duplication, scope and reporting frequency. Event audiences may overlap. Values retained as reported pending source confirmation."
E10000008,Physical,12-17,2024-05-01/P1M,260,,suspicious,"Source audit: total_attendees_physical_events: April 60,040 versus median nonzero month 6,193 (9.69 times). Could be a typo, changed scope or genuine activity; confirm with service. | total_attendees_physical_events: Annual: reported total 129,562; category sum 142,805; difference -13,243. Categories exceed total; check duplication, scope and reporting frequency. Event audiences may overlap. Values retained as reported pending source confirmation."
E10000008,Physical,12-17,2024-06-01/P1M,62,,suspicious,"Source audit: total_attendees_physical_events: April 60,040 versus median nonzero month 6,193 (9.69 times). Could be a typo, changed scope or genuine activity; confirm with service. | total_attendees_physical_events: Annual: reported total 129,562; category sum 142,805; difference -13,243. Categories exceed total; check duplication, scope and reporting frequency. Event audiences may overlap. Values retained as reported pending source confirmation."
E10000008,Physical,12-17,2024-07-01/P1M,172,,suspicious,"Source audit: total_attendees_physical_events: April 60,040 versus median nonzero month 6,193 (9.69 times). Could be a typo, changed scope or genuine activity; confirm with service. | total_attendees_physical_events: Annual: reported total 129,562; category sum 142,805; difference -13,243. Categories exceed total; check duplication, scope and reporting frequency. Event audiences may overlap. Values retained as reported pending source confirmation."
E10000008,Physical,12-17,2024-08-01/P1M,42,,suspicious,"Source audit: total_attendees_physical_events: April 60,040 versus median nonzero month 6,193 (9.69 times). Could be a typo, changed scope or genuine activity; confirm with service. | total_attendees_physical_events: Annual: reported total 129,562; category sum 142,805; difference -13,243. Categories exceed total; check duplication, scope and reporting frequency. Event audiences may overlap. Values retained as reported pending source confirmation."
E10000008,Physical,12-17,2024-09-01/P1M,340,,suspicious,"Source audit: total_attendees_physical_events: April 60,040 versus median nonzero month 6,193 (9.69 times). Could be a typo, changed scope or genuine activity; confirm with service. | total_attendees_physical_events: Annual: reported total 129,562; category sum 142,805; difference -13,243. Categories exceed total; check duplication, scope and reporting frequency. Event audiences may overlap. Values retained as reported pending source confirmation."
E10000008,Physical,12-17,2024-10-01/P1M,98,,suspicious,"Source audit: total_attendees_physical_events: April 60,040 versus median nonzero month 6,193 (9.69 times). Could be a typo, changed scope or genuine activity; confirm with service. | total_attendees_physical_events: Annual: reported total 129,562; category sum 142,805; difference -13,243. Categories exceed total; check duplication, scope and reporting frequency. Event audiences may overlap. Values retained as reported pending source confirmation."
E10000008,Physical,12-17,2024-11-01/P1M,92,,suspicious,"Source audit: total_attendees_physical_events: April 60,040 versus median nonzero month 6,193 (9.69 times). Could be a typo, changed scope or genuine activity; confirm with service. | total_attendees_physical_events: Annual: reported total 129,562; category sum 142,805; difference -13,243. Categories exceed total; check duplication, scope and reporting frequency. Event audiences may overlap. Values retained as reported pending source confirmation."
E10000008,Physical,12-17,2024-12-01/P1M,292,,suspicious,"Source audit: total_attendees_physical_events: April 60,040 versus median nonzero month 6,193 (9.69 times). Could be a typo, changed scope or genuine activity; confirm with service. | total_attendees_physical_events: Annual: reported total 129,562; category sum 142,805; difference -13,243. Categories exceed total; check duplication, scope and reporting frequency. Event audiences may overlap. Values retained as reported pending source confirmation."
E10000008,Physical,12-17,2025-01-01/P1M,238,,suspicious,"Source audit: total_attendees_physical_events: April 60,040 versus median nonzero month 6,193 (9.69 times). Could be a typo, changed scope or genuine activity; confirm with service. | total_attendees_physical_events: Annual: reported total 129,562; category sum 142,805; difference -13,243. Categories exceed total; check duplication, scope and reporting frequency. Event audiences may overlap. Values retained as reported pending source confirmation."
E10000008,Physical,12-17,2025-02-01/P1M,228,,suspicious,"Source audit: total_attendees_physical_events: April 60,040 versus median nonzero month 6,193 (9.69 times). Could be a typo, changed scope or genuine activity; confirm with service. | total_attendees_physical_events: Annual: reported total 129,562; category sum 142,805; difference -13,243. Categories exceed total; check duplication, scope and reporting frequency. Event audiences may overlap. Values retained as reported pending source confirmation."
E10000008,Physical,12-17,2025-03-01/P1M,436,,suspicious,"Source audit: total_attendees_physical_events: April 60,040 versus median nonzero month 6,193 (9.69 times). Could be a typo, changed scope or genuine activity; confirm with service. | total_attendees_physical_events: Annual: reported total 129,562; category sum 142,805; difference -13,243. Categories exceed total; check duplication, scope and reporting frequency. Event audiences may overlap. Values retained as reported pending source confirmation."
E10000008,Digital,Unknown,2024-04-01/P1Y,0,,,
E10000008,Digital,Adult,2024-04-01/P1Y,0,,,
E10000008,Digital,Under 12,2024-04-01/P1Y,0,,,
E10000008,Digital,12-17,2024-04-01/P1Y,0,,,
E08000017,Physical,Unknown,2024-04-01/P1Y,0,,,
E08000017,Physical,Adult,2024-04-01/P1Y,0,,,
E08000017,Physical,Under 12,2024-04-01/P1Y,0,,,
E08000017,Physical,12-17,2024-04-01/P1Y,0,,,
E08000017,Digital,Unknown,2024-04-01/P1Y,0,,,
E08000017,Digital,Adult,2024-04-01/P1Y,0,,,
E08000017,Digital,Under 12,2024-04-01/P1Y,0,,,
E08000017,Digital,12-17,2024-04-01/P1Y,0,,,
E06000059,Physical,Unknown,2024-04-01/P1M,7239,,,
E06000059,Physical,Unknown,2024-05-01/P1M,5212,,,
E06000059,Physical,Unknown,2024-06-01/P1M,5387,,,
E06000059,Physical,Unknown,2024-07-01/P1M,6261,,,
E06000059,Physical,Unknown,2024-08-01/P1M,6285,,,
E06000059,Physical,Unknown,2024-09-01/P1M,5372,,,
E06000059,Physical,Unknown,2024-10-01/P1M,7572,,,
E06000059,Physical,Unknown,2024-11-01/P1M,6544,,,
E06000059,Physical,Unknown,2024-12-01/P1M,5193,,,
E06000059,Physical,Unknown,2025-01-01/P1M,6049,,,
E06000059,Physical,Unknown,2025-02-01/P1M,7243,,,
E06000059,Physical,Unknown,2025-03-01/P1M,7926,,,
E06000059,Physical,Adult,2024-04-01/P1Y,0,,,
E06000059,Physical,Under 12,2024-04-01/P1Y,0,,,
E06000059,Physical,12-17,2024-04-01/P1Y,0,,,
E06000059,Digital,Unknown,2024-04-01/P1M,17,,,
E06000059,Digital,Unknown,2024-05-01/P1M,4,,,
E06000059,Digital,Unknown,2024-06-01/P1M,13,,,
E06000059,Digital,Unknown,2024-07-01/P1M,2016,,,
E06000059,Digital,Unknown,2024-08-01/P1M,7,,,
E06000059,Digital,Unknown,2024-09-01/P1M,14,,,
E06000059,Digital,Unknown,2024-10-01/P1M,932,,,
E06000059,Digital,Unknown,2024-11-01/P1M,21,,,
E06000059,Digital,Unknown,2024-12-01/P1M,4,,,
E06000059,Digital,Unknown,2025-01-01/P1M,9,,,
E06000059,Digital,Unknown,2025-02-01/P1M,8,,,
E06000059,Digital,Unknown,2025-03-01/P1M,6422,,,
E06000059,Digital,Adult,2024-04-01/P1Y,0,,,
E06000059,Digital,Under 12,2024-04-01/P1Y,0,,,
E06000059,Digital,12-17,2024-04-01/P1Y,0,,,
E08000027,Physical,Adult,2024-04-01/P1M,6398,,,
E08000027,Physical,Adult,2024-05-01/P1M,6331,,,
E08000027,Physical,Adult,2024-06-01/P1M,5793,,,
E08000027,Physical,Adult,2024-07-01/P1M,7127,,,
E08000027,Physical,Adult,2024-08-01/P1M,5070,,,
E08000027,Physical,Adult,2024-09-01/P1M,4991,,,
E08000027,Physical,Adult,2024-10-01/P1M,6774,,,
E08000027,Physical,Adult,2024-11-01/P1M,5186,,,
E08000027,Physical,Adult,2024-12-01/P1M,3386,,,
E08000027,Physical,Adult,2025-01-01/P1M,4779,,,
E08000027,Physical,Adult,2025-02-01/P1M,6099,,,
E08000027,Physical,Adult,2025-03-01/P1M,6039,,,
E08000027,Physical,Under 12,2024-04-01/P1M,4901,,,
E08000027,Physical,Under 12,2024-05-01/P1M,4579,,,
E08000027,Physical,Under 12,2024-06-01/P1M,4322,,,
E08000027,Physical,Under 12,2024-07-01/P1M,6976,,,
E08000027,Physical,Under 12,2024-08-01/P1M,4864,,,
E08000027,Physical,Under 12,2024-09-01/P1M,3085,,,
E08000027,Physical,Under 12,2024-10-01/P1M,5727,,,
E08000027,Physical,Under 12,2024-11-01/P1M,3520,,,
E08000027,Physical,Under 12,2024-12-01/P1M,2898,,,
E08000027,Physical,Under 12,2025-01-01/P1M,3294,,,
E08000027,Physical,Under 12,2025-02-01/P1M,4980,,,
E08000027,Physical,Under 12,2025-03-01/P1M,4237,,,
E08000027,Physical,12-17,2024-04-01/P1M,77,,,
E08000027,Physical,12-17,2024-05-01/P1M,118,,,
E08000027,Physical,12-17,2024-06-01/P1M,93,,,
E08000027,Physical,12-17,2024-07-01/P1M,56,,,
E08000027,Physical,12-17,2024-08-01/P1M,28,,,
E08000027,Physical,12-17,2024-09-01/P1M,250,,,
E08000027,Physical,12-17,2024-10-01/P1M,249,,,
E08000027,Physical,12-17,2024-11-01/P1M,234,,,
E08000027,Physical,12-17,2024-12-01/P1M,332,,,
E08000027,Physical,12-17,2025-01-01/P1M,208,,,
E08000027,Physical,12-17,2025-02-01/P1M,213,,,
E08000027,Physical,12-17,2025-03-01/P1M,230,,,
E08000027,Digital,Unknown,2024-04-01/P1Y,0,,,
E08000027,Digital,Adult,2024-04-01/P1Y,0,,,
E08000027,Digital,Under 12,2024-04-01/P1Y,0,,,
E08000027,Digital,12-17,2024-04-01/P1Y,0,,,
E09000009,Physical,Adult,2024-04-01/P1M,1280,,,
E09000009,Physical,Adult,2024-05-01/P1M,906,,,
E09000009,Physical,Adult,2024-06-01/P1M,970,,,
E09000009,Physical,Adult,2024-07-01/P1M,1604,,,
E09000009,Physical,Adult,2024-08-01/P1M,1316,,,
E09000009,Physical,Adult,2024-09-01/P1M,1431,,,
E09000009,Physical,Adult,2024-10-01/P1M,1208,,,
E09000009,Physical,Adult,2024-11-01/P1M,273,,,
E09000009,Physical,Adult,2024-12-01/P1M,207,,,
E09000009,Physical,Adult,2025-01-01/P1M,395,,,
E09000009,Physical,Adult,2025-02-01/P1M,223,,,
E09000009,Physical,Adult,2025-03-01/P1M,279,,,
E09000009,Physical,Under 12,2024-04-01/P1M,2336,,,
E09000009,Physical,Under 12,2024-05-01/P1M,2522,,,
E09000009,Physical,Under 12,2024-06-01/P1M,2655,,,
E09000009,Physical,Under 12,2024-07-01/P1M,2928,,,
E09000009,Physical,Under 12,2024-08-01/P1M,2249,,,
E09000009,Physical,Under 12,2024-09-01/P1M,1875,,,
E09000009,Physical,Under 12,2024-10-01/P1M,2930,,,
E09000009,Physical,Under 12,2024-11-01/P1M,1902,,,
E09000009,Physical,Under 12,2024-12-01/P1M,1330,,,
E09000009,Physical,Under 12,2025-01-01/P1M,1842,,,
E09000009,Physical,Under 12,2025-02-01/P1M,1820,,,
E09000009,Physical,Under 12,2025-03-01/P1M,1327,,,
E09000009,Physical,12-17,2024-04-01/P1M,94,,,
E09000009,Physical,12-17,2024-05-01/P1M,98,,,
E09000009,Physical,12-17,2024-06-01/P1M,166,,,
E09000009,Physical,12-17,2024-07-01/P1M,128,,,
E09000009,Physical,12-17,2024-08-01/P1M,155,,,
E09000009,Physical,12-17,2024-09-01/P1M,94,,,
E09000009,Physical,12-17,2024-10-01/P1M,120,,,
E09000009,Physical,12-17,2024-11-01/P1M,38,,,
E09000009,Physical,12-17,2024-12-01/P1M,39,,,
E09000009,Physical,12-17,2025-01-01/P1M,145,,,
E09000009,Physical,12-17,2025-02-01/P1M,220,,,
E09000009,Physical,12-17,2025-03-01/P1M,104,,,
E09000009,Digital,Unknown,2024-04-01/P1Y,0,,,
E09000009,Digital,Adult,2024-04-01/P1Y,0,,,
E09000009,Digital,Under 12,2024-04-01/P1Y,0,,,
E09000009,Digital,12-17,2024-04-01/P1Y,0,,,
E06000011,Physical,Unknown,2024-04-01/P1M,4021,,,
E06000011,Physical,Unknown,2024-05-01/P1M,4323,,,
E06000011,Physical,Unknown,2024-06-01/P1M,4292,,,
E06000011,Physical,Unknown,2024-07-01/P1M,3780,,,
E06000011,Physical,Unknown,2024-08-01/P1M,3192,,,
E06000011,Physical,Unknown,2024-09-01/P1M,3897,,,
E06000011,Physical,Unknown,2024-10-01/P1M,4710,,,
E06000011,Physical,Unknown,2024-11-01/P1M,4209,,,
E06000011,Physical,Unknown,2024-12-01/P1M,3046,,,
E06000011,Physical,Unknown,2025-01-01/P1M,4245,,,
E06000011,Physical,Unknown,2025-02-01/P1M,4061,,,
E06000011,Physical,Unknown,2025-03-01/P1M,4218,,,
E06000011,Physical,Adult,2024-04-01/P1Y,0,,,
E06000011,Physical,Under 12,2024-04-01/P1Y,0,,,
E06000011,Physical,12-17,2024-04-01/P1Y,0,,,
E06000011,Digital,Unknown,2024-04-01/P1Y,0,,,
E06000011,Digital,Adult,2024-04-01/P1Y,0,,,
E06000011,Digital,Under 12,2024-04-01/P1Y,0,,,
E06000011,Digital,12-17,2024-04-01/P1Y,0,,,
E10000011,Physical,Unknown,2024-04-01/P1M,4465,,,
E10000011,Physical,Unknown,2024-05-01/P1M,4653,,,
E10000011,Physical,Unknown,2024-06-01/P1M,3907,,,
E10000011,Physical,Unknown,2024-07-01/P1M,5142,,,
E10000011,Physical,Unknown,2024-08-01/P1M,4251,,,
E10000011,Physical,Unknown,2024-09-01/P1M,3956,,,
E10000011,Physical,Unknown,2024-10-01/P1M,6115,,,
E10000011,Physical,Unknown,2024-11-01/P1M,5405,,,
E10000011,Physical,Unknown,2024-12-01/P1M,3640,,,
E10000011,Physical,Unknown,2025-01-01/P1M,4403,,,
E10000011,Physical,Unknown,2025-02-01/P1M,5475,,,
E10000011,Physical,Unknown,2025-03-01/P1M,5961,,,
E10000011,Physical,Adult,2024-04-01/P1Y,0,,,
E10000011,Physical,Under 12,2024-04-01/P1Y,0,,,
E10000011,Physical,12-17,2024-04-01/P1Y,0,,,
E10000011,Digital,Unknown,2024-04-01/P1M,16,,,
E10000011,Digital,Unknown,2024-05-01/P1M,25,,,
E10000011,Digital,Unknown,2024-06-01/P1M,0,,,
E10000011,Digital,Unknown,2024-07-01/P1M,14,,,
E10000011,Digital,Unknown,2024-08-01/P1M,0,,,
E10000011,Digital,Unknown,2024-09-01/P1M,24,,,
E10000011,Digital,Unknown,2024-10-01/P1M,0,,,
E10000011,Digital,Unknown,2024-11-01/P1M,0,,,
E10000011,Digital,Unknown,2024-12-01/P1M,48,,,
E10000011,Digital,Unknown,2025-01-01/P1M,28,,,
E10000011,Digital,Unknown,2025-02-01/P1M,39,,,
E10000011,Digital,Unknown,2025-03-01/P1M,0,,,
E10000011,Digital,Adult,2024-04-01/P1Y,0,,,
E10000011,Digital,Under 12,2024-04-01/P1Y,0,,,
E10000011,Digital,12-17,2024-04-01/P1Y,0,,,
E09000010,Physical,Unknown,2024-04-01/P1Y,0,,,
E09000010,Physical,Adult,2024-04-01/P1Y,0,,,
E09000010,Physical,Under 12,2024-04-01/P1Y,0,,,
E09000010,Physical,12-17,2024-04-01/P1Y,0,,,
E09000010,Digital,Unknown,2024-04-01/P1Y,0,,,
E09000010,Digital,Adult,2024-04-01/P1Y,0,,,
E09000010,Digital,Under 12,2024-04-01/P1Y,0,,,
E09000010,Digital,12-17,2024-04-01/P1Y,0,,,
E10000012,Physical,Unknown,2024-04-01/P1M,12246,,,
E10000012,Physical,Unknown,2024-05-01/P1M,12857,,,
E10000012,Physical,Unknown,2024-06-01/P1M,12657,,,
E10000012,Physical,Unknown,2024-07-01/P1M,11177,,,
E10000012,Physical,Unknown,2024-08-01/P1M,6111,,,
E10000012,Physical,Unknown,2024-09-01/P1M,10627,,,
E10000012,Physical,Unknown,2024-10-01/P1M,14320,,,
E10000012,Physical,Unknown,2024-11-01/P1M,13990,,,
E10000012,Physical,Unknown,2024-12-01/P1M,9335,,,
E10000012,Physical,Unknown,2025-01-01/P1M,13293,,,
E10000012,Physical,Unknown,2025-02-01/P1M,12598,,,
E10000012,Physical,Unknown,2025-03-01/P1M,24882,,,
E10000012,Physical,Adult,2024-04-01/P1Y,0,,,
E10000012,Physical,Under 12,2024-04-01/P1Y,0,,,
E10000012,Physical,12-17,2024-04-01/P1Y,0,,,
E10000012,Digital,Unknown,2024-04-01/P1Y,0,,,
E10000012,Digital,Adult,2024-04-01/P1Y,0,,,
E10000012,Digital,Under 12,2024-04-01/P1Y,0,,,
E10000012,Digital,12-17,2024-04-01/P1Y,0,,,
E08000037,Physical,Adult,2024-04-01/P1M,994,,,
E08000037,Physical,Adult,2024-05-01/P1M,1200,,,
E08000037,Physical,Adult,2024-06-01/P1M,1146,,,
E08000037,Physical,Adult,2024-07-01/P1M,1299,,,
E08000037,Physical,Adult,2024-08-01/P1M,943,,,
E08000037,Physical,Adult,2024-09-01/P1M,867,,,
E08000037,Physical,Adult,2024-10-01/P1M,1224,,,
E08000037,Physical,Adult,2024-11-01/P1M,1424,,,
E08000037,Physical,Adult,2024-12-01/P1M,1202,,,
E08000037,Physical,Adult,2025-01-01/P1M,1124,,,
E08000037,Physical,Adult,2025-02-01/P1M,1215,,,
E08000037,Physical,Adult,2025-03-01/P1M,952,,,
E08000037,Physical,Under 12,2024-04-01/P1M,1094,,,
E08000037,Physical,Under 12,2024-05-01/P1M,2353,,,
E08000037,Physical,Under 12,2024-06-01/P1M,2087,,,
E08000037,Physical,Under 12,2024-07-01/P1M,2491,,,
E08000037,Physical,Under 12,2024-08-01/P1M,995,,,
E08000037,Physical,Under 12,2024-09-01/P1M,614,,,
E08000037,Physical,Under 12,2024-10-01/P1M,1553,,,
E08000037,Physical,Under 12,2024-11-01/P1M,4677,,,
E08000037,Physical,Under 12,2024-12-01/P1M,1515,,,
E08000037,Physical,Under 12,2025-01-01/P1M,1272,,,
E08000037,Physical,Under 12,2025-02-01/P1M,1489,,,
E08000037,Physical,Under 12,2025-03-01/P1M,1349,,,
E08000037,Physical,12-17,2024-04-01/P1M,103,,,
E08000037,Physical,12-17,2024-05-01/P1M,92,,,
E08000037,Physical,12-17,2024-06-01/P1M,132,,,
E08000037,Physical,12-17,2024-07-01/P1M,34,,,
E08000037,Physical,12-17,2024-08-01/P1M,38,,,
E08000037,Physical,12-17,2024-09-01/P1M,55,,,
E08000037,Physical,12-17,2024-10-01/P1M,80,,,
E08000037,Physical,12-17,2024-11-01/P1M,150,,,
E08000037,Physical,12-17,2024-12-01/P1M,92,,,
E08000037,Physical,12-17,2025-01-01/P1M,98,,,
E08000037,Physical,12-17,2025-02-01/P1M,77,,,
E08000037,Physical,12-17,2025-03-01/P1M,40,,,
E08000037,Digital,Unknown,2024-04-01/P1Y,0,,,
E08000037,Digital,Adult,2024-04-01/P1Y,0,,,
E08000037,Digital,Under 12,2024-04-01/P1Y,0,,,
E08000037,Digital,12-17,2024-04-01/P1Y,0,,,
E10000013,Physical,Adult,2024-04-01/P1M,948,,,
E10000013,Physical,Adult,2024-05-01/P1M,992,,,
E10000013,Physical,Adult,2024-06-01/P1M,855,,,
E10000013,Physical,Adult,2024-07-01/P1M,1269,,,
E10000013,Physical,Adult,2024-08-01/P1M,726,,,
E10000013,Physical,Adult,2024-09-01/P1M,1064,,,
E10000013,Physical,Adult,2024-10-01/P1M,969,,,
E10000013,Physical,Adult,2024-11-01/P1M,1221,,,
E10000013,Physical,Adult,2024-12-01/P1M,763,,,
E10000013,Physical,Adult,2025-01-01/P1M,1138,,,
E10000013,Physical,Adult,2025-02-01/P1M,1459,,,
E10000013,Physical,Adult,2025-03-01/P1M,1059,,,
E10000013,Physical,Under 12,2024-04-01/P1M,3856,,,
E10000013,Physical,Under 12,2024-05-01/P1M,3883,,,
E10000013,Physical,Under 12,2024-06-01/P1M,3701,,,
E10000013,Physical,Under 12,2024-07-01/P1M,3803,,,
E10000013,Physical,Under 12,2024-08-01/P1M,3372,,,
E10000013,Physical,Under 12,2024-09-01/P1M,3083,,,
E10000013,Physical,Under 12,2024-10-01/P1M,4052,,,
E10000013,Physical,Under 12,2024-11-01/P1M,4288,,,
E10000013,Physical,Under 12,2024-12-01/P1M,3204,,,
E10000013,Physical,Under 12,2025-01-01/P1M,3827,,,
E10000013,Physical,Under 12,2025-02-01/P1M,4315,,,
E10000013,Physical,Under 12,2025-03-01/P1M,5136,,,
E10000013,Physical,12-17,2024-04-01/P1Y,0,,,
E10000013,Digital,Unknown,2024-04-01/P1Y,0,,,
E10000013,Digital,Adult,2024-04-01/P1Y,0,,,
E10000013,Digital,Under 12,2024-04-01/P1Y,0,,,
E10000013,Digital,12-17,2024-04-01/P1Y,0,,,
E09000011,Physical,Adult,2024-04-01/P1M,4600,,,
E09000011,Physical,Adult,2024-05-01/P1M,4600,,,
E09000011,Physical,Adult,2024-06-01/P1M,4600,,,
E09000011,Physical,Adult,2024-07-01/P1M,4600,,,
E09000011,Physical,Adult,2024-08-01/P1M,4600,,,
E09000011,Physical,Adult,2024-09-01/P1M,4800,,,
E09000011,Physical,Adult,2024-10-01/P1M,4800,,,
E09000011,Physical,Adult,2024-11-01/P1M,4800,,,
E09000011,Physical,Adult,2024-12-01/P1M,4800,,,
E09000011,Physical,Adult,2025-01-01/P1M,4800,,,
E09000011,Physical,Adult,2025-02-01/P1M,4800,,,
E09000011,Physical,Adult,2025-03-01/P1M,4800,,,
E09000011,Physical,Under 12,2024-04-01/P1M,7600,,,
E09000011,Physical,Under 12,2024-05-01/P1M,7600,,,
E09000011,Physical,Under 12,2024-06-01/P1M,7600,,,
E09000011,Physical,Under 12,2024-07-01/P1M,7600,,,
E09000011,Physical,Under 12,2024-08-01/P1M,7600,,,
E09000011,Physical,Under 12,2024-09-01/P1M,7800,,,
E09000011,Physical,Under 12,2024-10-01/P1M,7800,,,
E09000011,Physical,Under 12,2024-11-01/P1M,7800,,,
E09000011,Physical,Under 12,2024-12-01/P1M,7800,,,
E09000011,Physical,Under 12,2025-01-01/P1M,7800,,,
E09000011,Physical,Under 12,2025-02-01/P1M,7800,,,
E09000011,Physical,Under 12,2025-03-01/P1M,7800,,,
E09000011,Physical,12-17,2024-04-01/P1M,100,,,
E09000011,Physical,12-17,2024-05-01/P1M,100,,,
E09000011,Physical,12-17,2024-06-01/P1M,100,,,
E09000011,Physical,12-17,2024-07-01/P1M,100,,,
E09000011,Physical,12-17,2024-08-01/P1M,100,,,
E09000011,Physical,12-17,2024-09-01/P1M,120,,,
E09000011,Physical,12-17,2024-10-01/P1M,120,,,
E09000011,Physical,12-17,2024-11-01/P1M,120,,,
E09000011,Physical,12-17,2024-12-01/P1M,120,,,
E09000011,Physical,12-17,2025-01-01/P1M,120,,,
E09000011,Physical,12-17,2025-02-01/P1M,120,,,
E09000011,Physical,12-17,2025-03-01/P1M,120,,,
E09000011,Digital,Adult,2024-04-01/P1M,80,,,
E09000011,Digital,Adult,2024-05-01/P1M,80,,,
E09000011,Digital,Adult,2024-06-01/P1M,80,,,
E09000011,Digital,Adult,2024-07-01/P1M,80,,,
E09000011,Digital,Adult,2024-08-01/P1M,80,,,
E09000011,Digital,Adult,2024-09-01/P1M,80,,,
E09000011,Digital,Adult,2024-10-01/P1M,80,,,
E09000011,Digital,Adult,2024-11-01/P1M,80,,,
E09000011,Digital,Adult,2024-12-01/P1M,80,,,
E09000011,Digital,Adult,2025-01-01/P1M,80,,,
E09000011,Digital,Adult,2025-02-01/P1M,80,,,
E09000011,Digital,Adult,2025-03-01/P1M,80,,,
E09000011,Digital,Under 12,2024-04-01/P1M,30,,,
E09000011,Digital,Under 12,2024-05-01/P1M,30,,,
E09000011,Digital,Under 12,2024-06-01/P1M,30,,,
E09000011,Digital,Under 12,2024-07-01/P1M,30,,,
E09000011,Digital,Under 12,2024-08-01/P1M,30,,,
E09000011,Digital,Under 12,2024-09-01/P1M,30,,,
E09000011,Digital,Under 12,2024-10-01/P1M,30,,,
E09000011,Digital,Under 12,2024-11-01/P1M,30,,,
E09000011,Digital,Under 12,2024-12-01/P1M,30,,,
E09000011,Digital,Under 12,2025-01-01/P1M,30,,,
E09000011,Digital,Under 12,2025-02-01/P1M,30,,,
E09000011,Digital,Under 12,2025-03-01/P1M,30,,,
E09000011,Digital,12-17,2024-04-01/P1M,10,,,
E09000011,Digital,12-17,2024-05-01/P1M,10,,,
E09000011,Digital,12-17,2024-06-01/P1M,10,,,
E09000011,Digital,12-17,2024-07-01/P1M,10,,,
E09000011,Digital,12-17,2024-08-01/P1M,10,,,
E09000011,Digital,12-17,2024-09-01/P1M,10,,,
E09000011,Digital,12-17,2024-10-01/P1M,10,,,
E09000011,Digital,12-17,2024-11-01/P1M,10,,,
E09000011,Digital,12-17,2024-12-01/P1M,10,,,
E09000011,Digital,12-17,2025-01-01/P1M,10,,,
E09000011,Digital,12-17,2025-02-01/P1M,10,,,
E09000011,Digital,12-17,2025-03-01/P1M,10,,,
E09000012,Physical,Adult,2024-04-01/P1M,135,,,
E09000012,Physical,Adult,2024-05-01/P1M,216,,,
E09000012,Physical,Adult,2024-06-01/P1M,110,,,
E09000012,Physical,Adult,2024-07-01/P1M,135,,,
E09000012,Physical,Adult,2024-08-01/P1M,148,,,
E09000012,Physical,Adult,2024-09-01/P1M,196,,,
E09000012,Physical,Adult,2024-10-01/P1M,234,,,
E09000012,Physical,Adult,2024-11-01/P1M,182,,,
E09000012,Physical,Adult,2024-12-01/P1M,159,,,
E09000012,Physical,Adult,2025-01-01/P1M,204,,,
E09000012,Physical,Adult,2025-02-01/P1M,168,,,
E09000012,Physical,Adult,2025-03-01/P1M,286,,,
E09000012,Physical,Under 12,2024-04-01/P1M,1286,,,
E09000012,Physical,Under 12,2024-05-01/P1M,1593,,,
E09000012,Physical,Under 12,2024-06-01/P1M,1396,,,
E09000012,Physical,Under 12,2024-07-01/P1M,1349,,,
E09000012,Physical,Under 12,2024-08-01/P1M,1286,,,
E09000012,Physical,Under 12,2024-09-01/P1M,1244,,,
E09000012,Physical,Under 12,2024-10-01/P1M,2150,,,
E09000012,Physical,Under 12,2024-11-01/P1M,1430,,,
E09000012,Physical,Under 12,2024-12-01/P1M,1140,,,
E09000012,Physical,Under 12,2025-01-01/P1M,2351,,,
E09000012,Physical,Under 12,2025-02-01/P1M,1719,,,
E09000012,Physical,Under 12,2025-03-01/P1M,1772,,,
E09000012,Physical,12-17,2024-04-01/P1Y,0,,,
E09000012,Digital,Unknown,2024-04-01/P1Y,0,,,
E09000012,Digital,Adult,2024-04-01/P1Y,0,,,
E09000012,Digital,Under 12,2024-04-01/P1Y,0,,,
E09000012,Digital,12-17,2024-04-01/P1Y,0,,,
E10000014,Physical,Adult,2024-04-01/P1M,4117,,suspicious,"Source audit: total_attendees_physical_events: Annual: reported total 380,108; category sum 397,005; difference -16,897. Categories exceed total; check duplication, scope and reporting frequency. Event audiences may overlap. Values retained as reported pending source confirmation."
E10000014,Physical,Adult,2024-05-01/P1M,3825,,suspicious,"Source audit: total_attendees_physical_events: Annual: reported total 380,108; category sum 397,005; difference -16,897. Categories exceed total; check duplication, scope and reporting frequency. Event audiences may overlap. Values retained as reported pending source confirmation."
E10000014,Physical,Adult,2024-06-01/P1M,3430,,suspicious,"Source audit: total_attendees_physical_events: Annual: reported total 380,108; category sum 397,005; difference -16,897. Categories exceed total; check duplication, scope and reporting frequency. Event audiences may overlap. Values retained as reported pending source confirmation."
E10000014,Physical,Adult,2024-07-01/P1M,3978,,suspicious,"Source audit: total_attendees_physical_events: Annual: reported total 380,108; category sum 397,005; difference -16,897. Categories exceed total; check duplication, scope and reporting frequency. Event audiences may overlap. Values retained as reported pending source confirmation."
E10000014,Physical,Adult,2024-08-01/P1M,3433,,suspicious,"Source audit: total_attendees_physical_events: Annual: reported total 380,108; category sum 397,005; difference -16,897. Categories exceed total; check duplication, scope and reporting frequency. Event audiences may overlap. Values retained as reported pending source confirmation."
E10000014,Physical,Adult,2024-09-01/P1M,3498,,suspicious,"Source audit: total_attendees_physical_events: Annual: reported total 380,108; category sum 397,005; difference -16,897. Categories exceed total; check duplication, scope and reporting frequency. Event audiences may overlap. Values retained as reported pending source confirmation."
E10000014,Physical,Adult,2024-10-01/P1M,4080,,suspicious,"Source audit: total_attendees_physical_events: Annual: reported total 380,108; category sum 397,005; difference -16,897. Categories exceed total; check duplication, scope and reporting frequency. Event audiences may overlap. Values retained as reported pending source confirmation."
E10000014,Physical,Adult,2024-11-01/P1M,3749,,suspicious,"Source audit: total_attendees_physical_events: Annual: reported total 380,108; category sum 397,005; difference -16,897. Categories exceed total; check duplication, scope and reporting frequency. Event audiences may overlap. Values retained as reported pending source confirmation."
E10000014,Physical,Adult,2024-12-01/P1M,3043,,suspicious,"Source audit: total_attendees_physical_events: Annual: reported total 380,108; category sum 397,005; difference -16,897. Categories exceed total; check duplication, scope and reporting frequency. Event audiences may overlap. Values retained as reported pending source confirmation."
E10000014,Physical,Adult,2025-01-01/P1M,3795,,suspicious,"Source audit: total_attendees_physical_events: Annual: reported total 380,108; category sum 397,005; difference -16,897. Categories exceed total; check duplication, scope and reporting frequency. Event audiences may overlap. Values retained as reported pending source confirmation."
E10000014,Physical,Adult,2025-02-01/P1M,5700,,suspicious,"Source audit: total_attendees_physical_events: Annual: reported total 380,108; category sum 397,005; difference -16,897. Categories exceed total; check duplication, scope and reporting frequency. Event audiences may overlap. Values retained as reported pending source confirmation."
E10000014,Physical,Adult,2025-03-01/P1M,4134,,suspicious,"Source audit: total_attendees_physical_events: Annual: reported total 380,108; category sum 397,005; difference -16,897. Categories exceed total; check duplication, scope and reporting frequency. Event audiences may overlap. Values retained as reported pending source confirmation."
E10000014,Physical,Under 12,2024-04-01/P1M,19058,,suspicious,"Source audit: total_attendees_physical_events: Annual: reported total 380,108; category sum 397,005; difference -16,897. Categories exceed total; check duplication, scope and reporting frequency. Event audiences may overlap. Values retained as reported pending source confirmation."
E10000014,Physical,Under 12,2024-05-01/P1M,17651,,suspicious,"Source audit: total_attendees_physical_events: Annual: reported total 380,108; category sum 397,005; difference -16,897. Categories exceed total; check duplication, scope and reporting frequency. Event audiences may overlap. Values retained as reported pending source confirmation."
E10000014,Physical,Under 12,2024-06-01/P1M,18063,,suspicious,"Source audit: total_attendees_physical_events: Annual: reported total 380,108; category sum 397,005; difference -16,897. Categories exceed total; check duplication, scope and reporting frequency. Event audiences may overlap. Values retained as reported pending source confirmation."
E10000014,Physical,Under 12,2024-07-01/P1M,37443,,suspicious,"Source audit: total_attendees_physical_events: Annual: reported total 380,108; category sum 397,005; difference -16,897. Categories exceed total; check duplication, scope and reporting frequency. Event audiences may overlap. Values retained as reported pending source confirmation."
E10000014,Physical,Under 12,2024-08-01/P1M,18179,,suspicious,"Source audit: total_attendees_physical_events: Annual: reported total 380,108; category sum 397,005; difference -16,897. Categories exceed total; check duplication, scope and reporting frequency. Event audiences may overlap. Values retained as reported pending source confirmation."
E10000014,Physical,Under 12,2024-09-01/P1M,18133,,suspicious,"Source audit: total_attendees_physical_events: Annual: reported total 380,108; category sum 397,005; difference -16,897. Categories exceed total; check duplication, scope and reporting frequency. Event audiences may overlap. Values retained as reported pending source confirmation."
E10000014,Physical,Under 12,2024-10-01/P1M,22682,,suspicious,"Source audit: total_attendees_physical_events: Annual: reported total 380,108; category sum 397,005; difference -16,897. Categories exceed total; check duplication, scope and reporting frequency. Event audiences may overlap. Values retained as reported pending source confirmation."
E10000014,Physical,Under 12,2024-11-01/P1M,19940,,suspicious,"Source audit: total_attendees_physical_events: Annual: reported total 380,108; category sum 397,005; difference -16,897. Categories exceed total; check duplication, scope and reporting frequency. Event audiences may overlap. Values retained as reported pending source confirmation."
E10000014,Physical,Under 12,2024-12-01/P1M,14475,,suspicious,"Source audit: total_attendees_physical_events: Annual: reported total 380,108; category sum 397,005; difference -16,897. Categories exceed total; check duplication, scope and reporting frequency. Event audiences may overlap. Values retained as reported pending source confirmation."
E10000014,Physical,Under 12,2025-01-01/P1M,20309,,suspicious,"Source audit: total_attendees_physical_events: Annual: reported total 380,108; category sum 397,005; difference -16,897. Categories exceed total; check duplication, scope and reporting frequency. Event audiences may overlap. Values retained as reported pending source confirmation."
E10000014,Physical,Under 12,2025-02-01/P1M,21463,,suspicious,"Source audit: total_attendees_physical_events: Annual: reported total 380,108; category sum 397,005; difference -16,897. Categories exceed total; check duplication, scope and reporting frequency. Event audiences may overlap. Values retained as reported pending source confirmation."
E10000014,Physical,Under 12,2025-03-01/P1M,22940,,suspicious,"Source audit: total_attendees_physical_events: Annual: reported total 380,108; category sum 397,005; difference -16,897. Categories exceed total; check duplication, scope and reporting frequency. Event audiences may overlap. Values retained as reported pending source confirmation."
E10000014,Physical,12-17,2024-04-01/P1M,9986,,suspicious,"Source audit: total_attendees_physical_events: Annual: reported total 380,108; category sum 397,005; difference -16,897. Categories exceed total; check duplication, scope and reporting frequency. Event audiences may overlap. Values retained as reported pending source confirmation."
E10000014,Physical,12-17,2024-05-01/P1M,8272,,suspicious,"Source audit: total_attendees_physical_events: Annual: reported total 380,108; category sum 397,005; difference -16,897. Categories exceed total; check duplication, scope and reporting frequency. Event audiences may overlap. Values retained as reported pending source confirmation."
E10000014,Physical,12-17,2024-06-01/P1M,6841,,suspicious,"Source audit: total_attendees_physical_events: Annual: reported total 380,108; category sum 397,005; difference -16,897. Categories exceed total; check duplication, scope and reporting frequency. Event audiences may overlap. Values retained as reported pending source confirmation."
E10000014,Physical,12-17,2024-07-01/P1M,8341,,suspicious,"Source audit: total_attendees_physical_events: Annual: reported total 380,108; category sum 397,005; difference -16,897. Categories exceed total; check duplication, scope and reporting frequency. Event audiences may overlap. Values retained as reported pending source confirmation."
E10000014,Physical,12-17,2024-08-01/P1M,11370,,suspicious,"Source audit: total_attendees_physical_events: Annual: reported total 380,108; category sum 397,005; difference -16,897. Categories exceed total; check duplication, scope and reporting frequency. Event audiences may overlap. Values retained as reported pending source confirmation."
E10000014,Physical,12-17,2024-09-01/P1M,7112,,suspicious,"Source audit: total_attendees_physical_events: Annual: reported total 380,108; category sum 397,005; difference -16,897. Categories exceed total; check duplication, scope and reporting frequency. Event audiences may overlap. Values retained as reported pending source confirmation."
E10000014,Physical,12-17,2024-10-01/P1M,10106,,suspicious,"Source audit: total_attendees_physical_events: Annual: reported total 380,108; category sum 397,005; difference -16,897. Categories exceed total; check duplication, scope and reporting frequency. Event audiences may overlap. Values retained as reported pending source confirmation."
E10000014,Physical,12-17,2024-11-01/P1M,8306,,suspicious,"Source audit: total_attendees_physical_events: Annual: reported total 380,108; category sum 397,005; difference -16,897. Categories exceed total; check duplication, scope and reporting frequency. Event audiences may overlap. Values retained as reported pending source confirmation."
E10000014,Physical,12-17,2024-12-01/P1M,6494,,suspicious,"Source audit: total_attendees_physical_events: Annual: reported total 380,108; category sum 397,005; difference -16,897. Categories exceed total; check duplication, scope and reporting frequency. Event audiences may overlap. Values retained as reported pending source confirmation."
E10000014,Physical,12-17,2025-01-01/P1M,8277,,suspicious,"Source audit: total_attendees_physical_events: Annual: reported total 380,108; category sum 397,005; difference -16,897. Categories exceed total; check duplication, scope and reporting frequency. Event audiences may overlap. Values retained as reported pending source confirmation."
E10000014,Physical,12-17,2025-02-01/P1M,8070,,suspicious,"Source audit: total_attendees_physical_events: Annual: reported total 380,108; category sum 397,005; difference -16,897. Categories exceed total; check duplication, scope and reporting frequency. Event audiences may overlap. Values retained as reported pending source confirmation."
E10000014,Physical,12-17,2025-03-01/P1M,6712,,suspicious,"Source audit: total_attendees_physical_events: Annual: reported total 380,108; category sum 397,005; difference -16,897. Categories exceed total; check duplication, scope and reporting frequency. Event audiences may overlap. Values retained as reported pending source confirmation."
E10000014,Digital,Adult,2024-04-01/P1M,7,,,
E10000014,Digital,Adult,2024-05-01/P1M,6,,,
E10000014,Digital,Adult,2024-06-01/P1M,7,,,
E10000014,Digital,Adult,2024-07-01/P1M,11,,,
E10000014,Digital,Adult,2024-08-01/P1M,9,,,
E10000014,Digital,Adult,2024-09-01/P1M,13,,,
E10000014,Digital,Adult,2024-10-01/P1M,10,,,
E10000014,Digital,Adult,2024-11-01/P1M,8,,,
E10000014,Digital,Adult,2024-12-01/P1M,6,,,
E10000014,Digital,Adult,2025-01-01/P1M,11,,,
E10000014,Digital,Adult,2025-02-01/P1M,0,,,
E10000014,Digital,Adult,2025-03-01/P1M,7,,,
E10000014,Digital,Under 12,2024-04-01/P1Y,0,,,
E10000014,Digital,12-17,2024-04-01/P1Y,0,,,
E09000015,Physical,Adult,2024-04-01/P1M,537,,suspicious,"Source audit: total_attendees_physical_events: Annual: reported total 32,987; category sum 35,142; difference -2,155. Categories exceed total; check duplication, scope and reporting frequency. Event audiences may overlap. Values retained as reported pending source confirmation."
E09000015,Physical,Adult,2024-05-01/P1M,664,,suspicious,"Source audit: total_attendees_physical_events: Annual: reported total 32,987; category sum 35,142; difference -2,155. Categories exceed total; check duplication, scope and reporting frequency. Event audiences may overlap. Values retained as reported pending source confirmation."
E09000015,Physical,Adult,2024-06-01/P1M,687,,suspicious,"Source audit: total_attendees_physical_events: Annual: reported total 32,987; category sum 35,142; difference -2,155. Categories exceed total; check duplication, scope and reporting frequency. Event audiences may overlap. Values retained as reported pending source confirmation."
E09000015,Physical,Adult,2024-07-01/P1M,1128,,suspicious,"Source audit: total_attendees_physical_events: Annual: reported total 32,987; category sum 35,142; difference -2,155. Categories exceed total; check duplication, scope and reporting frequency. Event audiences may overlap. Values retained as reported pending source confirmation."
E09000015,Physical,Adult,2024-08-01/P1M,1254,,suspicious,"Source audit: total_attendees_physical_events: Annual: reported total 32,987; category sum 35,142; difference -2,155. Categories exceed total; check duplication, scope and reporting frequency. Event audiences may overlap. Values retained as reported pending source confirmation."
E09000015,Physical,Adult,2024-09-01/P1M,633,,suspicious,"Source audit: total_attendees_physical_events: Annual: reported total 32,987; category sum 35,142; difference -2,155. Categories exceed total; check duplication, scope and reporting frequency. Event audiences may overlap. Values retained as reported pending source confirmation."
E09000015,Physical,Adult,2024-10-01/P1M,698,,suspicious,"Source audit: total_attendees_physical_events: Annual: reported total 32,987; category sum 35,142; difference -2,155. Categories exceed total; check duplication, scope and reporting frequency. Event audiences may overlap. Values retained as reported pending source confirmation."
E09000015,Physical,Adult,2024-11-01/P1M,1250,,suspicious,"Source audit: total_attendees_physical_events: Annual: reported total 32,987; category sum 35,142; difference -2,155. Categories exceed total; check duplication, scope and reporting frequency. Event audiences may overlap. Values retained as reported pending source confirmation."
E09000015,Physical,Adult,2024-12-01/P1M,487,,suspicious,"Source audit: total_attendees_physical_events: Annual: reported total 32,987; category sum 35,142; difference -2,155. Categories exceed total; check duplication, scope and reporting frequency. Event audiences may overlap. Values retained as reported pending source confirmation."
E09000015,Physical,Adult,2025-01-01/P1M,430,,suspicious,"Source audit: total_attendees_physical_events: Annual: reported total 32,987; category sum 35,142; difference -2,155. Categories exceed total; check duplication, scope and reporting frequency. Event audiences may overlap. Values retained as reported pending source confirmation."
E09000015,Physical,Adult,2025-02-01/P1M,891,,suspicious,"Source audit: total_attendees_physical_events: Annual: reported total 32,987; category sum 35,142; difference -2,155. Categories exceed total; check duplication, scope and reporting frequency. Event audiences may overlap. Values retained as reported pending source confirmation."
E09000015,Physical,Adult,2025-03-01/P1M,849,,suspicious,"Source audit: total_attendees_physical_events: Annual: reported total 32,987; category sum 35,142; difference -2,155. Categories exceed total; check duplication, scope and reporting frequency. Event audiences may overlap. Values retained as reported pending source confirmation."
E09000015,Physical,Under 12,2024-04-01/P1M,2012,,suspicious,"Source audit: total_attendees_physical_events: Annual: reported total 32,987; category sum 35,142; difference -2,155. Categories exceed total; check duplication, scope and reporting frequency. Event audiences may overlap. Values retained as reported pending source confirmation."
E09000015,Physical,Under 12,2024-05-01/P1M,2136,,suspicious,"Source audit: total_attendees_physical_events: Annual: reported total 32,987; category sum 35,142; difference -2,155. Categories exceed total; check duplication, scope and reporting frequency. Event audiences may overlap. Values retained as reported pending source confirmation."
E09000015,Physical,Under 12,2024-06-01/P1M,1978,,suspicious,"Source audit: total_attendees_physical_events: Annual: reported total 32,987; category sum 35,142; difference -2,155. Categories exceed total; check duplication, scope and reporting frequency. Event audiences may overlap. Values retained as reported pending source confirmation."
E09000015,Physical,Under 12,2024-07-01/P1M,2049,,suspicious,"Source audit: total_attendees_physical_events: Annual: reported total 32,987; category sum 35,142; difference -2,155. Categories exceed total; check duplication, scope and reporting frequency. Event audiences may overlap. Values retained as reported pending source confirmation."
E09000015,Physical,Under 12,2024-08-01/P1M,2248,,suspicious,"Source audit: total_attendees_physical_events: Annual: reported total 32,987; category sum 35,142; difference -2,155. Categories exceed total; check duplication, scope and reporting frequency. Event audiences may overlap. Values retained as reported pending source confirmation."
E09000015,Physical,Under 12,2024-09-01/P1M,1617,,suspicious,"Source audit: total_attendees_physical_events: Annual: reported total 32,987; category sum 35,142; difference -2,155. Categories exceed total; check duplication, scope and reporting frequency. Event audiences may overlap. Values retained as reported pending source confirmation."
E09000015,Physical,Under 12,2024-10-01/P1M,2600,,suspicious,"Source audit: total_attendees_physical_events: Annual: reported total 32,987; category sum 35,142; difference -2,155. Categories exceed total; check duplication, scope and reporting frequency. Event audiences may overlap. Values retained as reported pending source confirmation."
E09000015,Physical,Under 12,2024-11-01/P1M,2955,,suspicious,"Source audit: total_attendees_physical_events: Annual: reported total 32,987; category sum 35,142; difference -2,155. Categories exceed total; check duplication, scope and reporting frequency. Event audiences may overlap. Values retained as reported pending source confirmation."
E09000015,Physical,Under 12,2024-12-01/P1M,1478,,suspicious,"Source audit: total_attendees_physical_events: Annual: reported total 32,987; category sum 35,142; difference -2,155. Categories exceed total; check duplication, scope and reporting frequency. Event audiences may overlap. Values retained as reported pending source confirmation."
E09000015,Physical,Under 12,2025-01-01/P1M,1514,,suspicious,"Source audit: total_attendees_physical_events: Annual: reported total 32,987; category sum 35,142; difference -2,155. Categories exceed total; check duplication, scope and reporting frequency. Event audiences may overlap. Values retained as reported pending source confirmation."
E09000015,Physical,Under 12,2025-02-01/P1M,1885,,suspicious,"Source audit: total_attendees_physical_events: Annual: reported total 32,987; category sum 35,142; difference -2,155. Categories exceed total; check duplication, scope and reporting frequency. Event audiences may overlap. Values retained as reported pending source confirmation."
E09000015,Physical,Under 12,2025-03-01/P1M,2459,,suspicious,"Source audit: total_attendees_physical_events: Annual: reported total 32,987; category sum 35,142; difference -2,155. Categories exceed total; check duplication, scope and reporting frequency. Event audiences may overlap. Values retained as reported pending source confirmation."
E09000015,Physical,12-17,2024-04-01/P1M,249,,suspicious,"Source audit: total_attendees_physical_events: Annual: reported total 32,987; category sum 35,142; difference -2,155. Categories exceed total; check duplication, scope and reporting frequency. Event audiences may overlap. Values retained as reported pending source confirmation."
E09000015,Physical,12-17,2024-05-01/P1M,0,,suspicious,"Source audit: total_attendees_physical_events: Annual: reported total 32,987; category sum 35,142; difference -2,155. Categories exceed total; check duplication, scope and reporting frequency. Event audiences may overlap. Values retained as reported pending source confirmation."
E09000015,Physical,12-17,2024-06-01/P1M,0,,suspicious,"Source audit: total_attendees_physical_events: Annual: reported total 32,987; category sum 35,142; difference -2,155. Categories exceed total; check duplication, scope and reporting frequency. Event audiences may overlap. Values retained as reported pending source confirmation."
E09000015,Physical,12-17,2024-07-01/P1M,0,,suspicious,"Source audit: total_attendees_physical_events: Annual: reported total 32,987; category sum 35,142; difference -2,155. Categories exceed total; check duplication, scope and reporting frequency. Event audiences may overlap. Values retained as reported pending source confirmation."
E09000015,Physical,12-17,2024-08-01/P1M,0,,suspicious,"Source audit: total_attendees_physical_events: Annual: reported total 32,987; category sum 35,142; difference -2,155. Categories exceed total; check duplication, scope and reporting frequency. Event audiences may overlap. Values retained as reported pending source confirmation."
E09000015,Physical,12-17,2024-09-01/P1M,0,,suspicious,"Source audit: total_attendees_physical_events: Annual: reported total 32,987; category sum 35,142; difference -2,155. Categories exceed total; check duplication, scope and reporting frequency. Event audiences may overlap. Values retained as reported pending source confirmation."
E09000015,Physical,12-17,2024-10-01/P1M,5,,suspicious,"Source audit: total_attendees_physical_events: Annual: reported total 32,987; category sum 35,142; difference -2,155. Categories exceed total; check duplication, scope and reporting frequency. Event audiences may overlap. Values retained as reported pending source confirmation."
E09000015,Physical,12-17,2024-11-01/P1M,10,,suspicious,"Source audit: total_attendees_physical_events: Annual: reported total 32,987; category sum 35,142; difference -2,155. Categories exceed total; check duplication, scope and reporting frequency. Event audiences may overlap. Values retained as reported pending source confirmation."
E09000015,Physical,12-17,2024-12-01/P1M,0,,suspicious,"Source audit: total_attendees_physical_events: Annual: reported total 32,987; category sum 35,142; difference -2,155. Categories exceed total; check duplication, scope and reporting frequency. Event audiences may overlap. Values retained as reported pending source confirmation."
E09000015,Physical,12-17,2025-01-01/P1M,0,,suspicious,"Source audit: total_attendees_physical_events: Annual: reported total 32,987; category sum 35,142; difference -2,155. Categories exceed total; check duplication, scope and reporting frequency. Event audiences may overlap. Values retained as reported pending source confirmation."
E09000015,Physical,12-17,2025-02-01/P1M,416,,suspicious,"Source audit: total_attendees_physical_events: Annual: reported total 32,987; category sum 35,142; difference -2,155. Categories exceed total; check duplication, scope and reporting frequency. Event audiences may overlap. Values retained as reported pending source confirmation."
E09000015,Physical,12-17,2025-03-01/P1M,23,,suspicious,"Source audit: total_attendees_physical_events: Annual: reported total 32,987; category sum 35,142; difference -2,155. Categories exceed total; check duplication, scope and reporting frequency. Event audiences may overlap. Values retained as reported pending source confirmation."
E09000015,Digital,Adult,2024-04-01/P1M,0,,,
E09000015,Digital,Adult,2024-05-01/P1M,0,,,
E09000015,Digital,Adult,2024-06-01/P1M,0,,,
E09000015,Digital,Adult,2024-07-01/P1M,0,,,
E09000015,Digital,Adult,2024-08-01/P1M,0,,,
E09000015,Digital,Adult,2024-09-01/P1M,0,,,
E09000015,Digital,Adult,2024-10-01/P1M,0,,,
E09000015,Digital,Adult,2024-11-01/P1M,68,,,
E09000015,Digital,Adult,2024-12-01/P1M,0,,,
E09000015,Digital,Adult,2025-01-01/P1M,33,,,
E09000015,Digital,Adult,2025-02-01/P1M,0,,,
E09000015,Digital,Adult,2025-03-01/P1M,0,,,
E09000015,Digital,Under 12,2024-04-01/P1Y,746,,,
E09000015,Digital,12-17,2024-04-01/P1Y,0,,,
E06000001,Physical,Adult,2024-04-01/P1M,876,,,
E06000001,Physical,Adult,2024-05-01/P1M,447,,,
E06000001,Physical,Adult,2024-06-01/P1M,750,,,
E06000001,Physical,Adult,2024-07-01/P1M,786,,,
E06000001,Physical,Adult,2024-08-01/P1M,1661,,,
E06000001,Physical,Adult,2024-09-01/P1M,633,,,
E06000001,Physical,Adult,2024-10-01/P1M,675,,,
E06000001,Physical,Adult,2024-11-01/P1M,540,,,
E06000001,Physical,Adult,2024-12-01/P1M,463,,,
E06000001,Physical,Adult,2025-01-01/P1M,590,,,
E06000001,Physical,Adult,2025-02-01/P1M,437,,,
E06000001,Physical,Adult,2025-03-01/P1M,683,,,
E06000001,Physical,Under 12,2024-04-01/P1M,1691,,,
E06000001,Physical,Under 12,2024-05-01/P1M,1168,,,
E06000001,Physical,Under 12,2024-06-01/P1M,1299,,,
E06000001,Physical,Under 12,2024-07-01/P1M,2140,,,
E06000001,Physical,Under 12,2024-08-01/P1M,2750,,,
E06000001,Physical,Under 12,2024-09-01/P1M,1116,,,
E06000001,Physical,Under 12,2024-10-01/P1M,875,,,
E06000001,Physical,Under 12,2024-11-01/P1M,1127,,,
E06000001,Physical,Under 12,2024-12-01/P1M,489,,,
E06000001,Physical,Under 12,2025-01-01/P1M,1163,,,
E06000001,Physical,Under 12,2025-02-01/P1M,727,,,
E06000001,Physical,Under 12,2025-03-01/P1M,2037,,,
E06000001,Physical,12-17,2024-04-01/P1M,275,,,
E06000001,Physical,12-17,2024-05-01/P1M,194,,,
E06000001,Physical,12-17,2024-06-01/P1M,192,,,
E06000001,Physical,12-17,2024-07-01/P1M,277,,,
E06000001,Physical,12-17,2024-08-01/P1M,185,,,
E06000001,Physical,12-17,2024-09-01/P1M,171,,,
E06000001,Physical,12-17,2024-10-01/P1M,190,,,
E06000001,Physical,12-17,2024-11-01/P1M,187,,,
E06000001,Physical,12-17,2024-12-01/P1M,219,,,
E06000001,Physical,12-17,2025-01-01/P1M,172,,,
E06000001,Physical,12-17,2025-02-01/P1M,240,,,
E06000001,Physical,12-17,2025-03-01/P1M,250,,,
E06000001,Digital,Adult,2024-04-01/P1M,7,,,
E06000001,Digital,Adult,2024-05-01/P1M,7,,,
E06000001,Digital,Adult,2024-06-01/P1M,0,,,
E06000001,Digital,Adult,2024-07-01/P1M,7,,,
E06000001,Digital,Adult,2024-08-01/P1M,7,,,
E06000001,Digital,Adult,2024-09-01/P1M,0,,,
E06000001,Digital,Adult,2024-10-01/P1M,5,,,
E06000001,Digital,Adult,2024-11-01/P1M,6,,,
E06000001,Digital,Adult,2024-12-01/P1M,0,,,
E06000001,Digital,Adult,2025-01-01/P1M,0,,,
E06000001,Digital,Adult,2025-02-01/P1M,5,,,
E06000001,Digital,Adult,2025-03-01/P1M,6,,,
E06000001,Digital,Under 12,2024-04-01/P1Y,28,,,
E06000001,Digital,12-17,2024-04-01/P1Y,0,,,
E09000016,Physical,Adult,2024-04-01/P1M,4045,,,
E09000016,Physical,Adult,2024-05-01/P1M,2075,,,
E09000016,Physical,Adult,2024-06-01/P1M,1711,,,
E09000016,Physical,Adult,2024-07-01/P1M,1973,,,
E09000016,Physical,Adult,2024-08-01/P1M,1609,,,
E09000016,Physical,Adult,2024-09-01/P1M,1318,,,
E09000016,Physical,Adult,2024-10-01/P1M,2148,,,
E09000016,Physical,Adult,2024-11-01/P1M,1819,,,
E09000016,Physical,Adult,2024-12-01/P1M,1890,,,
E09000016,Physical,Adult,2025-01-01/P1M,1807,,,
E09000016,Physical,Adult,2025-02-01/P1M,4060,,,
E09000016,Physical,Adult,2025-03-01/P1M,1920,,,
E09000016,Physical,Under 12,2024-04-01/P1M,1836,,,
E09000016,Physical,Under 12,2024-05-01/P1M,2272,,,
E09000016,Physical,Under 12,2024-06-01/P1M,2073,,,
E09000016,Physical,Under 12,2024-07-01/P1M,2410,,,
E09000016,Physical,Under 12,2024-08-01/P1M,2720,,,
E09000016,Physical,Under 12,2024-09-01/P1M,1691,,,
E09000016,Physical,Under 12,2024-10-01/P1M,2305,,,
E09000016,Physical,Under 12,2024-11-01/P1M,1862,,,
E09000016,Physical,Under 12,2024-12-01/P1M,1783,,,
E09000016,Physical,Under 12,2025-01-01/P1M,1730,,,
E09000016,Physical,Under 12,2025-02-01/P1M,2455,,,
E09000016,Physical,Under 12,2025-03-01/P1M,2331,,,
E09000016,Physical,12-17,2024-04-01/P1Y,0,,,
E09000016,Digital,Unknown,2024-04-01/P1M,1028,,,
E09000016,Digital,Unknown,2024-05-01/P1M,1092,,,
E09000016,Digital,Unknown,2024-06-01/P1M,8,,,
E09000016,Digital,Unknown,2024-07-01/P1M,32,,,
E09000016,Digital,Unknown,2024-08-01/P1M,11,,,
E09000016,Digital,Unknown,2024-09-01/P1M,9,,,
E09000016,Digital,Unknown,2024-10-01/P1M,22,,,
E09000016,Digital,Unknown,2024-11-01/P1M,859,,,
E09000016,Digital,Unknown,2024-12-01/P1M,13,,,
E09000016,Digital,Unknown,2025-01-01/P1M,8,,,
E09000016,Digital,Unknown,2025-02-01/P1M,16,,,
E09000016,Digital,Unknown,2025-03-01/P1M,1451,,,
E09000016,Digital,Adult,2024-04-01/P1Y,0,,,
E09000016,Digital,Under 12,2024-04-01/P1Y,0,,,
E09000016,Digital,12-17,2024-04-01/P1Y,0,,,
E06000019,Physical,Adult,2024-04-01/P1M,378,,suspicious,"Source audit: total_attendees_physical_events: Annual: reported total 9,166; category sum 9,635; difference -469. Categories exceed total; check duplication, scope and reporting frequency. Event audiences may overlap. Values retained as reported pending source confirmation."
E06000019,Physical,Adult,2024-05-01/P1M,339,,suspicious,"Source audit: total_attendees_physical_events: Annual: reported total 9,166; category sum 9,635; difference -469. Categories exceed total; check duplication, scope and reporting frequency. Event audiences may overlap. Values retained as reported pending source confirmation."
E06000019,Physical,Adult,2024-06-01/P1M,547,,suspicious,"Source audit: total_attendees_physical_events: Annual: reported total 9,166; category sum 9,635; difference -469. Categories exceed total; check duplication, scope and reporting frequency. Event audiences may overlap. Values retained as reported pending source confirmation."
E06000019,Physical,Adult,2024-07-01/P1M,480,,suspicious,"Source audit: total_attendees_physical_events: Annual: reported total 9,166; category sum 9,635; difference -469. Categories exceed total; check duplication, scope and reporting frequency. Event audiences may overlap. Values retained as reported pending source confirmation."
E06000019,Physical,Adult,2024-08-01/P1M,635,,suspicious,"Source audit: total_attendees_physical_events: Annual: reported total 9,166; category sum 9,635; difference -469. Categories exceed total; check duplication, scope and reporting frequency. Event audiences may overlap. Values retained as reported pending source confirmation."
E06000019,Physical,Adult,2024-09-01/P1M,66,,suspicious,"Source audit: total_attendees_physical_events: Annual: reported total 9,166; category sum 9,635; difference -469. Categories exceed total; check duplication, scope and reporting frequency. Event audiences may overlap. Values retained as reported pending source confirmation."
E06000019,Physical,Adult,2024-10-01/P1M,470,,suspicious,"Source audit: total_attendees_physical_events: Annual: reported total 9,166; category sum 9,635; difference -469. Categories exceed total; check duplication, scope and reporting frequency. Event audiences may overlap. Values retained as reported pending source confirmation."
E06000019,Physical,Adult,2024-11-01/P1M,367,,suspicious,"Source audit: total_attendees_physical_events: Annual: reported total 9,166; category sum 9,635; difference -469. Categories exceed total; check duplication, scope and reporting frequency. Event audiences may overlap. Values retained as reported pending source confirmation."
E06000019,Physical,Adult,2024-12-01/P1M,350,,suspicious,"Source audit: total_attendees_physical_events: Annual: reported total 9,166; category sum 9,635; difference -469. Categories exceed total; check duplication, scope and reporting frequency. Event audiences may overlap. Values retained as reported pending source confirmation."
E06000019,Physical,Adult,2025-01-01/P1M,258,,suspicious,"Source audit: total_attendees_physical_events: Annual: reported total 9,166; category sum 9,635; difference -469. Categories exceed total; check duplication, scope and reporting frequency. Event audiences may overlap. Values retained as reported pending source confirmation."
E06000019,Physical,Adult,2025-02-01/P1M,349,,suspicious,"Source audit: total_attendees_physical_events: Annual: reported total 9,166; category sum 9,635; difference -469. Categories exceed total; check duplication, scope and reporting frequency. Event audiences may overlap. Values retained as reported pending source confirmation."
E06000019,Physical,Adult,2025-03-01/P1M,521,,suspicious,"Source audit: total_attendees_physical_events: Annual: reported total 9,166; category sum 9,635; difference -469. Categories exceed total; check duplication, scope and reporting frequency. Event audiences may overlap. Values retained as reported pending source confirmation."
E06000019,Physical,Under 12,2024-04-01/P1M,168,,suspicious,"Source audit: total_attendees_physical_events: Annual: reported total 9,166; category sum 9,635; difference -469. Categories exceed total; check duplication, scope and reporting frequency. Event audiences may overlap. Values retained as reported pending source confirmation."
E06000019,Physical,Under 12,2024-05-01/P1M,263,,suspicious,"Source audit: total_attendees_physical_events: Annual: reported total 9,166; category sum 9,635; difference -469. Categories exceed total; check duplication, scope and reporting frequency. Event audiences may overlap. Values retained as reported pending source confirmation."
E06000019,Physical,Under 12,2024-06-01/P1M,356,,suspicious,"Source audit: total_attendees_physical_events: Annual: reported total 9,166; category sum 9,635; difference -469. Categories exceed total; check duplication, scope and reporting frequency. Event audiences may overlap. Values retained as reported pending source confirmation."
E06000019,Physical,Under 12,2024-07-01/P1M,805,,suspicious,"Source audit: total_attendees_physical_events: Annual: reported total 9,166; category sum 9,635; difference -469. Categories exceed total; check duplication, scope and reporting frequency. Event audiences may overlap. Values retained as reported pending source confirmation."
E06000019,Physical,Under 12,2024-08-01/P1M,1338,,suspicious,"Source audit: total_attendees_physical_events: Annual: reported total 9,166; category sum 9,635; difference -469. Categories exceed total; check duplication, scope and reporting frequency. Event audiences may overlap. Values retained as reported pending source confirmation."
E06000019,Physical,Under 12,2024-09-01/P1M,34,,suspicious,"Source audit: total_attendees_physical_events: Annual: reported total 9,166; category sum 9,635; difference -469. Categories exceed total; check duplication, scope and reporting frequency. Event audiences may overlap. Values retained as reported pending source confirmation."
E06000019,Physical,Under 12,2024-10-01/P1M,439,,suspicious,"Source audit: total_attendees_physical_events: Annual: reported total 9,166; category sum 9,635; difference -469. Categories exceed total; check duplication, scope and reporting frequency. Event audiences may overlap. Values retained as reported pending source confirmation."
E06000019,Physical,Under 12,2024-11-01/P1M,305,,suspicious,"Source audit: total_attendees_physical_events: Annual: reported total 9,166; category sum 9,635; difference -469. Categories exceed total; check duplication, scope and reporting frequency. Event audiences may overlap. Values retained as reported pending source confirmation."
E06000019,Physical,Under 12,2024-12-01/P1M,176,,suspicious,"Source audit: total_attendees_physical_events: Annual: reported total 9,166; category sum 9,635; difference -469. Categories exceed total; check duplication, scope and reporting frequency. Event audiences may overlap. Values retained as reported pending source confirmation."
E06000019,Physical,Under 12,2025-01-01/P1M,244,,suspicious,"Source audit: total_attendees_physical_events: Annual: reported total 9,166; category sum 9,635; difference -469. Categories exceed total; check duplication, scope and reporting frequency. Event audiences may overlap. Values retained as reported pending source confirmation."
E06000019,Physical,Under 12,2025-02-01/P1M,278,,suspicious,"Source audit: total_attendees_physical_events: Annual: reported total 9,166; category sum 9,635; difference -469. Categories exceed total; check duplication, scope and reporting frequency. Event audiences may overlap. Values retained as reported pending source confirmation."
E06000019,Physical,Under 12,2025-03-01/P1M,469,,suspicious,"Source audit: total_attendees_physical_events: Annual: reported total 9,166; category sum 9,635; difference -469. Categories exceed total; check duplication, scope and reporting frequency. Event audiences may overlap. Values retained as reported pending source confirmation."
E06000019,Physical,12-17,2024-04-01/P1Y,0,,suspicious,"Source audit: total_attendees_physical_events: Annual: reported total 9,166; category sum 9,635; difference -469. Categories exceed total; check duplication, scope and reporting frequency. Event audiences may overlap. Values retained as reported pending source confirmation."
E06000019,Digital,Unknown,2024-04-01/P1Y,0,,,
E06000019,Digital,Adult,2024-04-01/P1Y,0,,,
E06000019,Digital,Under 12,2024-04-01/P1Y,0,,,
E06000019,Digital,12-17,2024-04-01/P1Y,0,,,
E09000017,Physical,Adult,2024-04-01/P1M,2403,,,
E09000017,Physical,Adult,2024-05-01/P1M,2451,,,
E09000017,Physical,Adult,2024-06-01/P1M,2142,,,
E09000017,Physical,Adult,2024-07-01/P1M,2333,,,
E09000017,Physical,Adult,2024-08-01/P1M,1527,,,
E09000017,Physical,Adult,2024-09-01/P1M,2256,,,
E09000017,Physical,Adult,2024-10-01/P1M,2881,,,
E09000017,Physical,Adult,2024-11-01/P1M,3063,,,
E09000017,Physical,Adult,2024-12-01/P1M,1633,,,
E09000017,Physical,Adult,2025-01-01/P1M,2435,,,
E09000017,Physical,Adult,2025-02-01/P1M,2475,,,
E09000017,Physical,Adult,2025-03-01/P1M,2204,,,
E09000017,Physical,Under 12,2024-04-01/P1M,3110,,,
E09000017,Physical,Under 12,2024-05-01/P1M,3411,,,
E09000017,Physical,Under 12,2024-06-01/P1M,5740,,,
E09000017,Physical,Under 12,2024-07-01/P1M,9491,,,
E09000017,Physical,Under 12,2024-08-01/P1M,1390,,,
E09000017,Physical,Under 12,2024-09-01/P1M,2539,,,
E09000017,Physical,Under 12,2024-10-01/P1M,4440,,,
E09000017,Physical,Under 12,2024-11-01/P1M,3907,,,
E09000017,Physical,Under 12,2024-12-01/P1M,2987,,,
E09000017,Physical,Under 12,2025-01-01/P1M,3439,,,
E09000017,Physical,Under 12,2025-02-01/P1M,2588,,,
E09000017,Physical,Under 12,2025-03-01/P1M,5100,,,
E09000017,Physical,12-17,2024-04-01/P1M,560,,,
E09000017,Physical,12-17,2024-05-01/P1M,594,,,
E09000017,Physical,12-17,2024-06-01/P1M,736,,,
E09000017,Physical,12-17,2024-07-01/P1M,688,,,
E09000017,Physical,12-17,2024-08-01/P1M,331,,,
E09000017,Physical,12-17,2024-09-01/P1M,433,,,
E09000017,Physical,12-17,2024-10-01/P1M,759,,,
E09000017,Physical,12-17,2024-11-01/P1M,736,,,
E09000017,Physical,12-17,2024-12-01/P1M,434,,,
E09000017,Physical,12-17,2025-01-01/P1M,466,,,
E09000017,Physical,12-17,2025-02-01/P1M,547,,,
E09000017,Physical,12-17,2025-03-01/P1M,450,,,
E09000017,Digital,Adult,2024-04-01/P1Y,0,,suspicious,"Source audit: total_attendees_digital_events: 2023/2024: 963; 2024/2025: 10,170 (10.56 times; +956.1%). Check units, collection scope and completeness; a change alone does not prove error. Values retained as reported pending source confirmation."
E09000017,Digital,Under 12,2024-04-01/P1M,5,,suspicious,"Source audit: total_attendees_digital_events: 2023/2024: 963; 2024/2025: 10,170 (10.56 times; +956.1%). Check units, collection scope and completeness; a change alone does not prove error. Values retained as reported pending source confirmation."
E09000017,Digital,Under 12,2024-05-01/P1M,15,,suspicious,"Source audit: total_attendees_digital_events: 2023/2024: 963; 2024/2025: 10,170 (10.56 times; +956.1%). Check units, collection scope and completeness; a change alone does not prove error. Values retained as reported pending source confirmation."
E09000017,Digital,Under 12,2024-06-01/P1M,4784,,suspicious,"Source audit: total_attendees_digital_events: 2023/2024: 963; 2024/2025: 10,170 (10.56 times; +956.1%). Check units, collection scope and completeness; a change alone does not prove error. Values retained as reported pending source confirmation."
E09000017,Digital,Under 12,2024-07-01/P1M,5241,,suspicious,"Source audit: total_attendees_digital_events: 2023/2024: 963; 2024/2025: 10,170 (10.56 times; +956.1%). Check units, collection scope and completeness; a change alone does not prove error. Values retained as reported pending source confirmation."
E09000017,Digital,Under 12,2024-08-01/P1M,0,,suspicious,"Source audit: total_attendees_digital_events: 2023/2024: 963; 2024/2025: 10,170 (10.56 times; +956.1%). Check units, collection scope and completeness; a change alone does not prove error. Values retained as reported pending source confirmation."
E09000017,Digital,Under 12,2024-09-01/P1M,0,,suspicious,"Source audit: total_attendees_digital_events: 2023/2024: 963; 2024/2025: 10,170 (10.56 times; +956.1%). Check units, collection scope and completeness; a change alone does not prove error. Values retained as reported pending source confirmation."
E09000017,Digital,Under 12,2024-10-01/P1M,30,,suspicious,"Source audit: total_attendees_digital_events: 2023/2024: 963; 2024/2025: 10,170 (10.56 times; +956.1%). Check units, collection scope and completeness; a change alone does not prove error. Values retained as reported pending source confirmation."
E09000017,Digital,Under 12,2024-11-01/P1M,33,,suspicious,"Source audit: total_attendees_digital_events: 2023/2024: 963; 2024/2025: 10,170 (10.56 times; +956.1%). Check units, collection scope and completeness; a change alone does not prove error. Values retained as reported pending source confirmation."
E09000017,Digital,Under 12,2024-12-01/P1M,14,,suspicious,"Source audit: total_attendees_digital_events: 2023/2024: 963; 2024/2025: 10,170 (10.56 times; +956.1%). Check units, collection scope and completeness; a change alone does not prove error. Values retained as reported pending source confirmation."
E09000017,Digital,Under 12,2025-01-01/P1M,31,,suspicious,"Source audit: total_attendees_digital_events: 2023/2024: 963; 2024/2025: 10,170 (10.56 times; +956.1%). Check units, collection scope and completeness; a change alone does not prove error. Values retained as reported pending source confirmation."
E09000017,Digital,Under 12,2025-02-01/P1M,9,,suspicious,"Source audit: total_attendees_digital_events: 2023/2024: 963; 2024/2025: 10,170 (10.56 times; +956.1%). Check units, collection scope and completeness; a change alone does not prove error. Values retained as reported pending source confirmation."
E09000017,Digital,Under 12,2025-03-01/P1M,0,,suspicious,"Source audit: total_attendees_digital_events: 2023/2024: 963; 2024/2025: 10,170 (10.56 times; +956.1%). Check units, collection scope and completeness; a change alone does not prove error. Values retained as reported pending source confirmation."
E09000017,Digital,12-17,2024-04-01/P1M,1,,suspicious,"Source audit: total_attendees_digital_events: 2023/2024: 963; 2024/2025: 10,170 (10.56 times; +956.1%). Check units, collection scope and completeness; a change alone does not prove error. Values retained as reported pending source confirmation."
E09000017,Digital,12-17,2024-05-01/P1M,5,,suspicious,"Source audit: total_attendees_digital_events: 2023/2024: 963; 2024/2025: 10,170 (10.56 times; +956.1%). Check units, collection scope and completeness; a change alone does not prove error. Values retained as reported pending source confirmation."
E09000017,Digital,12-17,2024-06-01/P1M,2,,suspicious,"Source audit: total_attendees_digital_events: 2023/2024: 963; 2024/2025: 10,170 (10.56 times; +956.1%). Check units, collection scope and completeness; a change alone does not prove error. Values retained as reported pending source confirmation."
E09000017,Digital,12-17,2024-07-01/P1M,0,,suspicious,"Source audit: total_attendees_digital_events: 2023/2024: 963; 2024/2025: 10,170 (10.56 times; +956.1%). Check units, collection scope and completeness; a change alone does not prove error. Values retained as reported pending source confirmation."
E09000017,Digital,12-17,2024-08-01/P1M,0,,suspicious,"Source audit: total_attendees_digital_events: 2023/2024: 963; 2024/2025: 10,170 (10.56 times; +956.1%). Check units, collection scope and completeness; a change alone does not prove error. Values retained as reported pending source confirmation."
E09000017,Digital,12-17,2024-09-01/P1M,0,,suspicious,"Source audit: total_attendees_digital_events: 2023/2024: 963; 2024/2025: 10,170 (10.56 times; +956.1%). Check units, collection scope and completeness; a change alone does not prove error. Values retained as reported pending source confirmation."
E09000017,Digital,12-17,2024-10-01/P1M,0,,suspicious,"Source audit: total_attendees_digital_events: 2023/2024: 963; 2024/2025: 10,170 (10.56 times; +956.1%). Check units, collection scope and completeness; a change alone does not prove error. Values retained as reported pending source confirmation."
E09000017,Digital,12-17,2024-11-01/P1M,0,,suspicious,"Source audit: total_attendees_digital_events: 2023/2024: 963; 2024/2025: 10,170 (10.56 times; +956.1%). Check units, collection scope and completeness; a change alone does not prove error. Values retained as reported pending source confirmation."
E09000017,Digital,12-17,2024-12-01/P1M,0,,suspicious,"Source audit: total_attendees_digital_events: 2023/2024: 963; 2024/2025: 10,170 (10.56 times; +956.1%). Check units, collection scope and completeness; a change alone does not prove error. Values retained as reported pending source confirmation."
E09000017,Digital,12-17,2025-01-01/P1M,0,,suspicious,"Source audit: total_attendees_digital_events: 2023/2024: 963; 2024/2025: 10,170 (10.56 times; +956.1%). Check units, collection scope and completeness; a change alone does not prove error. Values retained as reported pending source confirmation."
E09000017,Digital,12-17,2025-02-01/P1M,0,,suspicious,"Source audit: total_attendees_digital_events: 2023/2024: 963; 2024/2025: 10,170 (10.56 times; +956.1%). Check units, collection scope and completeness; a change alone does not prove error. Values retained as reported pending source confirmation."
E09000017,Digital,12-17,2025-03-01/P1M,0,,suspicious,"Source audit: total_attendees_digital_events: 2023/2024: 963; 2024/2025: 10,170 (10.56 times; +956.1%). Check units, collection scope and completeness; a change alone does not prove error. Values retained as reported pending source confirmation."
E06000046,Physical,Adult,2024-04-01/P1M,1149,,,
E06000046,Physical,Adult,2024-05-01/P1M,1243,,,
E06000046,Physical,Adult,2024-06-01/P1M,1278,,,
E06000046,Physical,Adult,2024-07-01/P1M,1402,,,
E06000046,Physical,Adult,2024-08-01/P1M,1048,,,
E06000046,Physical,Adult,2024-09-01/P1M,1958,,,
E06000046,Physical,Adult,2024-10-01/P1M,1632,,,
E06000046,Physical,Adult,2024-11-01/P1M,1489,,,
E06000046,Physical,Adult,2024-12-01/P1M,956,,,
E06000046,Physical,Adult,2025-01-01/P1M,1204,,,
E06000046,Physical,Adult,2025-02-01/P1M,1191,,,
E06000046,Physical,Adult,2025-03-01/P1M,1039,,,
E06000046,Physical,Under 12,2024-04-01/P1M,1185,,,
E06000046,Physical,Under 12,2024-05-01/P1M,1300,,,
E06000046,Physical,Under 12,2024-06-01/P1M,1200,,,
E06000046,Physical,Under 12,2024-07-01/P1M,1071,,,
E06000046,Physical,Under 12,2024-08-01/P1M,1649,,,
E06000046,Physical,Under 12,2024-09-01/P1M,906,,,
E06000046,Physical,Under 12,2024-10-01/P1M,1292,,,
E06000046,Physical,Under 12,2024-11-01/P1M,877,,,
E06000046,Physical,Under 12,2024-12-01/P1M,560,,,
E06000046,Physical,Under 12,2025-01-01/P1M,834,,,
E06000046,Physical,Under 12,2025-02-01/P1M,912,,,
E06000046,Physical,Under 12,2025-03-01/P1M,692,,,
E06000046,Physical,12-17,2024-04-01/P1Y,0,,,
E06000046,Digital,Unknown,2024-04-01/P1Y,0,,,
E06000046,Digital,Adult,2024-04-01/P1Y,0,,,
E06000046,Digital,Under 12,2024-04-01/P1Y,0,,,
E06000046,Digital,12-17,2024-04-01/P1Y,0,,,
E10000016,Physical,Adult,2024-04-01/P1M,4302,,,
E10000016,Physical,Adult,2024-05-01/P1M,4027,,,
E10000016,Physical,Adult,2024-06-01/P1M,4628,,,
E10000016,Physical,Adult,2024-07-01/P1M,8523,,,
E10000016,Physical,Adult,2024-08-01/P1M,4346,,,
E10000016,Physical,Adult,2024-09-01/P1M,4664,,,
E10000016,Physical,Adult,2024-10-01/P1M,6054,,,
E10000016,Physical,Adult,2024-11-01/P1M,4968,,,
E10000016,Physical,Adult,2024-12-01/P1M,3694,,,
E10000016,Physical,Adult,2025-01-01/P1M,6443,,,
E10000016,Physical,Adult,2025-02-01/P1M,5953,,,
E10000016,Physical,Adult,2025-03-01/P1M,6521,,,
E10000016,Physical,Under 12,2024-04-01/P1M,10556,,,
E10000016,Physical,Under 12,2024-05-01/P1M,10527,,,
E10000016,Physical,Under 12,2024-06-01/P1M,15133,,,
E10000016,Physical,Under 12,2024-07-01/P1M,19094,,,
E10000016,Physical,Under 12,2024-08-01/P1M,9704,,,
E10000016,Physical,Under 12,2024-09-01/P1M,8236,,,
E10000016,Physical,Under 12,2024-10-01/P1M,13278,,,
E10000016,Physical,Under 12,2024-11-01/P1M,12775,,,
E10000016,Physical,Under 12,2024-12-01/P1M,8055,,,
E10000016,Physical,Under 12,2025-01-01/P1M,12992,,,
E10000016,Physical,Under 12,2025-02-01/P1M,12343,,,
E10000016,Physical,Under 12,2025-03-01/P1M,15646,,,
E10000016,Physical,12-17,2024-04-01/P1M,0,,,
E10000016,Physical,12-17,2024-05-01/P1M,0,,,
E10000016,Physical,12-17,2024-06-01/P1M,0,,,
E10000016,Physical,12-17,2024-07-01/P1M,0,,,
E10000016,Physical,12-17,2024-08-01/P1M,0,,,
E10000016,Physical,12-17,2024-09-01/P1M,0,,,
E10000016,Physical,12-17,2024-10-01/P1M,0,,,
E10000016,Physical,12-17,2024-11-01/P1M,0,,,
E10000016,Physical,12-17,2024-12-01/P1M,0,,,
E10000016,Physical,12-17,2025-01-01/P1M,75,,,
E10000016,Physical,12-17,2025-02-01/P1M,65,,,
E10000016,Physical,12-17,2025-03-01/P1M,27,,,
E10000016,Digital,Unknown,2024-04-01/P1Y,0,,,
E10000016,Digital,Adult,2024-04-01/P1Y,0,,,
E10000016,Digital,Under 12,2024-04-01/P1Y,0,,,
E10000016,Digital,12-17,2024-04-01/P1Y,0,,,
E06000010,Physical,Adult,2024-04-01/P1M,294,,,
E06000010,Physical,Adult,2024-05-01/P1M,317,,,
E06000010,Physical,Adult,2024-06-01/P1M,815,,,
E06000010,Physical,Adult,2024-07-01/P1M,614,,,
E06000010,Physical,Adult,2024-08-01/P1M,347,,,
E06000010,Physical,Adult,2024-09-01/P1M,254,,,
E06000010,Physical,Adult,2024-10-01/P1M,395,,,
E06000010,Physical,Adult,2024-11-01/P1M,387,,,
E06000010,Physical,Adult,2024-12-01/P1M,222,,,
E06000010,Physical,Adult,2025-01-01/P1M,387,,,
E06000010,Physical,Adult,2025-02-01/P1M,550,,,
E06000010,Physical,Adult,2025-03-01/P1M,668,,,
E06000010,Physical,Under 12,2024-04-01/P1M,484,,,
E06000010,Physical,Under 12,2024-05-01/P1M,557,,,
E06000010,Physical,Under 12,2024-06-01/P1M,2003,,,
E06000010,Physical,Under 12,2024-07-01/P1M,847,,,
E06000010,Physical,Under 12,2024-08-01/P1M,718,,,
E06000010,Physical,Under 12,2024-09-01/P1M,441,,,
E06000010,Physical,Under 12,2024-10-01/P1M,572,,,
E06000010,Physical,Under 12,2024-11-01/P1M,522,,,
E06000010,Physical,Under 12,2024-12-01/P1M,535,,,
E06000010,Physical,Under 12,2025-01-01/P1M,387,,,
E06000010,Physical,Under 12,2025-02-01/P1M,889,,,
E06000010,Physical,Under 12,2025-03-01/P1M,897,,,
E06000010,Physical,12-17,2024-04-01/P1M,63,,,
E06000010,Physical,12-17,2024-05-01/P1M,84,,,
E06000010,Physical,12-17,2024-06-01/P1M,1771,,,
E06000010,Physical,12-17,2024-07-01/P1M,97,,,
E06000010,Physical,12-17,2024-08-01/P1M,164,,,
E06000010,Physical,12-17,2024-09-01/P1M,130,,,
E06000010,Physical,12-17,2024-10-01/P1M,127,,,
E06000010,Physical,12-17,2024-11-01/P1M,117,,,
E06000010,Physical,12-17,2024-12-01/P1M,141,,,
E06000010,Physical,12-17,2025-01-01/P1M,94,,,
E06000010,Physical,12-17,2025-02-01/P1M,101,,,
E06000010,Physical,12-17,2025-03-01/P1M,17,,,
E06000010,Digital,Unknown,2024-04-01/P1M,48,,,
E06000010,Digital,Unknown,2024-05-01/P1M,33,,,
E06000010,Digital,Unknown,2024-06-01/P1M,35,,,
E06000010,Digital,Unknown,2024-07-01/P1M,26,,,
E06000010,Digital,Unknown,2024-08-01/P1M,37,,,
E06000010,Digital,Unknown,2024-09-01/P1M,26,,,
E06000010,Digital,Unknown,2024-10-01/P1M,35,,,
E06000010,Digital,Unknown,2024-11-01/P1M,30,,,
E06000010,Digital,Unknown,2024-12-01/P1M,24,,,
E06000010,Digital,Unknown,2025-01-01/P1M,34,,,
E06000010,Digital,Unknown,2025-02-01/P1M,38,,,
E06000010,Digital,Unknown,2025-03-01/P1M,35,,,
E06000010,Digital,Adult,2024-04-01/P1Y,0,,,
E06000010,Digital,Under 12,2024-04-01/P1Y,0,,,
E06000010,Digital,12-17,2024-04-01/P1Y,0,,,
E09000021,Physical,Adult,2024-04-01/P3M,2685,,,
E09000021,Physical,Adult,2024-07-01/P3M,2817,,,
E09000021,Physical,Adult,2024-10-01/P3M,2174,,,
E09000021,Physical,Adult,2025-01-01/P3M,2303,,,
E09000021,Physical,Under 12,2024-04-01/P3M,4363,,,
E09000021,Physical,Under 12,2024-07-01/P3M,3641,,,
E09000021,Physical,Under 12,2024-10-01/P3M,3665,,,
E09000021,Physical,Under 12,2025-01-01/P3M,4461,,,
E09000021,Physical,12-17,2024-04-01/P1Y,0,,,
E09000021,Digital,Unknown,2024-04-01/P1Y,0,,,
E09000021,Digital,Adult,2024-04-01/P1Y,0,,,
E09000021,Digital,Under 12,2024-04-01/P1Y,0,,,
E09000021,Digital,12-17,2024-04-01/P1Y,0,,,
E08000034,Physical,Adult,2024-04-01/P1M,7114,,,
E08000034,Physical,Adult,2024-05-01/P1M,7287,,,
E08000034,Physical,Adult,2024-06-01/P1M,6945,,,
E08000034,Physical,Adult,2024-07-01/P1M,7158,,,
E08000034,Physical,Adult,2024-08-01/P1M,5784,,,
E08000034,Physical,Adult,2024-09-01/P1M,7236,,,
E08000034,Physical,Adult,2024-10-01/P1M,8257,,,
E08000034,Physical,Adult,2024-11-01/P1M,7584,,,
E08000034,Physical,Adult,2024-12-01/P1M,5910,,,
E08000034,Physical,Adult,2025-01-01/P1M,6095,,,
E08000034,Physical,Adult,2025-02-01/P1M,7053,,,
E08000034,Physical,Adult,2025-03-01/P1M,8284,,,
E08000034,Physical,Under 12,2024-04-01/P1M,3923,,,
E08000034,Physical,Under 12,2024-05-01/P1M,3774,,,
E08000034,Physical,Under 12,2024-06-01/P1M,4104,,,
E08000034,Physical,Under 12,2024-07-01/P1M,4599,,,
E08000034,Physical,Under 12,2024-08-01/P1M,3636,,,
E08000034,Physical,Under 12,2024-09-01/P1M,3925,,,
E08000034,Physical,Under 12,2024-10-01/P1M,4667,,,
E08000034,Physical,Under 12,2024-11-01/P1M,5002,,,
E08000034,Physical,Under 12,2024-12-01/P1M,2812,,,
E08000034,Physical,Under 12,2025-01-01/P1M,3286,,,
E08000034,Physical,Under 12,2025-02-01/P1M,3618,,,
E08000034,Physical,Under 12,2025-03-01/P1M,4667,,,
E08000034,Physical,12-17,2024-04-01/P1M,214,,,
E08000034,Physical,12-17,2024-05-01/P1M,28,,,
E08000034,Physical,12-17,2024-06-01/P1M,85,,,
E08000034,Physical,12-17,2024-07-01/P1M,17,,,
E08000034,Physical,12-17,2024-08-01/P1M,50,,,
E08000034,Physical,12-17,2024-09-01/P1M,39,,,
E08000034,Physical,12-17,2024-10-01/P1M,38,,,
E08000034,Physical,12-17,2024-11-01/P1M,28,,,
E08000034,Physical,12-17,2024-12-01/P1M,28,,,
E08000034,Physical,12-17,2025-01-01/P1M,30,,,
E08000034,Physical,12-17,2025-02-01/P1M,53,,,
E08000034,Physical,12-17,2025-03-01/P1M,120,,,
E08000034,Digital,Unknown,2024-04-01/P1Y,0,,,
E08000034,Digital,Adult,2024-04-01/P1Y,0,,,
E08000034,Digital,Under 12,2024-04-01/P1Y,0,,,
E08000034,Digital,12-17,2024-04-01/P1Y,0,,,
E08000011,Physical,Adult,2024-04-01/P1M,1406,,,
E08000011,Physical,Adult,2024-05-01/P1M,1249,,,
E08000011,Physical,Adult,2024-06-01/P1M,1064,,,
E08000011,Physical,Adult,2024-07-01/P1M,882,,,
E08000011,Physical,Adult,2024-08-01/P1M,863,,,
E08000011,Physical,Adult,2024-09-01/P1M,1255,,,
E08000011,Physical,Adult,2024-10-01/P1M,1204,,,
E08000011,Physical,Adult,2024-11-01/P1M,1107,,,
E08000011,Physical,Adult,2024-12-01/P1M,1541,,,
E08000011,Physical,Adult,2025-01-01/P1M,883,,,
E08000011,Physical,Adult,2025-02-01/P1M,998,,,
E08000011,Physical,Adult,2025-03-01/P1M,1041,,,
E08000011,Physical,Under 12,2024-04-01/P1M,3328,,,
E08000011,Physical,Under 12,2024-05-01/P1M,2056,,,
E08000011,Physical,Under 12,2024-06-01/P1M,1789,,,
E08000011,Physical,Under 12,2024-07-01/P1M,3148,,,
E08000011,Physical,Under 12,2024-08-01/P1M,6290,,,
E08000011,Physical,Under 12,2024-09-01/P1M,1772,,,
E08000011,Physical,Under 12,2024-10-01/P1M,2752,,,
E08000011,Physical,Under 12,2024-11-01/P1M,1886,,,
E08000011,Physical,Under 12,2024-12-01/P1M,1377,,,
E08000011,Physical,Under 12,2025-01-01/P1M,1577,,,
E08000011,Physical,Under 12,2025-02-01/P1M,2811,,,
E08000011,Physical,Under 12,2025-03-01/P1M,2858,,,
E08000011,Physical,12-17,2024-04-01/P1Y,0,,,
E08000011,Digital,Unknown,2024-04-01/P1Y,0,,,
E08000011,Digital,Adult,2024-04-01/P1Y,0,,,
E08000011,Digital,Under 12,2024-04-01/P1Y,0,,,
E08000011,Digital,12-17,2024-04-01/P1Y,0,,,
E06000016,Physical,Adult,2024-04-01/P1M,920,,,
E06000016,Physical,Adult,2024-05-01/P1M,824,,,
E06000016,Physical,Adult,2024-06-01/P1M,716,,,
E06000016,Physical,Adult,2024-07-01/P1M,908,,,
E06000016,Physical,Adult,2024-08-01/P1M,912,,,
E06000016,Physical,Adult,2024-09-01/P1M,796,,,
E06000016,Physical,Adult,2024-10-01/P1M,1648,,,
E06000016,Physical,Adult,2024-11-01/P1M,2948,,,
E06000016,Physical,Adult,2024-12-01/P1M,852,,,
E06000016,Physical,Adult,2025-01-01/P1M,876,,,
E06000016,Physical,Adult,2025-02-01/P1M,1048,,,
E06000016,Physical,Adult,2025-03-01/P1M,892,,,
E06000016,Physical,Under 12,2024-04-01/P1M,4020,,,
E06000016,Physical,Under 12,2024-05-01/P1M,3632,,,
E06000016,Physical,Under 12,2024-06-01/P1M,2968,,,
E06000016,Physical,Under 12,2024-07-01/P1M,6876,,,
E06000016,Physical,Under 12,2024-08-01/P1M,4092,,,
E06000016,Physical,Under 12,2024-09-01/P1M,2940,,,
E06000016,Physical,Under 12,2024-10-01/P1M,5664,,,
E06000016,Physical,Under 12,2024-11-01/P1M,7964,,,
E06000016,Physical,Under 12,2024-12-01/P1M,3036,,,
E06000016,Physical,Under 12,2025-01-01/P1M,3884,,,
E06000016,Physical,Under 12,2025-02-01/P1M,4492,,,
E06000016,Physical,Under 12,2025-03-01/P1M,3636,,,
E06000016,Physical,12-17,2024-04-01/P1M,144,,,
E06000016,Physical,12-17,2024-05-01/P1M,88,,,
E06000016,Physical,12-17,2024-06-01/P1M,92,,,
E06000016,Physical,12-17,2024-07-01/P1M,264,,,
E06000016,Physical,12-17,2024-08-01/P1M,200,,,
E06000016,Physical,12-17,2024-09-01/P1M,124,,,
E06000016,Physical,12-17,2024-10-01/P1M,256,,,
E06000016,Physical,12-17,2024-11-01/P1M,496,,,
E06000016,Physical,12-17,2024-12-01/P1M,364,,,
E06000016,Physical,12-17,2025-01-01/P1M,72,,,
E06000016,Physical,12-17,2025-02-01/P1M,104,,,
E06000016,Physical,12-17,2025-03-01/P1M,96,,,
E06000016,Digital,Unknown,2024-04-01/P1Y,0,,,
E06000016,Digital,Adult,2024-04-01/P1Y,0,,,
E06000016,Digital,Under 12,2024-04-01/P1Y,0,,,
E06000016,Digital,12-17,2024-04-01/P1Y,0,,,
E09000023,Physical,Adult,2024-04-01/P1M,659,,suspicious,"Source audit: total_attendees_physical_events: Annual: reported total 34,380; category sum 37,010; difference -2,630. Categories exceed total; check duplication, scope and reporting frequency. Event audiences may overlap. Values retained as reported pending source confirmation."
E09000023,Physical,Adult,2024-05-01/P1M,367,,suspicious,"Source audit: total_attendees_physical_events: Annual: reported total 34,380; category sum 37,010; difference -2,630. Categories exceed total; check duplication, scope and reporting frequency. Event audiences may overlap. Values retained as reported pending source confirmation."
E09000023,Physical,Adult,2024-06-01/P1M,553,,suspicious,"Source audit: total_attendees_physical_events: Annual: reported total 34,380; category sum 37,010; difference -2,630. Categories exceed total; check duplication, scope and reporting frequency. Event audiences may overlap. Values retained as reported pending source confirmation."
E09000023,Physical,Adult,2024-07-01/P1M,672,,suspicious,"Source audit: total_attendees_physical_events: Annual: reported total 34,380; category sum 37,010; difference -2,630. Categories exceed total; check duplication, scope and reporting frequency. Event audiences may overlap. Values retained as reported pending source confirmation."
E09000023,Physical,Adult,2024-08-01/P1M,580,,suspicious,"Source audit: total_attendees_physical_events: Annual: reported total 34,380; category sum 37,010; difference -2,630. Categories exceed total; check duplication, scope and reporting frequency. Event audiences may overlap. Values retained as reported pending source confirmation."
E09000023,Physical,Adult,2024-09-01/P1M,665,,suspicious,"Source audit: total_attendees_physical_events: Annual: reported total 34,380; category sum 37,010; difference -2,630. Categories exceed total; check duplication, scope and reporting frequency. Event audiences may overlap. Values retained as reported pending source confirmation."
E09000023,Physical,Adult,2024-10-01/P1M,1034,,suspicious,"Source audit: total_attendees_physical_events: Annual: reported total 34,380; category sum 37,010; difference -2,630. Categories exceed total; check duplication, scope and reporting frequency. Event audiences may overlap. Values retained as reported pending source confirmation."
E09000023,Physical,Adult,2024-11-01/P1M,843,,suspicious,"Source audit: total_attendees_physical_events: Annual: reported total 34,380; category sum 37,010; difference -2,630. Categories exceed total; check duplication, scope and reporting frequency. Event audiences may overlap. Values retained as reported pending source confirmation."
E09000023,Physical,Adult,2024-12-01/P1M,312,,suspicious,"Source audit: total_attendees_physical_events: Annual: reported total 34,380; category sum 37,010; difference -2,630. Categories exceed total; check duplication, scope and reporting frequency. Event audiences may overlap. Values retained as reported pending source confirmation."
E09000023,Physical,Adult,2025-01-01/P1M,361,,suspicious,"Source audit: total_attendees_physical_events: Annual: reported total 34,380; category sum 37,010; difference -2,630. Categories exceed total; check duplication, scope and reporting frequency. Event audiences may overlap. Values retained as reported pending source confirmation."
E09000023,Physical,Adult,2025-02-01/P1M,639,,suspicious,"Source audit: total_attendees_physical_events: Annual: reported total 34,380; category sum 37,010; difference -2,630. Categories exceed total; check duplication, scope and reporting frequency. Event audiences may overlap. Values retained as reported pending source confirmation."
E09000023,Physical,Adult,2025-03-01/P1M,545,,suspicious,"Source audit: total_attendees_physical_events: Annual: reported total 34,380; category sum 37,010; difference -2,630. Categories exceed total; check duplication, scope and reporting frequency. Event audiences may overlap. Values retained as reported pending source confirmation."
E09000023,Physical,Under 12,2024-04-01/P1M,2081,,suspicious,"Source audit: total_attendees_physical_events: Annual: reported total 34,380; category sum 37,010; difference -2,630. Categories exceed total; check duplication, scope and reporting frequency. Event audiences may overlap. Values retained as reported pending source confirmation."
E09000023,Physical,Under 12,2024-05-01/P1M,2096,,suspicious,"Source audit: total_attendees_physical_events: Annual: reported total 34,380; category sum 37,010; difference -2,630. Categories exceed total; check duplication, scope and reporting frequency. Event audiences may overlap. Values retained as reported pending source confirmation."
E09000023,Physical,Under 12,2024-06-01/P1M,2136,,suspicious,"Source audit: total_attendees_physical_events: Annual: reported total 34,380; category sum 37,010; difference -2,630. Categories exceed total; check duplication, scope and reporting frequency. Event audiences may overlap. Values retained as reported pending source confirmation."
E09000023,Physical,Under 12,2024-07-01/P1M,2361,,suspicious,"Source audit: total_attendees_physical_events: Annual: reported total 34,380; category sum 37,010; difference -2,630. Categories exceed total; check duplication, scope and reporting frequency. Event audiences may overlap. Values retained as reported pending source confirmation."
E09000023,Physical,Under 12,2024-08-01/P1M,2566,,suspicious,"Source audit: total_attendees_physical_events: Annual: reported total 34,380; category sum 37,010; difference -2,630. Categories exceed total; check duplication, scope and reporting frequency. Event audiences may overlap. Values retained as reported pending source confirmation."
E09000023,Physical,Under 12,2024-09-01/P1M,2457,,suspicious,"Source audit: total_attendees_physical_events: Annual: reported total 34,380; category sum 37,010; difference -2,630. Categories exceed total; check duplication, scope and reporting frequency. Event audiences may overlap. Values retained as reported pending source confirmation."
E09000023,Physical,Under 12,2024-10-01/P1M,2631,,suspicious,"Source audit: total_attendees_physical_events: Annual: reported total 34,380; category sum 37,010; difference -2,630. Categories exceed total; check duplication, scope and reporting frequency. Event audiences may overlap. Values retained as reported pending source confirmation."
E09000023,Physical,Under 12,2024-11-01/P1M,2529,,suspicious,"Source audit: total_attendees_physical_events: Annual: reported total 34,380; category sum 37,010; difference -2,630. Categories exceed total; check duplication, scope and reporting frequency. Event audiences may overlap. Values retained as reported pending source confirmation."
E09000023,Physical,Under 12,2024-12-01/P1M,1861,,suspicious,"Source audit: total_attendees_physical_events: Annual: reported total 34,380; category sum 37,010; difference -2,630. Categories exceed total; check duplication, scope and reporting frequency. Event audiences may overlap. Values retained as reported pending source confirmation."
E09000023,Physical,Under 12,2025-01-01/P1M,2607,,suspicious,"Source audit: total_attendees_physical_events: Annual: reported total 34,380; category sum 37,010; difference -2,630. Categories exceed total; check duplication, scope and reporting frequency. Event audiences may overlap. Values retained as reported pending source confirmation."
E09000023,Physical,Under 12,2025-02-01/P1M,2675,,suspicious,"Source audit: total_attendees_physical_events: Annual: reported total 34,380; category sum 37,010; difference -2,630. Categories exceed total; check duplication, scope and reporting frequency. Event audiences may overlap. Values retained as reported pending source confirmation."
E09000023,Physical,Under 12,2025-03-01/P1M,2801,,suspicious,"Source audit: total_attendees_physical_events: Annual: reported total 34,380; category sum 37,010; difference -2,630. Categories exceed total; check duplication, scope and reporting frequency. Event audiences may overlap. Values retained as reported pending source confirmation."
E09000023,Physical,12-17,2024-04-01/P1M,94,,suspicious,"Source audit: total_attendees_physical_events: Annual: reported total 34,380; category sum 37,010; difference -2,630. Categories exceed total; check duplication, scope and reporting frequency. Event audiences may overlap. Values retained as reported pending source confirmation."
E09000023,Physical,12-17,2024-05-01/P1M,71,,suspicious,"Source audit: total_attendees_physical_events: Annual: reported total 34,380; category sum 37,010; difference -2,630. Categories exceed total; check duplication, scope and reporting frequency. Event audiences may overlap. Values retained as reported pending source confirmation."
E09000023,Physical,12-17,2024-06-01/P1M,64,,suspicious,"Source audit: total_attendees_physical_events: Annual: reported total 34,380; category sum 37,010; difference -2,630. Categories exceed total; check duplication, scope and reporting frequency. Event audiences may overlap. Values retained as reported pending source confirmation."
E09000023,Physical,12-17,2024-07-01/P1M,19,,suspicious,"Source audit: total_attendees_physical_events: Annual: reported total 34,380; category sum 37,010; difference -2,630. Categories exceed total; check duplication, scope and reporting frequency. Event audiences may overlap. Values retained as reported pending source confirmation."
E09000023,Physical,12-17,2024-08-01/P1M,114,,suspicious,"Source audit: total_attendees_physical_events: Annual: reported total 34,380; category sum 37,010; difference -2,630. Categories exceed total; check duplication, scope and reporting frequency. Event audiences may overlap. Values retained as reported pending source confirmation."
E09000023,Physical,12-17,2024-09-01/P1M,85,,suspicious,"Source audit: total_attendees_physical_events: Annual: reported total 34,380; category sum 37,010; difference -2,630. Categories exceed total; check duplication, scope and reporting frequency. Event audiences may overlap. Values retained as reported pending source confirmation."
E09000023,Physical,12-17,2024-10-01/P1M,148,,suspicious,"Source audit: total_attendees_physical_events: Annual: reported total 34,380; category sum 37,010; difference -2,630. Categories exceed total; check duplication, scope and reporting frequency. Event audiences may overlap. Values retained as reported pending source confirmation."
E09000023,Physical,12-17,2024-11-01/P1M,107,,suspicious,"Source audit: total_attendees_physical_events: Annual: reported total 34,380; category sum 37,010; difference -2,630. Categories exceed total; check duplication, scope and reporting frequency. Event audiences may overlap. Values retained as reported pending source confirmation."
E09000023,Physical,12-17,2024-12-01/P1M,50,,suspicious,"Source audit: total_attendees_physical_events: Annual: reported total 34,380; category sum 37,010; difference -2,630. Categories exceed total; check duplication, scope and reporting frequency. Event audiences may overlap. Values retained as reported pending source confirmation."
E09000023,Physical,12-17,2025-01-01/P1M,5,,suspicious,"Source audit: total_attendees_physical_events: Annual: reported total 34,380; category sum 37,010; difference -2,630. Categories exceed total; check duplication, scope and reporting frequency. Event audiences may overlap. Values retained as reported pending source confirmation."
E09000023,Physical,12-17,2025-02-01/P1M,118,,suspicious,"Source audit: total_attendees_physical_events: Annual: reported total 34,380; category sum 37,010; difference -2,630. Categories exceed total; check duplication, scope and reporting frequency. Event audiences may overlap. Values retained as reported pending source confirmation."
E09000023,Physical,12-17,2025-03-01/P1M,104,,suspicious,"Source audit: total_attendees_physical_events: Annual: reported total 34,380; category sum 37,010; difference -2,630. Categories exceed total; check duplication, scope and reporting frequency. Event audiences may overlap. Values retained as reported pending source confirmation."
E09000023,Digital,Adult,2024-04-01/P1M,0,,,
E09000023,Digital,Adult,2024-05-01/P1M,0,,,
E09000023,Digital,Adult,2024-06-01/P1M,0,,,
E09000023,Digital,Adult,2024-07-01/P1M,0,,,
E09000023,Digital,Adult,2024-08-01/P1M,0,,,
E09000023,Digital,Adult,2024-09-01/P1M,0,,,
E09000023,Digital,Adult,2024-10-01/P1M,0,,,
E09000023,Digital,Adult,2024-11-01/P1M,4,,,
E09000023,Digital,Adult,2024-12-01/P1M,1,,,
E09000023,Digital,Adult,2025-01-01/P1M,6,,,
E09000023,Digital,Adult,2025-02-01/P1M,7,,,
E09000023,Digital,Adult,2025-03-01/P1M,10,,,
E09000023,Digital,Under 12,2024-04-01/P1Y,0,,,
E09000023,Digital,12-17,2024-04-01/P1M,4,,,
E09000023,Digital,12-17,2024-05-01/P1M,4,,,
E09000023,Digital,12-17,2024-06-01/P1M,0,,,
E09000023,Digital,12-17,2024-07-01/P1M,0,,,
E09000023,Digital,12-17,2024-08-01/P1M,15,,,
E09000023,Digital,12-17,2024-09-01/P1M,12,,,
E09000023,Digital,12-17,2024-10-01/P1M,64,,,
E09000023,Digital,12-17,2024-11-01/P1M,62,,,
E09000023,Digital,12-17,2024-12-01/P1M,28,,,
E09000023,Digital,12-17,2025-01-01/P1M,26,,,
E09000023,Digital,12-17,2025-02-01/P1M,54,,,
E09000023,Digital,12-17,2025-03-01/P1M,14,,,
E10000019,Physical,Unknown,2024-04-01/P1M,8084,,,
E10000019,Physical,Unknown,2024-05-01/P1M,6370,,,
E10000019,Physical,Unknown,2024-06-01/P1M,6666,,,
E10000019,Physical,Unknown,2024-07-01/P1M,9012,,,
E10000019,Physical,Unknown,2024-08-01/P1M,7652,,,
E10000019,Physical,Unknown,2024-09-01/P1M,7036,,,
E10000019,Physical,Unknown,2024-10-01/P1M,7177,,,
E10000019,Physical,Unknown,2024-11-01/P1M,6232,,,
E10000019,Physical,Unknown,2024-12-01/P1M,4494,,,
E10000019,Physical,Unknown,2025-01-01/P1M,6107,,,
E10000019,Physical,Unknown,2025-02-01/P1M,6620,,,
E10000019,Physical,Unknown,2025-03-01/P1M,6693,,,
E10000019,Physical,Adult,2024-04-01/P1Y,0,,,
E10000019,Physical,Under 12,2024-04-01/P1Y,0,,,
E10000019,Physical,12-17,2024-04-01/P1Y,0,,,
E10000019,Digital,Unknown,2024-04-01/P1Y,0,,,
E10000019,Digital,Adult,2024-04-01/P1Y,0,,,
E10000019,Digital,Under 12,2024-04-01/P1Y,0,,,
E10000019,Digital,12-17,2024-04-01/P1Y,0,,,
E08000012,Physical,Unknown,2024-04-01/P1M,1999,,,
E08000012,Physical,Unknown,2024-05-01/P1M,1858,,,
E08000012,Physical,Unknown,2024-06-01/P1M,2049,,,
E08000012,Physical,Unknown,2024-07-01/P1M,1587,,,
E08000012,Physical,Unknown,2024-08-01/P1M,1493,,,
E08000012,Physical,Unknown,2024-09-01/P1M,1260,,,
E08000012,Physical,Unknown,2024-10-01/P1M,2306,,,
E08000012,Physical,Unknown,2024-11-01/P1M,2182,,,
E08000012,Physical,Unknown,2024-12-01/P1M,1771,,,
E08000012,Physical,Unknown,2025-01-01/P1M,2054,,,
E08000012,Physical,Unknown,2025-02-01/P1M,2645,,,
E08000012,Physical,Unknown,2025-03-01/P1M,4072,,,
E08000012,Physical,Adult,2024-04-01/P1Y,0,,,
E08000012,Physical,Under 12,2024-04-01/P1Y,0,,,
E08000012,Physical,12-17,2024-04-01/P1Y,0,,,
E08000012,Digital,Unknown,2024-04-01/P1Y,0,,,
E08000012,Digital,Adult,2024-04-01/P1Y,0,,,
E08000012,Digital,Under 12,2024-04-01/P1Y,0,,,
E08000012,Digital,12-17,2024-04-01/P1Y,0,,,
E06000032,Physical,Unknown,2024-04-01/P1Y,0,,,
E06000032,Physical,Adult,2024-04-01/P1Y,0,,,
E06000032,Physical,Under 12,2024-04-01/P1Y,0,,,
E06000032,Physical,12-17,2024-04-01/P1Y,0,,,
E06000032,Digital,Unknown,2024-04-01/P1Y,0,,,
E06000032,Digital,Adult,2024-04-01/P1Y,0,,,
E06000032,Digital,Under 12,2024-04-01/P1Y,0,,,
E06000032,Digital,12-17,2024-04-01/P1Y,0,,,
E08000003,Physical,Unknown,2024-04-01/P1Y,0,,,
E08000003,Physical,Adult,2024-04-01/P1Y,0,,,
E08000003,Physical,Under 12,2024-04-01/P1Y,0,,,
E08000003,Physical,12-17,2024-04-01/P1Y,0,,,
E08000003,Digital,Unknown,2024-04-01/P1Y,0,,,
E08000003,Digital,Adult,2024-04-01/P1Y,0,,,
E08000003,Digital,Under 12,2024-04-01/P1Y,0,,,
E08000003,Digital,12-17,2024-04-01/P1Y,0,,,
E09000024,Physical,Adult,2024-04-01/P1M,3642,,,
E09000024,Physical,Adult,2024-05-01/P1M,3114,,,
E09000024,Physical,Adult,2024-06-01/P1M,4285,,,
E09000024,Physical,Adult,2024-07-01/P1M,3435,,,
E09000024,Physical,Adult,2024-08-01/P1M,4300,,,
E09000024,Physical,Adult,2024-09-01/P1M,2979,,,
E09000024,Physical,Adult,2024-10-01/P1M,5128,,,
E09000024,Physical,Adult,2024-11-01/P1M,5314,,,
E09000024,Physical,Adult,2024-12-01/P1M,2688,,,
E09000024,Physical,Adult,2025-01-01/P1M,3290,,,
E09000024,Physical,Adult,2025-02-01/P1M,3448,,,
E09000024,Physical,Adult,2025-03-01/P1M,4479,,,
E09000024,Physical,Under 12,2024-04-01/P1M,4083,,,
E09000024,Physical,Under 12,2024-05-01/P1M,4882,,,
E09000024,Physical,Under 12,2024-06-01/P1M,3355,,,
E09000024,Physical,Under 12,2024-07-01/P1M,4895,,,
E09000024,Physical,Under 12,2024-08-01/P1M,2843,,,
E09000024,Physical,Under 12,2024-09-01/P1M,3882,,,
E09000024,Physical,Under 12,2024-10-01/P1M,4961,,,
E09000024,Physical,Under 12,2024-11-01/P1M,4791,,,
E09000024,Physical,Under 12,2024-12-01/P1M,4572,,,
E09000024,Physical,Under 12,2025-01-01/P1M,3831,,,
E09000024,Physical,Under 12,2025-02-01/P1M,4015,,,
E09000024,Physical,Under 12,2025-03-01/P1M,5081,,,
E09000024,Physical,12-17,2024-04-01/P1M,10,,,
E09000024,Physical,12-17,2024-05-01/P1M,0,,,
E09000024,Physical,12-17,2024-06-01/P1M,12,,,
E09000024,Physical,12-17,2024-07-01/P1M,79,,,
E09000024,Physical,12-17,2024-08-01/P1M,0,,,
E09000024,Physical,12-17,2024-09-01/P1M,45,,,
E09000024,Physical,12-17,2024-10-01/P1M,139,,,
E09000024,Physical,12-17,2024-11-01/P1M,81,,,
E09000024,Physical,12-17,2024-12-01/P1M,63,,,
E09000024,Physical,12-17,2025-01-01/P1M,84,,,
E09000024,Physical,12-17,2025-02-01/P1M,104,,,
E09000024,Physical,12-17,2025-03-01/P1M,162,,,
E09000024,Digital,Unknown,2024-04-01/P1Y,0,,,
E09000024,Digital,Adult,2024-04-01/P1Y,0,,,
E09000024,Digital,Under 12,2024-04-01/P1Y,0,,,
E09000024,Digital,12-17,2024-04-01/P1Y,0,,,
E06000042,Physical,Adult,2024-04-01/P1M,3415,,,
E06000042,Physical,Adult,2024-05-01/P1M,2762,,,
E06000042,Physical,Adult,2024-06-01/P1M,2409,,,
E06000042,Physical,Adult,2024-07-01/P1M,2556,,,
E06000042,Physical,Adult,2024-08-01/P1M,1730,,,
E06000042,Physical,Adult,2024-09-01/P1M,2514,,,
E06000042,Physical,Adult,2024-10-01/P1M,3086,,,
E06000042,Physical,Adult,2024-11-01/P1M,2716,,,
E06000042,Physical,Adult,2024-12-01/P1M,2113,,,
E06000042,Physical,Adult,2025-01-01/P1M,3312,,,
E06000042,Physical,Adult,2025-02-01/P1M,2902,,,
E06000042,Physical,Adult,2025-03-01/P1M,2269,,,
E06000042,Physical,Under 12,2024-04-01/P1M,2235,,,
E06000042,Physical,Under 12,2024-05-01/P1M,2393,,,
E06000042,Physical,Under 12,2024-06-01/P1M,2772,,,
E06000042,Physical,Under 12,2024-07-01/P1M,8245,,,
E06000042,Physical,Under 12,2024-08-01/P1M,1596,,,
E06000042,Physical,Under 12,2024-09-01/P1M,1808,,,
E06000042,Physical,Under 12,2024-10-01/P1M,2892,,,
E06000042,Physical,Under 12,2024-11-01/P1M,2687,,,
E06000042,Physical,Under 12,2024-12-01/P1M,1589,,,
E06000042,Physical,Under 12,2025-01-01/P1M,2438,,,
E06000042,Physical,Under 12,2025-02-01/P1M,2311,,,
E06000042,Physical,Under 12,2025-03-01/P1M,3339,,,
E06000042,Physical,12-17,2024-04-01/P1M,37,,,
E06000042,Physical,12-17,2024-05-01/P1M,9,,,
E06000042,Physical,12-17,2024-06-01/P1M,17,,,
E06000042,Physical,12-17,2024-07-01/P1M,99,,,
E06000042,Physical,12-17,2024-08-01/P1M,0,,,
E06000042,Physical,12-17,2024-09-01/P1M,89,,,
E06000042,Physical,12-17,2024-10-01/P1M,27,,,
E06000042,Physical,12-17,2024-11-01/P1M,33,,,
E06000042,Physical,12-17,2024-12-01/P1M,18,,,
E06000042,Physical,12-17,2025-01-01/P1M,17,,,
E06000042,Physical,12-17,2025-02-01/P1M,15,,,
E06000042,Physical,12-17,2025-03-01/P1M,22,,,
E06000042,Digital,Unknown,2024-04-01/P1Y,0,,,
E06000042,Digital,Adult,2024-04-01/P1Y,0,,,
E06000042,Digital,Under 12,2024-04-01/P1Y,0,,,
E06000042,Digital,12-17,2024-04-01/P1Y,0,,,
E08000021,Physical,Unknown,2024-04-01/P1M,1218,,,
E08000021,Physical,Unknown,2024-05-01/P1M,2387,,,
E08000021,Physical,Unknown,2024-06-01/P1M,1948,,,
E08000021,Physical,Unknown,2024-07-01/P1M,2048,,,
E08000021,Physical,Unknown,2024-08-01/P1M,2216,,,
E08000021,Physical,Unknown,2024-09-01/P1M,1798,,,
E08000021,Physical,Unknown,2024-10-01/P1M,0,,,
E08000021,Physical,Unknown,2024-11-01/P1M,0,,,
E08000021,Physical,Unknown,2024-12-01/P1M,0,,,
E08000021,Physical,Unknown,2025-01-01/P1M,0,,,
E08000021,Physical,Unknown,2025-02-01/P1M,0,,,
E08000021,Physical,Unknown,2025-03-01/P1M,0,,,
E08000021,Physical,Adult,2024-04-01/P1Y,0,,,
E08000021,Physical,Under 12,2024-04-01/P1Y,0,,,
E08000021,Physical,12-17,2024-04-01/P1Y,0,,,
E08000021,Digital,Unknown,2024-04-01/P1Y,0,,,
E08000021,Digital,Adult,2024-04-01/P1Y,0,,,
E08000021,Digital,Under 12,2024-04-01/P1Y,0,,,
E08000021,Digital,12-17,2024-04-01/P1Y,0,,,
E06000012,Physical,Adult,2024-04-01/P1M,341,,,
E06000012,Physical,Adult,2024-05-01/P1M,752,,,
E06000012,Physical,Adult,2024-06-01/P1M,625,,,
E06000012,Physical,Adult,2024-07-01/P1M,618,,,
E06000012,Physical,Adult,2024-08-01/P1M,370,,,
E06000012,Physical,Adult,2024-09-01/P1M,402,,,
E06000012,Physical,Adult,2024-10-01/P1M,792,,,
E06000012,Physical,Adult,2024-11-01/P1M,630,,,
E06000012,Physical,Adult,2024-12-01/P1M,261,,,
E06000012,Physical,Adult,2025-01-01/P1M,530,,,
E06000012,Physical,Adult,2025-02-01/P1M,508,,,
E06000012,Physical,Adult,2025-03-01/P1M,554,,,
E06000012,Physical,Under 12,2024-04-01/P1M,291,,,
E06000012,Physical,Under 12,2024-05-01/P1M,307,,,
E06000012,Physical,Under 12,2024-06-01/P1M,443,,,
E06000012,Physical,Under 12,2024-07-01/P1M,414,,,
E06000012,Physical,Under 12,2024-08-01/P1M,297,,,
E06000012,Physical,Under 12,2024-09-01/P1M,300,,,
E06000012,Physical,Under 12,2024-10-01/P1M,612,,,
E06000012,Physical,Under 12,2024-11-01/P1M,372,,,
E06000012,Physical,Under 12,2024-12-01/P1M,229,,,
E06000012,Physical,Under 12,2025-01-01/P1M,342,,,
E06000012,Physical,Under 12,2025-02-01/P1M,461,,,
E06000012,Physical,Under 12,2025-03-01/P1M,694,,,
E06000012,Physical,12-17,2024-04-01/P1M,0,,,
E06000012,Physical,12-17,2024-05-01/P1M,0,,,
E06000012,Physical,12-17,2024-06-01/P1M,0,,,
E06000012,Physical,12-17,2024-07-01/P1M,0,,,
E06000012,Physical,12-17,2024-08-01/P1M,0,,,
E06000012,Physical,12-17,2024-09-01/P1M,0,,,
E06000012,Physical,12-17,2024-10-01/P1M,0,,,
E06000012,Physical,12-17,2024-11-01/P1M,0,,,
E06000012,Physical,12-17,2024-12-01/P1M,0,,,
E06000012,Physical,12-17,2025-01-01/P1M,1200,,,
E06000012,Physical,12-17,2025-02-01/P1M,300,,,
E06000012,Physical,12-17,2025-03-01/P1M,0,,,
E06000012,Digital,Adult,2024-04-01/P1M,4,,,
E06000012,Digital,Adult,2024-05-01/P1M,16,,,
E06000012,Digital,Adult,2024-06-01/P1M,22,,,
E06000012,Digital,Adult,2024-07-01/P1M,15,,,
E06000012,Digital,Adult,2024-08-01/P1M,11,,,
E06000012,Digital,Adult,2024-09-01/P1M,6,,,
E06000012,Digital,Adult,2024-10-01/P1M,16,,,
E06000012,Digital,Adult,2024-11-01/P1M,16,,,
E06000012,Digital,Adult,2024-12-01/P1M,11,,,
E06000012,Digital,Adult,2025-01-01/P1M,11,,,
E06000012,Digital,Adult,2025-02-01/P1M,9,,,
E06000012,Digital,Adult,2025-03-01/P1M,28,,,
E06000012,Digital,Under 12,2024-04-01/P1Y,0,,,
E06000012,Digital,12-17,2024-04-01/P1Y,0,,,
E06000013,Physical,Unknown,2024-04-01/P1Y,0,,,
E06000013,Physical,Adult,2024-04-01/P1Y,0,,,
E06000013,Physical,Under 12,2024-04-01/P1Y,0,,,
E06000013,Physical,12-17,2024-04-01/P1Y,0,,,
E06000013,Digital,Unknown,2024-04-01/P1Y,0,,,
E06000013,Digital,Adult,2024-04-01/P1Y,0,,,
E06000013,Digital,Under 12,2024-04-01/P1Y,0,,,
E06000013,Digital,12-17,2024-04-01/P1Y,0,,,
E06000061,Physical,Adult,2024-04-01/P1M,0,,,
E06000061,Physical,Adult,2024-05-01/P1M,0,,,
E06000061,Physical,Adult,2024-06-01/P1M,0,,,
E06000061,Physical,Adult,2024-07-01/P1M,442,,,
E06000061,Physical,Adult,2024-08-01/P1M,509,,,
E06000061,Physical,Adult,2024-09-01/P1M,162,,,
E06000061,Physical,Adult,2024-10-01/P1M,0,,,
E06000061,Physical,Adult,2024-11-01/P1M,0,,,
E06000061,Physical,Adult,2024-12-01/P1M,0,,,
E06000061,Physical,Adult,2025-01-01/P1M,0,,,
E06000061,Physical,Adult,2025-02-01/P1M,0,,,
E06000061,Physical,Adult,2025-03-01/P1M,0,,,
E06000061,Physical,Under 12,2024-04-01/P1M,0,,,
E06000061,Physical,Under 12,2024-05-01/P1M,0,,,
E06000061,Physical,Under 12,2024-06-01/P1M,0,,,
E06000061,Physical,Under 12,2024-07-01/P1M,676,,,
E06000061,Physical,Under 12,2024-08-01/P1M,783,,,
E06000061,Physical,Under 12,2024-09-01/P1M,213,,,
E06000061,Physical,Under 12,2024-10-01/P1M,0,,,
E06000061,Physical,Under 12,2024-11-01/P1M,0,,,
E06000061,Physical,Under 12,2024-12-01/P1M,0,,,
E06000061,Physical,Under 12,2025-01-01/P1M,0,,,
E06000061,Physical,Under 12,2025-02-01/P1M,0,,,
E06000061,Physical,Under 12,2025-03-01/P1M,0,,,
E06000061,Physical,12-17,2024-04-01/P1Y,0,,,
E06000061,Digital,Unknown,2024-04-01/P1Y,0,,,
E06000061,Digital,Adult,2024-04-01/P1Y,0,,,
E06000061,Digital,Under 12,2024-04-01/P1Y,0,,,
E06000061,Digital,12-17,2024-04-01/P1Y,0,,,
E06000024,Physical,Adult,2024-04-01/P3M,5318,,,
E06000024,Physical,Adult,2024-07-01/P3M,5124,,,
E06000024,Physical,Adult,2024-10-01/P3M,5282,,,
E06000024,Physical,Adult,2025-01-01/P3M,5181,,,
E06000024,Physical,Under 12,2024-04-01/P3M,4469,,,
E06000024,Physical,Under 12,2024-07-01/P3M,6524,,,
E06000024,Physical,Under 12,2024-10-01/P3M,4190,,,
E06000024,Physical,Under 12,2025-01-01/P3M,4011,,,
E06000024,Physical,12-17,2024-04-01/P1Y,0,,,
E06000024,Digital,Unknown,2024-04-01/P1Y,0,,,
E06000024,Digital,Adult,2024-04-01/P1Y,0,,,
E06000024,Digital,Under 12,2024-04-01/P1Y,0,,,
E06000024,Digital,12-17,2024-04-01/P1Y,0,,,
E08000022,Physical,Adult,2024-04-01/P1M,1887,,,
E08000022,Physical,Adult,2024-05-01/P1M,2014,,,
E08000022,Physical,Adult,2024-06-01/P1M,1565,,,
E08000022,Physical,Adult,2024-07-01/P1M,1942,,,
E08000022,Physical,Adult,2024-08-01/P1M,2572,,,
E08000022,Physical,Adult,2024-09-01/P1M,1771,,,
E08000022,Physical,Adult,2024-10-01/P1M,2289,,,
E08000022,Physical,Adult,2024-11-01/P1M,2281,,,
E08000022,Physical,Adult,2024-12-01/P1M,1744,,,
E08000022,Physical,Adult,2025-01-01/P1M,2113,,,
E08000022,Physical,Adult,2025-02-01/P1M,2460,,,
E08000022,Physical,Adult,2025-03-01/P1M,2482,,,
E08000022,Physical,Under 12,2024-04-01/P1M,2129,,,
E08000022,Physical,Under 12,2024-05-01/P1M,2393,,,
E08000022,Physical,Under 12,2024-06-01/P1M,2566,,,
E08000022,Physical,Under 12,2024-07-01/P1M,1892,,,
E08000022,Physical,Under 12,2024-08-01/P1M,2328,,,
E08000022,Physical,Under 12,2024-09-01/P1M,2016,,,
E08000022,Physical,Under 12,2024-10-01/P1M,3168,,,
E08000022,Physical,Under 12,2024-11-01/P1M,3776,,,
E08000022,Physical,Under 12,2024-12-01/P1M,1986,,,
E08000022,Physical,Under 12,2025-01-01/P1M,2557,,,
E08000022,Physical,Under 12,2025-02-01/P1M,3597,,,
E08000022,Physical,Under 12,2025-03-01/P1M,3724,,,
E08000022,Physical,12-17,2024-04-01/P1Y,0,,,
E08000022,Digital,Unknown,2024-04-01/P1Y,0,,,
E08000022,Digital,Adult,2024-04-01/P1Y,0,,,
E08000022,Digital,Under 12,2024-04-01/P1Y,0,,,
E08000022,Digital,12-17,2024-04-01/P1Y,0,,,
E06000065,Physical,Unknown,2024-04-01/P1M,13259,,,
E06000065,Physical,Unknown,2024-05-01/P1M,13325,,,
E06000065,Physical,Unknown,2024-06-01/P1M,13385,,,
E06000065,Physical,Unknown,2024-07-01/P1M,21200,,,
E06000065,Physical,Unknown,2024-08-01/P1M,10961,,,
E06000065,Physical,Unknown,2024-09-01/P1M,11914,,,
E06000065,Physical,Unknown,2024-10-01/P1M,14794,,,
E06000065,Physical,Unknown,2024-11-01/P1M,15178,,,
E06000065,Physical,Unknown,2024-12-01/P1M,12372,,,
E06000065,Physical,Unknown,2025-01-01/P1M,11262,,,
E06000065,Physical,Unknown,2025-02-01/P1M,8778,,,
E06000065,Physical,Unknown,2025-03-01/P1M,3155,,,
E06000065,Physical,Adult,2024-04-01/P1Y,0,,,
E06000065,Physical,Under 12,2024-04-01/P1Y,0,,,
E06000065,Physical,12-17,2024-04-01/P1Y,0,,,
E06000065,Digital,Unknown,2024-04-01/P1Y,0,,,
E06000065,Digital,Adult,2024-04-01/P1Y,0,,,
E06000065,Digital,Under 12,2024-04-01/P1Y,0,,,
E06000065,Digital,12-17,2024-04-01/P1Y,0,,,
E06000057,Physical,Adult,2024-04-01/P1M,1052,,,
E06000057,Physical,Adult,2024-05-01/P1M,891,,,
E06000057,Physical,Adult,2024-06-01/P1M,1013,,,
E06000057,Physical,Adult,2024-07-01/P1M,959,,,
E06000057,Physical,Adult,2024-08-01/P1M,1099,,,
E06000057,Physical,Adult,2024-09-01/P1M,1154,,,
E06000057,Physical,Adult,2024-10-01/P1M,1445,,,
E06000057,Physical,Adult,2024-11-01/P1M,1182,,,
E06000057,Physical,Adult,2024-12-01/P1M,766,,,
E06000057,Physical,Adult,2025-01-01/P1M,1236,,,
E06000057,Physical,Adult,2025-02-01/P1M,1080,,,
E06000057,Physical,Adult,2025-03-01/P1M,1091,,,
E06000057,Physical,Under 12,2024-04-01/P1M,1470,,,
E06000057,Physical,Under 12,2024-05-01/P1M,984,,,
E06000057,Physical,Under 12,2024-06-01/P1M,1099,,,
E06000057,Physical,Under 12,2024-07-01/P1M,1289,,,
E06000057,Physical,Under 12,2024-08-01/P1M,1272,,,
E06000057,Physical,Under 12,2024-09-01/P1M,796,,,
E06000057,Physical,Under 12,2024-10-01/P1M,1580,,,
E06000057,Physical,Under 12,2024-11-01/P1M,1157,,,
E06000057,Physical,Under 12,2024-12-01/P1M,885,,,
E06000057,Physical,Under 12,2025-01-01/P1M,1024,,,
E06000057,Physical,Under 12,2025-02-01/P1M,1521,,,
E06000057,Physical,Under 12,2025-03-01/P1M,1433,,,
E06000057,Physical,12-17,2024-04-01/P1Y,0,,,
E06000057,Digital,Unknown,2024-04-01/P1Y,0,,,
E06000057,Digital,Adult,2024-04-01/P1Y,0,,,
E06000057,Digital,Under 12,2024-04-01/P1Y,0,,,
E06000057,Digital,12-17,2024-04-01/P1Y,0,,,
E06000018,Physical,Adult,2024-04-01/P1M,3793,,,
E06000018,Physical,Adult,2024-05-01/P1M,4228,,,
E06000018,Physical,Adult,2024-06-01/P1M,4919,,,
E06000018,Physical,Adult,2024-07-01/P1M,3800,,,
E06000018,Physical,Adult,2024-08-01/P1M,3463,,,
E06000018,Physical,Adult,2024-09-01/P1M,4056,,,
E06000018,Physical,Adult,2024-10-01/P1M,4843,,,
E06000018,Physical,Adult,2024-11-01/P1M,3944,,,
E06000018,Physical,Adult,2024-12-01/P1M,2903,,,
E06000018,Physical,Adult,2025-01-01/P1M,3505,,,
E06000018,Physical,Adult,2025-02-01/P1M,4620,,,
E06000018,Physical,Adult,2025-03-01/P1M,4173,,,
E06000018,Physical,Under 12,2024-04-01/P1M,3313,,,
E06000018,Physical,Under 12,2024-05-01/P1M,3114,,,
E06000018,Physical,Under 12,2024-06-01/P1M,3344,,,
E06000018,Physical,Under 12,2024-07-01/P1M,2709,,,
E06000018,Physical,Under 12,2024-08-01/P1M,3016,,,
E06000018,Physical,Under 12,2024-09-01/P1M,2616,,,
E06000018,Physical,Under 12,2024-10-01/P1M,3732,,,
E06000018,Physical,Under 12,2024-11-01/P1M,3105,,,
E06000018,Physical,Under 12,2024-12-01/P1M,2261,,,
E06000018,Physical,Under 12,2025-01-01/P1M,2311,,,
E06000018,Physical,Under 12,2025-02-01/P1M,3626,,,
E06000018,Physical,Under 12,2025-03-01/P1M,3803,,,
E06000018,Physical,12-17,2024-04-01/P1Y,0,,,
E06000018,Digital,Adult,2024-04-01/P1M,19,,,
E06000018,Digital,Adult,2024-05-01/P1M,146,,,
E06000018,Digital,Adult,2024-06-01/P1M,87,,,
E06000018,Digital,Adult,2024-07-01/P1M,9,,,
E06000018,Digital,Adult,2024-08-01/P1M,79,,,
E06000018,Digital,Adult,2024-09-01/P1M,77,,,
E06000018,Digital,Adult,2024-10-01/P1M,67,,,
E06000018,Digital,Adult,2024-11-01/P1M,59,,,
E06000018,Digital,Adult,2024-12-01/P1M,3,,,
E06000018,Digital,Adult,2025-01-01/P1M,3,,,
E06000018,Digital,Adult,2025-02-01/P1M,11,,,
E06000018,Digital,Adult,2025-03-01/P1M,0,,,
E06000018,Digital,Under 12,2024-04-01/P1Y,0,,,
E06000018,Digital,12-17,2024-04-01/P1Y,0,,,
E10000024,Physical,Unknown,2024-04-01/P1M,23811,,,
E10000024,Physical,Unknown,2024-05-01/P1M,24717,,,
E10000024,Physical,Unknown,2024-06-01/P1M,25756,,,
E10000024,Physical,Unknown,2024-07-01/P1M,31047,,,
E10000024,Physical,Unknown,2024-08-01/P1M,24689,,,
E10000024,Physical,Unknown,2024-09-01/P1M,25695,,,
E10000024,Physical,Unknown,2024-10-01/P1M,29855,,,
E10000024,Physical,Unknown,2024-11-01/P1M,33796,,,
E10000024,Physical,Unknown,2024-12-01/P1M,18433,,,
E10000024,Physical,Unknown,2025-01-01/P1M,25912,,,
E10000024,Physical,Unknown,2025-02-01/P1M,50032,,,
E10000024,Physical,Unknown,2025-03-01/P1M,30849,,,
E10000024,Physical,Adult,2024-04-01/P1Y,0,,,
E10000024,Physical,Under 12,2024-04-01/P1Y,0,,,
E10000024,Physical,12-17,2024-04-01/P1Y,0,,,
E10000024,Digital,Unknown,2024-04-01/P1M,3626,,,
E10000024,Digital,Unknown,2024-05-01/P1M,1249,,,
E10000024,Digital,Unknown,2024-06-01/P1M,701,,,
E10000024,Digital,Unknown,2024-07-01/P1M,698,,,
E10000024,Digital,Unknown,2024-08-01/P1M,86,,,
E10000024,Digital,Unknown,2024-09-01/P1M,9,,,
E10000024,Digital,Unknown,2024-10-01/P1M,13,,,
E10000024,Digital,Unknown,2024-11-01/P1M,7,,,
E10000024,Digital,Unknown,2024-12-01/P1M,8,,,
E10000024,Digital,Unknown,2025-01-01/P1M,3,,,
E10000024,Digital,Unknown,2025-02-01/P1M,17,,,
E10000024,Digital,Unknown,2025-03-01/P1M,2017,,,
E10000024,Digital,Adult,2024-04-01/P1Y,0,,,
E10000024,Digital,Under 12,2024-04-01/P1Y,0,,,
E10000024,Digital,12-17,2024-04-01/P1Y,0,,,
E08000004,Physical,Adult,2024-04-01/P1M,3636,,,
E08000004,Physical,Adult,2024-05-01/P1M,4506,,,
E08000004,Physical,Adult,2024-06-01/P1M,3777,,,
E08000004,Physical,Adult,2024-07-01/P1M,5050,,,
E08000004,Physical,Adult,2024-08-01/P1M,4028,,,
E08000004,Physical,Adult,2024-09-01/P1M,3320,,,
E08000004,Physical,Adult,2024-10-01/P1M,3584,,,
E08000004,Physical,Adult,2024-11-01/P1M,3186,,,
E08000004,Physical,Adult,2024-12-01/P1M,3336,,,
E08000004,Physical,Adult,2025-01-01/P1M,5125,,,
E08000004,Physical,Adult,2025-02-01/P1M,4386,,,
E08000004,Physical,Adult,2025-03-01/P1M,3317,,,
E08000004,Physical,Under 12,2024-04-01/P1M,1655,,,
E08000004,Physical,Under 12,2024-05-01/P1M,1556,,,
E08000004,Physical,Under 12,2024-06-01/P1M,2035,,,
E08000004,Physical,Under 12,2024-07-01/P1M,1799,,,
E08000004,Physical,Under 12,2024-08-01/P1M,1467,,,
E08000004,Physical,Under 12,2024-09-01/P1M,1475,,,
E08000004,Physical,Under 12,2024-10-01/P1M,1650,,,
E08000004,Physical,Under 12,2024-11-01/P1M,1403,,,
E08000004,Physical,Under 12,2024-12-01/P1M,2059,,,
E08000004,Physical,Under 12,2025-01-01/P1M,2259,,,
E08000004,Physical,Under 12,2025-02-01/P1M,2706,,,
E08000004,Physical,Under 12,2025-03-01/P1M,1539,,,
E08000004,Physical,12-17,2024-04-01/P1M,44,,,
E08000004,Physical,12-17,2024-05-01/P1M,18,,,
E08000004,Physical,12-17,2024-06-01/P1M,17,,,
E08000004,Physical,12-17,2024-07-01/P1M,4,,,
E08000004,Physical,12-17,2024-08-01/P1M,85,,,
E08000004,Physical,12-17,2024-09-01/P1M,24,,,
E08000004,Physical,12-17,2024-10-01/P1M,26,,,
E08000004,Physical,12-17,2024-11-01/P1M,26,,,
E08000004,Physical,12-17,2024-12-01/P1M,4,,,
E08000004,Physical,12-17,2025-01-01/P1M,13,,,
E08000004,Physical,12-17,2025-02-01/P1M,18,,,
E08000004,Physical,12-17,2025-03-01/P1M,13,,,
E08000004,Digital,Unknown,2024-04-01/P1Y,0,,,
E08000004,Digital,Adult,2024-04-01/P1Y,0,,,
E08000004,Digital,Under 12,2024-04-01/P1Y,0,,,
E08000004,Digital,12-17,2024-04-01/P1Y,0,,,
E10000025,Physical,Adult,2024-04-01/P1M,2584,,,
E10000025,Physical,Adult,2024-05-01/P1M,6167,,,
E10000025,Physical,Adult,2024-06-01/P1M,3805,,,
E10000025,Physical,Adult,2024-07-01/P1M,2686,,,
E10000025,Physical,Adult,2024-08-01/P1M,2476,,,
E10000025,Physical,Adult,2024-09-01/P1M,3673,,,
E10000025,Physical,Adult,2024-10-01/P1M,4394,,,
E10000025,Physical,Adult,2024-11-01/P1M,5150,,,
E10000025,Physical,Adult,2024-12-01/P1M,4064,,,
E10000025,Physical,Adult,2025-01-01/P1M,4438,,,
E10000025,Physical,Adult,2025-02-01/P1M,4027,,,
E10000025,Physical,Adult,2025-03-01/P1M,4693,,,
E10000025,Physical,Under 12,2024-04-01/P1M,14150,,,
E10000025,Physical,Under 12,2024-05-01/P1M,12369,,,
E10000025,Physical,Under 12,2024-06-01/P1M,14750,,,
E10000025,Physical,Under 12,2024-07-01/P1M,24040,,,
E10000025,Physical,Under 12,2024-08-01/P1M,12583,,,
E10000025,Physical,Under 12,2024-09-01/P1M,11638,,,
E10000025,Physical,Under 12,2024-10-01/P1M,15481,,,
E10000025,Physical,Under 12,2024-11-01/P1M,15330,,,
E10000025,Physical,Under 12,2024-12-01/P1M,12983,,,
E10000025,Physical,Under 12,2025-01-01/P1M,12543,,,
E10000025,Physical,Under 12,2025-02-01/P1M,15196,,,
E10000025,Physical,Under 12,2025-03-01/P1M,15354,,,
E10000025,Physical,12-17,2024-04-01/P1Y,0,,,
E10000025,Digital,Unknown,2024-04-01/P1Y,0,,,
E10000025,Digital,Adult,2024-04-01/P1Y,0,,,
E10000025,Digital,Under 12,2024-04-01/P1Y,0,,,
E10000025,Digital,12-17,2024-04-01/P1Y,0,,,
E06000031,Physical,Adult,2024-04-01/P1M,50,,suspicious,"Source audit: total_attendees_physical_events: 2023/2024: 19,780; 2024/2025: 1,541 (0.08 times; -92.2%). Check units, collection scope and completeness; a change alone does not prove error. Values retained as reported pending source confirmation."
E06000031,Physical,Adult,2024-05-01/P1M,31,,suspicious,"Source audit: total_attendees_physical_events: 2023/2024: 19,780; 2024/2025: 1,541 (0.08 times; -92.2%). Check units, collection scope and completeness; a change alone does not prove error. Values retained as reported pending source confirmation."
E06000031,Physical,Adult,2024-06-01/P1M,37,,suspicious,"Source audit: total_attendees_physical_events: 2023/2024: 19,780; 2024/2025: 1,541 (0.08 times; -92.2%). Check units, collection scope and completeness; a change alone does not prove error. Values retained as reported pending source confirmation."
E06000031,Physical,Adult,2024-07-01/P1M,27,,suspicious,"Source audit: total_attendees_physical_events: 2023/2024: 19,780; 2024/2025: 1,541 (0.08 times; -92.2%). Check units, collection scope and completeness; a change alone does not prove error. Values retained as reported pending source confirmation."
E06000031,Physical,Adult,2024-08-01/P1M,18,,suspicious,"Source audit: total_attendees_physical_events: 2023/2024: 19,780; 2024/2025: 1,541 (0.08 times; -92.2%). Check units, collection scope and completeness; a change alone does not prove error. Values retained as reported pending source confirmation."
E06000031,Physical,Adult,2024-09-01/P1M,32,,suspicious,"Source audit: total_attendees_physical_events: 2023/2024: 19,780; 2024/2025: 1,541 (0.08 times; -92.2%). Check units, collection scope and completeness; a change alone does not prove error. Values retained as reported pending source confirmation."
E06000031,Physical,Adult,2024-10-01/P1M,38,,suspicious,"Source audit: total_attendees_physical_events: 2023/2024: 19,780; 2024/2025: 1,541 (0.08 times; -92.2%). Check units, collection scope and completeness; a change alone does not prove error. Values retained as reported pending source confirmation."
E06000031,Physical,Adult,2024-11-01/P1M,33,,suspicious,"Source audit: total_attendees_physical_events: 2023/2024: 19,780; 2024/2025: 1,541 (0.08 times; -92.2%). Check units, collection scope and completeness; a change alone does not prove error. Values retained as reported pending source confirmation."
E06000031,Physical,Adult,2024-12-01/P1M,11,,suspicious,"Source audit: total_attendees_physical_events: 2023/2024: 19,780; 2024/2025: 1,541 (0.08 times; -92.2%). Check units, collection scope and completeness; a change alone does not prove error. Values retained as reported pending source confirmation."
E06000031,Physical,Adult,2025-01-01/P1M,41,,suspicious,"Source audit: total_attendees_physical_events: 2023/2024: 19,780; 2024/2025: 1,541 (0.08 times; -92.2%). Check units, collection scope and completeness; a change alone does not prove error. Values retained as reported pending source confirmation."
E06000031,Physical,Adult,2025-02-01/P1M,41,,suspicious,"Source audit: total_attendees_physical_events: 2023/2024: 19,780; 2024/2025: 1,541 (0.08 times; -92.2%). Check units, collection scope and completeness; a change alone does not prove error. Values retained as reported pending source confirmation."
E06000031,Physical,Adult,2025-03-01/P1M,51,,suspicious,"Source audit: total_attendees_physical_events: 2023/2024: 19,780; 2024/2025: 1,541 (0.08 times; -92.2%). Check units, collection scope and completeness; a change alone does not prove error. Values retained as reported pending source confirmation."
E06000031,Physical,Under 12,2024-04-01/P1M,107,,suspicious,"Source audit: total_attendees_physical_events: 2023/2024: 19,780; 2024/2025: 1,541 (0.08 times; -92.2%). Check units, collection scope and completeness; a change alone does not prove error. Values retained as reported pending source confirmation."
E06000031,Physical,Under 12,2024-05-01/P1M,105,,suspicious,"Source audit: total_attendees_physical_events: 2023/2024: 19,780; 2024/2025: 1,541 (0.08 times; -92.2%). Check units, collection scope and completeness; a change alone does not prove error. Values retained as reported pending source confirmation."
E06000031,Physical,Under 12,2024-06-01/P1M,94,,suspicious,"Source audit: total_attendees_physical_events: 2023/2024: 19,780; 2024/2025: 1,541 (0.08 times; -92.2%). Check units, collection scope and completeness; a change alone does not prove error. Values retained as reported pending source confirmation."
E06000031,Physical,Under 12,2024-07-01/P1M,80,,suspicious,"Source audit: total_attendees_physical_events: 2023/2024: 19,780; 2024/2025: 1,541 (0.08 times; -92.2%). Check units, collection scope and completeness; a change alone does not prove error. Values retained as reported pending source confirmation."
E06000031,Physical,Under 12,2024-08-01/P1M,71,,suspicious,"Source audit: total_attendees_physical_events: 2023/2024: 19,780; 2024/2025: 1,541 (0.08 times; -92.2%). Check units, collection scope and completeness; a change alone does not prove error. Values retained as reported pending source confirmation."
E06000031,Physical,Under 12,2024-09-01/P1M,73,,suspicious,"Source audit: total_attendees_physical_events: 2023/2024: 19,780; 2024/2025: 1,541 (0.08 times; -92.2%). Check units, collection scope and completeness; a change alone does not prove error. Values retained as reported pending source confirmation."
E06000031,Physical,Under 12,2024-10-01/P1M,95,,suspicious,"Source audit: total_attendees_physical_events: 2023/2024: 19,780; 2024/2025: 1,541 (0.08 times; -92.2%). Check units, collection scope and completeness; a change alone does not prove error. Values retained as reported pending source confirmation."
E06000031,Physical,Under 12,2024-11-01/P1M,106,,suspicious,"Source audit: total_attendees_physical_events: 2023/2024: 19,780; 2024/2025: 1,541 (0.08 times; -92.2%). Check units, collection scope and completeness; a change alone does not prove error. Values retained as reported pending source confirmation."
E06000031,Physical,Under 12,2024-12-01/P1M,71,,suspicious,"Source audit: total_attendees_physical_events: 2023/2024: 19,780; 2024/2025: 1,541 (0.08 times; -92.2%). Check units, collection scope and completeness; a change alone does not prove error. Values retained as reported pending source confirmation."
E06000031,Physical,Under 12,2025-01-01/P1M,106,,suspicious,"Source audit: total_attendees_physical_events: 2023/2024: 19,780; 2024/2025: 1,541 (0.08 times; -92.2%). Check units, collection scope and completeness; a change alone does not prove error. Values retained as reported pending source confirmation."
E06000031,Physical,Under 12,2025-02-01/P1M,91,,suspicious,"Source audit: total_attendees_physical_events: 2023/2024: 19,780; 2024/2025: 1,541 (0.08 times; -92.2%). Check units, collection scope and completeness; a change alone does not prove error. Values retained as reported pending source confirmation."
E06000031,Physical,Under 12,2025-03-01/P1M,98,,suspicious,"Source audit: total_attendees_physical_events: 2023/2024: 19,780; 2024/2025: 1,541 (0.08 times; -92.2%). Check units, collection scope and completeness; a change alone does not prove error. Values retained as reported pending source confirmation."
E06000031,Physical,12-17,2024-04-01/P1Y,0,,suspicious,"Source audit: total_attendees_physical_events: 2023/2024: 19,780; 2024/2025: 1,541 (0.08 times; -92.2%). Check units, collection scope and completeness; a change alone does not prove error. Values retained as reported pending source confirmation."
E06000031,Digital,Unknown,2024-04-01/P1Y,0,,,
E06000031,Digital,Adult,2024-04-01/P1Y,0,,,
E06000031,Digital,Under 12,2024-04-01/P1Y,0,,,
E06000031,Digital,12-17,2024-04-01/P1Y,0,,,
E06000038,Physical,Adult,2024-04-01/P1M,1499,,,
E06000038,Physical,Adult,2024-05-01/P1M,1366,,,
E06000038,Physical,Adult,2024-06-01/P1M,1153,,,
E06000038,Physical,Adult,2024-07-01/P1M,1381,,,
E06000038,Physical,Adult,2024-08-01/P1M,1542,,,
E06000038,Physical,Adult,2024-09-01/P1M,1268,,,
E06000038,Physical,Adult,2024-10-01/P1M,1692,,,
E06000038,Physical,Adult,2024-11-01/P1M,1202,,,
E06000038,Physical,Adult,2024-12-01/P1M,911,,,
E06000038,Physical,Adult,2025-01-01/P1M,1157,,,
E06000038,Physical,Adult,2025-02-01/P1M,1147,,,
E06000038,Physical,Adult,2025-03-01/P1M,1312,,,
E06000038,Physical,Under 12,2024-04-01/P1M,1367,,,
E06000038,Physical,Under 12,2024-05-01/P1M,1547,,,
E06000038,Physical,Under 12,2024-06-01/P1M,1250,,,
E06000038,Physical,Under 12,2024-07-01/P1M,1487,,,
E06000038,Physical,Under 12,2024-08-01/P1M,1691,,,
E06000038,Physical,Under 12,2024-09-01/P1M,1307,,,
E06000038,Physical,Under 12,2024-10-01/P1M,2082,,,
E06000038,Physical,Under 12,2024-11-01/P1M,1344,,,
E06000038,Physical,Under 12,2024-12-01/P1M,920,,,
E06000038,Physical,Under 12,2025-01-01/P1M,1189,,,
E06000038,Physical,Under 12,2025-02-01/P1M,1235,,,
E06000038,Physical,Under 12,2025-03-01/P1M,1607,,,
E06000038,Physical,12-17,2024-04-01/P1Y,0,,,
E06000038,Digital,Unknown,2024-04-01/P1Y,0,,,
E06000038,Digital,Adult,2024-04-01/P1Y,0,,,
E06000038,Digital,Under 12,2024-04-01/P1Y,0,,,
E06000038,Digital,12-17,2024-04-01/P1Y,0,,,
E09000026,Physical,Adult,2024-04-01/P1M,561,,,
E09000026,Physical,Adult,2024-05-01/P1M,642,,,
E09000026,Physical,Adult,2024-06-01/P1M,479,,,
E09000026,Physical,Adult,2024-07-01/P1M,509,,,
E09000026,Physical,Adult,2024-08-01/P1M,340,,,
E09000026,Physical,Adult,2024-09-01/P1M,472,,,
E09000026,Physical,Adult,2024-10-01/P1M,727,,,
E09000026,Physical,Adult,2024-11-01/P1M,1851,,,
E09000026,Physical,Adult,2024-12-01/P1M,454,,,
E09000026,Physical,Adult,2025-01-01/P1M,2365,,,
E09000026,Physical,Adult,2025-02-01/P1M,729,,,
E09000026,Physical,Adult,2025-03-01/P1M,7031,,,
E09000026,Physical,Under 12,2024-04-01/P1M,4104,,suspicious,"Source audit: physical_attendees_11_under: December 11 versus median nonzero month 4,026 (0.00 times). Could be a typo, changed scope or genuine activity; confirm with service. Values retained as reported pending source confirmation."
E09000026,Physical,Under 12,2024-05-01/P1M,3569,,suspicious,"Source audit: physical_attendees_11_under: December 11 versus median nonzero month 4,026 (0.00 times). Could be a typo, changed scope or genuine activity; confirm with service. Values retained as reported pending source confirmation."
E09000026,Physical,Under 12,2024-06-01/P1M,4350,,suspicious,"Source audit: physical_attendees_11_under: December 11 versus median nonzero month 4,026 (0.00 times). Could be a typo, changed scope or genuine activity; confirm with service. Values retained as reported pending source confirmation."
E09000026,Physical,Under 12,2024-07-01/P1M,3922,,suspicious,"Source audit: physical_attendees_11_under: December 11 versus median nonzero month 4,026 (0.00 times). Could be a typo, changed scope or genuine activity; confirm with service. Values retained as reported pending source confirmation."
E09000026,Physical,Under 12,2024-08-01/P1M,3581,,suspicious,"Source audit: physical_attendees_11_under: December 11 versus median nonzero month 4,026 (0.00 times). Could be a typo, changed scope or genuine activity; confirm with service. Values retained as reported pending source confirmation."
E09000026,Physical,Under 12,2024-09-01/P1M,3598,,suspicious,"Source audit: physical_attendees_11_under: December 11 versus median nonzero month 4,026 (0.00 times). Could be a typo, changed scope or genuine activity; confirm with service. Values retained as reported pending source confirmation."
E09000026,Physical,Under 12,2024-10-01/P1M,5809,,suspicious,"Source audit: physical_attendees_11_under: December 11 versus median nonzero month 4,026 (0.00 times). Could be a typo, changed scope or genuine activity; confirm with service. Values retained as reported pending source confirmation."
E09000026,Physical,Under 12,2024-11-01/P1M,4383,,suspicious,"Source audit: physical_attendees_11_under: December 11 versus median nonzero month 4,026 (0.00 times). Could be a typo, changed scope or genuine activity; confirm with service. Values retained as reported pending source confirmation."
E09000026,Physical,Under 12,2024-12-01/P1M,11,,suspicious,"Source audit: physical_attendees_11_under: December 11 versus median nonzero month 4,026 (0.00 times). Could be a typo, changed scope or genuine activity; confirm with service. Values retained as reported pending source confirmation."
E09000026,Physical,Under 12,2025-01-01/P1M,3948,,suspicious,"Source audit: physical_attendees_11_under: December 11 versus median nonzero month 4,026 (0.00 times). Could be a typo, changed scope or genuine activity; confirm with service. Values retained as reported pending source confirmation."
E09000026,Physical,Under 12,2025-02-01/P1M,4356,,suspicious,"Source audit: physical_attendees_11_under: December 11 versus median nonzero month 4,026 (0.00 times). Could be a typo, changed scope or genuine activity; confirm with service. Values retained as reported pending source confirmation."
E09000026,Physical,Under 12,2025-03-01/P1M,5916,,suspicious,"Source audit: physical_attendees_11_under: December 11 versus median nonzero month 4,026 (0.00 times). Could be a typo, changed scope or genuine activity; confirm with service. Values retained as reported pending source confirmation."
E09000026,Physical,12-17,2024-04-01/P1M,0,,,
E09000026,Physical,12-17,2024-05-01/P1M,0,,,
E09000026,Physical,12-17,2024-06-01/P1M,0,,,
E09000026,Physical,12-17,2024-07-01/P1M,0,,,
E09000026,Physical,12-17,2024-08-01/P1M,34,,,
E09000026,Physical,12-17,2024-09-01/P1M,0,,,
E09000026,Physical,12-17,2024-10-01/P1M,3,,,
E09000026,Physical,12-17,2024-11-01/P1M,0,,,
E09000026,Physical,12-17,2024-12-01/P1M,10,,,
E09000026,Physical,12-17,2025-01-01/P1M,0,,,
E09000026,Physical,12-17,2025-02-01/P1M,9,,,
E09000026,Physical,12-17,2025-03-01/P1M,130,,,
E09000026,Digital,Adult,2024-04-01/P1Y,0,,,
E09000026,Digital,Under 12,2024-04-01/P1Y,159,,,
E09000026,Digital,12-17,2024-04-01/P1Y,0,,,
E06000003,Physical,Adult,2024-04-01/P1M,1773,,,
E06000003,Physical,Adult,2024-05-01/P1M,1527,,,
E06000003,Physical,Adult,2024-06-01/P1M,1658,,,
E06000003,Physical,Adult,2024-07-01/P1M,1904,,,
E06000003,Physical,Adult,2024-08-01/P1M,1900,,,
E06000003,Physical,Adult,2024-09-01/P1M,1812,,,
E06000003,Physical,Adult,2024-10-01/P1M,1752,,,
E06000003,Physical,Adult,2024-11-01/P1M,2256,,,
E06000003,Physical,Adult,2024-12-01/P1M,2059,,,
E06000003,Physical,Adult,2025-01-01/P1M,2026,,,
E06000003,Physical,Adult,2025-02-01/P1M,2167,,,
E06000003,Physical,Adult,2025-03-01/P1M,2074,,,
E06000003,Physical,Under 12,2024-04-01/P1Y,0,,,
E06000003,Physical,12-17,2024-04-01/P1Y,0,,,
E06000003,Digital,Unknown,2024-04-01/P1Y,0,,,
E06000003,Digital,Adult,2024-04-01/P1Y,0,,,
E06000003,Digital,Under 12,2024-04-01/P1Y,0,,,
E06000003,Digital,12-17,2024-04-01/P1Y,0,,,
E09000027,Physical,Adult,2024-04-01/P1M,993,,,
E09000027,Physical,Adult,2024-05-01/P1M,600,,,
E09000027,Physical,Adult,2024-06-01/P1M,563,,,
E09000027,Physical,Adult,2024-07-01/P1M,460,,,
E09000027,Physical,Adult,2024-08-01/P1M,145,,,
E09000027,Physical,Adult,2024-09-01/P1M,387,,,
E09000027,Physical,Adult,2024-10-01/P1M,568,,,
E09000027,Physical,Adult,2024-11-01/P1M,762,,,
E09000027,Physical,Adult,2024-12-01/P1M,220,,,
E09000027,Physical,Adult,2025-01-01/P1M,623,,,
E09000027,Physical,Adult,2025-02-01/P1M,646,,,
E09000027,Physical,Adult,2025-03-01/P1M,772,,,
E09000027,Physical,Under 12,2024-04-01/P1M,1185,,,
E09000027,Physical,Under 12,2024-05-01/P1M,1016,,,
E09000027,Physical,Under 12,2024-06-01/P1M,1081,,,
E09000027,Physical,Under 12,2024-07-01/P1M,1047,,,
E09000027,Physical,Under 12,2024-08-01/P1M,1000,,,
E09000027,Physical,Under 12,2024-09-01/P1M,1162,,,
E09000027,Physical,Under 12,2024-10-01/P1M,1353,,,
E09000027,Physical,Under 12,2024-11-01/P1M,1092,,,
E09000027,Physical,Under 12,2024-12-01/P1M,930,,,
E09000027,Physical,Under 12,2025-01-01/P1M,1238,,,
E09000027,Physical,Under 12,2025-02-01/P1M,1353,,,
E09000027,Physical,Under 12,2025-03-01/P1M,1333,,,
E09000027,Physical,12-17,2024-04-01/P1Y,0,,,
E09000027,Digital,Unknown,2024-04-01/P1Y,0,,,
E09000027,Digital,Adult,2024-04-01/P1Y,0,,,
E09000027,Digital,Under 12,2024-04-01/P1Y,0,,,
E09000027,Digital,12-17,2024-04-01/P1Y,0,,,
E08000005,Physical,Adult,2024-04-01/P1M,2917,,,
E08000005,Physical,Adult,2024-05-01/P1M,2827,,,
E08000005,Physical,Adult,2024-06-01/P1M,2758,,,
E08000005,Physical,Adult,2024-07-01/P1M,2489,,,
E08000005,Physical,Adult,2024-08-01/P1M,2068,,,
E08000005,Physical,Adult,2024-09-01/P1M,2645,,,
E08000005,Physical,Adult,2024-10-01/P1M,2893,,,
E08000005,Physical,Adult,2024-11-01/P1M,2831,,,
E08000005,Physical,Adult,2024-12-01/P1M,1923,,,
E08000005,Physical,Adult,2025-01-01/P1M,3749,,,
E08000005,Physical,Adult,2025-02-01/P1M,3940,,,
E08000005,Physical,Adult,2025-03-01/P1M,4068,,,
E08000005,Physical,Under 12,2024-04-01/P1M,1325,,,
E08000005,Physical,Under 12,2024-05-01/P1M,1191,,,
E08000005,Physical,Under 12,2024-06-01/P1M,1133,,,
E08000005,Physical,Under 12,2024-07-01/P1M,970,,,
E08000005,Physical,Under 12,2024-08-01/P1M,738,,,
E08000005,Physical,Under 12,2024-09-01/P1M,1064,,,
E08000005,Physical,Under 12,2024-10-01/P1M,1463,,,
E08000005,Physical,Under 12,2024-11-01/P1M,1251,,,
E08000005,Physical,Under 12,2024-12-01/P1M,1202,,,
E08000005,Physical,Under 12,2025-01-01/P1M,1429,,,
E08000005,Physical,Under 12,2025-02-01/P1M,1574,,,
E08000005,Physical,Under 12,2025-03-01/P1M,1588,,,
E08000005,Physical,12-17,2024-04-01/P1Y,0,,,
E08000005,Digital,Adult,2024-04-01/P1M,188,,suspicious,"Source audit: total_attendees_digital_events: 2023/2024: 200; 2024/2025: 2,529 (12.64 times; +1164.5%). Check units, collection scope and completeness; a change alone does not prove error. Values retained as reported pending source confirmation."
E08000005,Digital,Adult,2024-05-01/P1M,146,,suspicious,"Source audit: total_attendees_digital_events: 2023/2024: 200; 2024/2025: 2,529 (12.64 times; +1164.5%). Check units, collection scope and completeness; a change alone does not prove error. Values retained as reported pending source confirmation."
E08000005,Digital,Adult,2024-06-01/P1M,180,,suspicious,"Source audit: total_attendees_digital_events: 2023/2024: 200; 2024/2025: 2,529 (12.64 times; +1164.5%). Check units, collection scope and completeness; a change alone does not prove error. Values retained as reported pending source confirmation."
E08000005,Digital,Adult,2024-07-01/P1M,214,,suspicious,"Source audit: total_attendees_digital_events: 2023/2024: 200; 2024/2025: 2,529 (12.64 times; +1164.5%). Check units, collection scope and completeness; a change alone does not prove error. Values retained as reported pending source confirmation."
E08000005,Digital,Adult,2024-08-01/P1M,120,,suspicious,"Source audit: total_attendees_digital_events: 2023/2024: 200; 2024/2025: 2,529 (12.64 times; +1164.5%). Check units, collection scope and completeness; a change alone does not prove error. Values retained as reported pending source confirmation."
E08000005,Digital,Adult,2024-09-01/P1M,167,,suspicious,"Source audit: total_attendees_digital_events: 2023/2024: 200; 2024/2025: 2,529 (12.64 times; +1164.5%). Check units, collection scope and completeness; a change alone does not prove error. Values retained as reported pending source confirmation."
E08000005,Digital,Adult,2024-10-01/P1M,206,,suspicious,"Source audit: total_attendees_digital_events: 2023/2024: 200; 2024/2025: 2,529 (12.64 times; +1164.5%). Check units, collection scope and completeness; a change alone does not prove error. Values retained as reported pending source confirmation."
E08000005,Digital,Adult,2024-11-01/P1M,207,,suspicious,"Source audit: total_attendees_digital_events: 2023/2024: 200; 2024/2025: 2,529 (12.64 times; +1164.5%). Check units, collection scope and completeness; a change alone does not prove error. Values retained as reported pending source confirmation."
E08000005,Digital,Adult,2024-12-01/P1M,104,,suspicious,"Source audit: total_attendees_digital_events: 2023/2024: 200; 2024/2025: 2,529 (12.64 times; +1164.5%). Check units, collection scope and completeness; a change alone does not prove error. Values retained as reported pending source confirmation."
E08000005,Digital,Adult,2025-01-01/P1M,287,,suspicious,"Source audit: total_attendees_digital_events: 2023/2024: 200; 2024/2025: 2,529 (12.64 times; +1164.5%). Check units, collection scope and completeness; a change alone does not prove error. Values retained as reported pending source confirmation."
E08000005,Digital,Adult,2025-02-01/P1M,262,,suspicious,"Source audit: total_attendees_digital_events: 2023/2024: 200; 2024/2025: 2,529 (12.64 times; +1164.5%). Check units, collection scope and completeness; a change alone does not prove error. Values retained as reported pending source confirmation."
E08000005,Digital,Adult,2025-03-01/P1M,324,,suspicious,"Source audit: total_attendees_digital_events: 2023/2024: 200; 2024/2025: 2,529 (12.64 times; +1164.5%). Check units, collection scope and completeness; a change alone does not prove error. Values retained as reported pending source confirmation."
E08000005,Digital,Under 12,2024-04-01/P1M,0,,suspicious,"Source audit: total_attendees_digital_events: 2023/2024: 200; 2024/2025: 2,529 (12.64 times; +1164.5%). Check units, collection scope and completeness; a change alone does not prove error. Values retained as reported pending source confirmation."
E08000005,Digital,Under 12,2024-05-01/P1M,0,,suspicious,"Source audit: total_attendees_digital_events: 2023/2024: 200; 2024/2025: 2,529 (12.64 times; +1164.5%). Check units, collection scope and completeness; a change alone does not prove error. Values retained as reported pending source confirmation."
E08000005,Digital,Under 12,2024-06-01/P1M,0,,suspicious,"Source audit: total_attendees_digital_events: 2023/2024: 200; 2024/2025: 2,529 (12.64 times; +1164.5%). Check units, collection scope and completeness; a change alone does not prove error. Values retained as reported pending source confirmation."
E08000005,Digital,Under 12,2024-07-01/P1M,0,,suspicious,"Source audit: total_attendees_digital_events: 2023/2024: 200; 2024/2025: 2,529 (12.64 times; +1164.5%). Check units, collection scope and completeness; a change alone does not prove error. Values retained as reported pending source confirmation."
E08000005,Digital,Under 12,2024-08-01/P1M,0,,suspicious,"Source audit: total_attendees_digital_events: 2023/2024: 200; 2024/2025: 2,529 (12.64 times; +1164.5%). Check units, collection scope and completeness; a change alone does not prove error. Values retained as reported pending source confirmation."
E08000005,Digital,Under 12,2024-09-01/P1M,0,,suspicious,"Source audit: total_attendees_digital_events: 2023/2024: 200; 2024/2025: 2,529 (12.64 times; +1164.5%). Check units, collection scope and completeness; a change alone does not prove error. Values retained as reported pending source confirmation."
E08000005,Digital,Under 12,2024-10-01/P1M,12,,suspicious,"Source audit: total_attendees_digital_events: 2023/2024: 200; 2024/2025: 2,529 (12.64 times; +1164.5%). Check units, collection scope and completeness; a change alone does not prove error. Values retained as reported pending source confirmation."
E08000005,Digital,Under 12,2024-11-01/P1M,20,,suspicious,"Source audit: total_attendees_digital_events: 2023/2024: 200; 2024/2025: 2,529 (12.64 times; +1164.5%). Check units, collection scope and completeness; a change alone does not prove error. Values retained as reported pending source confirmation."
E08000005,Digital,Under 12,2024-12-01/P1M,24,,suspicious,"Source audit: total_attendees_digital_events: 2023/2024: 200; 2024/2025: 2,529 (12.64 times; +1164.5%). Check units, collection scope and completeness; a change alone does not prove error. Values retained as reported pending source confirmation."
E08000005,Digital,Under 12,2025-01-01/P1M,30,,suspicious,"Source audit: total_attendees_digital_events: 2023/2024: 200; 2024/2025: 2,529 (12.64 times; +1164.5%). Check units, collection scope and completeness; a change alone does not prove error. Values retained as reported pending source confirmation."
E08000005,Digital,Under 12,2025-02-01/P1M,20,,suspicious,"Source audit: total_attendees_digital_events: 2023/2024: 200; 2024/2025: 2,529 (12.64 times; +1164.5%). Check units, collection scope and completeness; a change alone does not prove error. Values retained as reported pending source confirmation."
E08000005,Digital,Under 12,2025-03-01/P1M,18,,suspicious,"Source audit: total_attendees_digital_events: 2023/2024: 200; 2024/2025: 2,529 (12.64 times; +1164.5%). Check units, collection scope and completeness; a change alone does not prove error. Values retained as reported pending source confirmation."
E08000005,Digital,12-17,2024-04-01/P1Y,0,,suspicious,"Source audit: total_attendees_digital_events: 2023/2024: 200; 2024/2025: 2,529 (12.64 times; +1164.5%). Check units, collection scope and completeness; a change alone does not prove error. Values retained as reported pending source confirmation."
E08000018,Physical,Adult,2024-04-01/P1M,7075,,,
E08000018,Physical,Adult,2024-05-01/P1M,6228,,,
E08000018,Physical,Adult,2024-06-01/P1M,6140,,,
E08000018,Physical,Adult,2024-07-01/P1M,6297,,,
E08000018,Physical,Adult,2024-08-01/P1M,6575,,,
E08000018,Physical,Adult,2024-09-01/P1M,6991,,,
E08000018,Physical,Adult,2024-10-01/P1M,7906,,,
E08000018,Physical,Adult,2024-11-01/P1M,7143,,,
E08000018,Physical,Adult,2024-12-01/P1M,5290,,,
E08000018,Physical,Adult,2025-01-01/P1M,6508,,,
E08000018,Physical,Adult,2025-02-01/P1M,7599,,,
E08000018,Physical,Adult,2025-03-01/P1M,7923,,,
E08000018,Physical,Under 12,2024-04-01/P1M,4367,,,
E08000018,Physical,Under 12,2024-05-01/P1M,4247,,,
E08000018,Physical,Under 12,2024-06-01/P1M,3564,,,
E08000018,Physical,Under 12,2024-07-01/P1M,4658,,,
E08000018,Physical,Under 12,2024-08-01/P1M,4465,,,
E08000018,Physical,Under 12,2024-09-01/P1M,4237,,,
E08000018,Physical,Under 12,2024-10-01/P1M,4254,,,
E08000018,Physical,Under 12,2024-11-01/P1M,4021,,,
E08000018,Physical,Under 12,2024-12-01/P1M,2893,,,
E08000018,Physical,Under 12,2025-01-01/P1M,3968,,,
E08000018,Physical,Under 12,2025-02-01/P1M,4813,,,
E08000018,Physical,Under 12,2025-03-01/P1M,5790,,,
E08000018,Physical,12-17,2024-04-01/P1Y,0,,,
E08000018,Digital,Unknown,2024-04-01/P1Y,0,,,
E08000018,Digital,Adult,2024-04-01/P1Y,0,,,
E08000018,Digital,Under 12,2024-04-01/P1Y,0,,,
E08000018,Digital,12-17,2024-04-01/P1Y,0,,,
E06000017,Physical,Adult,2024-04-01/P1M,87,,,
E06000017,Physical,Adult,2024-05-01/P1M,28,,,
E06000017,Physical,Adult,2024-06-01/P1M,13,,,
E06000017,Physical,Adult,2024-07-01/P1M,20,,,
E06000017,Physical,Adult,2024-08-01/P1M,38,,,
E06000017,Physical,Adult,2024-09-01/P1M,11,,,
E06000017,Physical,Adult,2024-10-01/P1M,10,,,
E06000017,Physical,Adult,2024-11-01/P1M,13,,,
E06000017,Physical,Adult,2024-12-01/P1M,5,,,
E06000017,Physical,Adult,2025-01-01/P1M,11,,,
E06000017,Physical,Adult,2025-02-01/P1M,9,,,
E06000017,Physical,Adult,2025-03-01/P1M,14,,,
E06000017,Physical,Under 12,2024-04-01/P1Y,0,,,
E06000017,Physical,12-17,2024-04-01/P1Y,0,,,
E06000017,Digital,Unknown,2024-04-01/P1Y,0,,,
E06000017,Digital,Adult,2024-04-01/P1Y,0,,,
E06000017,Digital,Under 12,2024-04-01/P1Y,0,,,
E06000017,Digital,12-17,2024-04-01/P1Y,0,,,
E08000006,Physical,Unknown,2024-04-01/P3M,11012,,,
E08000006,Physical,Unknown,2024-07-01/P3M,11186,,,
E08000006,Physical,Unknown,2024-10-01/P3M,13374,,,
E08000006,Physical,Unknown,2025-01-01/P3M,12498,,,
E08000006,Physical,Adult,2024-04-01/P1Y,0,,,
E08000006,Physical,Under 12,2024-04-01/P1Y,0,,,
E08000006,Physical,12-17,2024-04-01/P1Y,0,,,
E08000006,Digital,Unknown,2024-04-01/P1Y,0,,,
E08000006,Digital,Adult,2024-04-01/P1Y,0,,,
E08000006,Digital,Under 12,2024-04-01/P1Y,0,,,
E08000006,Digital,12-17,2024-04-01/P1Y,0,,,
E08000028,Physical,Adult,2024-04-01/P1M,2051,,,
E08000028,Physical,Adult,2024-05-01/P1M,6964,,,
E08000028,Physical,Adult,2024-06-01/P1M,6881,,,
E08000028,Physical,Adult,2024-07-01/P1M,13874,,,
E08000028,Physical,Adult,2024-08-01/P1M,2502,,,
E08000028,Physical,Adult,2024-09-01/P1M,6269,,,
E08000028,Physical,Adult,2024-10-01/P1M,11370,,,
E08000028,Physical,Adult,2024-11-01/P1M,5957,,,
E08000028,Physical,Adult,2024-12-01/P1M,3056,,,
E08000028,Physical,Adult,2025-01-01/P1M,3871,,,
E08000028,Physical,Adult,2025-02-01/P1M,3899,,,
E08000028,Physical,Adult,2025-03-01/P1M,4513,,,
E08000028,Physical,Under 12,2024-04-01/P1M,11326,,,
E08000028,Physical,Under 12,2024-05-01/P1M,7252,,,
E08000028,Physical,Under 12,2024-06-01/P1M,7576,,,
E08000028,Physical,Under 12,2024-07-01/P1M,7425,,,
E08000028,Physical,Under 12,2024-08-01/P1M,11316,,,
E08000028,Physical,Under 12,2024-09-01/P1M,4989,,,
E08000028,Physical,Under 12,2024-10-01/P1M,7444,,,
E08000028,Physical,Under 12,2024-11-01/P1M,8767,,,
E08000028,Physical,Under 12,2024-12-01/P1M,8343,,,
E08000028,Physical,Under 12,2025-01-01/P1M,9752,,,
E08000028,Physical,Under 12,2025-02-01/P1M,12879,,,
E08000028,Physical,Under 12,2025-03-01/P1M,13562,,,
E08000028,Physical,12-17,2024-04-01/P1Y,0,,,
E08000028,Digital,Unknown,2024-04-01/P1Y,0,,,
E08000028,Digital,Adult,2024-04-01/P1Y,0,,,
E08000028,Digital,Under 12,2024-04-01/P1Y,0,,,
E08000028,Digital,12-17,2024-04-01/P1Y,0,,,
E08000014,Physical,Adult,2024-04-01/P1M,3234,,suspicious,"Source audit: physical_attendees_adults: August 197 versus median nonzero month 2,422 (0.08 times). Could be a typo, changed scope or genuine activity; confirm with service. Values retained as reported pending source confirmation."
E08000014,Physical,Adult,2024-05-01/P1M,2600,,suspicious,"Source audit: physical_attendees_adults: August 197 versus median nonzero month 2,422 (0.08 times). Could be a typo, changed scope or genuine activity; confirm with service. Values retained as reported pending source confirmation."
E08000014,Physical,Adult,2024-06-01/P1M,2967,,suspicious,"Source audit: physical_attendees_adults: August 197 versus median nonzero month 2,422 (0.08 times). Could be a typo, changed scope or genuine activity; confirm with service. Values retained as reported pending source confirmation."
E08000014,Physical,Adult,2024-07-01/P1M,1175,,suspicious,"Source audit: physical_attendees_adults: August 197 versus median nonzero month 2,422 (0.08 times). Could be a typo, changed scope or genuine activity; confirm with service. Values retained as reported pending source confirmation."
E08000014,Physical,Adult,2024-08-01/P1M,197,,suspicious,"Source audit: physical_attendees_adults: August 197 versus median nonzero month 2,422 (0.08 times). Could be a typo, changed scope or genuine activity; confirm with service. Values retained as reported pending source confirmation."
E08000014,Physical,Adult,2024-09-01/P1M,301,,suspicious,"Source audit: physical_attendees_adults: August 197 versus median nonzero month 2,422 (0.08 times). Could be a typo, changed scope or genuine activity; confirm with service. Values retained as reported pending source confirmation."
E08000014,Physical,Adult,2024-10-01/P1M,301,,suspicious,"Source audit: physical_attendees_adults: August 197 versus median nonzero month 2,422 (0.08 times). Could be a typo, changed scope or genuine activity; confirm with service. Values retained as reported pending source confirmation."
E08000014,Physical,Adult,2024-11-01/P1M,1426,,suspicious,"Source audit: physical_attendees_adults: August 197 versus median nonzero month 2,422 (0.08 times). Could be a typo, changed scope or genuine activity; confirm with service. Values retained as reported pending source confirmation."
E08000014,Physical,Adult,2024-12-01/P1M,2243,,suspicious,"Source audit: physical_attendees_adults: August 197 versus median nonzero month 2,422 (0.08 times). Could be a typo, changed scope or genuine activity; confirm with service. Values retained as reported pending source confirmation."
E08000014,Physical,Adult,2025-01-01/P1M,3899,,suspicious,"Source audit: physical_attendees_adults: August 197 versus median nonzero month 2,422 (0.08 times). Could be a typo, changed scope or genuine activity; confirm with service. Values retained as reported pending source confirmation."
E08000014,Physical,Adult,2025-02-01/P1M,4257,,suspicious,"Source audit: physical_attendees_adults: August 197 versus median nonzero month 2,422 (0.08 times). Could be a typo, changed scope or genuine activity; confirm with service. Values retained as reported pending source confirmation."
E08000014,Physical,Adult,2025-03-01/P1M,3937,,suspicious,"Source audit: physical_attendees_adults: August 197 versus median nonzero month 2,422 (0.08 times). Could be a typo, changed scope or genuine activity; confirm with service. Values retained as reported pending source confirmation."
E08000014,Physical,Under 12,2024-04-01/P1M,5055,,,
E08000014,Physical,Under 12,2024-05-01/P1M,3335,,,
E08000014,Physical,Under 12,2024-06-01/P1M,3574,,,
E08000014,Physical,Under 12,2024-07-01/P1M,2641,,,
E08000014,Physical,Under 12,2024-08-01/P1M,2835,,,
E08000014,Physical,Under 12,2024-09-01/P1M,1213,,,
E08000014,Physical,Under 12,2024-10-01/P1M,1363,,,
E08000014,Physical,Under 12,2024-11-01/P1M,750,,,
E08000014,Physical,Under 12,2024-12-01/P1M,1864,,,
E08000014,Physical,Under 12,2025-01-01/P1M,4034,,,
E08000014,Physical,Under 12,2025-02-01/P1M,4242,,,
E08000014,Physical,Under 12,2025-03-01/P1M,5095,,,
E08000014,Physical,12-17,2024-04-01/P1M,23,,,
E08000014,Physical,12-17,2024-05-01/P1M,73,,,
E08000014,Physical,12-17,2024-06-01/P1M,20,,,
E08000014,Physical,12-17,2024-07-01/P1M,47,,,
E08000014,Physical,12-17,2024-08-01/P1M,36,,,
E08000014,Physical,12-17,2024-09-01/P1M,156,,,
E08000014,Physical,12-17,2024-10-01/P1M,148,,,
E08000014,Physical,12-17,2024-11-01/P1M,8,,,
E08000014,Physical,12-17,2024-12-01/P1M,175,,,
E08000014,Physical,12-17,2025-01-01/P1M,164,,,
E08000014,Physical,12-17,2025-02-01/P1M,205,,,
E08000014,Physical,12-17,2025-03-01/P1M,33,,,
E08000014,Digital,Unknown,2024-04-01/P1Y,0,,,
E08000014,Digital,Adult,2024-04-01/P1Y,0,,,
E08000014,Digital,Under 12,2024-04-01/P1Y,0,,,
E08000014,Digital,12-17,2024-04-01/P1Y,0,,,
E08000019,Physical,Adult,2024-04-01/P1M,578,,,
E08000019,Physical,Adult,2024-05-01/P1M,2312,,,
E08000019,Physical,Adult,2024-06-01/P1M,2242,,,
E08000019,Physical,Adult,2024-07-01/P1M,3872,,,
E08000019,Physical,Adult,2024-08-01/P1M,1826,,,
E08000019,Physical,Adult,2024-09-01/P1M,2614,,,
E08000019,Physical,Adult,2024-10-01/P1M,3966,,,
E08000019,Physical,Adult,2024-11-01/P1M,2433,,,
E08000019,Physical,Adult,2024-12-01/P1M,2631,,,
E08000019,Physical,Adult,2025-01-01/P1M,2057,,,
E08000019,Physical,Adult,2025-02-01/P1M,3122,,,
E08000019,Physical,Adult,2025-03-01/P1M,2149,,,
E08000019,Physical,Under 12,2024-04-01/P1M,546,,,
E08000019,Physical,Under 12,2024-05-01/P1M,2275,,,
E08000019,Physical,Under 12,2024-06-01/P1M,2311,,,
E08000019,Physical,Under 12,2024-07-01/P1M,3060,,,
E08000019,Physical,Under 12,2024-08-01/P1M,1080,,,
E08000019,Physical,Under 12,2024-09-01/P1M,1570,,,
E08000019,Physical,Under 12,2024-10-01/P1M,2275,,,
E08000019,Physical,Under 12,2024-11-01/P1M,2422,,,
E08000019,Physical,Under 12,2024-12-01/P1M,1922,,,
E08000019,Physical,Under 12,2025-01-01/P1M,1619,,,
E08000019,Physical,Under 12,2025-02-01/P1M,1802,,,
E08000019,Physical,Under 12,2025-03-01/P1M,2266,,,
E08000019,Physical,12-17,2024-04-01/P1Y,0,,,
E08000019,Digital,Unknown,2024-04-01/P1Y,0,,,
E08000019,Digital,Adult,2024-04-01/P1Y,0,,,
E08000019,Digital,Under 12,2024-04-01/P1Y,0,,,
E08000019,Digital,12-17,2024-04-01/P1Y,0,,,
E06000051,Physical,Adult,2024-04-01/P1M,3704,,,
E06000051,Physical,Adult,2024-05-01/P1M,3282,,,
E06000051,Physical,Adult,2024-06-01/P1M,3775,,,
E06000051,Physical,Adult,2024-07-01/P1M,4062,,,
E06000051,Physical,Adult,2024-08-01/P1M,4277,,,
E06000051,Physical,Adult,2024-09-01/P1M,3609,,,
E06000051,Physical,Adult,2024-10-01/P1M,4538,,,
E06000051,Physical,Adult,2024-11-01/P1M,4917,,,
E06000051,Physical,Adult,2024-12-01/P1M,2785,,,
E06000051,Physical,Adult,2025-01-01/P1M,3696,,,
E06000051,Physical,Adult,2025-02-01/P1M,4855,,,
E06000051,Physical,Adult,2025-03-01/P1M,4929,,,
E06000051,Physical,Under 12,2024-04-01/P1Y,0,,,
E06000051,Physical,12-17,2024-04-01/P1Y,0,,,
E06000051,Digital,Adult,2024-04-01/P1Y,2,,,
E06000051,Digital,Under 12,2024-04-01/P1M,0,,,
E06000051,Digital,Under 12,2024-05-01/P1M,0,,,
E06000051,Digital,Under 12,2024-06-01/P1M,0,,,
E06000051,Digital,Under 12,2024-07-01/P1M,0,,,
E06000051,Digital,Under 12,2024-08-01/P1M,2,,,
E06000051,Digital,Under 12,2024-09-01/P1M,0,,,
E06000051,Digital,Under 12,2024-10-01/P1M,2,,,
E06000051,Digital,Under 12,2024-11-01/P1M,0,,,
E06000051,Digital,Under 12,2024-12-01/P1M,0,,,
E06000051,Digital,Under 12,2025-01-01/P1M,0,,,
E06000051,Digital,Under 12,2025-02-01/P1M,0,,,
E06000051,Digital,Under 12,2025-03-01/P1M,0,,,
E06000051,Digital,12-17,2024-04-01/P1Y,0,,,
E06000025,Physical,Adult,2024-04-01/P1M,800,,,
E06000025,Physical,Adult,2024-05-01/P1M,592,,,
E06000025,Physical,Adult,2024-06-01/P1M,867,,,
E06000025,Physical,Adult,2024-07-01/P1M,542,,,
E06000025,Physical,Adult,2024-08-01/P1M,516,,,
E06000025,Physical,Adult,2024-09-01/P1M,719,,,
E06000025,Physical,Adult,2024-10-01/P1M,935,,,
E06000025,Physical,Adult,2024-11-01/P1M,683,,,
E06000025,Physical,Adult,2024-12-01/P1M,637,,,
E06000025,Physical,Adult,2025-01-01/P1M,676,,,
E06000025,Physical,Adult,2025-02-01/P1M,815,,,
E06000025,Physical,Adult,2025-03-01/P1M,848,,,
E06000025,Physical,Under 12,2024-04-01/P1M,4369,,,
E06000025,Physical,Under 12,2024-05-01/P1M,4241,,,
E06000025,Physical,Under 12,2024-06-01/P1M,6809,,,
E06000025,Physical,Under 12,2024-07-01/P1M,19563,,,
E06000025,Physical,Under 12,2024-08-01/P1M,3255,,,
E06000025,Physical,Under 12,2024-09-01/P1M,3209,,,
E06000025,Physical,Under 12,2024-10-01/P1M,5421,,,
E06000025,Physical,Under 12,2024-11-01/P1M,3588,,,
E06000025,Physical,Under 12,2024-12-01/P1M,2366,,,
E06000025,Physical,Under 12,2025-01-01/P1M,3452,,,
E06000025,Physical,Under 12,2025-02-01/P1M,4883,,,
E06000025,Physical,Under 12,2025-03-01/P1M,4735,,,
E06000025,Physical,12-17,2024-04-01/P1M,4,,,
E06000025,Physical,12-17,2024-05-01/P1M,5,,,
E06000025,Physical,12-17,2024-06-01/P1M,10,,,
E06000025,Physical,12-17,2024-07-01/P1M,0,,,
E06000025,Physical,12-17,2024-08-01/P1M,0,,,
E06000025,Physical,12-17,2024-09-01/P1M,0,,,
E06000025,Physical,12-17,2024-10-01/P1M,4,,,
E06000025,Physical,12-17,2024-11-01/P1M,4,,,
E06000025,Physical,12-17,2024-12-01/P1M,4,,,
E06000025,Physical,12-17,2025-01-01/P1M,4,,,
E06000025,Physical,12-17,2025-02-01/P1M,6,,,
E06000025,Physical,12-17,2025-03-01/P1M,0,,,
E06000025,Digital,Unknown,2024-04-01/P1Y,0,,,
E06000025,Digital,Adult,2024-04-01/P1Y,0,,,
E06000025,Digital,Under 12,2024-04-01/P1Y,0,,,
E06000025,Digital,12-17,2024-04-01/P1Y,0,,,
E08000023,Physical,Unknown,2024-04-01/P1M,2664,,,
E08000023,Physical,Unknown,2024-05-01/P1M,2742,,,
E08000023,Physical,Unknown,2024-06-01/P1M,4051,,,
E08000023,Physical,Unknown,2024-07-01/P1M,4564,,,
E08000023,Physical,Unknown,2024-08-01/P1M,2089,,,
E08000023,Physical,Unknown,2024-09-01/P1M,2523,,,
E08000023,Physical,Unknown,2024-10-01/P1M,4331,,,
E08000023,Physical,Unknown,2024-11-01/P1M,3176,,,
E08000023,Physical,Unknown,2024-12-01/P1M,2464,,,
E08000023,Physical,Unknown,2025-01-01/P1M,2946,,,
E08000023,Physical,Unknown,2025-02-01/P1M,3608,,,
E08000023,Physical,Unknown,2025-03-01/P1M,3584,,,
E08000023,Physical,Adult,2024-04-01/P1Y,0,,,
E08000023,Physical,Under 12,2024-04-01/P1Y,0,,,
E08000023,Physical,12-17,2024-04-01/P1Y,0,,,
E08000023,Digital,Unknown,2024-04-01/P1Y,0,,,
E08000023,Digital,Adult,2024-04-01/P1Y,0,,,
E08000023,Digital,Under 12,2024-04-01/P1Y,0,,,
E08000023,Digital,12-17,2024-04-01/P1Y,0,,,
E09000028,Physical,Unknown,2024-04-01/P1M,7782,,,
E09000028,Physical,Unknown,2024-05-01/P1M,8570,,,
E09000028,Physical,Unknown,2024-06-01/P1M,9678,,,
E09000028,Physical,Unknown,2024-07-01/P1M,8297,,,
E09000028,Physical,Unknown,2024-08-01/P1M,5026,,,
E09000028,Physical,Unknown,2024-09-01/P1M,7677,,,
E09000028,Physical,Unknown,2024-10-01/P1M,9383,,,
E09000028,Physical,Unknown,2024-11-01/P1M,9869,,,
E09000028,Physical,Unknown,2024-12-01/P1M,6552,,,
E09000028,Physical,Unknown,2025-01-01/P1M,9160,,,
E09000028,Physical,Unknown,2025-02-01/P1M,9019,,,
E09000028,Physical,Unknown,2025-03-01/P1M,11373,,,
E09000028,Physical,Adult,2024-04-01/P1Y,0,,,
E09000028,Physical,Under 12,2024-04-01/P1Y,0,,,
E09000028,Physical,12-17,2024-04-01/P1Y,0,,,
E09000028,Digital,Unknown,2024-04-01/P1Y,0,,,
E09000028,Digital,Adult,2024-04-01/P1Y,0,,,
E09000028,Digital,Under 12,2024-04-01/P1Y,0,,,
E09000028,Digital,12-17,2024-04-01/P1Y,0,,,
E08000013,Physical,Unknown,2024-04-01/P1M,3640,,,
E08000013,Physical,Unknown,2024-05-01/P1M,3602,,,
E08000013,Physical,Unknown,2024-06-01/P1M,3847,,,
E08000013,Physical,Unknown,2024-07-01/P1M,8069,,,
E08000013,Physical,Unknown,2024-08-01/P1M,4039,,,
E08000013,Physical,Unknown,2024-09-01/P1M,4693,,,
E08000013,Physical,Unknown,2024-10-01/P1M,4583,,,
E08000013,Physical,Unknown,2024-11-01/P1M,4481,,,
E08000013,Physical,Unknown,2024-12-01/P1M,2814,,,
E08000013,Physical,Unknown,2025-01-01/P1M,3759,,,
E08000013,Physical,Unknown,2025-02-01/P1M,5782,,,
E08000013,Physical,Unknown,2025-03-01/P1M,6595,,,
E08000013,Physical,Adult,2024-04-01/P1Y,0,,,
E08000013,Physical,Under 12,2024-04-01/P1Y,0,,,
E08000013,Physical,12-17,2024-04-01/P1Y,0,,,
E08000013,Digital,Unknown,2024-04-01/P1Y,0,,,
E08000013,Digital,Adult,2024-04-01/P1Y,0,,,
E08000013,Digital,Under 12,2024-04-01/P1Y,0,,,
E08000013,Digital,12-17,2024-04-01/P1Y,0,,,
E10000028,Physical,Adult,2024-04-01/P1M,6450,,,
E10000028,Physical,Adult,2024-05-01/P1M,7507,,,
E10000028,Physical,Adult,2024-06-01/P1M,6642,,,
E10000028,Physical,Adult,2024-07-01/P1M,5884,,,
E10000028,Physical,Adult,2024-08-01/P1M,5698,,,
E10000028,Physical,Adult,2024-09-01/P1M,4708,,,
E10000028,Physical,Adult,2024-10-01/P1M,7324,,,
E10000028,Physical,Adult,2024-11-01/P1M,6072,,,
E10000028,Physical,Adult,2024-12-01/P1M,4156,,,
E10000028,Physical,Adult,2025-01-01/P1M,6137,,,
E10000028,Physical,Adult,2025-02-01/P1M,7335,,,
E10000028,Physical,Adult,2025-03-01/P1M,7570,,,
E10000028,Physical,Under 12,2024-04-01/P1M,4401,,,
E10000028,Physical,Under 12,2024-05-01/P1M,5170,,,
E10000028,Physical,Under 12,2024-06-01/P1M,7191,,,
E10000028,Physical,Under 12,2024-07-01/P1M,15943,,,
E10000028,Physical,Under 12,2024-08-01/P1M,4779,,,
E10000028,Physical,Under 12,2024-09-01/P1M,3059,,,
E10000028,Physical,Under 12,2024-10-01/P1M,4759,,,
E10000028,Physical,Under 12,2024-11-01/P1M,5021,,,
E10000028,Physical,Under 12,2024-12-01/P1M,2962,,,
E10000028,Physical,Under 12,2025-01-01/P1M,4982,,,
E10000028,Physical,Under 12,2025-02-01/P1M,5711,,,
E10000028,Physical,Under 12,2025-03-01/P1M,4816,,,
E10000028,Physical,12-17,2024-04-01/P1M,175,,,
E10000028,Physical,12-17,2024-05-01/P1M,321,,,
E10000028,Physical,12-17,2024-06-01/P1M,135,,,
E10000028,Physical,12-17,2024-07-01/P1M,143,,,
E10000028,Physical,12-17,2024-08-01/P1M,192,,,
E10000028,Physical,12-17,2024-09-01/P1M,32,,,
E10000028,Physical,12-17,2024-10-01/P1M,106,,,
E10000028,Physical,12-17,2024-11-01/P1M,54,,,
E10000028,Physical,12-17,2024-12-01/P1M,34,,,
E10000028,Physical,12-17,2025-01-01/P1M,14,,,
E10000028,Physical,12-17,2025-02-01/P1M,95,,,
E10000028,Physical,12-17,2025-03-01/P1M,198,,,
E10000028,Digital,Unknown,2024-04-01/P1M,0,,,
E10000028,Digital,Unknown,2024-05-01/P1M,6525,,,
E10000028,Digital,Unknown,2024-06-01/P1M,2328,,,
E10000028,Digital,Unknown,2024-07-01/P1M,4076,,,
E10000028,Digital,Unknown,2024-08-01/P1M,2100,,,
E10000028,Digital,Unknown,2024-09-01/P1M,994,,,
E10000028,Digital,Unknown,2024-10-01/P1M,3113,,,
E10000028,Digital,Unknown,2024-11-01/P1M,2766,,,
E10000028,Digital,Unknown,2024-12-01/P1M,0,,,
E10000028,Digital,Unknown,2025-01-01/P1M,2012,,,
E10000028,Digital,Unknown,2025-02-01/P1M,5409,,,
E10000028,Digital,Unknown,2025-03-01/P1M,0,,,
E10000028,Digital,Adult,2024-04-01/P1Y,0,,,
E10000028,Digital,Under 12,2024-04-01/P1Y,0,,,
E10000028,Digital,12-17,2024-04-01/P1Y,0,,,
E06000004,Physical,Unknown,2024-04-01/P1M,1278,,,
E06000004,Physical,Unknown,2024-05-01/P1M,1432,,,
E06000004,Physical,Unknown,2024-06-01/P1M,1192,,,
E06000004,Physical,Unknown,2024-07-01/P1M,3736,,,
E06000004,Physical,Unknown,2024-08-01/P1M,1454,,,
E06000004,Physical,Unknown,2024-09-01/P1M,3978,,,
E06000004,Physical,Unknown,2024-10-01/P1M,1457,,,
E06000004,Physical,Unknown,2024-11-01/P1M,1678,,,
E06000004,Physical,Unknown,2024-12-01/P1M,1949,,,
E06000004,Physical,Unknown,2025-01-01/P1M,1965,,,
E06000004,Physical,Unknown,2025-02-01/P1M,1641,,,
E06000004,Physical,Unknown,2025-03-01/P1M,1870,,,
E06000004,Physical,Adult,2024-04-01/P1Y,0,,,
E06000004,Physical,Under 12,2024-04-01/P1Y,0,,,
E06000004,Physical,12-17,2024-04-01/P1Y,0,,,
E06000004,Digital,Unknown,2024-04-01/P1Y,0,,,
E06000004,Digital,Adult,2024-04-01/P1Y,0,,,
E06000004,Digital,Under 12,2024-04-01/P1Y,0,,,
E06000004,Digital,12-17,2024-04-01/P1Y,0,,,
E06000021,Physical,Unknown,2024-04-01/P1M,3196,,,
E06000021,Physical,Unknown,2024-05-01/P1M,3032,,,
E06000021,Physical,Unknown,2024-06-01/P1M,3100,,,
E06000021,Physical,Unknown,2024-07-01/P1M,3693,,,
E06000021,Physical,Unknown,2024-08-01/P1M,2734,,,
E06000021,Physical,Unknown,2024-09-01/P1M,2662,,,
E06000021,Physical,Unknown,2024-10-01/P1M,3640,,,
E06000021,Physical,Unknown,2024-11-01/P1M,3341,,,
E06000021,Physical,Unknown,2024-12-01/P1M,1898,,,
E06000021,Physical,Unknown,2025-01-01/P1M,2981,,,
E06000021,Physical,Unknown,2025-02-01/P1M,3065,,,
E06000021,Physical,Unknown,2025-03-01/P1M,4938,,,
E06000021,Physical,Adult,2024-04-01/P1Y,0,,,
E06000021,Physical,Under 12,2024-04-01/P1Y,0,,,
E06000021,Physical,12-17,2024-04-01/P1Y,0,,,
E06000021,Digital,Unknown,2024-04-01/P1Y,0,,,
E06000021,Digital,Adult,2024-04-01/P1Y,0,,,
E06000021,Digital,Under 12,2024-04-01/P1Y,0,,,
E06000021,Digital,12-17,2024-04-01/P1Y,0,,,
E08000024,Physical,Adult,2024-04-01/P1M,213,,,
E08000024,Physical,Adult,2024-05-01/P1M,111,,,
E08000024,Physical,Adult,2024-06-01/P1M,104,,,
E08000024,Physical,Adult,2024-07-01/P1M,143,,,
E08000024,Physical,Adult,2024-08-01/P1M,530,,,
E08000024,Physical,Adult,2024-09-01/P1M,187,,,
E08000024,Physical,Adult,2024-10-01/P1M,340,,,
E08000024,Physical,Adult,2024-11-01/P1M,279,,,
E08000024,Physical,Adult,2024-12-01/P1M,306,,,
E08000024,Physical,Adult,2025-01-01/P1M,197,,,
E08000024,Physical,Adult,2025-02-01/P1M,322,,,
E08000024,Physical,Adult,2025-03-01/P1M,220,,,
E08000024,Physical,Under 12,2024-04-01/P1M,183,,,
E08000024,Physical,Under 12,2024-05-01/P1M,82,,,
E08000024,Physical,Under 12,2024-06-01/P1M,123,,,
E08000024,Physical,Under 12,2024-07-01/P1M,142,,,
E08000024,Physical,Under 12,2024-08-01/P1M,564,,,
E08000024,Physical,Under 12,2024-09-01/P1M,160,,,
E08000024,Physical,Under 12,2024-10-01/P1M,421,,,
E08000024,Physical,Under 12,2024-11-01/P1M,540,,,
E08000024,Physical,Under 12,2024-12-01/P1M,339,,,
E08000024,Physical,Under 12,2025-01-01/P1M,244,,,
E08000024,Physical,Under 12,2025-02-01/P1M,441,,,
E08000024,Physical,Under 12,2025-03-01/P1M,357,,,
E08000024,Physical,12-17,2024-04-01/P1Y,0,,,
E08000024,Digital,Unknown,2024-04-01/P1Y,0,,,
E08000024,Digital,Adult,2024-04-01/P1Y,0,,,
E08000024,Digital,Under 12,2024-04-01/P1Y,0,,,
E08000024,Digital,12-17,2024-04-01/P1Y,0,,,
E10000030,Physical,Adult,2024-04-01/P1M,8808,,,
E10000030,Physical,Adult,2024-05-01/P1M,8923,,,
E10000030,Physical,Adult,2024-06-01/P1M,8746,,,
E10000030,Physical,Adult,2024-07-01/P1M,9481,,,
E10000030,Physical,Adult,2024-08-01/P1M,8985,,,
E10000030,Physical,Adult,2024-09-01/P1M,8051,,,
E10000030,Physical,Adult,2024-10-01/P1M,10936,,,
E10000030,Physical,Adult,2024-11-01/P1M,9325,,,
E10000030,Physical,Adult,2024-12-01/P1M,6512,,,
E10000030,Physical,Adult,2025-01-01/P1M,9250,,,
E10000030,Physical,Adult,2025-02-01/P1M,12191,,,
E10000030,Physical,Adult,2025-03-01/P1M,10633,,,
E10000030,Physical,Under 12,2024-04-01/P1M,8105,,,
E10000030,Physical,Under 12,2024-05-01/P1M,8292,,,
E10000030,Physical,Under 12,2024-06-01/P1M,13595,,,
E10000030,Physical,Under 12,2024-07-01/P1M,22647,,,
E10000030,Physical,Under 12,2024-08-01/P1M,8753,,,
E10000030,Physical,Under 12,2024-09-01/P1M,6998,,,
E10000030,Physical,Under 12,2024-10-01/P1M,10714,,,
E10000030,Physical,Under 12,2024-11-01/P1M,9023,,,
E10000030,Physical,Under 12,2024-12-01/P1M,6119,,,
E10000030,Physical,Under 12,2025-01-01/P1M,8962,,,
E10000030,Physical,Under 12,2025-02-01/P1M,12148,,,
E10000030,Physical,Under 12,2025-03-01/P1M,10817,,,
E10000030,Physical,12-17,2024-04-01/P1Y,0,,,
E10000030,Digital,Unknown,2024-04-01/P1Y,0,,,
E10000030,Digital,Adult,2024-04-01/P1Y,0,,,
E10000030,Digital,Under 12,2024-04-01/P1Y,0,,,
E10000030,Digital,12-17,2024-04-01/P1Y,0,,,
E09000029,Physical,Adult,2024-04-01/P1M,373,,,
E09000029,Physical,Adult,2024-05-01/P1M,542,,,
E09000029,Physical,Adult,2024-06-01/P1M,681,,,
E09000029,Physical,Adult,2024-07-01/P1M,378,,,
E09000029,Physical,Adult,2024-08-01/P1M,219,,,
E09000029,Physical,Adult,2024-09-01/P1M,1782,,,
E09000029,Physical,Adult,2024-10-01/P1M,625,,,
E09000029,Physical,Adult,2024-11-01/P1M,726,,,
E09000029,Physical,Adult,2024-12-01/P1M,1458,,,
E09000029,Physical,Adult,2025-01-01/P1M,2556,,,
E09000029,Physical,Adult,2025-02-01/P1M,495,,,
E09000029,Physical,Adult,2025-03-01/P1M,385,,,
E09000029,Physical,Under 12,2024-04-01/P1M,1277,,,
E09000029,Physical,Under 12,2024-05-01/P1M,1014,,,
E09000029,Physical,Under 12,2024-06-01/P1M,888,,,
E09000029,Physical,Under 12,2024-07-01/P1M,2032,,,
E09000029,Physical,Under 12,2024-08-01/P1M,964,,,
E09000029,Physical,Under 12,2024-09-01/P1M,876,,,
E09000029,Physical,Under 12,2024-10-01/P1M,2897,,,
E09000029,Physical,Under 12,2024-11-01/P1M,1122,,,
E09000029,Physical,Under 12,2024-12-01/P1M,760,,,
E09000029,Physical,Under 12,2025-01-01/P1M,889,,,
E09000029,Physical,Under 12,2025-02-01/P1M,1049,,,
E09000029,Physical,Under 12,2025-03-01/P1M,1050,,,
E09000029,Physical,12-17,2024-04-01/P1Y,0,,,
E09000029,Digital,Unknown,2024-04-01/P1Y,0,,,
E09000029,Digital,Adult,2024-04-01/P1Y,0,,,
E09000029,Digital,Under 12,2024-04-01/P1Y,0,,,
E09000029,Digital,12-17,2024-04-01/P1Y,0,,,
E08000008,Physical,Adult,2024-04-01/P1M,558,,suspicious,"Source audit: total_attendees_digital_events: July 4 versus median nonzero month 2,038 (0.00 times). Could be a typo, changed scope or genuine activity; confirm with service. | total_attendees_physical_events: Annual: reported total 14,825; category sum 17,088; difference -2,263. Categories exceed total; check duplication, scope and reporting frequency. Event audiences may overlap. Values retained as reported pending source confirmation."
E08000008,Physical,Adult,2024-05-01/P1M,345,,suspicious,"Source audit: total_attendees_digital_events: July 4 versus median nonzero month 2,038 (0.00 times). Could be a typo, changed scope or genuine activity; confirm with service. | total_attendees_physical_events: Annual: reported total 14,825; category sum 17,088; difference -2,263. Categories exceed total; check duplication, scope and reporting frequency. Event audiences may overlap. Values retained as reported pending source confirmation."
E08000008,Physical,Adult,2024-06-01/P1M,585,,suspicious,"Source audit: total_attendees_digital_events: July 4 versus median nonzero month 2,038 (0.00 times). Could be a typo, changed scope or genuine activity; confirm with service. | total_attendees_physical_events: Annual: reported total 14,825; category sum 17,088; difference -2,263. Categories exceed total; check duplication, scope and reporting frequency. Event audiences may overlap. Values retained as reported pending source confirmation."
E08000008,Physical,Adult,2024-07-01/P1M,588,,suspicious,"Source audit: total_attendees_digital_events: July 4 versus median nonzero month 2,038 (0.00 times). Could be a typo, changed scope or genuine activity; confirm with service. | total_attendees_physical_events: Annual: reported total 14,825; category sum 17,088; difference -2,263. Categories exceed total; check duplication, scope and reporting frequency. Event audiences may overlap. Values retained as reported pending source confirmation."
E08000008,Physical,Adult,2024-08-01/P1M,644,,suspicious,"Source audit: total_attendees_digital_events: July 4 versus median nonzero month 2,038 (0.00 times). Could be a typo, changed scope or genuine activity; confirm with service. | total_attendees_physical_events: Annual: reported total 14,825; category sum 17,088; difference -2,263. Categories exceed total; check duplication, scope and reporting frequency. Event audiences may overlap. Values retained as reported pending source confirmation."
E08000008,Physical,Adult,2024-09-01/P1M,447,,suspicious,"Source audit: total_attendees_digital_events: July 4 versus median nonzero month 2,038 (0.00 times). Could be a typo, changed scope or genuine activity; confirm with service. | total_attendees_physical_events: Annual: reported total 14,825; category sum 17,088; difference -2,263. Categories exceed total; check duplication, scope and reporting frequency. Event audiences may overlap. Values retained as reported pending source confirmation."
E08000008,Physical,Adult,2024-10-01/P1M,1014,,suspicious,"Source audit: total_attendees_digital_events: July 4 versus median nonzero month 2,038 (0.00 times). Could be a typo, changed scope or genuine activity; confirm with service. | total_attendees_physical_events: Annual: reported total 14,825; category sum 17,088; difference -2,263. Categories exceed total; check duplication, scope and reporting frequency. Event audiences may overlap. Values retained as reported pending source confirmation."
E08000008,Physical,Adult,2024-11-01/P1M,875,,suspicious,"Source audit: total_attendees_digital_events: July 4 versus median nonzero month 2,038 (0.00 times). Could be a typo, changed scope or genuine activity; confirm with service. | total_attendees_physical_events: Annual: reported total 14,825; category sum 17,088; difference -2,263. Categories exceed total; check duplication, scope and reporting frequency. Event audiences may overlap. Values retained as reported pending source confirmation."
E08000008,Physical,Adult,2024-12-01/P1M,469,,suspicious,"Source audit: total_attendees_digital_events: July 4 versus median nonzero month 2,038 (0.00 times). Could be a typo, changed scope or genuine activity; confirm with service. | total_attendees_physical_events: Annual: reported total 14,825; category sum 17,088; difference -2,263. Categories exceed total; check duplication, scope and reporting frequency. Event audiences may overlap. Values retained as reported pending source confirmation."
E08000008,Physical,Adult,2025-01-01/P1M,565,,suspicious,"Source audit: total_attendees_digital_events: July 4 versus median nonzero month 2,038 (0.00 times). Could be a typo, changed scope or genuine activity; confirm with service. | total_attendees_physical_events: Annual: reported total 14,825; category sum 17,088; difference -2,263. Categories exceed total; check duplication, scope and reporting frequency. Event audiences may overlap. Values retained as reported pending source confirmation."
E08000008,Physical,Adult,2025-02-01/P1M,983,,suspicious,"Source audit: total_attendees_digital_events: July 4 versus median nonzero month 2,038 (0.00 times). Could be a typo, changed scope or genuine activity; confirm with service. | total_attendees_physical_events: Annual: reported total 14,825; category sum 17,088; difference -2,263. Categories exceed total; check duplication, scope and reporting frequency. Event audiences may overlap. Values retained as reported pending source confirmation."
E08000008,Physical,Adult,2025-03-01/P1M,799,,suspicious,"Source audit: total_attendees_digital_events: July 4 versus median nonzero month 2,038 (0.00 times). Could be a typo, changed scope or genuine activity; confirm with service. | total_attendees_physical_events: Annual: reported total 14,825; category sum 17,088; difference -2,263. Categories exceed total; check duplication, scope and reporting frequency. Event audiences may overlap. Values retained as reported pending source confirmation."
E08000008,Physical,Under 12,2024-04-01/P1M,1280,,suspicious,"Source audit: total_attendees_digital_events: July 4 versus median nonzero month 2,038 (0.00 times). Could be a typo, changed scope or genuine activity; confirm with service. | total_attendees_physical_events: Annual: reported total 14,825; category sum 17,088; difference -2,263. Categories exceed total; check duplication, scope and reporting frequency. Event audiences may overlap. Values retained as reported pending source confirmation."
E08000008,Physical,Under 12,2024-05-01/P1M,933,,suspicious,"Source audit: total_attendees_digital_events: July 4 versus median nonzero month 2,038 (0.00 times). Could be a typo, changed scope or genuine activity; confirm with service. | total_attendees_physical_events: Annual: reported total 14,825; category sum 17,088; difference -2,263. Categories exceed total; check duplication, scope and reporting frequency. Event audiences may overlap. Values retained as reported pending source confirmation."
E08000008,Physical,Under 12,2024-06-01/P1M,585,,suspicious,"Source audit: total_attendees_digital_events: July 4 versus median nonzero month 2,038 (0.00 times). Could be a typo, changed scope or genuine activity; confirm with service. | total_attendees_physical_events: Annual: reported total 14,825; category sum 17,088; difference -2,263. Categories exceed total; check duplication, scope and reporting frequency. Event audiences may overlap. Values retained as reported pending source confirmation."
E08000008,Physical,Under 12,2024-07-01/P1M,588,,suspicious,"Source audit: total_attendees_digital_events: July 4 versus median nonzero month 2,038 (0.00 times). Could be a typo, changed scope or genuine activity; confirm with service. | total_attendees_physical_events: Annual: reported total 14,825; category sum 17,088; difference -2,263. Categories exceed total; check duplication, scope and reporting frequency. Event audiences may overlap. Values retained as reported pending source confirmation."
E08000008,Physical,Under 12,2024-08-01/P1M,644,,suspicious,"Source audit: total_attendees_digital_events: July 4 versus median nonzero month 2,038 (0.00 times). Could be a typo, changed scope or genuine activity; confirm with service. | total_attendees_physical_events: Annual: reported total 14,825; category sum 17,088; difference -2,263. Categories exceed total; check duplication, scope and reporting frequency. Event audiences may overlap. Values retained as reported pending source confirmation."
E08000008,Physical,Under 12,2024-09-01/P1M,447,,suspicious,"Source audit: total_attendees_digital_events: July 4 versus median nonzero month 2,038 (0.00 times). Could be a typo, changed scope or genuine activity; confirm with service. | total_attendees_physical_events: Annual: reported total 14,825; category sum 17,088; difference -2,263. Categories exceed total; check duplication, scope and reporting frequency. Event audiences may overlap. Values retained as reported pending source confirmation."
E08000008,Physical,Under 12,2024-10-01/P1M,1014,,suspicious,"Source audit: total_attendees_digital_events: July 4 versus median nonzero month 2,038 (0.00 times). Could be a typo, changed scope or genuine activity; confirm with service. | total_attendees_physical_events: Annual: reported total 14,825; category sum 17,088; difference -2,263. Categories exceed total; check duplication, scope and reporting frequency. Event audiences may overlap. Values retained as reported pending source confirmation."
E08000008,Physical,Under 12,2024-11-01/P1M,875,,suspicious,"Source audit: total_attendees_digital_events: July 4 versus median nonzero month 2,038 (0.00 times). Could be a typo, changed scope or genuine activity; confirm with service. | total_attendees_physical_events: Annual: reported total 14,825; category sum 17,088; difference -2,263. Categories exceed total; check duplication, scope and reporting frequency. Event audiences may overlap. Values retained as reported pending source confirmation."
E08000008,Physical,Under 12,2024-12-01/P1M,469,,suspicious,"Source audit: total_attendees_digital_events: July 4 versus median nonzero month 2,038 (0.00 times). Could be a typo, changed scope or genuine activity; confirm with service. | total_attendees_physical_events: Annual: reported total 14,825; category sum 17,088; difference -2,263. Categories exceed total; check duplication, scope and reporting frequency. Event audiences may overlap. Values retained as reported pending source confirmation."
E08000008,Physical,Under 12,2025-01-01/P1M,565,,suspicious,"Source audit: total_attendees_digital_events: July 4 versus median nonzero month 2,038 (0.00 times). Could be a typo, changed scope or genuine activity; confirm with service. | total_attendees_physical_events: Annual: reported total 14,825; category sum 17,088; difference -2,263. Categories exceed total; check duplication, scope and reporting frequency. Event audiences may overlap. Values retained as reported pending source confirmation."
E08000008,Physical,Under 12,2025-02-01/P1M,983,,suspicious,"Source audit: total_attendees_digital_events: July 4 versus median nonzero month 2,038 (0.00 times). Could be a typo, changed scope or genuine activity; confirm with service. | total_attendees_physical_events: Annual: reported total 14,825; category sum 17,088; difference -2,263. Categories exceed total; check duplication, scope and reporting frequency. Event audiences may overlap. Values retained as reported pending source confirmation."
E08000008,Physical,Under 12,2025-03-01/P1M,799,,suspicious,"Source audit: total_attendees_digital_events: July 4 versus median nonzero month 2,038 (0.00 times). Could be a typo, changed scope or genuine activity; confirm with service. | total_attendees_physical_events: Annual: reported total 14,825; category sum 17,088; difference -2,263. Categories exceed total; check duplication, scope and reporting frequency. Event audiences may overlap. Values retained as reported pending source confirmation."
E08000008,Physical,12-17,2024-04-01/P1M,0,,suspicious,"Source audit: total_attendees_digital_events: July 4 versus median nonzero month 2,038 (0.00 times). Could be a typo, changed scope or genuine activity; confirm with service. | total_attendees_physical_events: Annual: reported total 14,825; category sum 17,088; difference -2,263. Categories exceed total; check duplication, scope and reporting frequency. Event audiences may overlap. Values retained as reported pending source confirmation."
E08000008,Physical,12-17,2024-05-01/P1M,10,,suspicious,"Source audit: total_attendees_digital_events: July 4 versus median nonzero month 2,038 (0.00 times). Could be a typo, changed scope or genuine activity; confirm with service. | total_attendees_physical_events: Annual: reported total 14,825; category sum 17,088; difference -2,263. Categories exceed total; check duplication, scope and reporting frequency. Event audiences may overlap. Values retained as reported pending source confirmation."
E08000008,Physical,12-17,2024-06-01/P1M,0,,suspicious,"Source audit: total_attendees_digital_events: July 4 versus median nonzero month 2,038 (0.00 times). Could be a typo, changed scope or genuine activity; confirm with service. | total_attendees_physical_events: Annual: reported total 14,825; category sum 17,088; difference -2,263. Categories exceed total; check duplication, scope and reporting frequency. Event audiences may overlap. Values retained as reported pending source confirmation."
E08000008,Physical,12-17,2024-07-01/P1M,0,,suspicious,"Source audit: total_attendees_digital_events: July 4 versus median nonzero month 2,038 (0.00 times). Could be a typo, changed scope or genuine activity; confirm with service. | total_attendees_physical_events: Annual: reported total 14,825; category sum 17,088; difference -2,263. Categories exceed total; check duplication, scope and reporting frequency. Event audiences may overlap. Values retained as reported pending source confirmation."
E08000008,Physical,12-17,2024-08-01/P1M,0,,suspicious,"Source audit: total_attendees_digital_events: July 4 versus median nonzero month 2,038 (0.00 times). Could be a typo, changed scope or genuine activity; confirm with service. | total_attendees_physical_events: Annual: reported total 14,825; category sum 17,088; difference -2,263. Categories exceed total; check duplication, scope and reporting frequency. Event audiences may overlap. Values retained as reported pending source confirmation."
E08000008,Physical,12-17,2024-09-01/P1M,9,,suspicious,"Source audit: total_attendees_digital_events: July 4 versus median nonzero month 2,038 (0.00 times). Could be a typo, changed scope or genuine activity; confirm with service. | total_attendees_physical_events: Annual: reported total 14,825; category sum 17,088; difference -2,263. Categories exceed total; check duplication, scope and reporting frequency. Event audiences may overlap. Values retained as reported pending source confirmation."
E08000008,Physical,12-17,2024-10-01/P1M,6,,suspicious,"Source audit: total_attendees_digital_events: July 4 versus median nonzero month 2,038 (0.00 times). Could be a typo, changed scope or genuine activity; confirm with service. | total_attendees_physical_events: Annual: reported total 14,825; category sum 17,088; difference -2,263. Categories exceed total; check duplication, scope and reporting frequency. Event audiences may overlap. Values retained as reported pending source confirmation."
E08000008,Physical,12-17,2024-11-01/P1M,6,,suspicious,"Source audit: total_attendees_digital_events: July 4 versus median nonzero month 2,038 (0.00 times). Could be a typo, changed scope or genuine activity; confirm with service. | total_attendees_physical_events: Annual: reported total 14,825; category sum 17,088; difference -2,263. Categories exceed total; check duplication, scope and reporting frequency. Event audiences may overlap. Values retained as reported pending source confirmation."
E08000008,Physical,12-17,2024-12-01/P1M,3,,suspicious,"Source audit: total_attendees_digital_events: July 4 versus median nonzero month 2,038 (0.00 times). Could be a typo, changed scope or genuine activity; confirm with service. | total_attendees_physical_events: Annual: reported total 14,825; category sum 17,088; difference -2,263. Categories exceed total; check duplication, scope and reporting frequency. Event audiences may overlap. Values retained as reported pending source confirmation."
E08000008,Physical,12-17,2025-01-01/P1M,0,,suspicious,"Source audit: total_attendees_digital_events: July 4 versus median nonzero month 2,038 (0.00 times). Could be a typo, changed scope or genuine activity; confirm with service. | total_attendees_physical_events: Annual: reported total 14,825; category sum 17,088; difference -2,263. Categories exceed total; check duplication, scope and reporting frequency. Event audiences may overlap. Values retained as reported pending source confirmation."
E08000008,Physical,12-17,2025-02-01/P1M,0,,suspicious,"Source audit: total_attendees_digital_events: July 4 versus median nonzero month 2,038 (0.00 times). Could be a typo, changed scope or genuine activity; confirm with service. | total_attendees_physical_events: Annual: reported total 14,825; category sum 17,088; difference -2,263. Categories exceed total; check duplication, scope and reporting frequency. Event audiences may overlap. Values retained as reported pending source confirmation."
E08000008,Physical,12-17,2025-03-01/P1M,0,,suspicious,"Source audit: total_attendees_digital_events: July 4 versus median nonzero month 2,038 (0.00 times). Could be a typo, changed scope or genuine activity; confirm with service. | total_attendees_physical_events: Annual: reported total 14,825; category sum 17,088; difference -2,263. Categories exceed total; check duplication, scope and reporting frequency. Event audiences may overlap. Values retained as reported pending source confirmation."
E08000008,Digital,Adult,2024-05-01/P1M,0,,suspicious,"Source audit: total_attendees_digital_events: July 4 versus median nonzero month 2,038 (0.00 times). Could be a typo, changed scope or genuine activity; confirm with service. | total_attendees_physical_events: Annual: reported total 14,825; category sum 17,088; difference -2,263. Categories exceed total; check duplication, scope and reporting frequency. Event audiences may overlap. Values retained as reported pending source confirmation."
E08000008,Digital,Adult,2024-06-01/P1M,0,,suspicious,"Source audit: total_attendees_digital_events: July 4 versus median nonzero month 2,038 (0.00 times). Could be a typo, changed scope or genuine activity; confirm with service. | total_attendees_physical_events: Annual: reported total 14,825; category sum 17,088; difference -2,263. Categories exceed total; check duplication, scope and reporting frequency. Event audiences may overlap. Values retained as reported pending source confirmation."
E08000008,Digital,Adult,2024-07-01/P1M,4,,suspicious,"Source audit: total_attendees_digital_events: July 4 versus median nonzero month 2,038 (0.00 times). Could be a typo, changed scope or genuine activity; confirm with service. | total_attendees_physical_events: Annual: reported total 14,825; category sum 17,088; difference -2,263. Categories exceed total; check duplication, scope and reporting frequency. Event audiences may overlap. Values retained as reported pending source confirmation."
E08000008,Digital,Adult,2024-08-01/P1M,0,,suspicious,"Source audit: total_attendees_digital_events: July 4 versus median nonzero month 2,038 (0.00 times). Could be a typo, changed scope or genuine activity; confirm with service. | total_attendees_physical_events: Annual: reported total 14,825; category sum 17,088; difference -2,263. Categories exceed total; check duplication, scope and reporting frequency. Event audiences may overlap. Values retained as reported pending source confirmation."
E08000008,Digital,Adult,2024-09-01/P1M,0,,suspicious,"Source audit: total_attendees_digital_events: July 4 versus median nonzero month 2,038 (0.00 times). Could be a typo, changed scope or genuine activity; confirm with service. | total_attendees_physical_events: Annual: reported total 14,825; category sum 17,088; difference -2,263. Categories exceed total; check duplication, scope and reporting frequency. Event audiences may overlap. Values retained as reported pending source confirmation."
E08000008,Digital,Adult,2024-10-01/P1M,0,,suspicious,"Source audit: total_attendees_digital_events: July 4 versus median nonzero month 2,038 (0.00 times). Could be a typo, changed scope or genuine activity; confirm with service. | total_attendees_physical_events: Annual: reported total 14,825; category sum 17,088; difference -2,263. Categories exceed total; check duplication, scope and reporting frequency. Event audiences may overlap. Values retained as reported pending source confirmation."
E08000008,Digital,Adult,2024-11-01/P1M,0,,suspicious,"Source audit: total_attendees_digital_events: July 4 versus median nonzero month 2,038 (0.00 times). Could be a typo, changed scope or genuine activity; confirm with service. | total_attendees_physical_events: Annual: reported total 14,825; category sum 17,088; difference -2,263. Categories exceed total; check duplication, scope and reporting frequency. Event audiences may overlap. Values retained as reported pending source confirmation."
E08000008,Digital,Adult,2024-12-01/P1M,0,,suspicious,"Source audit: total_attendees_digital_events: July 4 versus median nonzero month 2,038 (0.00 times). Could be a typo, changed scope or genuine activity; confirm with service. | total_attendees_physical_events: Annual: reported total 14,825; category sum 17,088; difference -2,263. Categories exceed total; check duplication, scope and reporting frequency. Event audiences may overlap. Values retained as reported pending source confirmation."
E08000008,Digital,Adult,2025-01-01/P1M,18,,suspicious,"Source audit: total_attendees_digital_events: July 4 versus median nonzero month 2,038 (0.00 times). Could be a typo, changed scope or genuine activity; confirm with service. | total_attendees_physical_events: Annual: reported total 14,825; category sum 17,088; difference -2,263. Categories exceed total; check duplication, scope and reporting frequency. Event audiences may overlap. Values retained as reported pending source confirmation."
E08000008,Digital,Adult,2025-02-01/P1M,13,,suspicious,"Source audit: total_attendees_digital_events: July 4 versus median nonzero month 2,038 (0.00 times). Could be a typo, changed scope or genuine activity; confirm with service. | total_attendees_physical_events: Annual: reported total 14,825; category sum 17,088; difference -2,263. Categories exceed total; check duplication, scope and reporting frequency. Event audiences may overlap. Values retained as reported pending source confirmation."
E08000008,Digital,Adult,2025-03-01/P1M,18,,suspicious,"Source audit: total_attendees_digital_events: July 4 versus median nonzero month 2,038 (0.00 times). Could be a typo, changed scope or genuine activity; confirm with service. | total_attendees_physical_events: Annual: reported total 14,825; category sum 17,088; difference -2,263. Categories exceed total; check duplication, scope and reporting frequency. Event audiences may overlap. Values retained as reported pending source confirmation."
E08000008,Digital,Under 12,2024-04-01/P1M,1758,,suspicious,"Source audit: total_attendees_digital_events: July 4 versus median nonzero month 2,038 (0.00 times). Could be a typo, changed scope or genuine activity; confirm with service. | total_attendees_physical_events: Annual: reported total 14,825; category sum 17,088; difference -2,263. Categories exceed total; check duplication, scope and reporting frequency. Event audiences may overlap. Values retained as reported pending source confirmation."
E08000008,Digital,Under 12,2024-05-01/P1M,1743,,suspicious,"Source audit: total_attendees_digital_events: July 4 versus median nonzero month 2,038 (0.00 times). Could be a typo, changed scope or genuine activity; confirm with service. | total_attendees_physical_events: Annual: reported total 14,825; category sum 17,088; difference -2,263. Categories exceed total; check duplication, scope and reporting frequency. Event audiences may overlap. Values retained as reported pending source confirmation."
E08000008,Digital,Under 12,2024-06-01/P1M,0,,suspicious,"Source audit: total_attendees_digital_events: July 4 versus median nonzero month 2,038 (0.00 times). Could be a typo, changed scope or genuine activity; confirm with service. | total_attendees_physical_events: Annual: reported total 14,825; category sum 17,088; difference -2,263. Categories exceed total; check duplication, scope and reporting frequency. Event audiences may overlap. Values retained as reported pending source confirmation."
E08000008,Digital,Under 12,2024-07-01/P1M,0,,suspicious,"Source audit: total_attendees_digital_events: July 4 versus median nonzero month 2,038 (0.00 times). Could be a typo, changed scope or genuine activity; confirm with service. | total_attendees_physical_events: Annual: reported total 14,825; category sum 17,088; difference -2,263. Categories exceed total; check duplication, scope and reporting frequency. Event audiences may overlap. Values retained as reported pending source confirmation."
E08000008,Digital,Under 12,2024-08-01/P1M,0,,suspicious,"Source audit: total_attendees_digital_events: July 4 versus median nonzero month 2,038 (0.00 times). Could be a typo, changed scope or genuine activity; confirm with service. | total_attendees_physical_events: Annual: reported total 14,825; category sum 17,088; difference -2,263. Categories exceed total; check duplication, scope and reporting frequency. Event audiences may overlap. Values retained as reported pending source confirmation."
E08000008,Digital,Under 12,2024-09-01/P1M,0,,suspicious,"Source audit: total_attendees_digital_events: July 4 versus median nonzero month 2,038 (0.00 times). Could be a typo, changed scope or genuine activity; confirm with service. | total_attendees_physical_events: Annual: reported total 14,825; category sum 17,088; difference -2,263. Categories exceed total; check duplication, scope and reporting frequency. Event audiences may overlap. Values retained as reported pending source confirmation."
E08000008,Digital,Under 12,2024-10-01/P1M,3948,,suspicious,"Source audit: total_attendees_digital_events: July 4 versus median nonzero month 2,038 (0.00 times). Could be a typo, changed scope or genuine activity; confirm with service. | total_attendees_physical_events: Annual: reported total 14,825; category sum 17,088; difference -2,263. Categories exceed total; check duplication, scope and reporting frequency. Event audiences may overlap. Values retained as reported pending source confirmation."
E08000008,Digital,Under 12,2024-11-01/P1M,2779,,suspicious,"Source audit: total_attendees_digital_events: July 4 versus median nonzero month 2,038 (0.00 times). Could be a typo, changed scope or genuine activity; confirm with service. | total_attendees_physical_events: Annual: reported total 14,825; category sum 17,088; difference -2,263. Categories exceed total; check duplication, scope and reporting frequency. Event audiences may overlap. Values retained as reported pending source confirmation."
E08000008,Digital,Under 12,2024-12-01/P1M,2038,,suspicious,"Source audit: total_attendees_digital_events: July 4 versus median nonzero month 2,038 (0.00 times). Could be a typo, changed scope or genuine activity; confirm with service. | total_attendees_physical_events: Annual: reported total 14,825; category sum 17,088; difference -2,263. Categories exceed total; check duplication, scope and reporting frequency. Event audiences may overlap. Values retained as reported pending source confirmation."
E08000008,Digital,Under 12,2025-01-01/P1M,955,,suspicious,"Source audit: total_attendees_digital_events: July 4 versus median nonzero month 2,038 (0.00 times). Could be a typo, changed scope or genuine activity; confirm with service. | total_attendees_physical_events: Annual: reported total 14,825; category sum 17,088; difference -2,263. Categories exceed total; check duplication, scope and reporting frequency. Event audiences may overlap. Values retained as reported pending source confirmation."
E08000008,Digital,Under 12,2025-02-01/P1M,2993,,suspicious,"Source audit: total_attendees_digital_events: July 4 versus median nonzero month 2,038 (0.00 times). Could be a typo, changed scope or genuine activity; confirm with service. | total_attendees_physical_events: Annual: reported total 14,825; category sum 17,088; difference -2,263. Categories exceed total; check duplication, scope and reporting frequency. Event audiences may overlap. Values retained as reported pending source confirmation."
E08000008,Digital,Under 12,2025-03-01/P1M,3204,,suspicious,"Source audit: total_attendees_digital_events: July 4 versus median nonzero month 2,038 (0.00 times). Could be a typo, changed scope or genuine activity; confirm with service. | total_attendees_physical_events: Annual: reported total 14,825; category sum 17,088; difference -2,263. Categories exceed total; check duplication, scope and reporting frequency. Event audiences may overlap. Values retained as reported pending source confirmation."
E08000008,Digital,12-17,2024-04-01/P1Y,0,,suspicious,"Source audit: total_attendees_digital_events: July 4 versus median nonzero month 2,038 (0.00 times). Could be a typo, changed scope or genuine activity; confirm with service. | total_attendees_physical_events: Annual: reported total 14,825; category sum 17,088; difference -2,263. Categories exceed total; check duplication, scope and reporting frequency. Event audiences may overlap. Values retained as reported pending source confirmation."
E06000020,Physical,Adult,2024-04-01/P1M,141,,,
E06000020,Physical,Adult,2024-05-01/P1M,145,,,
E06000020,Physical,Adult,2024-06-01/P1M,165,,,
E06000020,Physical,Adult,2024-07-01/P1M,155,,,
E06000020,Physical,Adult,2024-08-01/P1M,172,,,
E06000020,Physical,Adult,2024-09-01/P1M,128,,,
E06000020,Physical,Adult,2024-10-01/P1M,216,,,
E06000020,Physical,Adult,2024-11-01/P1M,179,,,
E06000020,Physical,Adult,2024-12-01/P1M,133,,,
E06000020,Physical,Adult,2025-01-01/P1M,175,,,
E06000020,Physical,Adult,2025-02-01/P1M,200,,,
E06000020,Physical,Adult,2025-03-01/P1M,235,,,
E06000020,Physical,Under 12,2024-04-01/P1M,202,,,
E06000020,Physical,Under 12,2024-05-01/P1M,277,,,
E06000020,Physical,Under 12,2024-06-01/P1M,230,,,
E06000020,Physical,Under 12,2024-07-01/P1M,371,,,
E06000020,Physical,Under 12,2024-08-01/P1M,203,,,
E06000020,Physical,Under 12,2024-09-01/P1M,140,,,
E06000020,Physical,Under 12,2024-10-01/P1M,270,,,
E06000020,Physical,Under 12,2024-11-01/P1M,263,,,
E06000020,Physical,Under 12,2024-12-01/P1M,236,,,
E06000020,Physical,Under 12,2025-01-01/P1M,198,,,
E06000020,Physical,Under 12,2025-02-01/P1M,244,,,
E06000020,Physical,Under 12,2025-03-01/P1M,247,,,
E06000020,Physical,12-17,2024-04-01/P1Y,0,,,
E06000020,Digital,Unknown,2024-04-01/P1Y,0,,,
E06000020,Digital,Adult,2024-04-01/P1Y,0,,,
E06000020,Digital,Under 12,2024-04-01/P1Y,0,,,
E06000020,Digital,12-17,2024-04-01/P1Y,0,,,
E06000034,Physical,Unknown,2024-04-01/P1Y,41303,,,
E06000034,Physical,Adult,2024-04-01/P1Y,0,,,
E06000034,Physical,Under 12,2024-04-01/P1Y,0,,,
E06000034,Physical,12-17,2024-04-01/P1Y,0,,,
E06000034,Digital,Unknown,2024-04-01/P1Y,0,,,
E06000034,Digital,Adult,2024-04-01/P1Y,0,,,
E06000034,Digital,Under 12,2024-04-01/P1Y,0,,,
E06000034,Digital,12-17,2024-04-01/P1Y,0,,,
E06000027,Physical,Adult,2024-04-01/P1M,1372,,,
E06000027,Physical,Adult,2024-05-01/P1M,758,,,
E06000027,Physical,Adult,2024-06-01/P1M,1309,,,
E06000027,Physical,Adult,2024-07-01/P1M,4756,,,
E06000027,Physical,Adult,2024-08-01/P1M,1200,,,
E06000027,Physical,Adult,2024-09-01/P1M,847,,,
E06000027,Physical,Adult,2024-10-01/P1M,1334,,,
E06000027,Physical,Adult,2024-11-01/P1M,1420,,,
E06000027,Physical,Adult,2024-12-01/P1M,1305,,,
E06000027,Physical,Adult,2025-01-01/P1M,692,,,
E06000027,Physical,Adult,2025-02-01/P1M,1343,,,
E06000027,Physical,Adult,2025-03-01/P1M,1840,,,
E06000027,Physical,Under 12,2024-04-01/P1M,127,,,
E06000027,Physical,Under 12,2024-05-01/P1M,133,,,
E06000027,Physical,Under 12,2024-06-01/P1M,149,,,
E06000027,Physical,Under 12,2024-07-01/P1M,141,,,
E06000027,Physical,Under 12,2024-08-01/P1M,150,,,
E06000027,Physical,Under 12,2024-09-01/P1M,130,,,
E06000027,Physical,Under 12,2024-10-01/P1M,164,,,
E06000027,Physical,Under 12,2024-11-01/P1M,143,,,
E06000027,Physical,Under 12,2024-12-01/P1M,126,,,
E06000027,Physical,Under 12,2025-01-01/P1M,126,,,
E06000027,Physical,Under 12,2025-02-01/P1M,164,,,
E06000027,Physical,Under 12,2025-03-01/P1M,168,,,
E06000027,Physical,12-17,2024-04-01/P1Y,0,,,
E06000027,Digital,Unknown,2024-04-01/P1Y,0,,,
E06000027,Digital,Adult,2024-04-01/P1Y,0,,,
E06000027,Digital,Under 12,2024-04-01/P1Y,0,,,
E06000027,Digital,12-17,2024-04-01/P1Y,0,,,
E09000030,Physical,Adult,2024-04-01/P1M,351,,,
E09000030,Physical,Adult,2024-05-01/P1M,362,,,
E09000030,Physical,Adult,2024-06-01/P1M,396,,,
E09000030,Physical,Adult,2024-07-01/P1M,409,,,
E09000030,Physical,Adult,2024-08-01/P1M,303,,,
E09000030,Physical,Adult,2024-09-01/P1M,366,,,
E09000030,Physical,Adult,2024-10-01/P1M,550,,,
E09000030,Physical,Adult,2024-11-01/P1M,1616,,,
E09000030,Physical,Adult,2024-12-01/P1M,316,,,
E09000030,Physical,Adult,2025-01-01/P1M,374,,,
E09000030,Physical,Adult,2025-02-01/P1M,363,,,
E09000030,Physical,Adult,2025-03-01/P1M,440,,,
E09000030,Physical,Under 12,2024-04-01/P1M,4109,,,
E09000030,Physical,Under 12,2024-05-01/P1M,4013,,,
E09000030,Physical,Under 12,2024-06-01/P1M,3436,,,
E09000030,Physical,Under 12,2024-07-01/P1M,4604,,,
E09000030,Physical,Under 12,2024-08-01/P1M,4895,,,
E09000030,Physical,Under 12,2024-09-01/P1M,3418,,,
E09000030,Physical,Under 12,2024-10-01/P1M,4662,,,
E09000030,Physical,Under 12,2024-11-01/P1M,4684,,,
E09000030,Physical,Under 12,2024-12-01/P1M,3433,,,
E09000030,Physical,Under 12,2025-01-01/P1M,4412,,,
E09000030,Physical,Under 12,2025-02-01/P1M,4587,,,
E09000030,Physical,Under 12,2025-03-01/P1M,4589,,,
E09000030,Physical,12-17,2024-04-01/P1Y,0,,,
E09000030,Digital,Adult,2024-04-01/P1Y,60,,,
E09000030,Digital,Under 12,2024-04-01/P1Y,20,,,
E09000030,Digital,12-17,2024-04-01/P1Y,0,,,
E08000009,Physical,Unknown,2024-04-01/P1M,3336,,,
E08000009,Physical,Unknown,2024-05-01/P1M,3069,,,
E08000009,Physical,Unknown,2024-06-01/P1M,3276,,,
E08000009,Physical,Unknown,2024-07-01/P1M,4624,,,
E08000009,Physical,Unknown,2024-08-01/P1M,3173,,,
E08000009,Physical,Unknown,2024-09-01/P1M,3037,,,
E08000009,Physical,Unknown,2024-10-01/P1M,4171,,,
E08000009,Physical,Unknown,2024-11-01/P1M,3377,,,
E08000009,Physical,Unknown,2024-12-01/P1M,2544,,,
E08000009,Physical,Unknown,2025-01-01/P1M,3232,,,
E08000009,Physical,Unknown,2025-02-01/P1M,4438,,,
E08000009,Physical,Unknown,2025-03-01/P1M,4149,,,
E08000009,Physical,Adult,2024-04-01/P1Y,0,,,
E08000009,Physical,Under 12,2024-04-01/P1Y,0,,,
E08000009,Physical,12-17,2024-04-01/P1Y,0,,,
E08000009,Digital,Unknown,2024-04-01/P1Y,0,,,
E08000009,Digital,Adult,2024-04-01/P1Y,0,,,
E08000009,Digital,Under 12,2024-04-01/P1Y,0,,,
E08000009,Digital,12-17,2024-04-01/P1Y,0,,,
E08000036,Physical,Adult,2024-04-01/P1M,6094,,,
E08000036,Physical,Adult,2024-05-01/P1M,5933,,,
E08000036,Physical,Adult,2024-06-01/P1M,5204,,,
E08000036,Physical,Adult,2024-07-01/P1M,2562,,,
E08000036,Physical,Adult,2024-08-01/P1M,6662,,,
E08000036,Physical,Adult,2024-09-01/P1M,5147,,,
E08000036,Physical,Adult,2024-10-01/P1M,7061,,,
E08000036,Physical,Adult,2024-11-01/P1M,6267,,,
E08000036,Physical,Adult,2024-12-01/P1M,4711,,,
E08000036,Physical,Adult,2025-01-01/P1M,5538,,,
E08000036,Physical,Adult,2025-02-01/P1M,6995,,,
E08000036,Physical,Adult,2025-03-01/P1M,6877,,,
E08000036,Physical,Under 12,2024-04-01/P1M,2991,,,
E08000036,Physical,Under 12,2024-05-01/P1M,2884,,,
E08000036,Physical,Under 12,2024-06-01/P1M,2708,,,
E08000036,Physical,Under 12,2024-07-01/P1M,3211,,,
E08000036,Physical,Under 12,2024-08-01/P1M,5102,,,
E08000036,Physical,Under 12,2024-09-01/P1M,2362,,,
E08000036,Physical,Under 12,2024-10-01/P1M,3965,,,
E08000036,Physical,Under 12,2024-11-01/P1M,3717,,,
E08000036,Physical,Under 12,2024-12-01/P1M,2401,,,
E08000036,Physical,Under 12,2025-01-01/P1M,2820,,,
E08000036,Physical,Under 12,2025-02-01/P1M,3962,,,
E08000036,Physical,Under 12,2025-03-01/P1M,3846,,,
E08000036,Physical,12-17,2024-04-01/P1Y,0,,,
E08000036,Digital,Unknown,2024-04-01/P1Y,0,,,
E08000036,Digital,Adult,2024-04-01/P1Y,0,,,
E08000036,Digital,Under 12,2024-04-01/P1Y,0,,,
E08000036,Digital,12-17,2024-04-01/P1Y,0,,,
E08000030,Physical,Adult,2024-04-01/P1M,1215,,,
E08000030,Physical,Adult,2024-05-01/P1M,1839,,,
E08000030,Physical,Adult,2024-06-01/P1M,1879,,,
E08000030,Physical,Adult,2024-07-01/P1M,2432,,,
E08000030,Physical,Adult,2024-08-01/P1M,1239,,,
E08000030,Physical,Adult,2024-09-01/P1M,1136,,,
E08000030,Physical,Adult,2024-10-01/P1M,1514,,,
E08000030,Physical,Adult,2024-11-01/P1M,1525,,,
E08000030,Physical,Adult,2024-12-01/P1M,861,,,
E08000030,Physical,Adult,2025-01-01/P1M,1225,,,
E08000030,Physical,Adult,2025-02-01/P1M,1300,,,
E08000030,Physical,Adult,2025-03-01/P1M,1355,,,
E08000030,Physical,Under 12,2024-04-01/P1M,1315,,,
E08000030,Physical,Under 12,2024-05-01/P1M,1561,,,
E08000030,Physical,Under 12,2024-06-01/P1M,1903,,,
E08000030,Physical,Under 12,2024-07-01/P1M,2249,,,
E08000030,Physical,Under 12,2024-08-01/P1M,930,,,
E08000030,Physical,Under 12,2024-09-01/P1M,1075,,,
E08000030,Physical,Under 12,2024-10-01/P1M,2080,,,
E08000030,Physical,Under 12,2024-11-01/P1M,1708,,,
E08000030,Physical,Under 12,2024-12-01/P1M,1059,,,
E08000030,Physical,Under 12,2025-01-01/P1M,1554,,,
E08000030,Physical,Under 12,2025-02-01/P1M,1329,,,
E08000030,Physical,Under 12,2025-03-01/P1M,2071,,,
E08000030,Physical,12-17,2024-04-01/P1M,72,,,
E08000030,Physical,12-17,2024-05-01/P1M,95,,,
E08000030,Physical,12-17,2024-06-01/P1M,10,,,
E08000030,Physical,12-17,2024-07-01/P1M,46,,,
E08000030,Physical,12-17,2024-08-01/P1M,107,,,
E08000030,Physical,12-17,2024-09-01/P1M,12,,,
E08000030,Physical,12-17,2024-10-01/P1M,77,,,
E08000030,Physical,12-17,2024-11-01/P1M,33,,,
E08000030,Physical,12-17,2024-12-01/P1M,19,,,
E08000030,Physical,12-17,2025-01-01/P1M,33,,,
E08000030,Physical,12-17,2025-02-01/P1M,60,,,
E08000030,Physical,12-17,2025-03-01/P1M,26,,,
E08000030,Digital,Adult,2024-04-01/P1M,41,,,
E08000030,Digital,Adult,2024-05-01/P1M,40,,,
E08000030,Digital,Adult,2024-06-01/P1M,44,,,
E08000030,Digital,Adult,2024-07-01/P1M,40,,,
E08000030,Digital,Adult,2024-08-01/P1M,8,,,
E08000030,Digital,Adult,2024-09-01/P1M,33,,,
E08000030,Digital,Adult,2024-10-01/P1M,48,,,
E08000030,Digital,Adult,2024-11-01/P1M,34,,,
E08000030,Digital,Adult,2024-12-01/P1M,26,,,
E08000030,Digital,Adult,2025-01-01/P1M,29,,,
E08000030,Digital,Adult,2025-02-01/P1M,48,,,
E08000030,Digital,Adult,2025-03-01/P1M,49,,,
E08000030,Digital,Under 12,2024-04-01/P1Y,0,,,
E08000030,Digital,12-17,2024-04-01/P1Y,0,,,
E09000031,Physical,Adult,2024-04-01/P1M,6657,,,
E09000031,Physical,Adult,2024-05-01/P1M,5776,,,
E09000031,Physical,Adult,2024-06-01/P1M,5351,,,
E09000031,Physical,Adult,2024-07-01/P1M,5861,,,
E09000031,Physical,Adult,2024-08-01/P1M,4862,,,
E09000031,Physical,Adult,2024-09-01/P1M,5588,,,
E09000031,Physical,Adult,2024-10-01/P1M,6011,,,
E09000031,Physical,Adult,2024-11-01/P1M,5799,,,
E09000031,Physical,Adult,2024-12-01/P1M,4539,,,
E09000031,Physical,Adult,2025-01-01/P1M,5975,,,
E09000031,Physical,Adult,2025-02-01/P1M,5860,,,
E09000031,Physical,Adult,2025-03-01/P1M,7953,,,
E09000031,Physical,Under 12,2024-04-01/P1M,7318,,,
E09000031,Physical,Under 12,2024-05-01/P1M,6714,,,
E09000031,Physical,Under 12,2024-06-01/P1M,6039,,,
E09000031,Physical,Under 12,2024-07-01/P1M,6646,,,
E09000031,Physical,Under 12,2024-08-01/P1M,5487,,,
E09000031,Physical,Under 12,2024-09-01/P1M,6166,,,
E09000031,Physical,Under 12,2024-10-01/P1M,6984,,,
E09000031,Physical,Under 12,2024-11-01/P1M,6582,,,
E09000031,Physical,Under 12,2024-12-01/P1M,5611,,,
E09000031,Physical,Under 12,2025-01-01/P1M,6858,,,
E09000031,Physical,Under 12,2025-02-01/P1M,6936,,,
E09000031,Physical,Under 12,2025-03-01/P1M,7642,,,
E09000031,Physical,12-17,2024-04-01/P1Y,0,,,
E09000031,Digital,Unknown,2024-04-01/P1Y,0,,,
E09000031,Digital,Adult,2024-04-01/P1Y,0,,,
E09000031,Digital,Under 12,2024-04-01/P1Y,0,,,
E09000031,Digital,12-17,2024-04-01/P1Y,0,,,
E09000032,Physical,Adult,2024-04-01/P1M,1601,,,
E09000032,Physical,Adult,2024-05-01/P1M,1533,,,
E09000032,Physical,Adult,2024-06-01/P1M,1399,,,
E09000032,Physical,Adult,2024-07-01/P1M,1715,,,
E09000032,Physical,Adult,2024-08-01/P1M,1237,,,
E09000032,Physical,Adult,2024-09-01/P1M,1742,,,
E09000032,Physical,Adult,2024-10-01/P1M,2211,,,
E09000032,Physical,Adult,2024-11-01/P1M,1944,,,
E09000032,Physical,Adult,2024-12-01/P1M,1515,,,
E09000032,Physical,Adult,2025-01-01/P1M,2431,,,
E09000032,Physical,Adult,2025-02-01/P1M,2531,,,
E09000032,Physical,Adult,2025-03-01/P1M,3123,,,
E09000032,Physical,Under 12,2024-04-01/P1M,4701,,,
E09000032,Physical,Under 12,2024-05-01/P1M,4038,,,
E09000032,Physical,Under 12,2024-06-01/P1M,4446,,,
E09000032,Physical,Under 12,2024-07-01/P1M,5235,,,
E09000032,Physical,Under 12,2024-08-01/P1M,4369,,,
E09000032,Physical,Under 12,2024-09-01/P1M,4916,,,
E09000032,Physical,Under 12,2024-10-01/P1M,5795,,,
E09000032,Physical,Under 12,2024-11-01/P1M,5001,,,
E09000032,Physical,Under 12,2024-12-01/P1M,3869,,,
E09000032,Physical,Under 12,2025-01-01/P1M,4586,,,
E09000032,Physical,Under 12,2025-02-01/P1M,5397,,,
E09000032,Physical,Under 12,2025-03-01/P1M,5444,,,
E09000032,Physical,12-17,2024-04-01/P1Y,0,,,
E09000032,Digital,Unknown,2024-04-01/P1Y,0,,,
E09000032,Digital,Adult,2024-04-01/P1Y,0,,,
E09000032,Digital,Under 12,2024-04-01/P1Y,0,,,
E09000032,Digital,12-17,2024-04-01/P1Y,0,,,
E06000007,Physical,Unknown,2024-04-01/P3M,9756,,,
E06000007,Physical,Unknown,2024-07-01/P3M,9278,,,
E06000007,Physical,Unknown,2024-10-01/P3M,8844,,,
E06000007,Physical,Unknown,2025-01-01/P3M,11737,,,
E06000007,Physical,Adult,2024-04-01/P1Y,0,,,
E06000007,Physical,Under 12,2024-04-01/P1Y,0,,,
E06000007,Physical,12-17,2024-04-01/P1Y,0,,,
E06000007,Digital,Unknown,2024-04-01/P1Y,0,,,
E06000007,Digital,Adult,2024-04-01/P1Y,0,,,
E06000007,Digital,Under 12,2024-04-01/P1Y,0,,,
E06000007,Digital,12-17,2024-04-01/P1Y,0,,,
E10000031,Physical,Adult,2024-04-01/P1M,5433,,,
E10000031,Physical,Adult,2024-05-01/P1M,4671,,,
E10000031,Physical,Adult,2024-06-01/P1M,5641,,,
E10000031,Physical,Adult,2024-07-01/P1M,5161,,,
E10000031,Physical,Adult,2024-08-01/P1M,5650,,,
E10000031,Physical,Adult,2024-09-01/P1M,5221,,,
E10000031,Physical,Adult,2024-10-01/P1M,6650,,,
E10000031,Physical,Adult,2024-11-01/P1M,4348,,,
E10000031,Physical,Adult,2024-12-01/P1M,4022,,,
E10000031,Physical,Adult,2025-01-01/P1M,5742,,,
E10000031,Physical,Adult,2025-02-01/P1M,6485,,,
E10000031,Physical,Adult,2025-03-01/P1M,5495,,,
E10000031,Physical,Under 12,2024-04-01/P1M,4696,,,
E10000031,Physical,Under 12,2024-05-01/P1M,4316,,,
E10000031,Physical,Under 12,2024-06-01/P1M,4464,,,
E10000031,Physical,Under 12,2024-07-01/P1M,5449,,,
E10000031,Physical,Under 12,2024-08-01/P1M,5105,,,
E10000031,Physical,Under 12,2024-09-01/P1M,4255,,,
E10000031,Physical,Under 12,2024-10-01/P1M,5771,,,
E10000031,Physical,Under 12,2024-11-01/P1M,3600,,,
E10000031,Physical,Under 12,2024-12-01/P1M,3484,,,
E10000031,Physical,Under 12,2025-01-01/P1M,4786,,,
E10000031,Physical,Under 12,2025-02-01/P1M,6056,,,
E10000031,Physical,Under 12,2025-03-01/P1M,5145,,,
E10000031,Physical,12-17,2024-04-01/P1M,107,,,
E10000031,Physical,12-17,2024-05-01/P1M,146,,,
E10000031,Physical,12-17,2024-06-01/P1M,51,,,
E10000031,Physical,12-17,2024-07-01/P1M,76,,,
E10000031,Physical,12-17,2024-08-01/P1M,112,,,
E10000031,Physical,12-17,2024-09-01/P1M,63,,,
E10000031,Physical,12-17,2024-10-01/P1M,121,,,
E10000031,Physical,12-17,2024-11-01/P1M,71,,,
E10000031,Physical,12-17,2024-12-01/P1M,297,,,
E10000031,Physical,12-17,2025-01-01/P1M,85,,,
E10000031,Physical,12-17,2025-02-01/P1M,195,,,
E10000031,Physical,12-17,2025-03-01/P1M,115,,,
E10000031,Digital,Adult,2024-04-01/P1M,115,,suspicious,"Source audit: total_attendees_digital_events: 2023/2024: 216; 2024/2025: 2,597 (12.02 times; +1102.3%). Check units, collection scope and completeness; a change alone does not prove error. Values retained as reported pending source confirmation."
E10000031,Digital,Adult,2024-05-01/P1M,120,,suspicious,"Source audit: total_attendees_digital_events: 2023/2024: 216; 2024/2025: 2,597 (12.02 times; +1102.3%). Check units, collection scope and completeness; a change alone does not prove error. Values retained as reported pending source confirmation."
E10000031,Digital,Adult,2024-06-01/P1M,101,,suspicious,"Source audit: total_attendees_digital_events: 2023/2024: 216; 2024/2025: 2,597 (12.02 times; +1102.3%). Check units, collection scope and completeness; a change alone does not prove error. Values retained as reported pending source confirmation."
E10000031,Digital,Adult,2024-07-01/P1M,115,,suspicious,"Source audit: total_attendees_digital_events: 2023/2024: 216; 2024/2025: 2,597 (12.02 times; +1102.3%). Check units, collection scope and completeness; a change alone does not prove error. Values retained as reported pending source confirmation."
E10000031,Digital,Adult,2024-08-01/P1M,127,,suspicious,"Source audit: total_attendees_digital_events: 2023/2024: 216; 2024/2025: 2,597 (12.02 times; +1102.3%). Check units, collection scope and completeness; a change alone does not prove error. Values retained as reported pending source confirmation."
E10000031,Digital,Adult,2024-09-01/P1M,117,,suspicious,"Source audit: total_attendees_digital_events: 2023/2024: 216; 2024/2025: 2,597 (12.02 times; +1102.3%). Check units, collection scope and completeness; a change alone does not prove error. Values retained as reported pending source confirmation."
E10000031,Digital,Adult,2024-10-01/P1M,127,,suspicious,"Source audit: total_attendees_digital_events: 2023/2024: 216; 2024/2025: 2,597 (12.02 times; +1102.3%). Check units, collection scope and completeness; a change alone does not prove error. Values retained as reported pending source confirmation."
E10000031,Digital,Adult,2024-11-01/P1M,120,,suspicious,"Source audit: total_attendees_digital_events: 2023/2024: 216; 2024/2025: 2,597 (12.02 times; +1102.3%). Check units, collection scope and completeness; a change alone does not prove error. Values retained as reported pending source confirmation."
E10000031,Digital,Adult,2024-12-01/P1M,132,,suspicious,"Source audit: total_attendees_digital_events: 2023/2024: 216; 2024/2025: 2,597 (12.02 times; +1102.3%). Check units, collection scope and completeness; a change alone does not prove error. Values retained as reported pending source confirmation."
E10000031,Digital,Adult,2025-01-01/P1M,187,,suspicious,"Source audit: total_attendees_digital_events: 2023/2024: 216; 2024/2025: 2,597 (12.02 times; +1102.3%). Check units, collection scope and completeness; a change alone does not prove error. Values retained as reported pending source confirmation."
E10000031,Digital,Adult,2025-02-01/P1M,129,,suspicious,"Source audit: total_attendees_digital_events: 2023/2024: 216; 2024/2025: 2,597 (12.02 times; +1102.3%). Check units, collection scope and completeness; a change alone does not prove error. Values retained as reported pending source confirmation."
E10000031,Digital,Adult,2025-03-01/P1M,204,,suspicious,"Source audit: total_attendees_digital_events: 2023/2024: 216; 2024/2025: 2,597 (12.02 times; +1102.3%). Check units, collection scope and completeness; a change alone does not prove error. Values retained as reported pending source confirmation."
E10000031,Digital,Under 12,2024-04-01/P1M,79,,suspicious,"Source audit: total_attendees_digital_events: 2023/2024: 216; 2024/2025: 2,597 (12.02 times; +1102.3%). Check units, collection scope and completeness; a change alone does not prove error. Values retained as reported pending source confirmation."
E10000031,Digital,Under 12,2024-05-01/P1M,83,,suspicious,"Source audit: total_attendees_digital_events: 2023/2024: 216; 2024/2025: 2,597 (12.02 times; +1102.3%). Check units, collection scope and completeness; a change alone does not prove error. Values retained as reported pending source confirmation."
E10000031,Digital,Under 12,2024-06-01/P1M,70,,suspicious,"Source audit: total_attendees_digital_events: 2023/2024: 216; 2024/2025: 2,597 (12.02 times; +1102.3%). Check units, collection scope and completeness; a change alone does not prove error. Values retained as reported pending source confirmation."
E10000031,Digital,Under 12,2024-07-01/P1M,56,,suspicious,"Source audit: total_attendees_digital_events: 2023/2024: 216; 2024/2025: 2,597 (12.02 times; +1102.3%). Check units, collection scope and completeness; a change alone does not prove error. Values retained as reported pending source confirmation."
E10000031,Digital,Under 12,2024-08-01/P1M,50,,suspicious,"Source audit: total_attendees_digital_events: 2023/2024: 216; 2024/2025: 2,597 (12.02 times; +1102.3%). Check units, collection scope and completeness; a change alone does not prove error. Values retained as reported pending source confirmation."
E10000031,Digital,Under 12,2024-09-01/P1M,58,,suspicious,"Source audit: total_attendees_digital_events: 2023/2024: 216; 2024/2025: 2,597 (12.02 times; +1102.3%). Check units, collection scope and completeness; a change alone does not prove error. Values retained as reported pending source confirmation."
E10000031,Digital,Under 12,2024-10-01/P1M,89,,suspicious,"Source audit: total_attendees_digital_events: 2023/2024: 216; 2024/2025: 2,597 (12.02 times; +1102.3%). Check units, collection scope and completeness; a change alone does not prove error. Values retained as reported pending source confirmation."
E10000031,Digital,Under 12,2024-11-01/P1M,77,,suspicious,"Source audit: total_attendees_digital_events: 2023/2024: 216; 2024/2025: 2,597 (12.02 times; +1102.3%). Check units, collection scope and completeness; a change alone does not prove error. Values retained as reported pending source confirmation."
E10000031,Digital,Under 12,2024-12-01/P1M,86,,suspicious,"Source audit: total_attendees_digital_events: 2023/2024: 216; 2024/2025: 2,597 (12.02 times; +1102.3%). Check units, collection scope and completeness; a change alone does not prove error. Values retained as reported pending source confirmation."
E10000031,Digital,Under 12,2025-01-01/P1M,97,,suspicious,"Source audit: total_attendees_digital_events: 2023/2024: 216; 2024/2025: 2,597 (12.02 times; +1102.3%). Check units, collection scope and completeness; a change alone does not prove error. Values retained as reported pending source confirmation."
E10000031,Digital,Under 12,2025-02-01/P1M,77,,suspicious,"Source audit: total_attendees_digital_events: 2023/2024: 216; 2024/2025: 2,597 (12.02 times; +1102.3%). Check units, collection scope and completeness; a change alone does not prove error. Values retained as reported pending source confirmation."
E10000031,Digital,Under 12,2025-03-01/P1M,92,,suspicious,"Source audit: total_attendees_digital_events: 2023/2024: 216; 2024/2025: 2,597 (12.02 times; +1102.3%). Check units, collection scope and completeness; a change alone does not prove error. Values retained as reported pending source confirmation."
E10000031,Digital,12-17,2024-04-01/P1M,6,,suspicious,"Source audit: total_attendees_digital_events: 2023/2024: 216; 2024/2025: 2,597 (12.02 times; +1102.3%). Check units, collection scope and completeness; a change alone does not prove error. Values retained as reported pending source confirmation."
E10000031,Digital,12-17,2024-05-01/P1M,5,,suspicious,"Source audit: total_attendees_digital_events: 2023/2024: 216; 2024/2025: 2,597 (12.02 times; +1102.3%). Check units, collection scope and completeness; a change alone does not prove error. Values retained as reported pending source confirmation."
E10000031,Digital,12-17,2024-06-01/P1M,3,,suspicious,"Source audit: total_attendees_digital_events: 2023/2024: 216; 2024/2025: 2,597 (12.02 times; +1102.3%). Check units, collection scope and completeness; a change alone does not prove error. Values retained as reported pending source confirmation."
E10000031,Digital,12-17,2024-07-01/P1M,2,,suspicious,"Source audit: total_attendees_digital_events: 2023/2024: 216; 2024/2025: 2,597 (12.02 times; +1102.3%). Check units, collection scope and completeness; a change alone does not prove error. Values retained as reported pending source confirmation."
E10000031,Digital,12-17,2024-08-01/P1M,6,,suspicious,"Source audit: total_attendees_digital_events: 2023/2024: 216; 2024/2025: 2,597 (12.02 times; +1102.3%). Check units, collection scope and completeness; a change alone does not prove error. Values retained as reported pending source confirmation."
E10000031,Digital,12-17,2024-09-01/P1M,11,,suspicious,"Source audit: total_attendees_digital_events: 2023/2024: 216; 2024/2025: 2,597 (12.02 times; +1102.3%). Check units, collection scope and completeness; a change alone does not prove error. Values retained as reported pending source confirmation."
E10000031,Digital,12-17,2024-10-01/P1M,2,,suspicious,"Source audit: total_attendees_digital_events: 2023/2024: 216; 2024/2025: 2,597 (12.02 times; +1102.3%). Check units, collection scope and completeness; a change alone does not prove error. Values retained as reported pending source confirmation."
E10000031,Digital,12-17,2024-11-01/P1M,6,,suspicious,"Source audit: total_attendees_digital_events: 2023/2024: 216; 2024/2025: 2,597 (12.02 times; +1102.3%). Check units, collection scope and completeness; a change alone does not prove error. Values retained as reported pending source confirmation."
E10000031,Digital,12-17,2024-12-01/P1M,16,,suspicious,"Source audit: total_attendees_digital_events: 2023/2024: 216; 2024/2025: 2,597 (12.02 times; +1102.3%). Check units, collection scope and completeness; a change alone does not prove error. Values retained as reported pending source confirmation."
E10000031,Digital,12-17,2025-01-01/P1M,13,,suspicious,"Source audit: total_attendees_digital_events: 2023/2024: 216; 2024/2025: 2,597 (12.02 times; +1102.3%). Check units, collection scope and completeness; a change alone does not prove error. Values retained as reported pending source confirmation."
E10000031,Digital,12-17,2025-02-01/P1M,2,,suspicious,"Source audit: total_attendees_digital_events: 2023/2024: 216; 2024/2025: 2,597 (12.02 times; +1102.3%). Check units, collection scope and completeness; a change alone does not prove error. Values retained as reported pending source confirmation."
E10000031,Digital,12-17,2025-03-01/P1M,17,,suspicious,"Source audit: total_attendees_digital_events: 2023/2024: 216; 2024/2025: 2,597 (12.02 times; +1102.3%). Check units, collection scope and completeness; a change alone does not prove error. Values retained as reported pending source confirmation."
E06000037,Physical,Unknown,2024-04-01/P1M,2889,,,
E06000037,Physical,Unknown,2024-05-01/P1M,3970,,,
E06000037,Physical,Unknown,2024-06-01/P1M,2681,,,
E06000037,Physical,Unknown,2024-07-01/P1M,1964,,,
E06000037,Physical,Unknown,2024-08-01/P1M,2647,,,
E06000037,Physical,Unknown,2024-09-01/P1M,2588,,,
E06000037,Physical,Unknown,2024-10-01/P1M,3629,,,
E06000037,Physical,Unknown,2024-11-01/P1M,3020,,,
E06000037,Physical,Unknown,2024-12-01/P1M,2154,,,
E06000037,Physical,Unknown,2025-01-01/P1M,3176,,,
E06000037,Physical,Unknown,2025-02-01/P1M,3280,,,
E06000037,Physical,Unknown,2025-03-01/P1M,2960,,,
E06000037,Physical,Adult,2024-04-01/P1Y,0,,,
E06000037,Physical,Under 12,2024-04-01/P1Y,0,,,
E06000037,Physical,12-17,2024-04-01/P1Y,0,,,
E06000037,Digital,Unknown,2024-04-01/P1Y,0,,,
E06000037,Digital,Adult,2024-04-01/P1Y,0,,,
E06000037,Digital,Under 12,2024-04-01/P1Y,0,,,
E06000037,Digital,12-17,2024-04-01/P1Y,0,,,
E06000062,Physical,Adult,2024-04-01/P1M,0,,suspicious,"Source audit: total_attendees_physical_events: April 30,080 versus median nonzero month 2,900 (10.37 times). Could be a typo, changed scope or genuine activity; confirm with service. Values retained as reported pending source confirmation."
E06000062,Physical,Adult,2024-05-01/P1M,0,,suspicious,"Source audit: total_attendees_physical_events: April 30,080 versus median nonzero month 2,900 (10.37 times). Could be a typo, changed scope or genuine activity; confirm with service. Values retained as reported pending source confirmation."
E06000062,Physical,Adult,2024-06-01/P1M,0,,suspicious,"Source audit: total_attendees_physical_events: April 30,080 versus median nonzero month 2,900 (10.37 times). Could be a typo, changed scope or genuine activity; confirm with service. Values retained as reported pending source confirmation."
E06000062,Physical,Adult,2024-07-01/P1M,386,,suspicious,"Source audit: total_attendees_physical_events: April 30,080 versus median nonzero month 2,900 (10.37 times). Could be a typo, changed scope or genuine activity; confirm with service. Values retained as reported pending source confirmation."
E06000062,Physical,Adult,2024-08-01/P1M,582,,suspicious,"Source audit: total_attendees_physical_events: April 30,080 versus median nonzero month 2,900 (10.37 times). Could be a typo, changed scope or genuine activity; confirm with service. Values retained as reported pending source confirmation."
E06000062,Physical,Adult,2024-09-01/P1M,101,,suspicious,"Source audit: total_attendees_physical_events: April 30,080 versus median nonzero month 2,900 (10.37 times). Could be a typo, changed scope or genuine activity; confirm with service. Values retained as reported pending source confirmation."
E06000062,Physical,Adult,2024-10-01/P1M,0,,suspicious,"Source audit: total_attendees_physical_events: April 30,080 versus median nonzero month 2,900 (10.37 times). Could be a typo, changed scope or genuine activity; confirm with service. Values retained as reported pending source confirmation."
E06000062,Physical,Adult,2024-11-01/P1M,0,,suspicious,"Source audit: total_attendees_physical_events: April 30,080 versus median nonzero month 2,900 (10.37 times). Could be a typo, changed scope or genuine activity; confirm with service. Values retained as reported pending source confirmation."
E06000062,Physical,Adult,2024-12-01/P1M,0,,suspicious,"Source audit: total_attendees_physical_events: April 30,080 versus median nonzero month 2,900 (10.37 times). Could be a typo, changed scope or genuine activity; confirm with service. Values retained as reported pending source confirmation."
E06000062,Physical,Adult,2025-01-01/P1M,0,,suspicious,"Source audit: total_attendees_physical_events: April 30,080 versus median nonzero month 2,900 (10.37 times). Could be a typo, changed scope or genuine activity; confirm with service. Values retained as reported pending source confirmation."
E06000062,Physical,Adult,2025-02-01/P1M,0,,suspicious,"Source audit: total_attendees_physical_events: April 30,080 versus median nonzero month 2,900 (10.37 times). Could be a typo, changed scope or genuine activity; confirm with service. Values retained as reported pending source confirmation."
E06000062,Physical,Adult,2025-03-01/P1M,0,,suspicious,"Source audit: total_attendees_physical_events: April 30,080 versus median nonzero month 2,900 (10.37 times). Could be a typo, changed scope or genuine activity; confirm with service. Values retained as reported pending source confirmation."
E06000062,Physical,Under 12,2024-04-01/P1M,0,,suspicious,"Source audit: total_attendees_physical_events: April 30,080 versus median nonzero month 2,900 (10.37 times). Could be a typo, changed scope or genuine activity; confirm with service. Values retained as reported pending source confirmation."
E06000062,Physical,Under 12,2024-05-01/P1M,0,,suspicious,"Source audit: total_attendees_physical_events: April 30,080 versus median nonzero month 2,900 (10.37 times). Could be a typo, changed scope or genuine activity; confirm with service. Values retained as reported pending source confirmation."
E06000062,Physical,Under 12,2024-06-01/P1M,0,,suspicious,"Source audit: total_attendees_physical_events: April 30,080 versus median nonzero month 2,900 (10.37 times). Could be a typo, changed scope or genuine activity; confirm with service. Values retained as reported pending source confirmation."
E06000062,Physical,Under 12,2024-07-01/P1M,844,,suspicious,"Source audit: total_attendees_physical_events: April 30,080 versus median nonzero month 2,900 (10.37 times). Could be a typo, changed scope or genuine activity; confirm with service. Values retained as reported pending source confirmation."
E06000062,Physical,Under 12,2024-08-01/P1M,1276,,suspicious,"Source audit: total_attendees_physical_events: April 30,080 versus median nonzero month 2,900 (10.37 times). Could be a typo, changed scope or genuine activity; confirm with service. Values retained as reported pending source confirmation."
E06000062,Physical,Under 12,2024-09-01/P1M,47,,suspicious,"Source audit: total_attendees_physical_events: April 30,080 versus median nonzero month 2,900 (10.37 times). Could be a typo, changed scope or genuine activity; confirm with service. Values retained as reported pending source confirmation."
E06000062,Physical,Under 12,2024-10-01/P1M,0,,suspicious,"Source audit: total_attendees_physical_events: April 30,080 versus median nonzero month 2,900 (10.37 times). Could be a typo, changed scope or genuine activity; confirm with service. Values retained as reported pending source confirmation."
E06000062,Physical,Under 12,2024-11-01/P1M,0,,suspicious,"Source audit: total_attendees_physical_events: April 30,080 versus median nonzero month 2,900 (10.37 times). Could be a typo, changed scope or genuine activity; confirm with service. Values retained as reported pending source confirmation."
E06000062,Physical,Under 12,2024-12-01/P1M,0,,suspicious,"Source audit: total_attendees_physical_events: April 30,080 versus median nonzero month 2,900 (10.37 times). Could be a typo, changed scope or genuine activity; confirm with service. Values retained as reported pending source confirmation."
E06000062,Physical,Under 12,2025-01-01/P1M,0,,suspicious,"Source audit: total_attendees_physical_events: April 30,080 versus median nonzero month 2,900 (10.37 times). Could be a typo, changed scope or genuine activity; confirm with service. Values retained as reported pending source confirmation."
E06000062,Physical,Under 12,2025-02-01/P1M,0,,suspicious,"Source audit: total_attendees_physical_events: April 30,080 versus median nonzero month 2,900 (10.37 times). Could be a typo, changed scope or genuine activity; confirm with service. Values retained as reported pending source confirmation."
E06000062,Physical,Under 12,2025-03-01/P1M,0,,suspicious,"Source audit: total_attendees_physical_events: April 30,080 versus median nonzero month 2,900 (10.37 times). Could be a typo, changed scope or genuine activity; confirm with service. Values retained as reported pending source confirmation."
E06000062,Physical,12-17,2024-04-01/P1Y,0,,suspicious,"Source audit: total_attendees_physical_events: April 30,080 versus median nonzero month 2,900 (10.37 times). Could be a typo, changed scope or genuine activity; confirm with service. Values retained as reported pending source confirmation."
E06000062,Digital,Unknown,2024-04-01/P1Y,0,,,
E06000062,Digital,Adult,2024-04-01/P1Y,0,,,
E06000062,Digital,Under 12,2024-04-01/P1Y,0,,,
E06000062,Digital,12-17,2024-04-01/P1Y,0,,,
E10000032,Physical,Adult,2024-04-01/P1M,7511,,,
E10000032,Physical,Adult,2024-05-01/P1M,7630,,,
E10000032,Physical,Adult,2024-06-01/P1M,7522,,,
E10000032,Physical,Adult,2024-07-01/P1M,9217,,,
E10000032,Physical,Adult,2024-08-01/P1M,7212,,,
E10000032,Physical,Adult,2024-09-01/P1M,7186,,,
E10000032,Physical,Adult,2024-10-01/P1M,9037,,,
E10000032,Physical,Adult,2024-11-01/P1M,7847,,,
E10000032,Physical,Adult,2024-12-01/P1M,6399,,,
E10000032,Physical,Adult,2025-01-01/P1M,7884,,,
E10000032,Physical,Adult,2025-02-01/P1M,8150,,,
E10000032,Physical,Adult,2025-03-01/P1M,8878,,,
E10000032,Physical,Under 12,2024-04-01/P1M,6586,,,
E10000032,Physical,Under 12,2024-05-01/P1M,6597,,,
E10000032,Physical,Under 12,2024-06-01/P1M,17729,,,
E10000032,Physical,Under 12,2024-07-01/P1M,43910,,,
E10000032,Physical,Under 12,2024-08-01/P1M,6050,,,
E10000032,Physical,Under 12,2024-09-01/P1M,5772,,,
E10000032,Physical,Under 12,2024-10-01/P1M,7620,,,
E10000032,Physical,Under 12,2024-11-01/P1M,6834,,,
E10000032,Physical,Under 12,2024-12-01/P1M,4994,,,
E10000032,Physical,Under 12,2025-01-01/P1M,10545,,,
E10000032,Physical,Under 12,2025-02-01/P1M,7617,,,
E10000032,Physical,Under 12,2025-03-01/P1M,7854,,,
E10000032,Physical,12-17,2024-04-01/P1Y,0,,,
E10000032,Digital,Adult,2024-04-01/P1M,0,,,
E10000032,Digital,Adult,2024-05-01/P1M,0,,,
E10000032,Digital,Adult,2024-06-01/P1M,0,,,
E10000032,Digital,Adult,2024-07-01/P1M,0,,,
E10000032,Digital,Adult,2024-08-01/P1M,12,,,
E10000032,Digital,Adult,2024-09-01/P1M,0,,,
E10000032,Digital,Adult,2024-10-01/P1M,2,,,
E10000032,Digital,Adult,2024-11-01/P1M,16,,,
E10000032,Digital,Adult,2024-12-01/P1M,3,,,
E10000032,Digital,Adult,2025-01-01/P1M,1,,,
E10000032,Digital,Adult,2025-02-01/P1M,21,,,
E10000032,Digital,Adult,2025-03-01/P1M,6,,,
E10000032,Digital,Under 12,2024-04-01/P1Y,0,,,
E10000032,Digital,12-17,2024-04-01/P1Y,0,,,
E06000064,Physical,Adult,2024-04-01/P1M,2533,,,
E06000064,Physical,Adult,2024-05-01/P1M,2691,,,
E06000064,Physical,Adult,2024-06-01/P1M,2415,,,
E06000064,Physical,Adult,2024-07-01/P1M,1811,,,
E06000064,Physical,Adult,2024-08-01/P1M,1934,,,
E06000064,Physical,Adult,2024-09-01/P1M,1882,,,
E06000064,Physical,Adult,2024-10-01/P1M,2492,,,
E06000064,Physical,Adult,2024-11-01/P1M,2322,,,
E06000064,Physical,Adult,2024-12-01/P1M,1578,,,
E06000064,Physical,Adult,2025-01-01/P1M,2284,,,
E06000064,Physical,Adult,2025-02-01/P1M,2278,,,
E06000064,Physical,Adult,2025-03-01/P1M,2190,,,
E06000064,Physical,Under 12,2024-04-01/P1Y,0,,,
E06000064,Physical,12-17,2024-04-01/P1Y,0,,,
E06000064,Digital,Unknown,2024-04-01/P1Y,0,,,
E06000064,Digital,Adult,2024-04-01/P1Y,0,,,
E06000064,Digital,Under 12,2024-04-01/P1Y,0,,,
E06000064,Digital,12-17,2024-04-01/P1Y,0,,,
E08000010,Physical,Unknown,2024-04-01/P1M,6018,,,
E08000010,Physical,Unknown,2024-05-01/P1M,6212,,,
E08000010,Physical,Unknown,2024-06-01/P1M,5559,,,
E08000010,Physical,Unknown,2024-07-01/P1M,5390,,,
E08000010,Physical,Unknown,2024-08-01/P1M,4431,,,
E08000010,Physical,Unknown,2024-09-01/P1M,5148,,,
E08000010,Physical,Unknown,2024-10-01/P1M,7567,,,
E08000010,Physical,Unknown,2024-11-01/P1M,7128,,,
E08000010,Physical,Unknown,2024-12-01/P1M,4828,,,
E08000010,Physical,Unknown,2025-01-01/P1M,5668,,,
E08000010,Physical,Unknown,2025-02-01/P1M,7628,,,
E08000010,Physical,Unknown,2025-03-01/P1M,6865,,,
E08000010,Physical,Adult,2024-04-01/P1Y,0,,,
E08000010,Physical,Under 12,2024-04-01/P1Y,0,,,
E08000010,Physical,12-17,2024-04-01/P1Y,0,,,
E08000010,Digital,Unknown,2024-04-01/P1M,349,,,
E08000010,Digital,Unknown,2024-05-01/P1M,169,,,
E08000010,Digital,Unknown,2024-06-01/P1M,192,,,
E08000010,Digital,Unknown,2024-07-01/P1M,308,,,
E08000010,Digital,Unknown,2024-08-01/P1M,257,,,
E08000010,Digital,Unknown,2024-09-01/P1M,134,,,
E08000010,Digital,Unknown,2024-10-01/P1M,386,,,
E08000010,Digital,Unknown,2024-11-01/P1M,188,,,
E08000010,Digital,Unknown,2024-12-01/P1M,114,,,
E08000010,Digital,Unknown,2025-01-01/P1M,154,,,
E08000010,Digital,Unknown,2025-02-01/P1M,176,,,
E08000010,Digital,Unknown,2025-03-01/P1M,159,,,
E08000010,Digital,Adult,2024-04-01/P1Y,0,,,
E08000010,Digital,Under 12,2024-04-01/P1Y,0,,,
E08000010,Digital,12-17,2024-04-01/P1Y,0,,,
E06000054,Physical,Adult,2024-04-01/P1M,5352,,,
E06000054,Physical,Adult,2024-05-01/P1M,5408,,,
E06000054,Physical,Adult,2024-06-01/P1M,4933,,,
E06000054,Physical,Adult,2024-07-01/P1M,5741,,,
E06000054,Physical,Adult,2024-08-01/P1M,4730,,,
E06000054,Physical,Adult,2024-09-01/P1M,5024,,,
E06000054,Physical,Adult,2024-10-01/P1M,5974,,,
E06000054,Physical,Adult,2024-11-01/P1M,5837,,,
E06000054,Physical,Adult,2024-12-01/P1M,3854,,,
E06000054,Physical,Adult,2025-01-01/P1M,5358,,,
E06000054,Physical,Adult,2025-02-01/P1M,5893,,,
E06000054,Physical,Adult,2025-03-01/P1M,6330,,,
E06000054,Physical,Under 12,2024-04-01/P1Y,0,,,
E06000054,Physical,12-17,2024-04-01/P1M,5517,,,
E06000054,Physical,12-17,2024-05-01/P1M,4445,,,
E06000054,Physical,12-17,2024-06-01/P1M,6118,,,
E06000054,Physical,12-17,2024-07-01/P1M,16347,,,
E06000054,Physical,12-17,2024-08-01/P1M,3991,,,
E06000054,Physical,12-17,2024-09-01/P1M,3996,,,
E06000054,Physical,12-17,2024-10-01/P1M,4632,,,
E06000054,Physical,12-17,2024-11-01/P1M,5161,,,
E06000054,Physical,12-17,2024-12-01/P1M,3196,,,
E06000054,Physical,12-17,2025-01-01/P1M,4720,,,
E06000054,Physical,12-17,2025-02-01/P1M,4972,,,
E06000054,Physical,12-17,2025-03-01/P1M,6128,,,
E06000054,Digital,Unknown,2024-04-01/P1Y,0,,,
E06000054,Digital,Adult,2024-04-01/P1Y,0,,,
E06000054,Digital,Under 12,2024-04-01/P1Y,0,,,
E06000054,Digital,12-17,2024-04-01/P1Y,0,,,
E06000040,Physical,Unknown,2024-04-01/P1M,2133,,,
E06000040,Physical,Unknown,2024-05-01/P1M,1820,,,
E06000040,Physical,Unknown,2024-06-01/P1M,2286,,,
E06000040,Physical,Unknown,2024-07-01/P1M,1529,,,
E06000040,Physical,Unknown,2024-08-01/P1M,1393,,,
E06000040,Physical,Unknown,2024-09-01/P1M,2967,,,
E06000040,Physical,Unknown,2024-10-01/P1M,3231,,,
E06000040,Physical,Unknown,2024-11-01/P1M,2973,,,
E06000040,Physical,Unknown,2024-12-01/P1M,1954,,,
E06000040,Physical,Unknown,2025-01-01/P1M,3279,,,
E06000040,Physical,Unknown,2025-02-01/P1M,3091,,,
E06000040,Physical,Unknown,2025-03-01/P1M,3608,,,
E06000040,Physical,Adult,2024-04-01/P1Y,0,,,
E06000040,Physical,Under 12,2024-04-01/P1Y,0,,,
E06000040,Physical,12-17,2024-04-01/P1Y,0,,,
E06000040,Digital,Unknown,2024-04-01/P1Y,0,,,
E06000040,Digital,Adult,2024-04-01/P1Y,0,,,
E06000040,Digital,Under 12,2024-04-01/P1Y,0,,,
E06000040,Digital,12-17,2024-04-01/P1Y,0,,,
E08000015,Physical,Adult,2024-04-01/P1M,1153,,,
E08000015,Physical,Adult,2024-05-01/P1M,1156,,,
E08000015,Physical,Adult,2024-06-01/P1M,829,,,
E08000015,Physical,Adult,2024-07-01/P1M,960,,,
E08000015,Physical,Adult,2024-08-01/P1M,833,,,
E08000015,Physical,Adult,2024-09-01/P1M,1468,,,
E08000015,Physical,Adult,2024-10-01/P1M,1483,,,
E08000015,Physical,Adult,2024-11-01/P1M,1447,,,
E08000015,Physical,Adult,2024-12-01/P1M,829,,,
E08000015,Physical,Adult,2025-01-01/P1M,1058,,,
E08000015,Physical,Adult,2025-02-01/P1M,1313,,,
E08000015,Physical,Adult,2025-03-01/P1M,1283,,,
E08000015,Physical,Under 12,2024-04-01/P1M,1427,,,
E08000015,Physical,Under 12,2024-05-01/P1M,1591,,,
E08000015,Physical,Under 12,2024-06-01/P1M,1262,,,
E08000015,Physical,Under 12,2024-07-01/P1M,1226,,,
E08000015,Physical,Under 12,2024-08-01/P1M,832,,,
E08000015,Physical,Under 12,2024-09-01/P1M,1608,,,
E08000015,Physical,Under 12,2024-10-01/P1M,2508,,,
E08000015,Physical,Under 12,2024-11-01/P1M,2125,,,
E08000015,Physical,Under 12,2024-12-01/P1M,956,,,
E08000015,Physical,Under 12,2025-01-01/P1M,1241,,,
E08000015,Physical,Under 12,2025-02-01/P1M,1462,,,
E08000015,Physical,Under 12,2025-03-01/P1M,1639,,,
E08000015,Physical,12-17,2024-04-01/P1Y,0,,,
E08000015,Digital,Adult,2024-04-01/P1M,5,,,
E08000015,Digital,Adult,2024-05-01/P1M,7,,,
E08000015,Digital,Adult,2024-06-01/P1M,7,,,
E08000015,Digital,Adult,2024-07-01/P1M,8,,,
E08000015,Digital,Adult,2024-08-01/P1M,5,,,
E08000015,Digital,Adult,2024-09-01/P1M,6,,,
E08000015,Digital,Adult,2024-10-01/P1M,6,,,
E08000015,Digital,Adult,2024-11-01/P1M,7,,,
E08000015,Digital,Adult,2024-12-01/P1M,8,,,
E08000015,Digital,Adult,2025-01-01/P1M,9,,,
E08000015,Digital,Adult,2025-02-01/P1M,9,,,
E08000015,Digital,Adult,2025-03-01/P1M,6,,,
E08000015,Digital,Under 12,2024-04-01/P1Y,0,,,
E08000015,Digital,12-17,2024-04-01/P1Y,0,,,
E08000031,Physical,Adult,2024-04-01/P1M,557,,,
E08000031,Physical,Adult,2024-05-01/P1M,557,,,
E08000031,Physical,Adult,2024-06-01/P1M,557,,,
E08000031,Physical,Adult,2024-07-01/P1M,557,,,
E08000031,Physical,Adult,2024-08-01/P1M,557,,,
E08000031,Physical,Adult,2024-09-01/P1M,557,,,
E08000031,Physical,Adult,2024-10-01/P1M,557,,,
E08000031,Physical,Adult,2024-11-01/P1M,557,,,
E08000031,Physical,Adult,2024-12-01/P1M,557,,,
E08000031,Physical,Adult,2025-01-01/P1M,557,,,
E08000031,Physical,Adult,2025-02-01/P1M,557,,,
E08000031,Physical,Adult,2025-03-01/P1M,563,,,
E08000031,Physical,Under 12,2024-04-01/P1M,851,,,
E08000031,Physical,Under 12,2024-05-01/P1M,851,,,
E08000031,Physical,Under 12,2024-06-01/P1M,851,,,
E08000031,Physical,Under 12,2024-07-01/P1M,851,,,
E08000031,Physical,Under 12,2024-08-01/P1M,851,,,
E08000031,Physical,Under 12,2024-09-01/P1M,851,,,
E08000031,Physical,Under 12,2024-10-01/P1M,851,,,
E08000031,Physical,Under 12,2024-11-01/P1M,851,,,
E08000031,Physical,Under 12,2024-12-01/P1M,851,,,
E08000031,Physical,Under 12,2025-01-01/P1M,851,,,
E08000031,Physical,Under 12,2025-02-01/P1M,851,,,
E08000031,Physical,Under 12,2025-03-01/P1M,851,,,
E08000031,Physical,12-17,2024-04-01/P1Y,0,,,
E08000031,Digital,Unknown,2024-04-01/P1Y,0,,,
E08000031,Digital,Adult,2024-04-01/P1Y,0,,,
E08000031,Digital,Under 12,2024-04-01/P1Y,0,,,
E08000031,Digital,12-17,2024-04-01/P1Y,0,,,
E10000034,Physical,Adult,2024-04-01/P1M,6528,,,
E10000034,Physical,Adult,2024-05-01/P1M,7564,,,
E10000034,Physical,Adult,2024-06-01/P1M,7605,,,
E10000034,Physical,Adult,2024-07-01/P1M,7207,,,
E10000034,Physical,Adult,2024-08-01/P1M,5030,,,
E10000034,Physical,Adult,2024-09-01/P1M,6487,,,
E10000034,Physical,Adult,2024-10-01/P1M,8082,,,
E10000034,Physical,Adult,2024-11-01/P1M,6316,,,
E10000034,Physical,Adult,2024-12-01/P1M,5118,,,
E10000034,Physical,Adult,2025-01-01/P1M,6466,,,
E10000034,Physical,Adult,2025-02-01/P1M,7998,,,
E10000034,Physical,Adult,2025-03-01/P1M,7390,,,
E10000034,Physical,Under 12,2024-04-01/P1M,6343,,,
E10000034,Physical,Under 12,2024-05-01/P1M,7861,,,
E10000034,Physical,Under 12,2024-06-01/P1M,7405,,,
E10000034,Physical,Under 12,2024-07-01/P1M,8299,,,
E10000034,Physical,Under 12,2024-08-01/P1M,4868,,,
E10000034,Physical,Under 12,2024-09-01/P1M,5060,,,
E10000034,Physical,Under 12,2024-10-01/P1M,7122,,,
E10000034,Physical,Under 12,2024-11-01/P1M,5734,,,
E10000034,Physical,Under 12,2024-12-01/P1M,5772,,,
E10000034,Physical,Under 12,2025-01-01/P1M,8047,,,
E10000034,Physical,Under 12,2025-02-01/P1M,7762,,,
E10000034,Physical,Under 12,2025-03-01/P1M,6125,,,
E10000034,Physical,12-17,2024-04-01/P1Y,0,,,
E10000034,Digital,Adult,2024-04-01/P1M,27,,,
E10000034,Digital,Adult,2024-05-01/P1M,0,,,
E10000034,Digital,Adult,2024-06-01/P1M,41,,,
E10000034,Digital,Adult,2024-07-01/P1M,19,,,
E10000034,Digital,Adult,2024-08-01/P1M,0,,,
E10000034,Digital,Adult,2024-09-01/P1M,25,,,
E10000034,Digital,Adult,2024-10-01/P1M,9,,,
E10000034,Digital,Adult,2024-11-01/P1M,0,,,
E10000034,Digital,Adult,2024-12-01/P1M,0,,,
E10000034,Digital,Adult,2025-01-01/P1M,5,,,
E10000034,Digital,Adult,2025-02-01/P1M,17,,,
E10000034,Digital,Adult,2025-03-01/P1M,0,,,
E10000034,Digital,Under 12,2024-04-01/P1Y,0,,,
E10000034,Digital,12-17,2024-04-01/P1Y,0,,,
E06000014,Physical,Adult,2024-04-01/P1M,1112,,suspicious,"Source audit: total_attendees_physical_events: Annual: reported total 52,889; category sum 57,216; difference -4,327. Categories exceed total; check duplication, scope and reporting frequency. Event audiences may overlap. Values retained as reported pending source confirmation."
E06000014,Physical,Adult,2024-05-01/P1M,1768,,suspicious,"Source audit: total_attendees_physical_events: Annual: reported total 52,889; category sum 57,216; difference -4,327. Categories exceed total; check duplication, scope and reporting frequency. Event audiences may overlap. Values retained as reported pending source confirmation."
E06000014,Physical,Adult,2024-06-01/P1M,1284,,suspicious,"Source audit: total_attendees_physical_events: Annual: reported total 52,889; category sum 57,216; difference -4,327. Categories exceed total; check duplication, scope and reporting frequency. Event audiences may overlap. Values retained as reported pending source confirmation."
E06000014,Physical,Adult,2024-07-01/P1M,1069,,suspicious,"Source audit: total_attendees_physical_events: Annual: reported total 52,889; category sum 57,216; difference -4,327. Categories exceed total; check duplication, scope and reporting frequency. Event audiences may overlap. Values retained as reported pending source confirmation."
E06000014,Physical,Adult,2024-08-01/P1M,1249,,suspicious,"Source audit: total_attendees_physical_events: Annual: reported total 52,889; category sum 57,216; difference -4,327. Categories exceed total; check duplication, scope and reporting frequency. Event audiences may overlap. Values retained as reported pending source confirmation."
E06000014,Physical,Adult,2024-09-01/P1M,937,,suspicious,"Source audit: total_attendees_physical_events: Annual: reported total 52,889; category sum 57,216; difference -4,327. Categories exceed total; check duplication, scope and reporting frequency. Event audiences may overlap. Values retained as reported pending source confirmation."
E06000014,Physical,Adult,2024-10-01/P1M,1567,,suspicious,"Source audit: total_attendees_physical_events: Annual: reported total 52,889; category sum 57,216; difference -4,327. Categories exceed total; check duplication, scope and reporting frequency. Event audiences may overlap. Values retained as reported pending source confirmation."
E06000014,Physical,Adult,2024-11-01/P1M,1687,,suspicious,"Source audit: total_attendees_physical_events: Annual: reported total 52,889; category sum 57,216; difference -4,327. Categories exceed total; check duplication, scope and reporting frequency. Event audiences may overlap. Values retained as reported pending source confirmation."
E06000014,Physical,Adult,2024-12-01/P1M,1202,,suspicious,"Source audit: total_attendees_physical_events: Annual: reported total 52,889; category sum 57,216; difference -4,327. Categories exceed total; check duplication, scope and reporting frequency. Event audiences may overlap. Values retained as reported pending source confirmation."
E06000014,Physical,Adult,2025-01-01/P1M,1402,,suspicious,"Source audit: total_attendees_physical_events: Annual: reported total 52,889; category sum 57,216; difference -4,327. Categories exceed total; check duplication, scope and reporting frequency. Event audiences may overlap. Values retained as reported pending source confirmation."
E06000014,Physical,Adult,2025-02-01/P1M,1119,,suspicious,"Source audit: total_attendees_physical_events: Annual: reported total 52,889; category sum 57,216; difference -4,327. Categories exceed total; check duplication, scope and reporting frequency. Event audiences may overlap. Values retained as reported pending source confirmation."
E06000014,Physical,Adult,2025-03-01/P1M,1172,,suspicious,"Source audit: total_attendees_physical_events: Annual: reported total 52,889; category sum 57,216; difference -4,327. Categories exceed total; check duplication, scope and reporting frequency. Event audiences may overlap. Values retained as reported pending source confirmation."
E06000014,Physical,Under 12,2024-04-01/P1M,2646,,suspicious,"Source audit: total_attendees_physical_events: Annual: reported total 52,889; category sum 57,216; difference -4,327. Categories exceed total; check duplication, scope and reporting frequency. Event audiences may overlap. Values retained as reported pending source confirmation."
E06000014,Physical,Under 12,2024-05-01/P1M,2735,,suspicious,"Source audit: total_attendees_physical_events: Annual: reported total 52,889; category sum 57,216; difference -4,327. Categories exceed total; check duplication, scope and reporting frequency. Event audiences may overlap. Values retained as reported pending source confirmation."
E06000014,Physical,Under 12,2024-06-01/P1M,2875,,suspicious,"Source audit: total_attendees_physical_events: Annual: reported total 52,889; category sum 57,216; difference -4,327. Categories exceed total; check duplication, scope and reporting frequency. Event audiences may overlap. Values retained as reported pending source confirmation."
E06000014,Physical,Under 12,2024-07-01/P1M,10375,,suspicious,"Source audit: total_attendees_physical_events: Annual: reported total 52,889; category sum 57,216; difference -4,327. Categories exceed total; check duplication, scope and reporting frequency. Event audiences may overlap. Values retained as reported pending source confirmation."
E06000014,Physical,Under 12,2024-08-01/P1M,3036,,suspicious,"Source audit: total_attendees_physical_events: Annual: reported total 52,889; category sum 57,216; difference -4,327. Categories exceed total; check duplication, scope and reporting frequency. Event audiences may overlap. Values retained as reported pending source confirmation."
E06000014,Physical,Under 12,2024-09-01/P1M,1750,,suspicious,"Source audit: total_attendees_physical_events: Annual: reported total 52,889; category sum 57,216; difference -4,327. Categories exceed total; check duplication, scope and reporting frequency. Event audiences may overlap. Values retained as reported pending source confirmation."
E06000014,Physical,Under 12,2024-10-01/P1M,3910,,suspicious,"Source audit: total_attendees_physical_events: Annual: reported total 52,889; category sum 57,216; difference -4,327. Categories exceed total; check duplication, scope and reporting frequency. Event audiences may overlap. Values retained as reported pending source confirmation."
E06000014,Physical,Under 12,2024-11-01/P1M,2901,,suspicious,"Source audit: total_attendees_physical_events: Annual: reported total 52,889; category sum 57,216; difference -4,327. Categories exceed total; check duplication, scope and reporting frequency. Event audiences may overlap. Values retained as reported pending source confirmation."
E06000014,Physical,Under 12,2024-12-01/P1M,2183,,suspicious,"Source audit: total_attendees_physical_events: Annual: reported total 52,889; category sum 57,216; difference -4,327. Categories exceed total; check duplication, scope and reporting frequency. Event audiences may overlap. Values retained as reported pending source confirmation."
E06000014,Physical,Under 12,2025-01-01/P1M,3011,,suspicious,"Source audit: total_attendees_physical_events: Annual: reported total 52,889; category sum 57,216; difference -4,327. Categories exceed total; check duplication, scope and reporting frequency. Event audiences may overlap. Values retained as reported pending source confirmation."
E06000014,Physical,Under 12,2025-02-01/P1M,2661,,suspicious,"Source audit: total_attendees_physical_events: Annual: reported total 52,889; category sum 57,216; difference -4,327. Categories exceed total; check duplication, scope and reporting frequency. Event audiences may overlap. Values retained as reported pending source confirmation."
E06000014,Physical,Under 12,2025-03-01/P1M,2842,,suspicious,"Source audit: total_attendees_physical_events: Annual: reported total 52,889; category sum 57,216; difference -4,327. Categories exceed total; check duplication, scope and reporting frequency. Event audiences may overlap. Values retained as reported pending source confirmation."
E06000014,Physical,12-17,2024-04-01/P1M,31,,suspicious,"Source audit: total_attendees_physical_events: Annual: reported total 52,889; category sum 57,216; difference -4,327. Categories exceed total; check duplication, scope and reporting frequency. Event audiences may overlap. Values retained as reported pending source confirmation."
E06000014,Physical,12-17,2024-05-01/P1M,38,,suspicious,"Source audit: total_attendees_physical_events: Annual: reported total 52,889; category sum 57,216; difference -4,327. Categories exceed total; check duplication, scope and reporting frequency. Event audiences may overlap. Values retained as reported pending source confirmation."
E06000014,Physical,12-17,2024-06-01/P1M,28,,suspicious,"Source audit: total_attendees_physical_events: Annual: reported total 52,889; category sum 57,216; difference -4,327. Categories exceed total; check duplication, scope and reporting frequency. Event audiences may overlap. Values retained as reported pending source confirmation."
E06000014,Physical,12-17,2024-07-01/P1M,130,,suspicious,"Source audit: total_attendees_physical_events: Annual: reported total 52,889; category sum 57,216; difference -4,327. Categories exceed total; check duplication, scope and reporting frequency. Event audiences may overlap. Values retained as reported pending source confirmation."
E06000014,Physical,12-17,2024-08-01/P1M,151,,suspicious,"Source audit: total_attendees_physical_events: Annual: reported total 52,889; category sum 57,216; difference -4,327. Categories exceed total; check duplication, scope and reporting frequency. Event audiences may overlap. Values retained as reported pending source confirmation."
E06000014,Physical,12-17,2024-09-01/P1M,36,,suspicious,"Source audit: total_attendees_physical_events: Annual: reported total 52,889; category sum 57,216; difference -4,327. Categories exceed total; check duplication, scope and reporting frequency. Event audiences may overlap. Values retained as reported pending source confirmation."
E06000014,Physical,12-17,2024-10-01/P1M,25,,suspicious,"Source audit: total_attendees_physical_events: Annual: reported total 52,889; category sum 57,216; difference -4,327. Categories exceed total; check duplication, scope and reporting frequency. Event audiences may overlap. Values retained as reported pending source confirmation."
E06000014,Physical,12-17,2024-11-01/P1M,17,,suspicious,"Source audit: total_attendees_physical_events: Annual: reported total 52,889; category sum 57,216; difference -4,327. Categories exceed total; check duplication, scope and reporting frequency. Event audiences may overlap. Values retained as reported pending source confirmation."
E06000014,Physical,12-17,2024-12-01/P1M,35,,suspicious,"Source audit: total_attendees_physical_events: Annual: reported total 52,889; category sum 57,216; difference -4,327. Categories exceed total; check duplication, scope and reporting frequency. Event audiences may overlap. Values retained as reported pending source confirmation."
E06000014,Physical,12-17,2025-01-01/P1M,54,,suspicious,"Source audit: total_attendees_physical_events: Annual: reported total 52,889; category sum 57,216; difference -4,327. Categories exceed total; check duplication, scope and reporting frequency. Event audiences may overlap. Values retained as reported pending source confirmation."
E06000014,Physical,12-17,2025-02-01/P1M,42,,suspicious,"Source audit: total_attendees_physical_events: Annual: reported total 52,889; category sum 57,216; difference -4,327. Categories exceed total; check duplication, scope and reporting frequency. Event audiences may overlap. Values retained as reported pending source confirmation."
E06000014,Physical,12-17,2025-03-01/P1M,136,,suspicious,"Source audit: total_attendees_physical_events: Annual: reported total 52,889; category sum 57,216; difference -4,327. Categories exceed total; check duplication, scope and reporting frequency. Event audiences may overlap. Values retained as reported pending source confirmation."
E06000014,Digital,Unknown,2024-04-01/P1M,30,,,
E06000014,Digital,Unknown,2024-05-01/P1M,19,,,
E06000014,Digital,Unknown,2024-06-01/P1M,37,,,
E06000014,Digital,Unknown,2024-07-01/P1M,0,,,
E06000014,Digital,Unknown,2024-08-01/P1M,0,,,
E06000014,Digital,Unknown,2024-09-01/P1M,0,,,
E06000014,Digital,Unknown,2024-10-01/P1M,0,,,
E06000014,Digital,Unknown,2024-11-01/P1M,29,,,
E06000014,Digital,Unknown,2024-12-01/P1M,0,,,
E06000014,Digital,Unknown,2025-01-01/P1M,42,,,
E06000014,Digital,Unknown,2025-02-01/P1M,33,,,
E06000014,Digital,Unknown,2025-03-01/P1M,0,,,
E06000014,Digital,Adult,2024-04-01/P1Y,0,,,
E06000014,Digital,Under 12,2024-04-01/P1Y,0,,,
E06000014,Digital,12-17,2024-04-01/P1Y,0,,,
E09000003,Physical,Under 12,2025-04-01/P1M,1204,,,
E09000003,Physical,Under 12,2025-05-01/P1M,1420,,,
E09000003,Physical,Under 12,2025-06-01/P1M,1587,,,
E09000003,Physical,Under 12,2025-07-01/P1M,2335,,,
E09000003,Physical,Under 12,2025-08-01/P1M,641,,,
E09000003,Physical,Under 12,2025-09-01/P1M,1293,,,
E09000003,Physical,Under 12,2025-10-01/P1M,1929,,,
E09000003,Physical,Under 12,2025-11-01/P1M,1671,,,
E09000003,Physical,Under 12,2025-12-01/P1M,1131,,,
E09000003,Physical,Under 12,2026-01-01/P1M,1490,,,
E09000003,Physical,Under 12,2026-02-01/P1M,1574,,,
E09000003,Physical,Under 12,2026-03-01/P1M,1680,,,
E09000003,Physical,12-17,2025-04-01/P1Y,72,,,
E09000003,Physical,Adult,2025-04-01/P1M,1354,,,
E09000003,Physical,Adult,2025-05-01/P1M,1844,,,
E09000003,Physical,Adult,2025-06-01/P1M,1995,,,
E09000003,Physical,Adult,2025-07-01/P1M,1871,,,
E09000003,Physical,Adult,2025-08-01/P1M,1195,,,
E09000003,Physical,Adult,2025-09-01/P1M,1691,,,
E09000003,Physical,Adult,2025-10-01/P1M,2519,,,
E09000003,Physical,Adult,2025-11-01/P1M,2134,,,
E09000003,Physical,Adult,2025-12-01/P1M,1341,,,
E09000003,Physical,Adult,2026-01-01/P1M,1663,,,
E09000003,Physical,Adult,2026-02-01/P1M,1803,,,
E09000003,Physical,Adult,2026-03-01/P1M,1829,,,
E09000003,Digital,Under 12,2025-04-01/P1Y,0,,suspicious,"Source audit: total_attendees_digital_events: 2024/2025: 2,203; 2025/2026: 100 (0.05 times; -95.5%). Check units, collection scope and completeness; a change alone does not prove error. Values retained as reported pending source confirmation."
E09000003,Digital,12-17,2025-04-01/P1Y,0,,suspicious,"Source audit: total_attendees_digital_events: 2024/2025: 2,203; 2025/2026: 100 (0.05 times; -95.5%). Check units, collection scope and completeness; a change alone does not prove error. Values retained as reported pending source confirmation."
E09000003,Digital,Adult,2025-04-01/P1M,75,,suspicious,"Source audit: total_attendees_digital_events: 2024/2025: 2,203; 2025/2026: 100 (0.05 times; -95.5%). Check units, collection scope and completeness; a change alone does not prove error. Values retained as reported pending source confirmation."
E09000003,Digital,Adult,2025-05-01/P1M,24,,suspicious,"Source audit: total_attendees_digital_events: 2024/2025: 2,203; 2025/2026: 100 (0.05 times; -95.5%). Check units, collection scope and completeness; a change alone does not prove error. Values retained as reported pending source confirmation."
E09000003,Digital,Adult,2025-06-01/P1M,1,,suspicious,"Source audit: total_attendees_digital_events: 2024/2025: 2,203; 2025/2026: 100 (0.05 times; -95.5%). Check units, collection scope and completeness; a change alone does not prove error. Values retained as reported pending source confirmation."
E09000003,Digital,Adult,2025-07-01/P1M,0,,suspicious,"Source audit: total_attendees_digital_events: 2024/2025: 2,203; 2025/2026: 100 (0.05 times; -95.5%). Check units, collection scope and completeness; a change alone does not prove error. Values retained as reported pending source confirmation."
E09000003,Digital,Adult,2025-08-01/P1M,0,,suspicious,"Source audit: total_attendees_digital_events: 2024/2025: 2,203; 2025/2026: 100 (0.05 times; -95.5%). Check units, collection scope and completeness; a change alone does not prove error. Values retained as reported pending source confirmation."
E09000003,Digital,Adult,2025-09-01/P1M,0,,suspicious,"Source audit: total_attendees_digital_events: 2024/2025: 2,203; 2025/2026: 100 (0.05 times; -95.5%). Check units, collection scope and completeness; a change alone does not prove error. Values retained as reported pending source confirmation."
E09000003,Digital,Adult,2025-10-01/P1M,0,,suspicious,"Source audit: total_attendees_digital_events: 2024/2025: 2,203; 2025/2026: 100 (0.05 times; -95.5%). Check units, collection scope and completeness; a change alone does not prove error. Values retained as reported pending source confirmation."
E09000003,Digital,Adult,2025-11-01/P1M,0,,suspicious,"Source audit: total_attendees_digital_events: 2024/2025: 2,203; 2025/2026: 100 (0.05 times; -95.5%). Check units, collection scope and completeness; a change alone does not prove error. Values retained as reported pending source confirmation."
E09000003,Digital,Adult,2025-12-01/P1M,0,,suspicious,"Source audit: total_attendees_digital_events: 2024/2025: 2,203; 2025/2026: 100 (0.05 times; -95.5%). Check units, collection scope and completeness; a change alone does not prove error. Values retained as reported pending source confirmation."
E09000003,Digital,Adult,2026-01-01/P1M,0,,suspicious,"Source audit: total_attendees_digital_events: 2024/2025: 2,203; 2025/2026: 100 (0.05 times; -95.5%). Check units, collection scope and completeness; a change alone does not prove error. Values retained as reported pending source confirmation."
E09000003,Digital,Adult,2026-02-01/P1M,0,,suspicious,"Source audit: total_attendees_digital_events: 2024/2025: 2,203; 2025/2026: 100 (0.05 times; -95.5%). Check units, collection scope and completeness; a change alone does not prove error. Values retained as reported pending source confirmation."
E09000003,Digital,Adult,2026-03-01/P1M,0,,suspicious,"Source audit: total_attendees_digital_events: 2024/2025: 2,203; 2025/2026: 100 (0.05 times; -95.5%). Check units, collection scope and completeness; a change alone does not prove error. Values retained as reported pending source confirmation."
E08000016,Physical,Under 12,2025-04-01/P1M,1784,,,
E08000016,Physical,Under 12,2025-05-01/P1M,1973,,,
E08000016,Physical,Under 12,2025-06-01/P1M,1547,,,
E08000016,Physical,Under 12,2025-07-01/P1M,2421,,,
E08000016,Physical,Under 12,2025-08-01/P1M,2361,,,
E08000016,Physical,Under 12,2025-09-01/P1M,1380,,,
E08000016,Physical,Under 12,2025-10-01/P1M,1536,,,
E08000016,Physical,Under 12,2025-11-01/P1M,1328,,,
E08000016,Physical,Under 12,2025-12-01/P1M,975,,,
E08000016,Physical,Under 12,2026-01-01/P1M,1576,,,
E08000016,Physical,Under 12,2026-02-01/P1M,2357,,,
E08000016,Physical,Under 12,2026-03-01/P1M,2246,,,
E08000016,Physical,12-17,2025-04-01/P1M,6,,,
E08000016,Physical,12-17,2025-05-01/P1M,7,,,
E08000016,Physical,12-17,2025-06-01/P1M,224,,,
E08000016,Physical,12-17,2025-07-01/P1M,4,,,
E08000016,Physical,12-17,2025-08-01/P1M,4,,,
E08000016,Physical,12-17,2025-09-01/P1M,0,,,
E08000016,Physical,12-17,2025-10-01/P1M,0,,,
E08000016,Physical,12-17,2025-11-01/P1M,0,,,
E08000016,Physical,12-17,2025-12-01/P1M,0,,,
E08000016,Physical,12-17,2026-01-01/P1M,27,,,
E08000016,Physical,12-17,2026-02-01/P1M,19,,,
E08000016,Physical,12-17,2026-03-01/P1M,5,,,
E08000016,Physical,Adult,2025-04-01/P1M,4610,,,
E08000016,Physical,Adult,2025-05-01/P1M,2838,,,
E08000016,Physical,Adult,2025-06-01/P1M,2647,,,
E08000016,Physical,Adult,2025-07-01/P1M,3256,,,
E08000016,Physical,Adult,2025-08-01/P1M,3256,,,
E08000016,Physical,Adult,2025-09-01/P1M,8176,,,
E08000016,Physical,Adult,2025-10-01/P1M,6818,,,
E08000016,Physical,Adult,2025-11-01/P1M,6204,,,
E08000016,Physical,Adult,2025-12-01/P1M,2210,,,
E08000016,Physical,Adult,2026-01-01/P1M,2788,,,
E08000016,Physical,Adult,2026-02-01/P1M,4692,,,
E08000016,Physical,Adult,2026-03-01/P1M,3724,,,
E08000016,Digital,Unknown,2025-04-01/P1Y,0,,,
E08000016,Digital,Under 12,2025-04-01/P1Y,0,,,
E08000016,Digital,12-17,2025-04-01/P1Y,0,,,
E08000016,Digital,Adult,2025-04-01/P1Y,0,,,
E09000004,Physical,Under 12,2025-04-01/P1M,1195,,suspicious,"Source audit: total_attendees_physical_events: November 32,844 versus median nonzero month 2,876 (11.42 times). Could be a typo, changed scope or genuine activity; confirm with service. Values retained as reported pending source confirmation."
E09000004,Physical,Under 12,2025-05-01/P1M,1782,,suspicious,"Source audit: total_attendees_physical_events: November 32,844 versus median nonzero month 2,876 (11.42 times). Could be a typo, changed scope or genuine activity; confirm with service. Values retained as reported pending source confirmation."
E09000004,Physical,Under 12,2025-06-01/P1M,1919,,suspicious,"Source audit: total_attendees_physical_events: November 32,844 versus median nonzero month 2,876 (11.42 times). Could be a typo, changed scope or genuine activity; confirm with service. Values retained as reported pending source confirmation."
E09000004,Physical,Under 12,2025-07-01/P1M,1230,,suspicious,"Source audit: total_attendees_physical_events: November 32,844 versus median nonzero month 2,876 (11.42 times). Could be a typo, changed scope or genuine activity; confirm with service. Values retained as reported pending source confirmation."
E09000004,Physical,Under 12,2025-08-01/P1M,805,,suspicious,"Source audit: total_attendees_physical_events: November 32,844 versus median nonzero month 2,876 (11.42 times). Could be a typo, changed scope or genuine activity; confirm with service. Values retained as reported pending source confirmation."
E09000004,Physical,Under 12,2025-09-01/P1M,1636,,suspicious,"Source audit: total_attendees_physical_events: November 32,844 versus median nonzero month 2,876 (11.42 times). Could be a typo, changed scope or genuine activity; confirm with service. Values retained as reported pending source confirmation."
E09000004,Physical,Under 12,2025-10-01/P1M,2314,,suspicious,"Source audit: total_attendees_physical_events: November 32,844 versus median nonzero month 2,876 (11.42 times). Could be a typo, changed scope or genuine activity; confirm with service. Values retained as reported pending source confirmation."
E09000004,Physical,Under 12,2025-11-01/P1M,1849,,suspicious,"Source audit: total_attendees_physical_events: November 32,844 versus median nonzero month 2,876 (11.42 times). Could be a typo, changed scope or genuine activity; confirm with service. Values retained as reported pending source confirmation."
E09000004,Physical,Under 12,2025-12-01/P1M,2521,,suspicious,"Source audit: total_attendees_physical_events: November 32,844 versus median nonzero month 2,876 (11.42 times). Could be a typo, changed scope or genuine activity; confirm with service. Values retained as reported pending source confirmation."
E09000004,Physical,Under 12,2026-01-01/P1M,1862,,suspicious,"Source audit: total_attendees_physical_events: November 32,844 versus median nonzero month 2,876 (11.42 times). Could be a typo, changed scope or genuine activity; confirm with service. Values retained as reported pending source confirmation."
E09000004,Physical,Under 12,2026-02-01/P1M,2334,,suspicious,"Source audit: total_attendees_physical_events: November 32,844 versus median nonzero month 2,876 (11.42 times). Could be a typo, changed scope or genuine activity; confirm with service. Values retained as reported pending source confirmation."
E09000004,Physical,Under 12,2026-03-01/P1M,2531,,suspicious,"Source audit: total_attendees_physical_events: November 32,844 versus median nonzero month 2,876 (11.42 times). Could be a typo, changed scope or genuine activity; confirm with service. Values retained as reported pending source confirmation."
E09000004,Physical,12-17,2025-04-01/P1Y,0,,suspicious,"Source audit: total_attendees_physical_events: November 32,844 versus median nonzero month 2,876 (11.42 times). Could be a typo, changed scope or genuine activity; confirm with service. Values retained as reported pending source confirmation."
E09000004,Physical,Adult,2025-04-01/P1M,887,,suspicious,"Source audit: total_attendees_physical_events: November 32,844 versus median nonzero month 2,876 (11.42 times). Could be a typo, changed scope or genuine activity; confirm with service. Values retained as reported pending source confirmation."
E09000004,Physical,Adult,2025-05-01/P1M,898,,suspicious,"Source audit: total_attendees_physical_events: November 32,844 versus median nonzero month 2,876 (11.42 times). Could be a typo, changed scope or genuine activity; confirm with service. Values retained as reported pending source confirmation."
E09000004,Physical,Adult,2025-06-01/P1M,946,,suspicious,"Source audit: total_attendees_physical_events: November 32,844 versus median nonzero month 2,876 (11.42 times). Could be a typo, changed scope or genuine activity; confirm with service. Values retained as reported pending source confirmation."
E09000004,Physical,Adult,2025-07-01/P1M,1036,,suspicious,"Source audit: total_attendees_physical_events: November 32,844 versus median nonzero month 2,876 (11.42 times). Could be a typo, changed scope or genuine activity; confirm with service. Values retained as reported pending source confirmation."
E09000004,Physical,Adult,2025-08-01/P1M,877,,suspicious,"Source audit: total_attendees_physical_events: November 32,844 versus median nonzero month 2,876 (11.42 times). Could be a typo, changed scope or genuine activity; confirm with service. Values retained as reported pending source confirmation."
E09000004,Physical,Adult,2025-09-01/P1M,964,,suspicious,"Source audit: total_attendees_physical_events: November 32,844 versus median nonzero month 2,876 (11.42 times). Could be a typo, changed scope or genuine activity; confirm with service. Values retained as reported pending source confirmation."
E09000004,Physical,Adult,2025-10-01/P1M,1092,,suspicious,"Source audit: total_attendees_physical_events: November 32,844 versus median nonzero month 2,876 (11.42 times). Could be a typo, changed scope or genuine activity; confirm with service. Values retained as reported pending source confirmation."
E09000004,Physical,Adult,2025-11-01/P1M,995,,suspicious,"Source audit: total_attendees_physical_events: November 32,844 versus median nonzero month 2,876 (11.42 times). Could be a typo, changed scope or genuine activity; confirm with service. Values retained as reported pending source confirmation."
E09000004,Physical,Adult,2025-12-01/P1M,696,,suspicious,"Source audit: total_attendees_physical_events: November 32,844 versus median nonzero month 2,876 (11.42 times). Could be a typo, changed scope or genuine activity; confirm with service. Values retained as reported pending source confirmation."
E09000004,Physical,Adult,2026-01-01/P1M,1025,,suspicious,"Source audit: total_attendees_physical_events: November 32,844 versus median nonzero month 2,876 (11.42 times). Could be a typo, changed scope or genuine activity; confirm with service. Values retained as reported pending source confirmation."
E09000004,Physical,Adult,2026-02-01/P1M,1156,,suspicious,"Source audit: total_attendees_physical_events: November 32,844 versus median nonzero month 2,876 (11.42 times). Could be a typo, changed scope or genuine activity; confirm with service. Values retained as reported pending source confirmation."
E09000004,Physical,Adult,2026-03-01/P1M,1374,,suspicious,"Source audit: total_attendees_physical_events: November 32,844 versus median nonzero month 2,876 (11.42 times). Could be a typo, changed scope or genuine activity; confirm with service. Values retained as reported pending source confirmation."
E09000004,Digital,Unknown,2025-04-01/P1Y,0,,,
E09000004,Digital,Under 12,2025-04-01/P1Y,0,,,
E09000004,Digital,12-17,2025-04-01/P1Y,0,,,
E09000004,Digital,Adult,2025-04-01/P1Y,0,,,
E06000008,Physical,Under 12,2025-04-01/P3M,5211,,,
E06000008,Physical,Under 12,2025-07-01/P3M,2422,,,
E06000008,Physical,Under 12,2025-10-01/P3M,1743,,,
E06000008,Physical,Under 12,2026-01-01/P3M,2156,,,
E06000008,Physical,12-17,2025-04-01/P3M,579,,,
E06000008,Physical,12-17,2025-07-01/P3M,269,,,
E06000008,Physical,12-17,2025-10-01/P3M,193,,,
E06000008,Physical,12-17,2026-01-01/P3M,239,,,
E06000008,Physical,Adult,2025-04-01/P3M,1538,,,
E06000008,Physical,Adult,2025-07-01/P3M,1274,,,
E06000008,Physical,Adult,2025-10-01/P3M,1278,,,
E06000008,Physical,Adult,2026-01-01/P3M,1357,,,
E06000008,Digital,Under 12,2025-04-01/P3M,25,,,
E06000008,Digital,Under 12,2025-07-01/P3M,26,,,
E06000008,Digital,Under 12,2025-10-01/P3M,27,,,
E06000008,Digital,Under 12,2026-01-01/P3M,23,,,
E06000008,Digital,12-17,2025-04-01/P3M,30,,,
E06000008,Digital,12-17,2025-07-01/P3M,26,,,
E06000008,Digital,12-17,2025-10-01/P3M,30,,,
E06000008,Digital,12-17,2026-01-01/P3M,28,,,
E06000008,Digital,Adult,2025-04-01/P3M,102,,,
E06000008,Digital,Adult,2025-07-01/P3M,132,,,
E06000008,Digital,Adult,2025-10-01/P3M,138,,,
E06000008,Digital,Adult,2026-01-01/P3M,107,,,
E06000009,Physical,Under 12,2025-04-01/P1M,630,,,
E06000009,Physical,Under 12,2025-05-01/P1M,794,,,
E06000009,Physical,Under 12,2025-06-01/P1M,995,,,
E06000009,Physical,Under 12,2025-07-01/P1M,1082,,,
E06000009,Physical,Under 12,2025-08-01/P1M,769,,,
E06000009,Physical,Under 12,2025-09-01/P1M,725,,,
E06000009,Physical,Under 12,2025-10-01/P1M,1004,,,
E06000009,Physical,Under 12,2025-11-01/P1M,1188,,,
E06000009,Physical,Under 12,2025-12-01/P1M,988,,,
E06000009,Physical,Under 12,2026-01-01/P1M,1133,,,
E06000009,Physical,Under 12,2026-02-01/P1M,994,,,
E06000009,Physical,Under 12,2026-03-01/P1M,1267,,,
E06000009,Physical,12-17,2025-04-01/P1M,78,,,
E06000009,Physical,12-17,2025-05-01/P1M,57,,,
E06000009,Physical,12-17,2025-06-01/P1M,300,,,
E06000009,Physical,12-17,2025-07-01/P1M,126,,,
E06000009,Physical,12-17,2025-08-01/P1M,100,,,
E06000009,Physical,12-17,2025-09-01/P1M,165,,,
E06000009,Physical,12-17,2025-10-01/P1M,215,,,
E06000009,Physical,12-17,2025-11-01/P1M,186,,,
E06000009,Physical,12-17,2025-12-01/P1M,82,,,
E06000009,Physical,12-17,2026-01-01/P1M,164,,,
E06000009,Physical,12-17,2026-02-01/P1M,62,,,
E06000009,Physical,12-17,2026-03-01/P1M,121,,,
E06000009,Physical,Adult,2025-04-01/P1M,1120,,,
E06000009,Physical,Adult,2025-05-01/P1M,985,,,
E06000009,Physical,Adult,2025-06-01/P1M,1253,,,
E06000009,Physical,Adult,2025-07-01/P1M,1475,,,
E06000009,Physical,Adult,2025-08-01/P1M,1348,,,
E06000009,Physical,Adult,2025-09-01/P1M,1257,,,
E06000009,Physical,Adult,2025-10-01/P1M,1548,,,
E06000009,Physical,Adult,2025-11-01/P1M,1686,,,
E06000009,Physical,Adult,2025-12-01/P1M,1102,,,
E06000009,Physical,Adult,2026-01-01/P1M,1287,,,
E06000009,Physical,Adult,2026-02-01/P1M,1323,,,
E06000009,Physical,Adult,2026-03-01/P1M,1344,,,
E06000009,Digital,Unknown,2025-04-01/P1Y,0,,,
E06000009,Digital,Under 12,2025-04-01/P1Y,0,,,
E06000009,Digital,12-17,2025-04-01/P1Y,0,,,
E06000009,Digital,Adult,2025-04-01/P1Y,0,,,
E08000001,Physical,Unknown,2025-04-01/P1M,5404,,,
E08000001,Physical,Unknown,2025-05-01/P1M,6905,,,
E08000001,Physical,Unknown,2025-06-01/P1M,5670,,,
E08000001,Physical,Unknown,2025-07-01/P1M,6802,,,
E08000001,Physical,Unknown,2025-08-01/P1M,5706,,,
E08000001,Physical,Unknown,2025-09-01/P1M,6051,,,
E08000001,Physical,Unknown,2025-10-01/P1M,6696,,,
E08000001,Physical,Unknown,2025-11-01/P1M,8207,,,
E08000001,Physical,Unknown,2025-12-01/P1M,5406,,,
E08000001,Physical,Unknown,2026-01-01/P1M,6124,,,
E08000001,Physical,Unknown,2026-02-01/P1M,5984,,,
E08000001,Physical,Unknown,2026-03-01/P1M,7960,,,
E08000001,Physical,Under 12,2025-04-01/P1Y,0,,,
E08000001,Physical,12-17,2025-04-01/P1Y,0,,,
E08000001,Physical,Adult,2025-04-01/P1Y,0,,,
E08000001,Digital,Unknown,2025-04-01/P1Y,0,,,
E08000001,Digital,Under 12,2025-04-01/P1Y,0,,,
E08000001,Digital,12-17,2025-04-01/P1Y,0,,,
E08000001,Digital,Adult,2025-04-01/P1Y,0,,,
E06000058,Physical,Under 12,2025-04-01/P1M,4468,,,
E06000058,Physical,Under 12,2025-05-01/P1M,4338,,,
E06000058,Physical,Under 12,2025-06-01/P1M,5621,,,
E06000058,Physical,Under 12,2025-07-01/P1M,6591,,,
E06000058,Physical,Under 12,2025-08-01/P1M,7310,,,
E06000058,Physical,Under 12,2025-09-01/P1M,4440,,,
E06000058,Physical,Under 12,2025-10-01/P1M,5835,,,
E06000058,Physical,Under 12,2025-11-01/P1M,4268,,,
E06000058,Physical,Under 12,2025-12-01/P1M,4091,,,
E06000058,Physical,Under 12,2026-01-01/P1M,4323,,,
E06000058,Physical,Under 12,2026-02-01/P1M,6735,,,
E06000058,Physical,Under 12,2026-03-01/P1M,5615,,,
E06000058,Physical,12-17,2025-04-01/P1M,36,,,
E06000058,Physical,12-17,2025-05-01/P1M,17,,,
E06000058,Physical,12-17,2025-06-01/P1M,47,,,
E06000058,Physical,12-17,2025-07-01/P1M,37,,,
E06000058,Physical,12-17,2025-08-01/P1M,95,,,
E06000058,Physical,12-17,2025-09-01/P1M,91,,,
E06000058,Physical,12-17,2025-10-01/P1M,91,,,
E06000058,Physical,12-17,2025-11-01/P1M,113,,,
E06000058,Physical,12-17,2025-12-01/P1M,91,,,
E06000058,Physical,12-17,2026-01-01/P1M,110,,,
E06000058,Physical,12-17,2026-02-01/P1M,242,,,
E06000058,Physical,12-17,2026-03-01/P1M,221,,,
E06000058,Physical,Adult,2025-04-01/P1M,4067,,,
E06000058,Physical,Adult,2025-05-01/P1M,4363,,,
E06000058,Physical,Adult,2025-06-01/P1M,4647,,,
E06000058,Physical,Adult,2025-07-01/P1M,5391,,,
E06000058,Physical,Adult,2025-08-01/P1M,5877,,,
E06000058,Physical,Adult,2025-09-01/P1M,5404,,,
E06000058,Physical,Adult,2025-10-01/P1M,6096,,,
E06000058,Physical,Adult,2025-11-01/P1M,5496,,,
E06000058,Physical,Adult,2025-12-01/P1M,4776,,,
E06000058,Physical,Adult,2026-01-01/P1M,5817,,,
E06000058,Physical,Adult,2026-02-01/P1M,6735,,,
E06000058,Physical,Adult,2026-03-01/P1M,6230,,,
E06000058,Digital,Under 12,2025-04-01/P1Y,10,,,
E06000058,Digital,12-17,2025-04-01/P1Y,1,,,
E06000058,Digital,Adult,2025-04-01/P1M,0,,,
E06000058,Digital,Adult,2025-05-01/P1M,2,,,
E06000058,Digital,Adult,2025-06-01/P1M,0,,,
E06000058,Digital,Adult,2025-07-01/P1M,34,,,
E06000058,Digital,Adult,2025-08-01/P1M,0,,,
E06000058,Digital,Adult,2025-09-01/P1M,0,,,
E06000058,Digital,Adult,2025-10-01/P1M,0,,,
E06000058,Digital,Adult,2025-11-01/P1M,0,,,
E06000058,Digital,Adult,2025-12-01/P1M,12,,,
E06000058,Digital,Adult,2026-01-01/P1M,0,,,
E06000058,Digital,Adult,2026-02-01/P1M,0,,,
E06000058,Digital,Adult,2026-03-01/P1M,0,,,
E08000032,Physical,Under 12,2025-04-01/P1M,2626,,,
E08000032,Physical,Under 12,2025-05-01/P1M,2857,,,
E08000032,Physical,Under 12,2025-06-01/P1M,2980,,,
E08000032,Physical,Under 12,2025-07-01/P1M,3683,,,
E08000032,Physical,Under 12,2025-08-01/P1M,2981,,,
E08000032,Physical,Under 12,2025-09-01/P1M,2330,,,
E08000032,Physical,Under 12,2025-10-01/P1M,4212,,,
E08000032,Physical,Under 12,2025-11-01/P1M,3768,,,
E08000032,Physical,Under 12,2025-12-01/P1M,2495,,,
E08000032,Physical,Under 12,2026-01-01/P1M,3115,,,
E08000032,Physical,Under 12,2026-02-01/P1M,3677,,,
E08000032,Physical,Under 12,2026-03-01/P1M,3872,,,
E08000032,Physical,12-17,2025-04-01/P1Y,0,,,
E08000032,Physical,Adult,2025-04-01/P1M,4086,,,
E08000032,Physical,Adult,2025-05-01/P1M,4050,,,
E08000032,Physical,Adult,2025-06-01/P1M,3993,,,
E08000032,Physical,Adult,2025-07-01/P1M,4455,,,
E08000032,Physical,Adult,2025-08-01/P1M,3904,,,
E08000032,Physical,Adult,2025-09-01/P1M,3862,,,
E08000032,Physical,Adult,2025-10-01/P1M,5172,,,
E08000032,Physical,Adult,2025-11-01/P1M,4655,,,
E08000032,Physical,Adult,2025-12-01/P1M,3765,,,
E08000032,Physical,Adult,2026-01-01/P1M,3908,,,
E08000032,Physical,Adult,2026-02-01/P1M,4347,,,
E08000032,Physical,Adult,2026-03-01/P1M,4624,,,
E08000032,Digital,Unknown,2025-04-01/P1Y,0,,,
E08000032,Digital,Under 12,2025-04-01/P1Y,0,,,
E08000032,Digital,12-17,2025-04-01/P1Y,0,,,
E08000032,Digital,Adult,2025-04-01/P1Y,0,,,
E09000005,Physical,Under 12,2025-04-01/P1M,1778,,,
E09000005,Physical,Under 12,2025-05-01/P1M,1459,,,
E09000005,Physical,Under 12,2025-06-01/P1M,2042,,,
E09000005,Physical,Under 12,2025-07-01/P1M,1424,,,
E09000005,Physical,Under 12,2025-08-01/P1M,2098,,,
E09000005,Physical,Under 12,2025-09-01/P1M,487,,,
E09000005,Physical,Under 12,2025-10-01/P1M,1810,,,
E09000005,Physical,Under 12,2025-11-01/P1M,1931,,,
E09000005,Physical,Under 12,2025-12-01/P1M,1575,,,
E09000005,Physical,Under 12,2026-01-01/P1M,687,,,
E09000005,Physical,Under 12,2026-02-01/P1M,2351,,,
E09000005,Physical,Under 12,2026-03-01/P1M,2021,,,
E09000005,Physical,12-17,2025-04-01/P1Y,0,,,
E09000005,Physical,Adult,2025-04-01/P1M,319,,,
E09000005,Physical,Adult,2025-05-01/P1M,891,,,
E09000005,Physical,Adult,2025-06-01/P1M,110,,,
E09000005,Physical,Adult,2025-07-01/P1M,605,,,
E09000005,Physical,Adult,2025-08-01/P1M,61,,,
E09000005,Physical,Adult,2025-09-01/P1M,849,,,
E09000005,Physical,Adult,2025-10-01/P1M,1054,,,
E09000005,Physical,Adult,2025-11-01/P1M,913,,,
E09000005,Physical,Adult,2025-12-01/P1M,318,,,
E09000005,Physical,Adult,2026-01-01/P1M,578,,,
E09000005,Physical,Adult,2026-02-01/P1M,537,,,
E09000005,Physical,Adult,2026-03-01/P1M,1038,,,
E09000005,Digital,Unknown,2025-04-01/P1Y,0,,,
E09000005,Digital,Under 12,2025-04-01/P1Y,0,,,
E09000005,Digital,12-17,2025-04-01/P1Y,0,,,
E09000005,Digital,Adult,2025-04-01/P1Y,0,,,
E06000043,Physical,Under 12,2025-04-01/P1M,416,,,
E06000043,Physical,Under 12,2025-05-01/P1M,602,,,
E06000043,Physical,Under 12,2025-06-01/P1M,695,,,
E06000043,Physical,Under 12,2025-07-01/P1M,639,,,
E06000043,Physical,Under 12,2025-08-01/P1M,113,,,
E06000043,Physical,Under 12,2025-09-01/P1M,614,,,
E06000043,Physical,Under 12,2025-10-01/P1M,987,,,
E06000043,Physical,Under 12,2025-11-01/P1M,818,,,
E06000043,Physical,Under 12,2025-12-01/P1M,634,,,
E06000043,Physical,Under 12,2026-01-01/P1M,870,,,
E06000043,Physical,Under 12,2026-02-01/P1M,716,,,
E06000043,Physical,Under 12,2026-03-01/P1M,969,,,
E06000043,Physical,12-17,2025-04-01/P1M,11,,,
E06000043,Physical,12-17,2025-05-01/P1M,9,,,
E06000043,Physical,12-17,2025-06-01/P1M,43,,,
E06000043,Physical,12-17,2025-07-01/P1M,5,,,
E06000043,Physical,12-17,2025-08-01/P1M,8,,,
E06000043,Physical,12-17,2025-09-01/P1M,37,,,
E06000043,Physical,12-17,2025-10-01/P1M,17,,,
E06000043,Physical,12-17,2025-11-01/P1M,6,,,
E06000043,Physical,12-17,2025-12-01/P1M,4,,,
E06000043,Physical,12-17,2026-01-01/P1M,51,,,
E06000043,Physical,12-17,2026-02-01/P1M,21,,,
E06000043,Physical,12-17,2026-03-01/P1M,9,,,
E06000043,Physical,Adult,2025-04-01/P1M,1535,,,
E06000043,Physical,Adult,2025-05-01/P1M,1504,,,
E06000043,Physical,Adult,2025-06-01/P1M,1982,,,
E06000043,Physical,Adult,2025-07-01/P1M,1370,,,
E06000043,Physical,Adult,2025-08-01/P1M,1016,,,
E06000043,Physical,Adult,2025-09-01/P1M,1733,,,
E06000043,Physical,Adult,2025-10-01/P1M,1824,,,
E06000043,Physical,Adult,2025-11-01/P1M,1965,,,
E06000043,Physical,Adult,2025-12-01/P1M,1279,,,
E06000043,Physical,Adult,2026-01-01/P1M,2375,,,
E06000043,Physical,Adult,2026-02-01/P1M,1617,,,
E06000043,Physical,Adult,2026-03-01/P1M,1902,,,
E06000043,Digital,Under 12,2025-04-01/P1Y,0,,,
E06000043,Digital,12-17,2025-04-01/P1Y,0,,,
E06000043,Digital,Adult,2025-04-01/P1M,42,,,
E06000043,Digital,Adult,2025-05-01/P1M,86,,,
E06000043,Digital,Adult,2025-06-01/P1M,84,,,
E06000043,Digital,Adult,2025-07-01/P1M,52,,,
E06000043,Digital,Adult,2025-08-01/P1M,31,,,
E06000043,Digital,Adult,2025-09-01/P1M,78,,,
E06000043,Digital,Adult,2025-10-01/P1M,69,,,
E06000043,Digital,Adult,2025-11-01/P1M,67,,,
E06000043,Digital,Adult,2025-12-01/P1M,50,,,
E06000043,Digital,Adult,2026-01-01/P1M,36,,,
E06000043,Digital,Adult,2026-02-01/P1M,29,,,
E06000043,Digital,Adult,2026-03-01/P1M,45,,,
E06000023,Physical,Under 12,2025-04-01/P3M,11110,,,
E06000023,Physical,Under 12,2025-07-01/P3M,11833,,,
E06000023,Physical,Under 12,2025-10-01/P3M,12720,,,
E06000023,Physical,Under 12,2026-01-01/P3M,14830,,,
E06000023,Physical,12-17,2025-04-01/P3M,69,,,
E06000023,Physical,12-17,2025-07-01/P3M,27,,,
E06000023,Physical,12-17,2025-10-01/P3M,37,,,
E06000023,Physical,12-17,2026-01-01/P3M,22,,,
E06000023,Physical,Adult,2025-04-01/P3M,1148,,,
E06000023,Physical,Adult,2025-07-01/P3M,1000,,,
E06000023,Physical,Adult,2025-10-01/P3M,1504,,,
E06000023,Physical,Adult,2026-01-01/P3M,2753,,,
E06000023,Digital,Under 12,2025-04-01/P1Y,0,,,
E06000023,Digital,12-17,2025-04-01/P1Y,0,,,
E06000023,Digital,Adult,2025-04-01/P3M,11,,,
E06000023,Digital,Adult,2025-07-01/P3M,22,,,
E06000023,Digital,Adult,2025-10-01/P3M,28,,,
E06000023,Digital,Adult,2026-01-01/P3M,27,,,
E06000060,Physical,Unknown,2025-04-01/P1Y,0,,,
E06000060,Physical,Under 12,2025-04-01/P1Y,0,,,
E06000060,Physical,12-17,2025-04-01/P1Y,0,,,
E06000060,Physical,Adult,2025-04-01/P1Y,0,,,
E06000060,Digital,Unknown,2025-04-01/P1Y,0,,,
E06000060,Digital,Under 12,2025-04-01/P1Y,0,,,
E06000060,Digital,12-17,2025-04-01/P1Y,0,,,
E06000060,Digital,Adult,2025-04-01/P1Y,0,,,
E08000033,Physical,Under 12,2025-04-01/P1Y,14436,,suspicious,"Source audit: total_attendees_physical_events: Published annual total 35,243; supplied month sum 26,446; difference +8,797. No replacement inferred. | total_attendees_physical_events: 2024/2025: 395,150; 2025/2026: 35,243 (0.09 times; -91.1%). Check units, collection scope and completeness; a change alone does not prove error. Values retained as reported pending source confirmation. Formula check: total_attendees_physical_events: Published annual total 35,243; supplied month sum 26,446; difference +8,797. No replacement inferred. Annual total is directly entered, not a formula summing these months."
E08000033,Physical,12-17,2025-04-01/P1Y,360,,suspicious,"Source audit: total_attendees_physical_events: Published annual total 35,243; supplied month sum 26,446; difference +8,797. No replacement inferred. | total_attendees_physical_events: 2024/2025: 395,150; 2025/2026: 35,243 (0.09 times; -91.1%). Check units, collection scope and completeness; a change alone does not prove error. Values retained as reported pending source confirmation. Formula check: total_attendees_physical_events: Published annual total 35,243; supplied month sum 26,446; difference +8,797. No replacement inferred. Annual total is directly entered, not a formula summing these months."
E08000033,Physical,Adult,2025-04-01/P1Y,11650,,suspicious,"Source audit: total_attendees_physical_events: Published annual total 35,243; supplied month sum 26,446; difference +8,797. No replacement inferred. | total_attendees_physical_events: 2024/2025: 395,150; 2025/2026: 35,243 (0.09 times; -91.1%). Check units, collection scope and completeness; a change alone does not prove error. Values retained as reported pending source confirmation. Formula check: total_attendees_physical_events: Published annual total 35,243; supplied month sum 26,446; difference +8,797. No replacement inferred. Annual total is directly entered, not a formula summing these months."
E08000033,Digital,Unknown,2025-04-01/P1Y,0,,,
E08000033,Digital,Under 12,2025-04-01/P1Y,0,,,
E08000033,Digital,12-17,2025-04-01/P1Y,0,,,
E08000033,Digital,Adult,2025-04-01/P1Y,0,,,
E09000007,Physical,Under 12,2025-04-01/P1M,1934,,,
E09000007,Physical,Under 12,2025-05-01/P1M,1800,,,
E09000007,Physical,Under 12,2025-06-01/P1M,1470,,,
E09000007,Physical,Under 12,2025-07-01/P1M,1820,,,
E09000007,Physical,Under 12,2025-08-01/P1M,1094,,,
E09000007,Physical,Under 12,2025-09-01/P1M,3192,,,
E09000007,Physical,Under 12,2025-10-01/P1M,2808,,,
E09000007,Physical,Under 12,2025-11-01/P1M,2685,,,
E09000007,Physical,Under 12,2025-12-01/P1M,1893,,,
E09000007,Physical,Under 12,2026-01-01/P1M,2015,,,
E09000007,Physical,Under 12,2026-02-01/P1M,2311,,,
E09000007,Physical,Under 12,2026-03-01/P1M,2011,,,
E09000007,Physical,12-17,2025-04-01/P1Y,0,,,
E09000007,Physical,Adult,2025-04-01/P1M,644,,,
E09000007,Physical,Adult,2025-05-01/P1M,600,,,
E09000007,Physical,Adult,2025-06-01/P1M,490,,,
E09000007,Physical,Adult,2025-07-01/P1M,606,,,
E09000007,Physical,Adult,2025-08-01/P1M,464,,,
E09000007,Physical,Adult,2025-09-01/P1M,1064,,,
E09000007,Physical,Adult,2025-10-01/P1M,936,,,
E09000007,Physical,Adult,2025-11-01/P1M,895,,,
E09000007,Physical,Adult,2025-12-01/P1M,631,,,
E09000007,Physical,Adult,2026-01-01/P1M,671,,,
E09000007,Physical,Adult,2026-02-01/P1M,770,,,
E09000007,Physical,Adult,2026-03-01/P1M,670,,,
E09000007,Digital,Unknown,2025-04-01/P1Y,0,,,
E09000007,Digital,Under 12,2025-04-01/P1Y,0,,,
E09000007,Digital,12-17,2025-04-01/P1Y,0,,,
E09000007,Digital,Adult,2025-04-01/P1Y,0,,,
E10000003,Physical,Under 12,2025-04-01/P1M,1941,,,
E10000003,Physical,Under 12,2025-05-01/P1M,4769,,,
E10000003,Physical,Under 12,2025-06-01/P1M,18309,,,
E10000003,Physical,Under 12,2025-07-01/P1M,21239,,,
E10000003,Physical,Under 12,2025-08-01/P1M,4630,,,
E10000003,Physical,Under 12,2025-09-01/P1M,6338,,,
E10000003,Physical,Under 12,2025-10-01/P1M,5235,,,
E10000003,Physical,Under 12,2025-11-01/P1M,5085,,,
E10000003,Physical,Under 12,2025-12-01/P1M,3778,,,
E10000003,Physical,Under 12,2026-01-01/P1M,4111,,,
E10000003,Physical,Under 12,2026-02-01/P1M,5108,,,
E10000003,Physical,Under 12,2026-03-01/P1M,6182,,,
E10000003,Physical,12-17,2025-04-01/P1M,45,,,
E10000003,Physical,12-17,2025-05-01/P1M,109,,,
E10000003,Physical,12-17,2025-06-01/P1M,97,,,
E10000003,Physical,12-17,2025-07-01/P1M,115,,,
E10000003,Physical,12-17,2025-08-01/P1M,49,,,
E10000003,Physical,12-17,2025-09-01/P1M,66,,,
E10000003,Physical,12-17,2025-10-01/P1M,132,,,
E10000003,Physical,12-17,2025-11-01/P1M,104,,,
E10000003,Physical,12-17,2025-12-01/P1M,248,,,
E10000003,Physical,12-17,2026-01-01/P1M,54,,,
E10000003,Physical,12-17,2026-02-01/P1M,86,,,
E10000003,Physical,12-17,2026-03-01/P1M,34,,,
E10000003,Physical,Adult,2025-04-01/P1M,2312,,,
E10000003,Physical,Adult,2025-05-01/P1M,6471,,,
E10000003,Physical,Adult,2025-06-01/P1M,5818,,,
E10000003,Physical,Adult,2025-07-01/P1M,7442,,,
E10000003,Physical,Adult,2025-08-01/P1M,5407,,,
E10000003,Physical,Adult,2025-09-01/P1M,7637,,,
E10000003,Physical,Adult,2025-10-01/P1M,7115,,,
E10000003,Physical,Adult,2025-11-01/P1M,6903,,,
E10000003,Physical,Adult,2025-12-01/P1M,5707,,,
E10000003,Physical,Adult,2026-01-01/P1M,5932,,,
E10000003,Physical,Adult,2026-02-01/P1M,6769,,,
E10000003,Physical,Adult,2026-03-01/P1M,6919,,,
E10000003,Digital,Unknown,2025-04-01/P1Y,0,,,
E10000003,Digital,Under 12,2025-04-01/P1Y,0,,,
E10000003,Digital,12-17,2025-04-01/P1Y,0,,,
E10000003,Digital,Adult,2025-04-01/P1Y,0,,,
E06000056,Physical,Under 12,2025-04-01/P1M,6896,,,
E06000056,Physical,Under 12,2025-05-01/P1M,4648,,,
E06000056,Physical,Under 12,2025-06-01/P1M,4878,,,
E06000056,Physical,Under 12,2025-07-01/P1M,8442,,,
E06000056,Physical,Under 12,2025-08-01/P1M,8142,,,
E06000056,Physical,Under 12,2025-09-01/P1M,3877,,,
E06000056,Physical,Under 12,2025-10-01/P1M,5284,,,
E06000056,Physical,Under 12,2025-11-01/P1M,4229,,,
E06000056,Physical,Under 12,2025-12-01/P1M,3724,,,
E06000056,Physical,Under 12,2026-01-01/P1M,4518,,,
E06000056,Physical,Under 12,2026-02-01/P1M,6976,,,
E06000056,Physical,Under 12,2026-03-01/P1M,5344,,,
E06000056,Physical,12-17,2025-04-01/P1Y,0,,,
E06000056,Physical,Adult,2025-04-01/P1M,5615,,,
E06000056,Physical,Adult,2025-05-01/P1M,5130,,,
E06000056,Physical,Adult,2025-06-01/P1M,4762,,,
E06000056,Physical,Adult,2025-07-01/P1M,6169,,,
E06000056,Physical,Adult,2025-08-01/P1M,6992,,,
E06000056,Physical,Adult,2025-09-01/P1M,4080,,,
E06000056,Physical,Adult,2025-10-01/P1M,6201,,,
E06000056,Physical,Adult,2025-11-01/P1M,4579,,,
E06000056,Physical,Adult,2025-12-01/P1M,3653,,,
E06000056,Physical,Adult,2026-01-01/P1M,5002,,,
E06000056,Physical,Adult,2026-02-01/P1M,6354,,,
E06000056,Physical,Adult,2026-03-01/P1M,5809,,,
E06000056,Digital,Unknown,2025-04-01/P1Y,0,,,
E06000056,Digital,Under 12,2025-04-01/P1Y,0,,,
E06000056,Digital,12-17,2025-04-01/P1Y,0,,,
E06000056,Digital,Adult,2025-04-01/P1Y,0,,,
E06000049,Physical,Under 12,2025-04-01/P1M,7230,,,
E06000049,Physical,Under 12,2025-05-01/P1M,6901,,,
E06000049,Physical,Under 12,2025-06-01/P1M,13407,,,
E06000049,Physical,Under 12,2025-07-01/P1M,19954,,,
E06000049,Physical,Under 12,2025-08-01/P1M,8988,,,
E06000049,Physical,Under 12,2025-09-01/P1M,8666,,,
E06000049,Physical,Under 12,2025-10-01/P1M,9589,,,
E06000049,Physical,Under 12,2025-11-01/P1M,7885,,,
E06000049,Physical,Under 12,2025-12-01/P1M,6505,,,
E06000049,Physical,Under 12,2026-01-01/P1M,6534,,,
E06000049,Physical,Under 12,2026-02-01/P1M,8926,,,
E06000049,Physical,Under 12,2026-03-01/P1M,9429,,,
E06000049,Physical,12-17,2025-04-01/P1Y,0,,,
E06000049,Physical,Adult,2025-04-01/P1M,2850,,,
E06000049,Physical,Adult,2025-05-01/P1M,1879,,,
E06000049,Physical,Adult,2025-06-01/P1M,2259,,,
E06000049,Physical,Adult,2025-07-01/P1M,2498,,,
E06000049,Physical,Adult,2025-08-01/P1M,1943,,,
E06000049,Physical,Adult,2025-09-01/P1M,2345,,,
E06000049,Physical,Adult,2025-10-01/P1M,2615,,,
E06000049,Physical,Adult,2025-11-01/P1M,3212,,,
E06000049,Physical,Adult,2025-12-01/P1M,2158,,,
E06000049,Physical,Adult,2026-01-01/P1M,1829,,,
E06000049,Physical,Adult,2026-02-01/P1M,2347,,,
E06000049,Physical,Adult,2026-03-01/P1M,2297,,,
E06000049,Digital,Unknown,2025-04-01/P1Y,0,,,
E06000049,Digital,Under 12,2025-04-01/P1Y,0,,,
E06000049,Digital,12-17,2025-04-01/P1Y,0,,,
E06000049,Digital,Adult,2025-04-01/P1Y,0,,,
E06000050,Physical,Under 12,2025-04-01/P1M,4358,,,
E06000050,Physical,Under 12,2025-05-01/P1M,4072,,,
E06000050,Physical,Under 12,2025-06-01/P1M,4794,,,
E06000050,Physical,Under 12,2025-07-01/P1M,6024,,,
E06000050,Physical,Under 12,2025-08-01/P1M,6507,,,
E06000050,Physical,Under 12,2025-09-01/P1M,3917,,,
E06000050,Physical,Under 12,2025-10-01/P1M,6685,,,
E06000050,Physical,Under 12,2025-11-01/P1M,4948,,,
E06000050,Physical,Under 12,2025-12-01/P1M,3785,,,
E06000050,Physical,Under 12,2026-01-01/P1M,4391,,,
E06000050,Physical,Under 12,2026-02-01/P1M,5366,,,
E06000050,Physical,Under 12,2026-03-01/P1M,5431,,,
E06000050,Physical,12-17,2025-04-01/P1Y,0,,,
E06000050,Physical,Adult,2025-04-01/P1M,5246,,,
E06000050,Physical,Adult,2025-05-01/P1M,4875,,,
E06000050,Physical,Adult,2025-06-01/P1M,5265,,,
E06000050,Physical,Adult,2025-07-01/P1M,5978,,,
E06000050,Physical,Adult,2025-08-01/P1M,5922,,,
E06000050,Physical,Adult,2025-09-01/P1M,5085,,,
E06000050,Physical,Adult,2025-10-01/P1M,5512,,,
E06000050,Physical,Adult,2025-11-01/P1M,5058,,,
E06000050,Physical,Adult,2025-12-01/P1M,3929,,,
E06000050,Physical,Adult,2026-01-01/P1M,5399,,,
E06000050,Physical,Adult,2026-02-01/P1M,5893,,,
E06000050,Physical,Adult,2026-03-01/P1M,5883,,,
E06000050,Digital,Unknown,2025-04-01/P1Y,0,,,
E06000050,Digital,Under 12,2025-04-01/P1Y,0,,,
E06000050,Digital,12-17,2025-04-01/P1Y,0,,,
E06000050,Digital,Adult,2025-04-01/P1Y,0,,,
E09000001,Physical,Under 12,2025-04-01/P3M,1882,,,
E09000001,Physical,Under 12,2025-07-01/P3M,1949,,,
E09000001,Physical,Under 12,2025-10-01/P3M,2095,,,
E09000001,Physical,Under 12,2026-01-01/P3M,2142,,,
E09000001,Physical,12-17,2025-04-01/P1Y,26,,,
E09000001,Physical,Adult,2025-04-01/P3M,4214,,,
E09000001,Physical,Adult,2025-07-01/P3M,4506,,,
E09000001,Physical,Adult,2025-10-01/P3M,5011,,,
E09000001,Physical,Adult,2026-01-01/P3M,5400,,,
E09000001,Digital,Under 12,2025-04-01/P1Y,9,,,
E09000001,Digital,12-17,2025-04-01/P1Y,0,,,
E09000001,Digital,Adult,2025-04-01/P3M,586,,,
E09000001,Digital,Adult,2025-07-01/P3M,462,,,
E09000001,Digital,Adult,2025-10-01/P3M,371,,,
E09000001,Digital,Adult,2026-01-01/P3M,443,,,
E06000052,Physical,Unknown,2025-04-01/P1Y,0,,,
E06000052,Physical,Under 12,2025-04-01/P1Y,0,,,
E06000052,Physical,12-17,2025-04-01/P1Y,0,,,
E06000052,Physical,Adult,2025-04-01/P1Y,0,,,
E06000052,Digital,Unknown,2025-04-01/P1Y,0,,,
E06000052,Digital,Under 12,2025-04-01/P1Y,0,,,
E06000052,Digital,12-17,2025-04-01/P1Y,0,,,
E06000052,Digital,Adult,2025-04-01/P1Y,0,,,
E08000026,Physical,Under 12,2025-04-01/P1M,5213,,,
E08000026,Physical,Under 12,2025-05-01/P1M,2842,,,
E08000026,Physical,Under 12,2025-06-01/P1M,4337,,,
E08000026,Physical,Under 12,2025-07-01/P1M,4740,,,
E08000026,Physical,Under 12,2025-08-01/P1M,3769,,,
E08000026,Physical,Under 12,2025-09-01/P1M,2786,,,
E08000026,Physical,Under 12,2025-10-01/P1M,3277,,,
E08000026,Physical,Under 12,2025-11-01/P1M,2980,,,
E08000026,Physical,Under 12,2025-12-01/P1M,2223,,,
E08000026,Physical,Under 12,2026-01-01/P1M,3072,,,
E08000026,Physical,Under 12,2026-02-01/P1M,3650,,,
E08000026,Physical,Under 12,2026-03-01/P1M,3985,,,
E08000026,Physical,12-17,2025-04-01/P1Y,0,,,
E08000026,Physical,Adult,2025-04-01/P1M,5783,,,
E08000026,Physical,Adult,2025-05-01/P1M,4963,,,
E08000026,Physical,Adult,2025-06-01/P1M,5071,,,
E08000026,Physical,Adult,2025-07-01/P1M,5242,,,
E08000026,Physical,Adult,2025-08-01/P1M,4334,,,
E08000026,Physical,Adult,2025-09-01/P1M,4699,,,
E08000026,Physical,Adult,2025-10-01/P1M,4874,,,
E08000026,Physical,Adult,2025-11-01/P1M,4553,,,
E08000026,Physical,Adult,2025-12-01/P1M,3657,,,
E08000026,Physical,Adult,2026-01-01/P1M,4816,,,
E08000026,Physical,Adult,2026-02-01/P1M,5036,,,
E08000026,Physical,Adult,2026-03-01/P1M,5042,,,
E08000026,Digital,Unknown,2025-04-01/P1Y,0,,,
E08000026,Digital,Under 12,2025-04-01/P1Y,0,,,
E08000026,Digital,12-17,2025-04-01/P1Y,0,,,
E08000026,Digital,Adult,2025-04-01/P1Y,0,,,
E09000008,Physical,Under 12,2025-04-01/P1M,2087,,,
E09000008,Physical,Under 12,2025-05-01/P1M,2357,,,
E09000008,Physical,Under 12,2025-06-01/P1M,2162,,,
E09000008,Physical,Under 12,2025-07-01/P1M,2218,,,
E09000008,Physical,Under 12,2025-08-01/P1M,2308,,,
E09000008,Physical,Under 12,2025-09-01/P1M,1689,,,
E09000008,Physical,Under 12,2025-10-01/P1M,3061,,,
E09000008,Physical,Under 12,2025-11-01/P1M,2431,,,
E09000008,Physical,Under 12,2025-12-01/P1M,881,,,
E09000008,Physical,Under 12,2026-01-01/P1M,2524,,,
E09000008,Physical,Under 12,2026-02-01/P1M,2590,,,
E09000008,Physical,Under 12,2026-03-01/P1M,2817,,,
E09000008,Physical,12-17,2025-04-01/P1M,34,,,
E09000008,Physical,12-17,2025-05-01/P1M,7,,,
E09000008,Physical,12-17,2025-06-01/P1M,2,,,
E09000008,Physical,12-17,2025-07-01/P1M,3,,,
E09000008,Physical,12-17,2025-08-01/P1M,18,,,
E09000008,Physical,12-17,2025-09-01/P1M,8,,,
E09000008,Physical,12-17,2025-10-01/P1M,11,,,
E09000008,Physical,12-17,2025-11-01/P1M,10,,,
E09000008,Physical,12-17,2025-12-01/P1M,133,,,
E09000008,Physical,12-17,2026-01-01/P1M,4,,,
E09000008,Physical,12-17,2026-02-01/P1M,10,,,
E09000008,Physical,12-17,2026-03-01/P1M,33,,,
E09000008,Physical,Adult,2025-04-01/P1M,923,,,
E09000008,Physical,Adult,2025-05-01/P1M,856,,,
E09000008,Physical,Adult,2025-06-01/P1M,873,,,
E09000008,Physical,Adult,2025-07-01/P1M,727,,,
E09000008,Physical,Adult,2025-08-01/P1M,681,,,
E09000008,Physical,Adult,2025-09-01/P1M,942,,,
E09000008,Physical,Adult,2025-10-01/P1M,867,,,
E09000008,Physical,Adult,2025-11-01/P1M,1039,,,
E09000008,Physical,Adult,2025-12-01/P1M,806,,,
E09000008,Physical,Adult,2026-01-01/P1M,739,,,
E09000008,Physical,Adult,2026-02-01/P1M,993,,,
E09000008,Physical,Adult,2026-03-01/P1M,1150,,,
E09000008,Digital,Unknown,2025-04-01/P1Y,0,,,
E09000008,Digital,Under 12,2025-04-01/P1Y,0,,,
E09000008,Digital,12-17,2025-04-01/P1Y,0,,,
E09000008,Digital,Adult,2025-04-01/P1Y,0,,,
E06000063,Physical,Unknown,2025-04-01/P1M,2240,,,
E06000063,Physical,Unknown,2025-05-01/P1M,2364,,,
E06000063,Physical,Unknown,2025-06-01/P1M,3046,,,
E06000063,Physical,Unknown,2025-07-01/P1M,2707,,,
E06000063,Physical,Unknown,2025-08-01/P1M,1960,,,
E06000063,Physical,Unknown,2025-09-01/P1M,1871,,,
E06000063,Physical,Unknown,2025-10-01/P1M,2457,,,
E06000063,Physical,Unknown,2025-11-01/P1M,1694,,,
E06000063,Physical,Unknown,2025-12-01/P1M,1129,,,
E06000063,Physical,Unknown,2026-01-01/P1M,1486,,,
E06000063,Physical,Unknown,2026-02-01/P1M,2275,,,
E06000063,Physical,Unknown,2026-03-01/P1M,2679,,,
E06000063,Physical,Under 12,2025-04-01/P1Y,0,,,
E06000063,Physical,12-17,2025-04-01/P1Y,0,,,
E06000063,Physical,Adult,2025-04-01/P1Y,0,,,
E06000063,Digital,Unknown,2025-04-01/P1Y,0,,,
E06000063,Digital,Under 12,2025-04-01/P1Y,0,,,
E06000063,Digital,12-17,2025-04-01/P1Y,0,,,
E06000063,Digital,Adult,2025-04-01/P1Y,0,,,
E06000005,Physical,Under 12,2025-04-01/P1M,1384,,,
E06000005,Physical,Under 12,2025-05-01/P1M,1035,,,
E06000005,Physical,Under 12,2025-06-01/P1M,2460,,,
E06000005,Physical,Under 12,2025-07-01/P1M,5770,,,
E06000005,Physical,Under 12,2025-08-01/P1M,3056,,,
E06000005,Physical,Under 12,2025-09-01/P1M,996,,,
E06000005,Physical,Under 12,2025-10-01/P1M,1765,,,
E06000005,Physical,Under 12,2025-11-01/P1M,2847,,,
E06000005,Physical,Under 12,2025-12-01/P1M,939,,,
E06000005,Physical,Under 12,2026-01-01/P1M,2374,,,
E06000005,Physical,Under 12,2026-02-01/P1M,1380,,,
E06000005,Physical,Under 12,2026-03-01/P1M,3417,,,
E06000005,Physical,12-17,2025-04-01/P1Y,0,,,
E06000005,Physical,Adult,2025-04-01/P1M,1240,,,
E06000005,Physical,Adult,2025-05-01/P1M,1199,,,
E06000005,Physical,Adult,2025-06-01/P1M,1431,,,
E06000005,Physical,Adult,2025-07-01/P1M,2337,,,
E06000005,Physical,Adult,2025-08-01/P1M,1094,,,
E06000005,Physical,Adult,2025-09-01/P1M,1354,,,
E06000005,Physical,Adult,2025-10-01/P1M,1456,,,
E06000005,Physical,Adult,2025-11-01/P1M,2136,,,
E06000005,Physical,Adult,2025-12-01/P1M,1053,,,
E06000005,Physical,Adult,2026-01-01/P1M,1218,,,
E06000005,Physical,Adult,2026-02-01/P1M,1137,,,
E06000005,Physical,Adult,2026-03-01/P1M,1405,,,
E06000005,Digital,Unknown,2025-04-01/P1Y,0,,,
E06000005,Digital,Under 12,2025-04-01/P1Y,0,,,
E06000005,Digital,12-17,2025-04-01/P1Y,0,,,
E06000005,Digital,Adult,2025-04-01/P1Y,0,,,
E06000015,Physical,Under 12,2025-04-01/P1M,1703,,,
E06000015,Physical,Under 12,2025-05-01/P1M,1832,,,
E06000015,Physical,Under 12,2025-06-01/P1M,1871,,,
E06000015,Physical,Under 12,2025-07-01/P1M,2227,,,
E06000015,Physical,Under 12,2025-08-01/P1M,1451,,,
E06000015,Physical,Under 12,2025-09-01/P1M,1340,,,
E06000015,Physical,Under 12,2025-10-01/P1M,2261,,,
E06000015,Physical,Under 12,2025-11-01/P1M,1750,,,
E06000015,Physical,Under 12,2025-12-01/P1M,1391,,,
E06000015,Physical,Under 12,2026-01-01/P1M,1767,,,
E06000015,Physical,Under 12,2026-02-01/P1M,2186,,,
E06000015,Physical,Under 12,2026-03-01/P1M,2507,,,
E06000015,Physical,12-17,2025-04-01/P1Y,0,,,
E06000015,Physical,Adult,2025-04-01/P1M,1207,,,
E06000015,Physical,Adult,2025-05-01/P1M,1175,,,
E06000015,Physical,Adult,2025-06-01/P1M,1404,,,
E06000015,Physical,Adult,2025-07-01/P1M,1605,,,
E06000015,Physical,Adult,2025-08-01/P1M,1011,,,
E06000015,Physical,Adult,2025-09-01/P1M,1544,,,
E06000015,Physical,Adult,2025-10-01/P1M,1654,,,
E06000015,Physical,Adult,2025-11-01/P1M,1616,,,
E06000015,Physical,Adult,2025-12-01/P1M,1264,,,
E06000015,Physical,Adult,2026-01-01/P1M,1591,,,
E06000015,Physical,Adult,2026-02-01/P1M,1617,,,
E06000015,Physical,Adult,2026-03-01/P1M,1757,,,
E06000015,Digital,Unknown,2025-04-01/P1Y,0,,,
E06000015,Digital,Under 12,2025-04-01/P1Y,0,,,
E06000015,Digital,12-17,2025-04-01/P1Y,0,,,
E06000015,Digital,Adult,2025-04-01/P1Y,0,,,
E10000007,Physical,Under 12,2025-04-01/P1M,1341,,,
E10000007,Physical,Under 12,2025-05-01/P1M,1896,,,
E10000007,Physical,Under 12,2025-06-01/P1M,1919,,,
E10000007,Physical,Under 12,2025-07-01/P1M,2463,,,
E10000007,Physical,Under 12,2025-08-01/P1M,2622,,,
E10000007,Physical,Under 12,2025-09-01/P1M,1455,,,
E10000007,Physical,Under 12,2025-10-01/P1M,3364,,,
E10000007,Physical,Under 12,2025-11-01/P1M,1921,,,
E10000007,Physical,Under 12,2025-12-01/P1M,1073,,,
E10000007,Physical,Under 12,2026-01-01/P1M,934,,,
E10000007,Physical,Under 12,2026-02-01/P1M,1447,,,
E10000007,Physical,Under 12,2026-03-01/P1M,1983,,,
E10000007,Physical,12-17,2025-04-01/P1Y,0,,,
E10000007,Physical,Adult,2025-04-01/P1M,1629,,,
E10000007,Physical,Adult,2025-05-01/P1M,1971,,,
E10000007,Physical,Adult,2025-06-01/P1M,1533,,,
E10000007,Physical,Adult,2025-07-01/P1M,2158,,,
E10000007,Physical,Adult,2025-08-01/P1M,2220,,,
E10000007,Physical,Adult,2025-09-01/P1M,2117,,,
E10000007,Physical,Adult,2025-10-01/P1M,2088,,,
E10000007,Physical,Adult,2025-11-01/P1M,1929,,,
E10000007,Physical,Adult,2025-12-01/P1M,1508,,,
E10000007,Physical,Adult,2026-01-01/P1M,1519,,,
E10000007,Physical,Adult,2026-02-01/P1M,1623,,,
E10000007,Physical,Adult,2026-03-01/P1M,1538,,,
E10000007,Digital,Unknown,2025-04-01/P1Y,0,,,
E10000007,Digital,Under 12,2025-04-01/P1Y,0,,,
E10000007,Digital,12-17,2025-04-01/P1Y,0,,,
E10000007,Digital,Adult,2025-04-01/P1Y,0,,,
E10000008,Physical,Under 12,2025-04-01/P1Y,0,,,
E10000008,Physical,12-17,2025-04-01/P1Y,0,,,
E10000008,Physical,Adult,2025-04-01/P1M,8141,,,
E10000008,Physical,Adult,2025-05-01/P1M,8286,,,
E10000008,Physical,Adult,2025-06-01/P1M,8190,,,
E10000008,Physical,Adult,2025-07-01/P1M,9397,,,
E10000008,Physical,Adult,2025-08-01/P1M,6963,,,
E10000008,Physical,Adult,2025-09-01/P1M,8355,,,
E10000008,Physical,Adult,2025-10-01/P1M,10036,,,
E10000008,Physical,Adult,2025-11-01/P1M,8909,,,
E10000008,Physical,Adult,2025-12-01/P1M,7610,,,
E10000008,Physical,Adult,2026-01-01/P1M,9383,,,
E10000008,Physical,Adult,2026-02-01/P1M,10382,,,
E10000008,Physical,Adult,2026-03-01/P1M,8884,,,
E10000008,Digital,Unknown,2025-04-01/P1Y,0,,,
E10000008,Digital,Under 12,2025-04-01/P1Y,0,,,
E10000008,Digital,12-17,2025-04-01/P1Y,0,,,
E10000008,Digital,Adult,2025-04-01/P1Y,0,,,
E08000017,Physical,Unknown,2025-04-01/P1Y,0,,,
E08000017,Physical,Under 12,2025-04-01/P1Y,0,,,
E08000017,Physical,12-17,2025-04-01/P1Y,0,,,
E08000017,Physical,Adult,2025-04-01/P1Y,0,,,
E08000017,Digital,Unknown,2025-04-01/P1Y,0,,,
E08000017,Digital,Under 12,2025-04-01/P1Y,0,,,
E08000017,Digital,12-17,2025-04-01/P1Y,0,,,
E08000017,Digital,Adult,2025-04-01/P1Y,0,,,
E06000059,Physical,Unknown,2025-04-01/P1M,6655,,,
E06000059,Physical,Unknown,2025-05-01/P1M,7272,,,
E06000059,Physical,Unknown,2025-06-01/P1M,8127,,,
E06000059,Physical,Unknown,2025-07-01/P1M,18375,,,
E06000059,Physical,Unknown,2025-08-01/P1M,8648,,,
E06000059,Physical,Unknown,2025-09-01/P1M,6626,,,
E06000059,Physical,Unknown,2025-10-01/P1M,8799,,,
E06000059,Physical,Unknown,2025-11-01/P1M,7132,,,
E06000059,Physical,Unknown,2025-12-01/P1M,6350,,,
E06000059,Physical,Unknown,2026-01-01/P1M,7079,,,
E06000059,Physical,Unknown,2026-02-01/P1M,8183,,,
E06000059,Physical,Unknown,2026-03-01/P1M,9736,,,
E06000059,Physical,Under 12,2025-04-01/P1Y,0,,,
E06000059,Physical,12-17,2025-04-01/P1Y,0,,,
E06000059,Physical,Adult,2025-04-01/P1Y,0,,,
E06000059,Digital,Unknown,2025-04-01/P1M,4,,,
E06000059,Digital,Unknown,2025-05-01/P1M,61,,,
E06000059,Digital,Unknown,2025-06-01/P1M,86,,,
E06000059,Digital,Unknown,2025-07-01/P1M,5035,,,
E06000059,Digital,Unknown,2025-08-01/P1M,14,,,
E06000059,Digital,Unknown,2025-09-01/P1M,3,,,
E06000059,Digital,Unknown,2025-10-01/P1M,28,,,
E06000059,Digital,Unknown,2025-11-01/P1M,689,,,
E06000059,Digital,Unknown,2025-12-01/P1M,12,,,
E06000059,Digital,Unknown,2026-01-01/P1M,12,,,
E06000059,Digital,Unknown,2026-02-01/P1M,23,,,
E06000059,Digital,Unknown,2026-03-01/P1M,2549,,,
E06000059,Digital,Under 12,2025-04-01/P1Y,0,,,
E06000059,Digital,12-17,2025-04-01/P1Y,0,,,
E06000059,Digital,Adult,2025-04-01/P1Y,0,,,
E08000027,Physical,Under 12,2025-04-01/P1M,4925,,,
E08000027,Physical,Under 12,2025-05-01/P1M,4189,,,
E08000027,Physical,Under 12,2025-06-01/P1M,3181,,,
E08000027,Physical,Under 12,2025-07-01/P1M,4739,,,
E08000027,Physical,Under 12,2025-08-01/P1M,4882,,,
E08000027,Physical,Under 12,2025-09-01/P1M,2715,,,
E08000027,Physical,Under 12,2025-10-01/P1M,4259,,,
E08000027,Physical,Under 12,2025-11-01/P1M,3353,,,
E08000027,Physical,Under 12,2025-12-01/P1M,2480,,,
E08000027,Physical,Under 12,2026-01-01/P1M,2934,,,
E08000027,Physical,Under 12,2026-02-01/P1M,3717,,,
E08000027,Physical,Under 12,2026-03-01/P1M,4537,,,
E08000027,Physical,12-17,2025-04-01/P1M,174,,,
E08000027,Physical,12-17,2025-05-01/P1M,131,,,
E08000027,Physical,12-17,2025-06-01/P1M,104,,,
E08000027,Physical,12-17,2025-07-01/P1M,98,,,
E08000027,Physical,12-17,2025-08-01/P1M,62,,,
E08000027,Physical,12-17,2025-09-01/P1M,303,,,
E08000027,Physical,12-17,2025-10-01/P1M,104,,,
E08000027,Physical,12-17,2025-11-01/P1M,224,,,
E08000027,Physical,12-17,2025-12-01/P1M,88,,,
E08000027,Physical,12-17,2026-01-01/P1M,84,,,
E08000027,Physical,12-17,2026-02-01/P1M,46,,,
E08000027,Physical,12-17,2026-03-01/P1M,53,,,
E08000027,Physical,Adult,2025-04-01/P1M,5871,,,
E08000027,Physical,Adult,2025-05-01/P1M,6107,,,
E08000027,Physical,Adult,2025-06-01/P1M,5520,,,
E08000027,Physical,Adult,2025-07-01/P1M,6705,,,
E08000027,Physical,Adult,2025-08-01/P1M,5558,,,
E08000027,Physical,Adult,2025-09-01/P1M,5505,,,
E08000027,Physical,Adult,2025-10-01/P1M,7176,,,
E08000027,Physical,Adult,2025-11-01/P1M,6692,,,
E08000027,Physical,Adult,2025-12-01/P1M,4128,,,
E08000027,Physical,Adult,2026-01-01/P1M,5602,,,
E08000027,Physical,Adult,2026-02-01/P1M,6019,,,
E08000027,Physical,Adult,2026-03-01/P1M,6723,,,
E08000027,Digital,Unknown,2025-04-01/P1Y,0,,,
E08000027,Digital,Under 12,2025-04-01/P1Y,0,,,
E08000027,Digital,12-17,2025-04-01/P1Y,0,,,
E08000027,Digital,Adult,2025-04-01/P1Y,0,,,
E10000011,Physical,Unknown,2025-04-01/P1M,6088,,,
E10000011,Physical,Unknown,2025-05-01/P1M,5277,,,
E10000011,Physical,Unknown,2025-06-01/P1M,15458,,,
E10000011,Physical,Unknown,2025-07-01/P1M,24299,,,
E10000011,Physical,Unknown,2025-08-01/P1M,5296,,,
E10000011,Physical,Unknown,2025-09-01/P1M,5864,,,
E10000011,Physical,Unknown,2025-10-01/P1M,5597,,,
E10000011,Physical,Unknown,2025-11-01/P1M,6426,,,
E10000011,Physical,Unknown,2025-12-01/P1M,4281,,,
E10000011,Physical,Unknown,2026-01-01/P1M,3926,,,
E10000011,Physical,Unknown,2026-02-01/P1M,7150,,,
E10000011,Physical,Unknown,2026-03-01/P1M,8411,,,
E10000011,Physical,Under 12,2025-04-01/P1Y,0,,,
E10000011,Physical,12-17,2025-04-01/P1Y,0,,,
E10000011,Physical,Adult,2025-04-01/P1Y,0,,,
E10000011,Digital,Unknown,2025-04-01/P1M,0,,,
E10000011,Digital,Unknown,2025-05-01/P1M,11,,,
E10000011,Digital,Unknown,2025-06-01/P1M,62,,,
E10000011,Digital,Unknown,2025-07-01/P1M,0,,,
E10000011,Digital,Unknown,2025-08-01/P1M,0,,,
E10000011,Digital,Unknown,2025-09-01/P1M,0,,,
E10000011,Digital,Unknown,2025-10-01/P1M,0,,,
E10000011,Digital,Unknown,2025-11-01/P1M,57,,,
E10000011,Digital,Unknown,2025-12-01/P1M,0,,,
E10000011,Digital,Unknown,2026-01-01/P1M,89,,,
E10000011,Digital,Unknown,2026-02-01/P1M,66,,,
E10000011,Digital,Unknown,2026-03-01/P1M,55,,,
E10000011,Digital,Under 12,2025-04-01/P1Y,0,,,
E10000011,Digital,12-17,2025-04-01/P1Y,0,,,
E10000011,Digital,Adult,2025-04-01/P1Y,0,,,
E08000037,Physical,Under 12,2025-04-01/P1M,1306,,,
E08000037,Physical,Under 12,2025-05-01/P1M,912,,,
E08000037,Physical,Under 12,2025-06-01/P1M,1518,,,
E08000037,Physical,Under 12,2025-07-01/P1M,961,,,
E08000037,Physical,Under 12,2025-08-01/P1M,754,,,
E08000037,Physical,Under 12,2025-09-01/P1M,688,,,
E08000037,Physical,Under 12,2025-10-01/P1M,1233,,,
E08000037,Physical,Under 12,2025-11-01/P1M,2935,,,
E08000037,Physical,Under 12,2025-12-01/P1M,1109,,,
E08000037,Physical,Under 12,2026-01-01/P1M,1364,,,
E08000037,Physical,Under 12,2026-02-01/P1M,2125,,,
E08000037,Physical,Under 12,2026-03-01/P1M,1906,,,
E08000037,Physical,12-17,2025-04-01/P1M,45,,,
E08000037,Physical,12-17,2025-05-01/P1M,48,,,
E08000037,Physical,12-17,2025-06-01/P1M,237,,,
E08000037,Physical,12-17,2025-07-01/P1M,81,,,
E08000037,Physical,12-17,2025-08-01/P1M,180,,,
E08000037,Physical,12-17,2025-09-01/P1M,80,,,
E08000037,Physical,12-17,2025-10-01/P1M,178,,,
E08000037,Physical,12-17,2025-11-01/P1M,985,,,
E08000037,Physical,12-17,2025-12-01/P1M,84,,,
E08000037,Physical,12-17,2026-01-01/P1M,77,,,
E08000037,Physical,12-17,2026-02-01/P1M,198,,,
E08000037,Physical,12-17,2026-03-01/P1M,97,,,
E08000037,Physical,Adult,2025-04-01/P1M,963,,,
E08000037,Physical,Adult,2025-05-01/P1M,951,,,
E08000037,Physical,Adult,2025-06-01/P1M,1359,,,
E08000037,Physical,Adult,2025-07-01/P1M,940,,,
E08000037,Physical,Adult,2025-08-01/P1M,700,,,
E08000037,Physical,Adult,2025-09-01/P1M,926,,,
E08000037,Physical,Adult,2025-10-01/P1M,1226,,,
E08000037,Physical,Adult,2025-11-01/P1M,1242,,,
E08000037,Physical,Adult,2025-12-01/P1M,1051,,,
E08000037,Physical,Adult,2026-01-01/P1M,972,,,
E08000037,Physical,Adult,2026-02-01/P1M,1587,,,
E08000037,Physical,Adult,2026-03-01/P1M,1497,,,
E08000037,Digital,Unknown,2025-04-01/P1Y,0,,,
E08000037,Digital,Under 12,2025-04-01/P1Y,0,,,
E08000037,Digital,12-17,2025-04-01/P1Y,0,,,
E08000037,Digital,Adult,2025-04-01/P1Y,0,,,
E10000013,Physical,Under 12,2025-04-01/P1M,2625,,,
E10000013,Physical,Under 12,2025-05-01/P1M,2725,,,
E10000013,Physical,Under 12,2025-06-01/P1M,2480,,,
E10000013,Physical,Under 12,2025-07-01/P1M,3421,,,
E10000013,Physical,Under 12,2025-08-01/P1M,3313,,,
E10000013,Physical,Under 12,2025-09-01/P1M,2691,,,
E10000013,Physical,Under 12,2025-10-01/P1M,3060,,,
E10000013,Physical,Under 12,2025-11-01/P1M,2331,,,
E10000013,Physical,Under 12,2025-12-01/P1M,2010,,,
E10000013,Physical,Under 12,2026-01-01/P1M,2536,,,
E10000013,Physical,Under 12,2026-02-01/P1M,2684,,,
E10000013,Physical,Under 12,2026-03-01/P1M,2623,,,
E10000013,Physical,12-17,2025-04-01/P1Y,0,,,
E10000013,Physical,Adult,2025-04-01/P1M,1031,,,
E10000013,Physical,Adult,2025-05-01/P1M,1096,,,
E10000013,Physical,Adult,2025-06-01/P1M,1268,,,
E10000013,Physical,Adult,2025-07-01/P1M,1175,,,
E10000013,Physical,Adult,2025-08-01/P1M,948,,,
E10000013,Physical,Adult,2025-09-01/P1M,1247,,,
E10000013,Physical,Adult,2025-10-01/P1M,1121,,,
E10000013,Physical,Adult,2025-11-01/P1M,1080,,,
E10000013,Physical,Adult,2025-12-01/P1M,756,,,
E10000013,Physical,Adult,2026-01-01/P1M,1121,,,
E10000013,Physical,Adult,2026-02-01/P1M,1174,,,
E10000013,Physical,Adult,2026-03-01/P1M,1171,,,
E10000013,Digital,Unknown,2025-04-01/P1Y,0,,,
E10000013,Digital,Under 12,2025-04-01/P1Y,0,,,
E10000013,Digital,12-17,2025-04-01/P1Y,0,,,
E10000013,Digital,Adult,2025-04-01/P1Y,0,,,
E09000011,Physical,Under 12,2025-04-01/P1M,8655,,,
E09000011,Physical,Under 12,2025-05-01/P1M,8655,,,
E09000011,Physical,Under 12,2025-06-01/P1M,8655,,,
E09000011,Physical,Under 12,2025-07-01/P1M,8655,,,
E09000011,Physical,Under 12,2025-08-01/P1M,8655,,,
E09000011,Physical,Under 12,2025-09-01/P1M,8655,,,
E09000011,Physical,Under 12,2025-10-01/P1M,9110,,,
E09000011,Physical,Under 12,2025-11-01/P1M,9110,,,
E09000011,Physical,Under 12,2025-12-01/P1M,7744,,,
E09000011,Physical,Under 12,2026-01-01/P1M,9566,,,
E09000011,Physical,Under 12,2026-02-01/P1M,10431,,,
E09000011,Physical,Under 12,2026-03-01/P1M,11534,,,
E09000011,Physical,12-17,2025-04-01/P1M,326,,,
E09000011,Physical,12-17,2025-05-01/P1M,326,,,
E09000011,Physical,12-17,2025-06-01/P1M,326,,,
E09000011,Physical,12-17,2025-07-01/P1M,326,,,
E09000011,Physical,12-17,2025-08-01/P1M,326,,,
E09000011,Physical,12-17,2025-09-01/P1M,326,,,
E09000011,Physical,12-17,2025-10-01/P1M,343,,,
E09000011,Physical,12-17,2025-11-01/P1M,343,,,
E09000011,Physical,12-17,2025-12-01/P1M,291,,,
E09000011,Physical,12-17,2026-01-01/P1M,360,,,
E09000011,Physical,12-17,2026-02-01/P1M,393,,,
E09000011,Physical,12-17,2026-03-01/P1M,434,,,
E09000011,Physical,Adult,2025-04-01/P1M,5270,,,
E09000011,Physical,Adult,2025-05-01/P1M,5270,,,
E09000011,Physical,Adult,2025-06-01/P1M,5270,,,
E09000011,Physical,Adult,2025-07-01/P1M,5270,,,
E09000011,Physical,Adult,2025-08-01/P1M,5270,,,
E09000011,Physical,Adult,2025-09-01/P1M,5270,,,
E09000011,Physical,Adult,2025-10-01/P1M,5547,,,
E09000011,Physical,Adult,2025-11-01/P1M,5547,,,
E09000011,Physical,Adult,2025-12-01/P1M,4715,,,
E09000011,Physical,Adult,2026-01-01/P1M,5824,,,
E09000011,Physical,Adult,2026-02-01/P1M,6351,,,
E09000011,Physical,Adult,2026-03-01/P1M,7022,,,
E09000011,Digital,Under 12,2025-04-01/P1M,45,,,
E09000011,Digital,Under 12,2025-05-01/P1M,45,,,
E09000011,Digital,Under 12,2025-06-01/P1M,45,,,
E09000011,Digital,Under 12,2025-07-01/P1M,45,,,
E09000011,Digital,Under 12,2025-08-01/P1M,45,,,
E09000011,Digital,Under 12,2025-09-01/P1M,45,,,
E09000011,Digital,Under 12,2025-10-01/P1M,45,,,
E09000011,Digital,Under 12,2025-11-01/P1M,45,,,
E09000011,Digital,Under 12,2025-12-01/P1M,45,,,
E09000011,Digital,Under 12,2026-01-01/P1M,45,,,
E09000011,Digital,Under 12,2026-02-01/P1M,45,,,
E09000011,Digital,Under 12,2026-03-01/P1M,45,,,
E09000011,Digital,12-17,2025-04-01/P1Y,0,,,
E09000011,Digital,Adult,2025-04-01/P1M,30,,,
E09000011,Digital,Adult,2025-05-01/P1M,30,,,
E09000011,Digital,Adult,2025-06-01/P1M,30,,,
E09000011,Digital,Adult,2025-07-01/P1M,30,,,
E09000011,Digital,Adult,2025-08-01/P1M,30,,,
E09000011,Digital,Adult,2025-09-01/P1M,30,,,
E09000011,Digital,Adult,2025-10-01/P1M,30,,,
E09000011,Digital,Adult,2025-11-01/P1M,30,,,
E09000011,Digital,Adult,2025-12-01/P1M,30,,,
E09000011,Digital,Adult,2026-01-01/P1M,30,,,
E09000011,Digital,Adult,2026-02-01/P1M,30,,,
E09000011,Digital,Adult,2026-03-01/P1M,30,,,
E06000006,Physical,Under 12,2025-04-01/P1M,1418,,,
E06000006,Physical,Under 12,2025-05-01/P1M,1035,,,
E06000006,Physical,Under 12,2025-06-01/P1M,594,,,
E06000006,Physical,Under 12,2025-07-01/P1M,1904,,,
E06000006,Physical,Under 12,2025-08-01/P1M,1378,,,
E06000006,Physical,Under 12,2025-09-01/P1M,682,,,
E06000006,Physical,Under 12,2025-10-01/P1M,1257,,,
E06000006,Physical,Under 12,2025-11-01/P1M,1052,,,
E06000006,Physical,Under 12,2025-12-01/P1M,1362,,,
E06000006,Physical,Under 12,2026-01-01/P1M,710,,,
E06000006,Physical,Under 12,2026-02-01/P1M,1075,,,
E06000006,Physical,Under 12,2026-03-01/P1M,1257,,,
E06000006,Physical,12-17,2025-04-01/P1M,67,,,
E06000006,Physical,12-17,2025-05-01/P1M,50,,,
E06000006,Physical,12-17,2025-06-01/P1M,52,,,
E06000006,Physical,12-17,2025-07-01/P1M,60,,,
E06000006,Physical,12-17,2025-08-01/P1M,42,,,
E06000006,Physical,12-17,2025-09-01/P1M,29,,,
E06000006,Physical,12-17,2025-10-01/P1M,38,,,
E06000006,Physical,12-17,2025-11-01/P1M,39,,,
E06000006,Physical,12-17,2025-12-01/P1M,21,,,
E06000006,Physical,12-17,2026-01-01/P1M,28,,,
E06000006,Physical,12-17,2026-02-01/P1M,33,,,
E06000006,Physical,12-17,2026-03-01/P1M,14,,,
E06000006,Physical,Adult,2025-04-01/P1M,1420,,,
E06000006,Physical,Adult,2025-05-01/P1M,1117,,,
E06000006,Physical,Adult,2025-06-01/P1M,1005,,,
E06000006,Physical,Adult,2025-07-01/P1M,1587,,,
E06000006,Physical,Adult,2025-08-01/P1M,1410,,,
E06000006,Physical,Adult,2025-09-01/P1M,1114,,,
E06000006,Physical,Adult,2025-10-01/P1M,1393,,,
E06000006,Physical,Adult,2025-11-01/P1M,1589,,,
E06000006,Physical,Adult,2025-12-01/P1M,889,,,
E06000006,Physical,Adult,2026-01-01/P1M,1650,,,
E06000006,Physical,Adult,2026-02-01/P1M,1427,,,
E06000006,Physical,Adult,2026-03-01/P1M,1266,,,
E06000006,Digital,Under 12,2025-04-01/P1Y,0,,,
E06000006,Digital,12-17,2025-04-01/P1Y,0,,,
E06000006,Digital,Adult,2025-04-01/P1M,7,,,
E06000006,Digital,Adult,2025-05-01/P1M,8,,,
E06000006,Digital,Adult,2025-06-01/P1M,4,,,
E06000006,Digital,Adult,2025-07-01/P1M,5,,,
E06000006,Digital,Adult,2025-08-01/P1M,8,,,
E06000006,Digital,Adult,2025-09-01/P1M,4,,,
E06000006,Digital,Adult,2025-10-01/P1M,11,,,
E06000006,Digital,Adult,2025-11-01/P1M,10,,,
E06000006,Digital,Adult,2025-12-01/P1M,3,,,
E06000006,Digital,Adult,2026-01-01/P1M,5,,,
E06000006,Digital,Adult,2026-02-01/P1M,2,,,
E06000006,Digital,Adult,2026-03-01/P1M,8,,,
E09000013,Physical,Under 12,2025-04-01/P1M,1387,,,
E09000013,Physical,Under 12,2025-05-01/P1M,1899,,,
E09000013,Physical,Under 12,2025-06-01/P1M,1927,,,
E09000013,Physical,Under 12,2025-07-01/P1M,2440,,,
E09000013,Physical,Under 12,2025-08-01/P1M,775,,,
E09000013,Physical,Under 12,2025-09-01/P1M,2050,,,
E09000013,Physical,Under 12,2025-10-01/P1M,2166,,,
E09000013,Physical,Under 12,2025-11-01/P1M,1836,,,
E09000013,Physical,Under 12,2025-12-01/P1M,1160,,,
E09000013,Physical,Under 12,2026-01-01/P1M,1652,,,
E09000013,Physical,Under 12,2026-02-01/P1M,1687,,,
E09000013,Physical,Under 12,2026-03-01/P1M,2073,,,
E09000013,Physical,12-17,2025-04-01/P1Y,0,,,
E09000013,Physical,Adult,2025-04-01/P1M,1673,,,
E09000013,Physical,Adult,2025-05-01/P1M,1999,,,
E09000013,Physical,Adult,2025-06-01/P1M,1926,,,
E09000013,Physical,Adult,2025-07-01/P1M,5698,,,
E09000013,Physical,Adult,2025-08-01/P1M,1099,,,
E09000013,Physical,Adult,2025-09-01/P1M,1832,,,
E09000013,Physical,Adult,2025-10-01/P1M,1824,,,
E09000013,Physical,Adult,2025-11-01/P1M,2482,,,
E09000013,Physical,Adult,2025-12-01/P1M,1188,,,
E09000013,Physical,Adult,2026-01-01/P1M,1800,,,
E09000013,Physical,Adult,2026-02-01/P1M,1809,,,
E09000013,Physical,Adult,2026-03-01/P1M,1863,,,
E09000013,Digital,Unknown,2025-04-01/P1Y,0,,,
E09000013,Digital,Under 12,2025-04-01/P1Y,0,,,
E09000013,Digital,12-17,2025-04-01/P1Y,0,,,
E09000013,Digital,Adult,2025-04-01/P1Y,0,,,
E06000001,Physical,Under 12,2025-04-01/P1M,1953,,,
E06000001,Physical,Under 12,2025-05-01/P1M,885,,,
E06000001,Physical,Under 12,2025-06-01/P1M,987,,,
E06000001,Physical,Under 12,2025-07-01/P1M,1251,,,
E06000001,Physical,Under 12,2025-08-01/P1M,1143,,,
E06000001,Physical,Under 12,2025-09-01/P1M,1707,,,
E06000001,Physical,Under 12,2025-10-01/P1M,1883,,,
E06000001,Physical,Under 12,2025-11-01/P1M,641,,,
E06000001,Physical,Under 12,2025-12-01/P1M,607,,,
E06000001,Physical,Under 12,2026-01-01/P1M,774,,,
E06000001,Physical,Under 12,2026-02-01/P1M,1007,,,
E06000001,Physical,Under 12,2026-03-01/P1M,1042,,,
E06000001,Physical,12-17,2025-04-01/P1M,109,,,
E06000001,Physical,12-17,2025-05-01/P1M,105,,,
E06000001,Physical,12-17,2025-06-01/P1M,99,,,
E06000001,Physical,12-17,2025-07-01/P1M,94,,,
E06000001,Physical,12-17,2025-08-01/P1M,59,,,
E06000001,Physical,12-17,2025-09-01/P1M,86,,,
E06000001,Physical,12-17,2025-10-01/P1M,61,,,
E06000001,Physical,12-17,2025-11-01/P1M,96,,,
E06000001,Physical,12-17,2025-12-01/P1M,52,,,
E06000001,Physical,12-17,2026-01-01/P1M,59,,,
E06000001,Physical,12-17,2026-02-01/P1M,64,,,
E06000001,Physical,12-17,2026-03-01/P1M,95,,,
E06000001,Physical,Adult,2025-04-01/P1M,795,,,
E06000001,Physical,Adult,2025-05-01/P1M,989,,,
E06000001,Physical,Adult,2025-06-01/P1M,882,,,
E06000001,Physical,Adult,2025-07-01/P1M,645,,,
E06000001,Physical,Adult,2025-08-01/P1M,764,,,
E06000001,Physical,Adult,2025-09-01/P1M,1070,,,
E06000001,Physical,Adult,2025-10-01/P1M,1017,,,
E06000001,Physical,Adult,2025-11-01/P1M,813,,,
E06000001,Physical,Adult,2025-12-01/P1M,449,,,
E06000001,Physical,Adult,2026-01-01/P1M,760,,,
E06000001,Physical,Adult,2026-02-01/P1M,751,,,
E06000001,Physical,Adult,2026-03-01/P1M,894,,,
E06000001,Digital,Unknown,2025-04-01/P1Y,0,,,
E06000001,Digital,Under 12,2025-04-01/P1Y,0,,,
E06000001,Digital,12-17,2025-04-01/P1Y,0,,,
E06000001,Digital,Adult,2025-04-01/P1Y,0,,,
E06000019,Physical,Under 12,2025-04-01/P1M,210,,,
E06000019,Physical,Under 12,2025-05-01/P1M,212,,,
E06000019,Physical,Under 12,2025-06-01/P1M,263,,,
E06000019,Physical,Under 12,2025-07-01/P1M,563,,,
E06000019,Physical,Under 12,2025-08-01/P1M,255,,,
E06000019,Physical,Under 12,2025-09-01/P1M,183,,,
E06000019,Physical,Under 12,2025-10-01/P1M,378,,,
E06000019,Physical,Under 12,2025-11-01/P1M,308,,,
E06000019,Physical,Under 12,2025-12-01/P1M,201,,,
E06000019,Physical,Under 12,2026-01-01/P1M,311,,,
E06000019,Physical,Under 12,2026-02-01/P1M,723,,,
E06000019,Physical,Under 12,2026-03-01/P1M,719,,,
E06000019,Physical,12-17,2025-04-01/P1Y,0,,,
E06000019,Physical,Adult,2025-04-01/P1M,206,,,
E06000019,Physical,Adult,2025-05-01/P1M,352,,,
E06000019,Physical,Adult,2025-06-01/P1M,503,,,
E06000019,Physical,Adult,2025-07-01/P1M,643,,,
E06000019,Physical,Adult,2025-08-01/P1M,452,,,
E06000019,Physical,Adult,2025-09-01/P1M,638,,,
E06000019,Physical,Adult,2025-10-01/P1M,596,,,
E06000019,Physical,Adult,2025-11-01/P1M,710,,,
E06000019,Physical,Adult,2025-12-01/P1M,581,,,
E06000019,Physical,Adult,2026-01-01/P1M,975,,,
E06000019,Physical,Adult,2026-02-01/P1M,1208,,,
E06000019,Physical,Adult,2026-03-01/P1M,1004,,,
E06000019,Digital,Unknown,2025-04-01/P1Y,0,,,
E06000019,Digital,Under 12,2025-04-01/P1Y,0,,,
E06000019,Digital,12-17,2025-04-01/P1Y,0,,,
E06000019,Digital,Adult,2025-04-01/P1Y,0,,,
E10000015,Physical,Unknown,2025-04-01/P1M,16767,,,
E10000015,Physical,Unknown,2025-05-01/P1M,17532,,,
E10000015,Physical,Unknown,2025-06-01/P1M,20491,,,
E10000015,Physical,Unknown,2025-07-01/P1M,19294,,,
E10000015,Physical,Unknown,2025-08-01/P1M,15976,,,
E10000015,Physical,Unknown,2025-09-01/P1M,18301,,,
E10000015,Physical,Unknown,2025-10-01/P1M,27900,,,
E10000015,Physical,Unknown,2025-11-01/P1M,20764,,,
E10000015,Physical,Unknown,2025-12-01/P1M,16240,,,
E10000015,Physical,Unknown,2026-01-01/P1M,16648,,,
E10000015,Physical,Unknown,2026-02-01/P1M,19155,,,
E10000015,Physical,Unknown,2026-03-01/P1M,20625,,,
E10000015,Physical,Under 12,2025-04-01/P1Y,0,,,
E10000015,Physical,12-17,2025-04-01/P1Y,0,,,
E10000015,Physical,Adult,2025-04-01/P1Y,0,,,
E10000015,Digital,Unknown,2025-04-01/P1M,0,,,
E10000015,Digital,Unknown,2025-05-01/P1M,0,,,
E10000015,Digital,Unknown,2025-06-01/P1M,1426,,,
E10000015,Digital,Unknown,2025-07-01/P1M,0,,,
E10000015,Digital,Unknown,2025-08-01/P1M,0,,,
E10000015,Digital,Unknown,2025-09-01/P1M,0,,,
E10000015,Digital,Unknown,2025-10-01/P1M,6758,,,
E10000015,Digital,Unknown,2025-11-01/P1M,0,,,
E10000015,Digital,Unknown,2025-12-01/P1M,0,,,
E10000015,Digital,Unknown,2026-01-01/P1M,0,,,
E10000015,Digital,Unknown,2026-02-01/P1M,0,,,
E10000015,Digital,Unknown,2026-03-01/P1M,0,,,
E10000015,Digital,Under 12,2025-04-01/P1Y,0,,,
E10000015,Digital,12-17,2025-04-01/P1Y,0,,,
E10000015,Digital,Adult,2025-04-01/P1Y,0,,,
E09000017,Physical,Unknown,2025-04-01/P1M,6167,,,
E09000017,Physical,Unknown,2025-05-01/P1M,8418,,,
E09000017,Physical,Unknown,2025-06-01/P1M,11460,,,
E09000017,Physical,Unknown,2025-07-01/P1M,15171,,,
E09000017,Physical,Unknown,2025-08-01/P1M,7323,,,
E09000017,Physical,Unknown,2025-09-01/P1M,7785,,,
E09000017,Physical,Unknown,2025-10-01/P1M,8534,,,
E09000017,Physical,Unknown,2025-11-01/P1M,8331,,,
E09000017,Physical,Unknown,2025-12-01/P1M,6575,,,
E09000017,Physical,Unknown,2026-01-01/P1M,8174,,,
E09000017,Physical,Unknown,2026-02-01/P1M,8940,,,
E09000017,Physical,Unknown,2026-03-01/P1M,11147,,,
E09000017,Physical,Under 12,2025-04-01/P1Y,0,,,
E09000017,Physical,12-17,2025-04-01/P1Y,0,,,
E09000017,Physical,Adult,2025-04-01/P1Y,0,,,
E09000017,Digital,Unknown,2025-04-01/P1M,7,,,
E09000017,Digital,Unknown,2025-05-01/P1M,45,,,
E09000017,Digital,Unknown,2025-06-01/P1M,11,,,
E09000017,Digital,Unknown,2025-07-01/P1M,5550,,,
E09000017,Digital,Unknown,2025-08-01/P1M,0,,,
E09000017,Digital,Unknown,2025-09-01/P1M,0,,,
E09000017,Digital,Unknown,2025-10-01/P1M,8,,,
E09000017,Digital,Unknown,2025-11-01/P1M,35,,,
E09000017,Digital,Unknown,2025-12-01/P1M,26,,,
E09000017,Digital,Unknown,2026-01-01/P1M,9,,,
E09000017,Digital,Unknown,2026-02-01/P1M,22,,,
E09000017,Digital,Unknown,2026-03-01/P1M,15,,,
E09000017,Digital,Under 12,2025-04-01/P1Y,0,,,
E09000017,Digital,12-17,2025-04-01/P1Y,0,,,
E09000017,Digital,Adult,2025-04-01/P1Y,0,,,
E06000046,Physical,Under 12,2025-04-01/P1M,975,,,
E06000046,Physical,Under 12,2025-05-01/P1M,1023,,,
E06000046,Physical,Under 12,2025-06-01/P1M,897,,,
E06000046,Physical,Under 12,2025-07-01/P1M,1203,,,
E06000046,Physical,Under 12,2025-08-01/P1M,1611,,,
E06000046,Physical,Under 12,2025-09-01/P1M,1238,,,
E06000046,Physical,Under 12,2025-10-01/P1M,1582,,,
E06000046,Physical,Under 12,2025-11-01/P1M,1869,,,
E06000046,Physical,Under 12,2025-12-01/P1M,965,,,
E06000046,Physical,Under 12,2026-01-01/P1M,1310,,,
E06000046,Physical,Under 12,2026-02-01/P1M,1667,,,
E06000046,Physical,Under 12,2026-03-01/P1M,1368,,,
E06000046,Physical,12-17,2025-04-01/P1Y,0,,,
E06000046,Physical,Adult,2025-04-01/P1M,998,,,
E06000046,Physical,Adult,2025-05-01/P1M,978,,,
E06000046,Physical,Adult,2025-06-01/P1M,1241,,,
E06000046,Physical,Adult,2025-07-01/P1M,1172,,,
E06000046,Physical,Adult,2025-08-01/P1M,846,,,
E06000046,Physical,Adult,2025-09-01/P1M,1699,,,
E06000046,Physical,Adult,2025-10-01/P1M,1303,,,
E06000046,Physical,Adult,2025-11-01/P1M,1504,,,
E06000046,Physical,Adult,2025-12-01/P1M,1041,,,
E06000046,Physical,Adult,2026-01-01/P1M,1016,,,
E06000046,Physical,Adult,2026-02-01/P1M,1266,,,
E06000046,Physical,Adult,2026-03-01/P1M,1259,,,
E06000046,Digital,Unknown,2025-04-01/P1Y,0,,,
E06000046,Digital,Under 12,2025-04-01/P1Y,0,,,
E06000046,Digital,12-17,2025-04-01/P1Y,0,,,
E06000046,Digital,Adult,2025-04-01/P1Y,0,,,
E09000019,Physical,Under 12,2025-04-01/P1M,1994,,,
E09000019,Physical,Under 12,2025-05-01/P1M,1961,,,
E09000019,Physical,Under 12,2025-06-01/P1M,1787,,,
E09000019,Physical,Under 12,2025-07-01/P1M,2709,,,
E09000019,Physical,Under 12,2025-08-01/P1M,2663,,,
E09000019,Physical,Under 12,2025-09-01/P1M,2227,,,
E09000019,Physical,Under 12,2025-10-01/P1M,2897,,,
E09000019,Physical,Under 12,2025-11-01/P1M,2074,,,
E09000019,Physical,Under 12,2025-12-01/P1M,2299,,,
E09000019,Physical,Under 12,2026-01-01/P1M,2087,,,
E09000019,Physical,Under 12,2026-02-01/P1M,2395,,,
E09000019,Physical,Under 12,2026-03-01/P1M,2367,,,
E09000019,Physical,12-17,2025-04-01/P1Y,0,,,
E09000019,Physical,Adult,2025-04-01/P1M,2384,,,
E09000019,Physical,Adult,2025-05-01/P1M,2646,,,
E09000019,Physical,Adult,2025-06-01/P1M,2255,,,
E09000019,Physical,Adult,2025-07-01/P1M,3089,,,
E09000019,Physical,Adult,2025-08-01/P1M,3083,,,
E09000019,Physical,Adult,2025-09-01/P1M,2852,,,
E09000019,Physical,Adult,2025-10-01/P1M,3715,,,
E09000019,Physical,Adult,2025-11-01/P1M,2629,,,
E09000019,Physical,Adult,2025-12-01/P1M,2167,,,
E09000019,Physical,Adult,2026-01-01/P1M,2610,,,
E09000019,Physical,Adult,2026-02-01/P1M,2679,,,
E09000019,Physical,Adult,2026-03-01/P1M,2831,,,
E09000019,Digital,Unknown,2025-04-01/P1Y,0,,,
E09000019,Digital,Under 12,2025-04-01/P1Y,0,,,
E09000019,Digital,12-17,2025-04-01/P1Y,0,,,
E09000019,Digital,Adult,2025-04-01/P1Y,0,,,
E09000020,Physical,Unknown,2025-04-01/P1M,3708,,,
E09000020,Physical,Unknown,2025-05-01/P1M,5537,,,
E09000020,Physical,Unknown,2025-06-01/P1M,5846,,,
E09000020,Physical,Unknown,2025-07-01/P1M,4828,,,
E09000020,Physical,Unknown,2025-08-01/P1M,2131,,,
E09000020,Physical,Unknown,2025-09-01/P1M,6231,,,
E09000020,Physical,Unknown,2025-10-01/P1M,6999,,,
E09000020,Physical,Unknown,2025-11-01/P1M,6089,,,
E09000020,Physical,Unknown,2025-12-01/P1M,3893,,,
E09000020,Physical,Unknown,2026-01-01/P1M,5436,,,
E09000020,Physical,Unknown,2026-02-01/P1M,5802,,,
E09000020,Physical,Unknown,2026-03-01/P1M,7326,,,
E09000020,Physical,Under 12,2025-04-01/P1Y,0,,,
E09000020,Physical,12-17,2025-04-01/P1Y,0,,,
E09000020,Physical,Adult,2025-04-01/P1Y,0,,,
E09000020,Digital,Unknown,2025-04-01/P1Y,0,,,
E09000020,Digital,Under 12,2025-04-01/P1Y,0,,,
E09000020,Digital,12-17,2025-04-01/P1Y,0,,,
E09000020,Digital,Adult,2025-04-01/P1Y,0,,,
E10000016,Physical,Under 12,2025-04-01/P1M,6070,,,
E10000016,Physical,Under 12,2025-05-01/P1M,7898,,,
E10000016,Physical,Under 12,2025-06-01/P1M,10365,,,
E10000016,Physical,Under 12,2025-07-01/P1M,22114,,,
E10000016,Physical,Under 12,2025-08-01/P1M,6163,,,
E10000016,Physical,Under 12,2025-09-01/P1M,6297,,,
E10000016,Physical,Under 12,2025-10-01/P1M,7092,,,
E10000016,Physical,Under 12,2025-11-01/P1M,7487,,,
E10000016,Physical,Under 12,2025-12-01/P1M,4773,,,
E10000016,Physical,Under 12,2026-01-01/P1M,6976,,,
E10000016,Physical,Under 12,2026-02-01/P1M,7227,,,
E10000016,Physical,Under 12,2026-03-01/P1M,8158,,,
E10000016,Physical,12-17,2025-04-01/P1M,97,,,
E10000016,Physical,12-17,2025-05-01/P1M,182,,,
E10000016,Physical,12-17,2025-06-01/P1M,282,,,
E10000016,Physical,12-17,2025-07-01/P1M,61,,,
E10000016,Physical,12-17,2025-08-01/P1M,37,,,
E10000016,Physical,12-17,2025-09-01/P1M,72,,,
E10000016,Physical,12-17,2025-10-01/P1M,134,,,
E10000016,Physical,12-17,2025-11-01/P1M,94,,,
E10000016,Physical,12-17,2025-12-01/P1M,102,,,
E10000016,Physical,12-17,2026-01-01/P1M,182,,,
E10000016,Physical,12-17,2026-02-01/P1M,89,,,
E10000016,Physical,12-17,2026-03-01/P1M,266,,,
E10000016,Physical,Adult,2025-04-01/P1M,9754,,,
E10000016,Physical,Adult,2025-05-01/P1M,10042,,,
E10000016,Physical,Adult,2025-06-01/P1M,10896,,,
E10000016,Physical,Adult,2025-07-01/P1M,11522,,,
E10000016,Physical,Adult,2025-08-01/P1M,8581,,,
E10000016,Physical,Adult,2025-09-01/P1M,10290,,,
E10000016,Physical,Adult,2025-10-01/P1M,11177,,,
E10000016,Physical,Adult,2025-11-01/P1M,11017,,,
E10000016,Physical,Adult,2025-12-01/P1M,7801,,,
E10000016,Physical,Adult,2026-01-01/P1M,10010,,,
E10000016,Physical,Adult,2026-02-01/P1M,10322,,,
E10000016,Physical,Adult,2026-03-01/P1M,10589,,,
E10000016,Digital,Under 12,2025-04-01/P1Y,268,,,
E10000016,Digital,12-17,2025-04-01/P1Y,0,,,
E10000016,Digital,Adult,2025-04-01/P1Y,10,,,
E06000010,Physical,Under 12,2025-04-01/P1Y,0,,,
E06000010,Physical,12-17,2025-04-01/P1Y,0,,,
E06000010,Physical,Adult,2025-04-01/P1M,1752,,,
E06000010,Physical,Adult,2025-05-01/P1M,1534,,,
E06000010,Physical,Adult,2025-06-01/P1M,3717,,,
E06000010,Physical,Adult,2025-07-01/P1M,1862,,,
E06000010,Physical,Adult,2025-08-01/P1M,2705,,,
E06000010,Physical,Adult,2025-09-01/P1M,1347,,,
E06000010,Physical,Adult,2025-10-01/P1M,2004,,,
E06000010,Physical,Adult,2025-11-01/P1M,2076,,,
E06000010,Physical,Adult,2025-12-01/P1M,1209,,,
E06000010,Physical,Adult,2026-01-01/P1M,2160,,,
E06000010,Physical,Adult,2026-02-01/P1M,1971,,,
E06000010,Physical,Adult,2026-03-01/P1M,1950,,,
E06000010,Digital,Under 12,2025-04-01/P1Y,0,,,
E06000010,Digital,12-17,2025-04-01/P1Y,0,,,
E06000010,Digital,Adult,2025-04-01/P1M,13,,,
E06000010,Digital,Adult,2025-05-01/P1M,12,,,
E06000010,Digital,Adult,2025-06-01/P1M,22,,,
E06000010,Digital,Adult,2025-07-01/P1M,18,,,
E06000010,Digital,Adult,2025-08-01/P1M,12,,,
E06000010,Digital,Adult,2025-09-01/P1M,12,,,
E06000010,Digital,Adult,2025-10-01/P1M,15,,,
E06000010,Digital,Adult,2025-11-01/P1M,12,,,
E06000010,Digital,Adult,2025-12-01/P1M,13,,,
E06000010,Digital,Adult,2026-01-01/P1M,13,,,
E06000010,Digital,Adult,2026-02-01/P1M,12,,,
E06000010,Digital,Adult,2026-03-01/P1M,52,,,
E08000034,Physical,Under 12,2025-04-01/P1M,3350,,suspicious,"Source audit: total_attendees_physical_events: Annual: reported total 124,399; category sum 131,363; difference -6,964. Categories exceed total; check duplication, scope and reporting frequency. Event audiences may overlap. Values retained as reported pending source confirmation."
E08000034,Physical,Under 12,2025-05-01/P1M,3076,,suspicious,"Source audit: total_attendees_physical_events: Annual: reported total 124,399; category sum 131,363; difference -6,964. Categories exceed total; check duplication, scope and reporting frequency. Event audiences may overlap. Values retained as reported pending source confirmation."
E08000034,Physical,Under 12,2025-06-01/P1M,3275,,suspicious,"Source audit: total_attendees_physical_events: Annual: reported total 124,399; category sum 131,363; difference -6,964. Categories exceed total; check duplication, scope and reporting frequency. Event audiences may overlap. Values retained as reported pending source confirmation."
E08000034,Physical,Under 12,2025-07-01/P1M,3399,,suspicious,"Source audit: total_attendees_physical_events: Annual: reported total 124,399; category sum 131,363; difference -6,964. Categories exceed total; check duplication, scope and reporting frequency. Event audiences may overlap. Values retained as reported pending source confirmation."
E08000034,Physical,Under 12,2025-08-01/P1M,2871,,suspicious,"Source audit: total_attendees_physical_events: Annual: reported total 124,399; category sum 131,363; difference -6,964. Categories exceed total; check duplication, scope and reporting frequency. Event audiences may overlap. Values retained as reported pending source confirmation."
E08000034,Physical,Under 12,2025-09-01/P1M,3026,,suspicious,"Source audit: total_attendees_physical_events: Annual: reported total 124,399; category sum 131,363; difference -6,964. Categories exceed total; check duplication, scope and reporting frequency. Event audiences may overlap. Values retained as reported pending source confirmation."
E08000034,Physical,Under 12,2025-10-01/P1M,3637,,suspicious,"Source audit: total_attendees_physical_events: Annual: reported total 124,399; category sum 131,363; difference -6,964. Categories exceed total; check duplication, scope and reporting frequency. Event audiences may overlap. Values retained as reported pending source confirmation."
E08000034,Physical,Under 12,2025-11-01/P1M,3765,,suspicious,"Source audit: total_attendees_physical_events: Annual: reported total 124,399; category sum 131,363; difference -6,964. Categories exceed total; check duplication, scope and reporting frequency. Event audiences may overlap. Values retained as reported pending source confirmation."
E08000034,Physical,Under 12,2025-12-01/P1M,5961,,suspicious,"Source audit: total_attendees_physical_events: Annual: reported total 124,399; category sum 131,363; difference -6,964. Categories exceed total; check duplication, scope and reporting frequency. Event audiences may overlap. Values retained as reported pending source confirmation."
E08000034,Physical,Under 12,2026-01-01/P1M,3595,,suspicious,"Source audit: total_attendees_physical_events: Annual: reported total 124,399; category sum 131,363; difference -6,964. Categories exceed total; check duplication, scope and reporting frequency. Event audiences may overlap. Values retained as reported pending source confirmation."
E08000034,Physical,Under 12,2026-02-01/P1M,4047,,suspicious,"Source audit: total_attendees_physical_events: Annual: reported total 124,399; category sum 131,363; difference -6,964. Categories exceed total; check duplication, scope and reporting frequency. Event audiences may overlap. Values retained as reported pending source confirmation."
E08000034,Physical,Under 12,2026-03-01/P1M,4141,,suspicious,"Source audit: total_attendees_physical_events: Annual: reported total 124,399; category sum 131,363; difference -6,964. Categories exceed total; check duplication, scope and reporting frequency. Event audiences may overlap. Values retained as reported pending source confirmation."
E08000034,Physical,12-17,2025-04-01/P1Y,0,,suspicious,"Source audit: total_attendees_physical_events: Annual: reported total 124,399; category sum 131,363; difference -6,964. Categories exceed total; check duplication, scope and reporting frequency. Event audiences may overlap. Values retained as reported pending source confirmation."
E08000034,Physical,Adult,2025-04-01/P1M,6478,,suspicious,"Source audit: total_attendees_physical_events: Annual: reported total 124,399; category sum 131,363; difference -6,964. Categories exceed total; check duplication, scope and reporting frequency. Event audiences may overlap. Values retained as reported pending source confirmation."
E08000034,Physical,Adult,2025-05-01/P1M,6279,,suspicious,"Source audit: total_attendees_physical_events: Annual: reported total 124,399; category sum 131,363; difference -6,964. Categories exceed total; check duplication, scope and reporting frequency. Event audiences may overlap. Values retained as reported pending source confirmation."
E08000034,Physical,Adult,2025-06-01/P1M,7099,,suspicious,"Source audit: total_attendees_physical_events: Annual: reported total 124,399; category sum 131,363; difference -6,964. Categories exceed total; check duplication, scope and reporting frequency. Event audiences may overlap. Values retained as reported pending source confirmation."
E08000034,Physical,Adult,2025-07-01/P1M,7674,,suspicious,"Source audit: total_attendees_physical_events: Annual: reported total 124,399; category sum 131,363; difference -6,964. Categories exceed total; check duplication, scope and reporting frequency. Event audiences may overlap. Values retained as reported pending source confirmation."
E08000034,Physical,Adult,2025-08-01/P1M,5702,,suspicious,"Source audit: total_attendees_physical_events: Annual: reported total 124,399; category sum 131,363; difference -6,964. Categories exceed total; check duplication, scope and reporting frequency. Event audiences may overlap. Values retained as reported pending source confirmation."
E08000034,Physical,Adult,2025-09-01/P1M,7247,,suspicious,"Source audit: total_attendees_physical_events: Annual: reported total 124,399; category sum 131,363; difference -6,964. Categories exceed total; check duplication, scope and reporting frequency. Event audiences may overlap. Values retained as reported pending source confirmation."
E08000034,Physical,Adult,2025-10-01/P1M,7862,,suspicious,"Source audit: total_attendees_physical_events: Annual: reported total 124,399; category sum 131,363; difference -6,964. Categories exceed total; check duplication, scope and reporting frequency. Event audiences may overlap. Values retained as reported pending source confirmation."
E08000034,Physical,Adult,2025-11-01/P1M,7123,,suspicious,"Source audit: total_attendees_physical_events: Annual: reported total 124,399; category sum 131,363; difference -6,964. Categories exceed total; check duplication, scope and reporting frequency. Event audiences may overlap. Values retained as reported pending source confirmation."
E08000034,Physical,Adult,2025-12-01/P1M,5861,,suspicious,"Source audit: total_attendees_physical_events: Annual: reported total 124,399; category sum 131,363; difference -6,964. Categories exceed total; check duplication, scope and reporting frequency. Event audiences may overlap. Values retained as reported pending source confirmation."
E08000034,Physical,Adult,2026-01-01/P1M,6953,,suspicious,"Source audit: total_attendees_physical_events: Annual: reported total 124,399; category sum 131,363; difference -6,964. Categories exceed total; check duplication, scope and reporting frequency. Event audiences may overlap. Values retained as reported pending source confirmation."
E08000034,Physical,Adult,2026-02-01/P1M,7085,,suspicious,"Source audit: total_attendees_physical_events: Annual: reported total 124,399; category sum 131,363; difference -6,964. Categories exceed total; check duplication, scope and reporting frequency. Event audiences may overlap. Values retained as reported pending source confirmation."
E08000034,Physical,Adult,2026-03-01/P1M,11857,,suspicious,"Source audit: total_attendees_physical_events: Annual: reported total 124,399; category sum 131,363; difference -6,964. Categories exceed total; check duplication, scope and reporting frequency. Event audiences may overlap. Values retained as reported pending source confirmation."
E08000034,Digital,Unknown,2025-04-01/P1Y,0,,,
E08000034,Digital,Under 12,2025-04-01/P1Y,0,,,
E08000034,Digital,12-17,2025-04-01/P1Y,0,,,
E08000034,Digital,Adult,2025-04-01/P1Y,0,,,
E08000035,Physical,Under 12,2025-04-01/P1M,1885,,,
E08000035,Physical,Under 12,2025-05-01/P1M,1746,,,
E08000035,Physical,Under 12,2025-06-01/P1M,6874,,,
E08000035,Physical,Under 12,2025-07-01/P1M,7890,,,
E08000035,Physical,Under 12,2025-08-01/P1M,2414,,,
E08000035,Physical,Under 12,2025-09-01/P1M,2273,,,
E08000035,Physical,Under 12,2025-10-01/P1M,2241,,,
E08000035,Physical,Under 12,2025-11-01/P1M,2024,,,
E08000035,Physical,Under 12,2025-12-01/P1M,1663,,,
E08000035,Physical,Under 12,2026-01-01/P1M,2016,,,
E08000035,Physical,Under 12,2026-02-01/P1M,2402,,,
E08000035,Physical,Under 12,2026-03-01/P1M,3258,,,
E08000035,Physical,12-17,2025-04-01/P1Y,0,,,
E08000035,Physical,Adult,2025-04-01/P1M,1259,,,
E08000035,Physical,Adult,2025-05-01/P1M,1220,,,
E08000035,Physical,Adult,2025-06-01/P1M,1755,,,
E08000035,Physical,Adult,2025-07-01/P1M,2226,,,
E08000035,Physical,Adult,2025-08-01/P1M,1958,,,
E08000035,Physical,Adult,2025-09-01/P1M,1882,,,
E08000035,Physical,Adult,2025-10-01/P1M,1744,,,
E08000035,Physical,Adult,2025-11-01/P1M,1373,,,
E08000035,Physical,Adult,2025-12-01/P1M,1099,,,
E08000035,Physical,Adult,2026-01-01/P1M,1303,,,
E08000035,Physical,Adult,2026-02-01/P1M,1550,,,
E08000035,Physical,Adult,2026-03-01/P1M,1642,,,
E08000035,Digital,Unknown,2025-04-01/P1Y,0,,,
E08000035,Digital,Under 12,2025-04-01/P1Y,0,,,
E08000035,Digital,12-17,2025-04-01/P1Y,0,,,
E08000035,Digital,Adult,2025-04-01/P1Y,0,,,
E10000019,Physical,Unknown,2025-04-01/P1M,6175,,,
E10000019,Physical,Unknown,2025-05-01/P1M,7668,,,
E10000019,Physical,Unknown,2025-06-01/P1M,5627,,,
E10000019,Physical,Unknown,2025-07-01/P1M,10191,,,
E10000019,Physical,Unknown,2025-08-01/P1M,7480,,,
E10000019,Physical,Unknown,2025-09-01/P1M,6248,,,
E10000019,Physical,Unknown,2025-10-01/P1M,7862,,,
E10000019,Physical,Unknown,2025-11-01/P1M,5350,,,
E10000019,Physical,Unknown,2025-12-01/P1M,4824,,,
E10000019,Physical,Unknown,2026-01-01/P1M,6267,,,
E10000019,Physical,Unknown,2026-02-01/P1M,7272,,,
E10000019,Physical,Unknown,2026-03-01/P1M,8957,,,
E10000019,Physical,Under 12,2025-04-01/P1Y,0,,,
E10000019,Physical,12-17,2025-04-01/P1Y,0,,,
E10000019,Physical,Adult,2025-04-01/P1Y,0,,,
E10000019,Digital,Unknown,2025-04-01/P1Y,0,,,
E10000019,Digital,Under 12,2025-04-01/P1Y,0,,,
E10000019,Digital,12-17,2025-04-01/P1Y,0,,,
E10000019,Digital,Adult,2025-04-01/P1Y,0,,,
E08000012,Physical,Unknown,2025-04-01/P1Y,0,,,
E08000012,Physical,Under 12,2025-04-01/P1Y,0,,,
E08000012,Physical,12-17,2025-04-01/P1Y,0,,,
E08000012,Physical,Adult,2025-04-01/P1Y,0,,,
E08000012,Digital,Unknown,2025-04-01/P1Y,0,,,
E08000012,Digital,Under 12,2025-04-01/P1Y,0,,,
E08000012,Digital,12-17,2025-04-01/P1Y,0,,,
E08000012,Digital,Adult,2025-04-01/P1Y,0,,,
E09000024,Physical,Under 12,2025-04-01/P1M,2966,,,
E09000024,Physical,Under 12,2025-05-01/P1M,4359,,,
E09000024,Physical,Under 12,2025-06-01/P1M,3837,,,
E09000024,Physical,Under 12,2025-07-01/P1M,3912,,,
E09000024,Physical,Under 12,2025-08-01/P1M,3275,,,
E09000024,Physical,Under 12,2025-09-01/P1M,3216,,,
E09000024,Physical,Under 12,2025-10-01/P1M,4058,,,
E09000024,Physical,Under 12,2025-11-01/P1M,4414,,,
E09000024,Physical,Under 12,2025-12-01/P1M,4169,,,
E09000024,Physical,Under 12,2026-01-01/P1M,3140,,,
E09000024,Physical,Under 12,2026-02-01/P1M,3324,,,
E09000024,Physical,Under 12,2026-03-01/P1M,4078,,,
E09000024,Physical,12-17,2025-04-01/P1M,2896,,,
E09000024,Physical,12-17,2025-05-01/P1M,4675,,,
E09000024,Physical,12-17,2025-06-01/P1M,4942,,,
E09000024,Physical,12-17,2025-07-01/P1M,5174,,,
E09000024,Physical,12-17,2025-08-01/P1M,4651,,,
E09000024,Physical,12-17,2025-09-01/P1M,4509,,,
E09000024,Physical,12-17,2025-10-01/P1M,7788,,,
E09000024,Physical,12-17,2025-11-01/P1M,5600,,,
E09000024,Physical,12-17,2025-12-01/P1M,3737,,,
E09000024,Physical,12-17,2026-01-01/P1M,3665,,,
E09000024,Physical,12-17,2026-02-01/P1M,4115,,,
E09000024,Physical,12-17,2026-03-01/P1M,5649,,,
E09000024,Physical,Adult,2025-04-01/P1M,952,,,
E09000024,Physical,Adult,2025-05-01/P1M,118,,,
E09000024,Physical,Adult,2025-06-01/P1M,44,,,
E09000024,Physical,Adult,2025-07-01/P1M,122,,,
E09000024,Physical,Adult,2025-08-01/P1M,0,,,
E09000024,Physical,Adult,2025-09-01/P1M,118,,,
E09000024,Physical,Adult,2025-10-01/P1M,129,,,
E09000024,Physical,Adult,2025-11-01/P1M,187,,,
E09000024,Physical,Adult,2025-12-01/P1M,137,,,
E09000024,Physical,Adult,2026-01-01/P1M,197,,,
E09000024,Physical,Adult,2026-02-01/P1M,142,,,
E09000024,Physical,Adult,2026-03-01/P1M,181,,,
E09000024,Digital,Unknown,2025-04-01/P1Y,0,,,
E09000024,Digital,Under 12,2025-04-01/P1Y,0,,,
E09000024,Digital,12-17,2025-04-01/P1Y,0,,,
E09000024,Digital,Adult,2025-04-01/P1Y,0,,,
E06000002,Physical,Unknown,2025-04-01/P1Y,0,,,
E06000002,Physical,Under 12,2025-04-01/P1Y,0,,,
E06000002,Physical,12-17,2025-04-01/P1Y,0,,,
E06000002,Physical,Adult,2025-04-01/P1Y,0,,,
E06000002,Digital,Unknown,2025-04-01/P1Y,0,,,
E06000002,Digital,Under 12,2025-04-01/P1Y,0,,,
E06000002,Digital,12-17,2025-04-01/P1Y,0,,,
E06000002,Digital,Adult,2025-04-01/P1Y,0,,,
E06000042,Physical,Unknown,2025-04-01/P1M,4605,,,
E06000042,Physical,Unknown,2025-05-01/P1M,4731,,,
E06000042,Physical,Unknown,2025-06-01/P1M,4162,,,
E06000042,Physical,Unknown,2025-07-01/P1M,9539,,,
E06000042,Physical,Unknown,2025-08-01/P1M,3561,,,
E06000042,Physical,Unknown,2025-09-01/P1M,4833,,,
E06000042,Physical,Unknown,2025-10-01/P1M,5537,,,
E06000042,Physical,Unknown,2025-11-01/P1M,6431,,,
E06000042,Physical,Unknown,2025-12-01/P1M,3804,,,
E06000042,Physical,Unknown,2026-01-01/P1M,6361,,,
E06000042,Physical,Unknown,2026-02-01/P1M,5696,,,
E06000042,Physical,Unknown,2026-03-01/P1M,6906,,,
E06000042,Physical,Under 12,2025-04-01/P1Y,0,,,
E06000042,Physical,12-17,2025-04-01/P1Y,0,,,
E06000042,Physical,Adult,2025-04-01/P1Y,0,,,
E06000042,Digital,Unknown,2025-04-01/P1Y,0,,,
E06000042,Digital,Under 12,2025-04-01/P1Y,0,,,
E06000042,Digital,12-17,2025-04-01/P1Y,0,,,
E06000042,Digital,Adult,2025-04-01/P1Y,0,,,
E08000021,Physical,Under 12,2025-04-01/P1Y,0,,,
E08000021,Physical,12-17,2025-04-01/P1Y,0,,,
E08000021,Physical,Adult,2025-04-01/P1M,1780,,,
E08000021,Physical,Adult,2025-05-01/P1M,2464,,,
E08000021,Physical,Adult,2025-06-01/P1M,2730,,,
E08000021,Physical,Adult,2025-07-01/P1M,2357,,,
E08000021,Physical,Adult,2025-08-01/P1M,1344,,,
E08000021,Physical,Adult,2025-09-01/P1M,2163,,,
E08000021,Physical,Adult,2025-10-01/P1M,2163,,,
E08000021,Physical,Adult,2025-11-01/P1M,2102,,,
E08000021,Physical,Adult,2025-12-01/P1M,1431,,,
E08000021,Physical,Adult,2026-01-01/P1M,1700,,,
E08000021,Physical,Adult,2026-02-01/P1M,2251,,,
E08000021,Physical,Adult,2026-03-01/P1M,3328,,,
E08000021,Digital,Unknown,2025-04-01/P1Y,0,,,
E08000021,Digital,Under 12,2025-04-01/P1Y,0,,,
E08000021,Digital,12-17,2025-04-01/P1Y,0,,,
E08000021,Digital,Adult,2025-04-01/P1Y,0,,,
E09000025,Physical,Under 12,2025-04-01/P1M,6466,,,
E09000025,Physical,Under 12,2025-05-01/P1M,6353,,,
E09000025,Physical,Under 12,2025-06-01/P1M,6401,,,
E09000025,Physical,Under 12,2025-07-01/P1M,7216,,,
E09000025,Physical,Under 12,2025-08-01/P1M,7522,,,
E09000025,Physical,Under 12,2025-09-01/P1M,6054,,,
E09000025,Physical,Under 12,2025-10-01/P1M,6214,,,
E09000025,Physical,Under 12,2025-11-01/P1M,6949,,,
E09000025,Physical,Under 12,2025-12-01/P1M,5535,,,
E09000025,Physical,Under 12,2026-01-01/P1M,4692,,,
E09000025,Physical,Under 12,2026-02-01/P1M,6920,,,
E09000025,Physical,Under 12,2026-03-01/P1M,7346,,,
E09000025,Physical,12-17,2025-04-01/P1M,200,,,
E09000025,Physical,12-17,2025-05-01/P1M,176,,,
E09000025,Physical,12-17,2025-06-01/P1M,198,,,
E09000025,Physical,12-17,2025-07-01/P1M,280,,,
E09000025,Physical,12-17,2025-08-01/P1M,380,,,
E09000025,Physical,12-17,2025-09-01/P1M,177,,,
E09000025,Physical,12-17,2025-10-01/P1M,510,,,
E09000025,Physical,12-17,2025-11-01/P1M,301,,,
E09000025,Physical,12-17,2025-12-01/P1M,414,,,
E09000025,Physical,12-17,2026-01-01/P1M,363,,,
E09000025,Physical,12-17,2026-02-01/P1M,235,,,
E09000025,Physical,12-17,2026-03-01/P1M,261,,,
E09000025,Physical,Adult,2025-04-01/P1M,7227,,,
E09000025,Physical,Adult,2025-05-01/P1M,12947,,,
E09000025,Physical,Adult,2025-06-01/P1M,13263,,,
E09000025,Physical,Adult,2025-07-01/P1M,13335,,,
E09000025,Physical,Adult,2025-08-01/P1M,10887,,,
E09000025,Physical,Adult,2025-09-01/P1M,13299,,,
E09000025,Physical,Adult,2025-10-01/P1M,13228,,,
E09000025,Physical,Adult,2025-11-01/P1M,13490,,,
E09000025,Physical,Adult,2025-12-01/P1M,10972,,,
E09000025,Physical,Adult,2026-01-01/P1M,10203,,,
E09000025,Physical,Adult,2026-02-01/P1M,11584,,,
E09000025,Physical,Adult,2026-03-01/P1M,12023,,,
E09000025,Digital,Unknown,2025-04-01/P1Y,0,,,
E09000025,Digital,Under 12,2025-04-01/P1Y,0,,,
E09000025,Digital,12-17,2025-04-01/P1Y,0,,,
E09000025,Digital,Adult,2025-04-01/P1Y,0,,,
E06000012,Physical,Under 12,2025-04-01/P1M,2538,,suspicious,"Source audit: total_attendees_physical_events: Annual: reported total 10,790; category sum 11,790; difference -1,000. Categories exceed total; check duplication, scope and reporting frequency. Event audiences may overlap. Values retained as reported pending source confirmation."
E06000012,Physical,Under 12,2025-05-01/P1M,339,,suspicious,"Source audit: total_attendees_physical_events: Annual: reported total 10,790; category sum 11,790; difference -1,000. Categories exceed total; check duplication, scope and reporting frequency. Event audiences may overlap. Values retained as reported pending source confirmation."
E06000012,Physical,Under 12,2025-06-01/P1M,348,,suspicious,"Source audit: total_attendees_physical_events: Annual: reported total 10,790; category sum 11,790; difference -1,000. Categories exceed total; check duplication, scope and reporting frequency. Event audiences may overlap. Values retained as reported pending source confirmation."
E06000012,Physical,Under 12,2025-07-01/P1M,395,,suspicious,"Source audit: total_attendees_physical_events: Annual: reported total 10,790; category sum 11,790; difference -1,000. Categories exceed total; check duplication, scope and reporting frequency. Event audiences may overlap. Values retained as reported pending source confirmation."
E06000012,Physical,Under 12,2025-08-01/P1M,345,,suspicious,"Source audit: total_attendees_physical_events: Annual: reported total 10,790; category sum 11,790; difference -1,000. Categories exceed total; check duplication, scope and reporting frequency. Event audiences may overlap. Values retained as reported pending source confirmation."
E06000012,Physical,Under 12,2025-09-01/P1M,284,,suspicious,"Source audit: total_attendees_physical_events: Annual: reported total 10,790; category sum 11,790; difference -1,000. Categories exceed total; check duplication, scope and reporting frequency. Event audiences may overlap. Values retained as reported pending source confirmation."
E06000012,Physical,Under 12,2025-10-01/P1M,521,,suspicious,"Source audit: total_attendees_physical_events: Annual: reported total 10,790; category sum 11,790; difference -1,000. Categories exceed total; check duplication, scope and reporting frequency. Event audiences may overlap. Values retained as reported pending source confirmation."
E06000012,Physical,Under 12,2025-11-01/P1M,391,,suspicious,"Source audit: total_attendees_physical_events: Annual: reported total 10,790; category sum 11,790; difference -1,000. Categories exceed total; check duplication, scope and reporting frequency. Event audiences may overlap. Values retained as reported pending source confirmation."
E06000012,Physical,Under 12,2025-12-01/P1M,199,,suspicious,"Source audit: total_attendees_physical_events: Annual: reported total 10,790; category sum 11,790; difference -1,000. Categories exceed total; check duplication, scope and reporting frequency. Event audiences may overlap. Values retained as reported pending source confirmation."
E06000012,Physical,Under 12,2026-01-01/P1M,342,,suspicious,"Source audit: total_attendees_physical_events: Annual: reported total 10,790; category sum 11,790; difference -1,000. Categories exceed total; check duplication, scope and reporting frequency. Event audiences may overlap. Values retained as reported pending source confirmation."
E06000012,Physical,Under 12,2026-02-01/P1M,323,,suspicious,"Source audit: total_attendees_physical_events: Annual: reported total 10,790; category sum 11,790; difference -1,000. Categories exceed total; check duplication, scope and reporting frequency. Event audiences may overlap. Values retained as reported pending source confirmation."
E06000012,Physical,Under 12,2026-03-01/P1M,391,,suspicious,"Source audit: total_attendees_physical_events: Annual: reported total 10,790; category sum 11,790; difference -1,000. Categories exceed total; check duplication, scope and reporting frequency. Event audiences may overlap. Values retained as reported pending source confirmation."
E06000012,Physical,12-17,2025-04-01/P1Y,0,,suspicious,"Source audit: total_attendees_physical_events: Annual: reported total 10,790; category sum 11,790; difference -1,000. Categories exceed total; check duplication, scope and reporting frequency. Event audiences may overlap. Values retained as reported pending source confirmation."
E06000012,Physical,Adult,2025-04-01/P1M,581,,suspicious,"Source audit: total_attendees_physical_events: Annual: reported total 10,790; category sum 11,790; difference -1,000. Categories exceed total; check duplication, scope and reporting frequency. Event audiences may overlap. Values retained as reported pending source confirmation."
E06000012,Physical,Adult,2025-05-01/P1M,304,,suspicious,"Source audit: total_attendees_physical_events: Annual: reported total 10,790; category sum 11,790; difference -1,000. Categories exceed total; check duplication, scope and reporting frequency. Event audiences may overlap. Values retained as reported pending source confirmation."
E06000012,Physical,Adult,2025-06-01/P1M,481,,suspicious,"Source audit: total_attendees_physical_events: Annual: reported total 10,790; category sum 11,790; difference -1,000. Categories exceed total; check duplication, scope and reporting frequency. Event audiences may overlap. Values retained as reported pending source confirmation."
E06000012,Physical,Adult,2025-07-01/P1M,429,,suspicious,"Source audit: total_attendees_physical_events: Annual: reported total 10,790; category sum 11,790; difference -1,000. Categories exceed total; check duplication, scope and reporting frequency. Event audiences may overlap. Values retained as reported pending source confirmation."
E06000012,Physical,Adult,2025-08-01/P1M,448,,suspicious,"Source audit: total_attendees_physical_events: Annual: reported total 10,790; category sum 11,790; difference -1,000. Categories exceed total; check duplication, scope and reporting frequency. Event audiences may overlap. Values retained as reported pending source confirmation."
E06000012,Physical,Adult,2025-09-01/P1M,374,,suspicious,"Source audit: total_attendees_physical_events: Annual: reported total 10,790; category sum 11,790; difference -1,000. Categories exceed total; check duplication, scope and reporting frequency. Event audiences may overlap. Values retained as reported pending source confirmation."
E06000012,Physical,Adult,2025-10-01/P1M,593,,suspicious,"Source audit: total_attendees_physical_events: Annual: reported total 10,790; category sum 11,790; difference -1,000. Categories exceed total; check duplication, scope and reporting frequency. Event audiences may overlap. Values retained as reported pending source confirmation."
E06000012,Physical,Adult,2025-11-01/P1M,466,,suspicious,"Source audit: total_attendees_physical_events: Annual: reported total 10,790; category sum 11,790; difference -1,000. Categories exceed total; check duplication, scope and reporting frequency. Event audiences may overlap. Values retained as reported pending source confirmation."
E06000012,Physical,Adult,2025-12-01/P1M,359,,suspicious,"Source audit: total_attendees_physical_events: Annual: reported total 10,790; category sum 11,790; difference -1,000. Categories exceed total; check duplication, scope and reporting frequency. Event audiences may overlap. Values retained as reported pending source confirmation."
E06000012,Physical,Adult,2026-01-01/P1M,479,,suspicious,"Source audit: total_attendees_physical_events: Annual: reported total 10,790; category sum 11,790; difference -1,000. Categories exceed total; check duplication, scope and reporting frequency. Event audiences may overlap. Values retained as reported pending source confirmation."
E06000012,Physical,Adult,2026-02-01/P1M,506,,suspicious,"Source audit: total_attendees_physical_events: Annual: reported total 10,790; category sum 11,790; difference -1,000. Categories exceed total; check duplication, scope and reporting frequency. Event audiences may overlap. Values retained as reported pending source confirmation."
E06000012,Physical,Adult,2026-03-01/P1M,354,,suspicious,"Source audit: total_attendees_physical_events: Annual: reported total 10,790; category sum 11,790; difference -1,000. Categories exceed total; check duplication, scope and reporting frequency. Event audiences may overlap. Values retained as reported pending source confirmation."
E06000012,Digital,Unknown,2025-04-01/P1Y,0,,,
E06000012,Digital,Under 12,2025-04-01/P1Y,0,,,
E06000012,Digital,12-17,2025-04-01/P1Y,0,,,
E06000012,Digital,Adult,2025-04-01/P1Y,0,,,
E06000013,Physical,Under 12,2025-04-01/P1M,510,,suspicious,"Source audit: total_attendees_physical_events: Annual: reported total 15,110; category sum 24,175; difference -9,065. Categories exceed total; check duplication, scope and reporting frequency. Event audiences may overlap. Values retained as reported pending source confirmation."
E06000013,Physical,Under 12,2025-05-01/P1M,1045,,suspicious,"Source audit: total_attendees_physical_events: Annual: reported total 15,110; category sum 24,175; difference -9,065. Categories exceed total; check duplication, scope and reporting frequency. Event audiences may overlap. Values retained as reported pending source confirmation."
E06000013,Physical,Under 12,2025-06-01/P1M,2179,,suspicious,"Source audit: total_attendees_physical_events: Annual: reported total 15,110; category sum 24,175; difference -9,065. Categories exceed total; check duplication, scope and reporting frequency. Event audiences may overlap. Values retained as reported pending source confirmation."
E06000013,Physical,Under 12,2025-07-01/P1M,1780,,suspicious,"Source audit: total_attendees_physical_events: Annual: reported total 15,110; category sum 24,175; difference -9,065. Categories exceed total; check duplication, scope and reporting frequency. Event audiences may overlap. Values retained as reported pending source confirmation."
E06000013,Physical,Under 12,2025-08-01/P1M,1688,,suspicious,"Source audit: total_attendees_physical_events: Annual: reported total 15,110; category sum 24,175; difference -9,065. Categories exceed total; check duplication, scope and reporting frequency. Event audiences may overlap. Values retained as reported pending source confirmation."
E06000013,Physical,Under 12,2025-09-01/P1M,1035,,suspicious,"Source audit: total_attendees_physical_events: Annual: reported total 15,110; category sum 24,175; difference -9,065. Categories exceed total; check duplication, scope and reporting frequency. Event audiences may overlap. Values retained as reported pending source confirmation."
E06000013,Physical,Under 12,2025-10-01/P1M,1231,,suspicious,"Source audit: total_attendees_physical_events: Annual: reported total 15,110; category sum 24,175; difference -9,065. Categories exceed total; check duplication, scope and reporting frequency. Event audiences may overlap. Values retained as reported pending source confirmation."
E06000013,Physical,Under 12,2025-11-01/P1M,1895,,suspicious,"Source audit: total_attendees_physical_events: Annual: reported total 15,110; category sum 24,175; difference -9,065. Categories exceed total; check duplication, scope and reporting frequency. Event audiences may overlap. Values retained as reported pending source confirmation."
E06000013,Physical,Under 12,2025-12-01/P1M,470,,suspicious,"Source audit: total_attendees_physical_events: Annual: reported total 15,110; category sum 24,175; difference -9,065. Categories exceed total; check duplication, scope and reporting frequency. Event audiences may overlap. Values retained as reported pending source confirmation."
E06000013,Physical,Under 12,2026-01-01/P1M,282,,suspicious,"Source audit: total_attendees_physical_events: Annual: reported total 15,110; category sum 24,175; difference -9,065. Categories exceed total; check duplication, scope and reporting frequency. Event audiences may overlap. Values retained as reported pending source confirmation."
E06000013,Physical,Under 12,2026-02-01/P1M,805,,suspicious,"Source audit: total_attendees_physical_events: Annual: reported total 15,110; category sum 24,175; difference -9,065. Categories exceed total; check duplication, scope and reporting frequency. Event audiences may overlap. Values retained as reported pending source confirmation."
E06000013,Physical,Under 12,2026-03-01/P1M,1121,,suspicious,"Source audit: total_attendees_physical_events: Annual: reported total 15,110; category sum 24,175; difference -9,065. Categories exceed total; check duplication, scope and reporting frequency. Event audiences may overlap. Values retained as reported pending source confirmation."
E06000013,Physical,12-17,2025-04-01/P1M,125,,suspicious,"Source audit: total_attendees_physical_events: Annual: reported total 15,110; category sum 24,175; difference -9,065. Categories exceed total; check duplication, scope and reporting frequency. Event audiences may overlap. Values retained as reported pending source confirmation."
E06000013,Physical,12-17,2025-05-01/P1M,557,,suspicious,"Source audit: total_attendees_physical_events: Annual: reported total 15,110; category sum 24,175; difference -9,065. Categories exceed total; check duplication, scope and reporting frequency. Event audiences may overlap. Values retained as reported pending source confirmation."
E06000013,Physical,12-17,2025-06-01/P1M,91,,suspicious,"Source audit: total_attendees_physical_events: Annual: reported total 15,110; category sum 24,175; difference -9,065. Categories exceed total; check duplication, scope and reporting frequency. Event audiences may overlap. Values retained as reported pending source confirmation."
E06000013,Physical,12-17,2025-07-01/P1M,103,,suspicious,"Source audit: total_attendees_physical_events: Annual: reported total 15,110; category sum 24,175; difference -9,065. Categories exceed total; check duplication, scope and reporting frequency. Event audiences may overlap. Values retained as reported pending source confirmation."
E06000013,Physical,12-17,2025-08-01/P1M,1098,,suspicious,"Source audit: total_attendees_physical_events: Annual: reported total 15,110; category sum 24,175; difference -9,065. Categories exceed total; check duplication, scope and reporting frequency. Event audiences may overlap. Values retained as reported pending source confirmation."
E06000013,Physical,12-17,2025-09-01/P1M,326,,suspicious,"Source audit: total_attendees_physical_events: Annual: reported total 15,110; category sum 24,175; difference -9,065. Categories exceed total; check duplication, scope and reporting frequency. Event audiences may overlap. Values retained as reported pending source confirmation."
E06000013,Physical,12-17,2025-10-01/P1M,174,,suspicious,"Source audit: total_attendees_physical_events: Annual: reported total 15,110; category sum 24,175; difference -9,065. Categories exceed total; check duplication, scope and reporting frequency. Event audiences may overlap. Values retained as reported pending source confirmation."
E06000013,Physical,12-17,2025-11-01/P1M,1622,,suspicious,"Source audit: total_attendees_physical_events: Annual: reported total 15,110; category sum 24,175; difference -9,065. Categories exceed total; check duplication, scope and reporting frequency. Event audiences may overlap. Values retained as reported pending source confirmation."
E06000013,Physical,12-17,2025-12-01/P1M,59,,suspicious,"Source audit: total_attendees_physical_events: Annual: reported total 15,110; category sum 24,175; difference -9,065. Categories exceed total; check duplication, scope and reporting frequency. Event audiences may overlap. Values retained as reported pending source confirmation."
E06000013,Physical,12-17,2026-01-01/P1M,158,,suspicious,"Source audit: total_attendees_physical_events: Annual: reported total 15,110; category sum 24,175; difference -9,065. Categories exceed total; check duplication, scope and reporting frequency. Event audiences may overlap. Values retained as reported pending source confirmation."
E06000013,Physical,12-17,2026-02-01/P1M,139,,suspicious,"Source audit: total_attendees_physical_events: Annual: reported total 15,110; category sum 24,175; difference -9,065. Categories exceed total; check duplication, scope and reporting frequency. Event audiences may overlap. Values retained as reported pending source confirmation."
E06000013,Physical,12-17,2026-03-01/P1M,287,,suspicious,"Source audit: total_attendees_physical_events: Annual: reported total 15,110; category sum 24,175; difference -9,065. Categories exceed total; check duplication, scope and reporting frequency. Event audiences may overlap. Values retained as reported pending source confirmation."
E06000013,Physical,Adult,2025-04-01/P1M,145,,suspicious,"Source audit: total_attendees_physical_events: Annual: reported total 15,110; category sum 24,175; difference -9,065. Categories exceed total; check duplication, scope and reporting frequency. Event audiences may overlap. Values retained as reported pending source confirmation."
E06000013,Physical,Adult,2025-05-01/P1M,129,,suspicious,"Source audit: total_attendees_physical_events: Annual: reported total 15,110; category sum 24,175; difference -9,065. Categories exceed total; check duplication, scope and reporting frequency. Event audiences may overlap. Values retained as reported pending source confirmation."
E06000013,Physical,Adult,2025-06-01/P1M,674,,suspicious,"Source audit: total_attendees_physical_events: Annual: reported total 15,110; category sum 24,175; difference -9,065. Categories exceed total; check duplication, scope and reporting frequency. Event audiences may overlap. Values retained as reported pending source confirmation."
E06000013,Physical,Adult,2025-07-01/P1M,181,,suspicious,"Source audit: total_attendees_physical_events: Annual: reported total 15,110; category sum 24,175; difference -9,065. Categories exceed total; check duplication, scope and reporting frequency. Event audiences may overlap. Values retained as reported pending source confirmation."
E06000013,Physical,Adult,2025-08-01/P1M,1111,,suspicious,"Source audit: total_attendees_physical_events: Annual: reported total 15,110; category sum 24,175; difference -9,065. Categories exceed total; check duplication, scope and reporting frequency. Event audiences may overlap. Values retained as reported pending source confirmation."
E06000013,Physical,Adult,2025-09-01/P1M,253,,suspicious,"Source audit: total_attendees_physical_events: Annual: reported total 15,110; category sum 24,175; difference -9,065. Categories exceed total; check duplication, scope and reporting frequency. Event audiences may overlap. Values retained as reported pending source confirmation."
E06000013,Physical,Adult,2025-10-01/P1M,431,,suspicious,"Source audit: total_attendees_physical_events: Annual: reported total 15,110; category sum 24,175; difference -9,065. Categories exceed total; check duplication, scope and reporting frequency. Event audiences may overlap. Values retained as reported pending source confirmation."
E06000013,Physical,Adult,2025-11-01/P1M,1518,,suspicious,"Source audit: total_attendees_physical_events: Annual: reported total 15,110; category sum 24,175; difference -9,065. Categories exceed total; check duplication, scope and reporting frequency. Event audiences may overlap. Values retained as reported pending source confirmation."
E06000013,Physical,Adult,2025-12-01/P1M,18,,suspicious,"Source audit: total_attendees_physical_events: Annual: reported total 15,110; category sum 24,175; difference -9,065. Categories exceed total; check duplication, scope and reporting frequency. Event audiences may overlap. Values retained as reported pending source confirmation."
E06000013,Physical,Adult,2026-01-01/P1M,164,,suspicious,"Source audit: total_attendees_physical_events: Annual: reported total 15,110; category sum 24,175; difference -9,065. Categories exceed total; check duplication, scope and reporting frequency. Event audiences may overlap. Values retained as reported pending source confirmation."
E06000013,Physical,Adult,2026-02-01/P1M,701,,suspicious,"Source audit: total_attendees_physical_events: Annual: reported total 15,110; category sum 24,175; difference -9,065. Categories exceed total; check duplication, scope and reporting frequency. Event audiences may overlap. Values retained as reported pending source confirmation."
E06000013,Physical,Adult,2026-03-01/P1M,70,,suspicious,"Source audit: total_attendees_physical_events: Annual: reported total 15,110; category sum 24,175; difference -9,065. Categories exceed total; check duplication, scope and reporting frequency. Event audiences may overlap. Values retained as reported pending source confirmation."
E06000013,Digital,Unknown,2025-04-01/P1Y,0,,,
E06000013,Digital,Under 12,2025-04-01/P1Y,0,,,
E06000013,Digital,12-17,2025-04-01/P1Y,0,,,
E06000013,Digital,Adult,2025-04-01/P1Y,0,,,
E06000061,Physical,Under 12,2025-04-01/P1M,2124,,suspicious,"Source audit: physical_attendees_adults: May 132 versus median nonzero month 1,266 (0.10 times). Could be a typo, changed scope or genuine activity; confirm with service. | total_attendees_physical_events: Annual: reported total 41,760; category sum 44,460; difference -2,700. Categories exceed total; check duplication, scope and reporting frequency. Event audiences may overlap. Values retained as reported pending source confirmation."
E06000061,Physical,Under 12,2025-05-01/P1M,2190,,suspicious,"Source audit: physical_attendees_adults: May 132 versus median nonzero month 1,266 (0.10 times). Could be a typo, changed scope or genuine activity; confirm with service. | total_attendees_physical_events: Annual: reported total 41,760; category sum 44,460; difference -2,700. Categories exceed total; check duplication, scope and reporting frequency. Event audiences may overlap. Values retained as reported pending source confirmation."
E06000061,Physical,Under 12,2025-06-01/P1M,2650,,suspicious,"Source audit: physical_attendees_adults: May 132 versus median nonzero month 1,266 (0.10 times). Could be a typo, changed scope or genuine activity; confirm with service. | total_attendees_physical_events: Annual: reported total 41,760; category sum 44,460; difference -2,700. Categories exceed total; check duplication, scope and reporting frequency. Event audiences may overlap. Values retained as reported pending source confirmation."
E06000061,Physical,Under 12,2025-07-01/P1M,3166,,suspicious,"Source audit: physical_attendees_adults: May 132 versus median nonzero month 1,266 (0.10 times). Could be a typo, changed scope or genuine activity; confirm with service. | total_attendees_physical_events: Annual: reported total 41,760; category sum 44,460; difference -2,700. Categories exceed total; check duplication, scope and reporting frequency. Event audiences may overlap. Values retained as reported pending source confirmation."
E06000061,Physical,Under 12,2025-08-01/P1M,3021,,suspicious,"Source audit: physical_attendees_adults: May 132 versus median nonzero month 1,266 (0.10 times). Could be a typo, changed scope or genuine activity; confirm with service. | total_attendees_physical_events: Annual: reported total 41,760; category sum 44,460; difference -2,700. Categories exceed total; check duplication, scope and reporting frequency. Event audiences may overlap. Values retained as reported pending source confirmation."
E06000061,Physical,Under 12,2025-09-01/P1M,2688,,suspicious,"Source audit: physical_attendees_adults: May 132 versus median nonzero month 1,266 (0.10 times). Could be a typo, changed scope or genuine activity; confirm with service. | total_attendees_physical_events: Annual: reported total 41,760; category sum 44,460; difference -2,700. Categories exceed total; check duplication, scope and reporting frequency. Event audiences may overlap. Values retained as reported pending source confirmation."
E06000061,Physical,Under 12,2025-10-01/P1M,2237,,suspicious,"Source audit: physical_attendees_adults: May 132 versus median nonzero month 1,266 (0.10 times). Could be a typo, changed scope or genuine activity; confirm with service. | total_attendees_physical_events: Annual: reported total 41,760; category sum 44,460; difference -2,700. Categories exceed total; check duplication, scope and reporting frequency. Event audiences may overlap. Values retained as reported pending source confirmation."
E06000061,Physical,Under 12,2025-11-01/P1M,1972,,suspicious,"Source audit: physical_attendees_adults: May 132 versus median nonzero month 1,266 (0.10 times). Could be a typo, changed scope or genuine activity; confirm with service. | total_attendees_physical_events: Annual: reported total 41,760; category sum 44,460; difference -2,700. Categories exceed total; check duplication, scope and reporting frequency. Event audiences may overlap. Values retained as reported pending source confirmation."
E06000061,Physical,Under 12,2025-12-01/P1M,1808,,suspicious,"Source audit: physical_attendees_adults: May 132 versus median nonzero month 1,266 (0.10 times). Could be a typo, changed scope or genuine activity; confirm with service. | total_attendees_physical_events: Annual: reported total 41,760; category sum 44,460; difference -2,700. Categories exceed total; check duplication, scope and reporting frequency. Event audiences may overlap. Values retained as reported pending source confirmation."
E06000061,Physical,Under 12,2026-01-01/P1M,1511,,suspicious,"Source audit: physical_attendees_adults: May 132 versus median nonzero month 1,266 (0.10 times). Could be a typo, changed scope or genuine activity; confirm with service. | total_attendees_physical_events: Annual: reported total 41,760; category sum 44,460; difference -2,700. Categories exceed total; check duplication, scope and reporting frequency. Event audiences may overlap. Values retained as reported pending source confirmation."
E06000061,Physical,Under 12,2026-02-01/P1M,1584,,suspicious,"Source audit: physical_attendees_adults: May 132 versus median nonzero month 1,266 (0.10 times). Could be a typo, changed scope or genuine activity; confirm with service. | total_attendees_physical_events: Annual: reported total 41,760; category sum 44,460; difference -2,700. Categories exceed total; check duplication, scope and reporting frequency. Event audiences may overlap. Values retained as reported pending source confirmation."
E06000061,Physical,Under 12,2026-03-01/P1M,2002,,suspicious,"Source audit: physical_attendees_adults: May 132 versus median nonzero month 1,266 (0.10 times). Could be a typo, changed scope or genuine activity; confirm with service. | total_attendees_physical_events: Annual: reported total 41,760; category sum 44,460; difference -2,700. Categories exceed total; check duplication, scope and reporting frequency. Event audiences may overlap. Values retained as reported pending source confirmation."
E06000061,Physical,12-17,2025-04-01/P1M,182,,suspicious,"Source audit: physical_attendees_adults: May 132 versus median nonzero month 1,266 (0.10 times). Could be a typo, changed scope or genuine activity; confirm with service. | total_attendees_physical_events: Annual: reported total 41,760; category sum 44,460; difference -2,700. Categories exceed total; check duplication, scope and reporting frequency. Event audiences may overlap. Values retained as reported pending source confirmation."
E06000061,Physical,12-17,2025-05-01/P1M,188,,suspicious,"Source audit: physical_attendees_adults: May 132 versus median nonzero month 1,266 (0.10 times). Could be a typo, changed scope or genuine activity; confirm with service. | total_attendees_physical_events: Annual: reported total 41,760; category sum 44,460; difference -2,700. Categories exceed total; check duplication, scope and reporting frequency. Event audiences may overlap. Values retained as reported pending source confirmation."
E06000061,Physical,12-17,2025-06-01/P1M,228,,suspicious,"Source audit: physical_attendees_adults: May 132 versus median nonzero month 1,266 (0.10 times). Could be a typo, changed scope or genuine activity; confirm with service. | total_attendees_physical_events: Annual: reported total 41,760; category sum 44,460; difference -2,700. Categories exceed total; check duplication, scope and reporting frequency. Event audiences may overlap. Values retained as reported pending source confirmation."
E06000061,Physical,12-17,2025-07-01/P1M,272,,suspicious,"Source audit: physical_attendees_adults: May 132 versus median nonzero month 1,266 (0.10 times). Could be a typo, changed scope or genuine activity; confirm with service. | total_attendees_physical_events: Annual: reported total 41,760; category sum 44,460; difference -2,700. Categories exceed total; check duplication, scope and reporting frequency. Event audiences may overlap. Values retained as reported pending source confirmation."
E06000061,Physical,12-17,2025-08-01/P1M,260,,suspicious,"Source audit: physical_attendees_adults: May 132 versus median nonzero month 1,266 (0.10 times). Could be a typo, changed scope or genuine activity; confirm with service. | total_attendees_physical_events: Annual: reported total 41,760; category sum 44,460; difference -2,700. Categories exceed total; check duplication, scope and reporting frequency. Event audiences may overlap. Values retained as reported pending source confirmation."
E06000061,Physical,12-17,2025-09-01/P1M,231,,suspicious,"Source audit: physical_attendees_adults: May 132 versus median nonzero month 1,266 (0.10 times). Could be a typo, changed scope or genuine activity; confirm with service. | total_attendees_physical_events: Annual: reported total 41,760; category sum 44,460; difference -2,700. Categories exceed total; check duplication, scope and reporting frequency. Event audiences may overlap. Values retained as reported pending source confirmation."
E06000061,Physical,12-17,2025-10-01/P1M,192,,suspicious,"Source audit: physical_attendees_adults: May 132 versus median nonzero month 1,266 (0.10 times). Could be a typo, changed scope or genuine activity; confirm with service. | total_attendees_physical_events: Annual: reported total 41,760; category sum 44,460; difference -2,700. Categories exceed total; check duplication, scope and reporting frequency. Event audiences may overlap. Values retained as reported pending source confirmation."
E06000061,Physical,12-17,2025-11-01/P1M,169,,suspicious,"Source audit: physical_attendees_adults: May 132 versus median nonzero month 1,266 (0.10 times). Could be a typo, changed scope or genuine activity; confirm with service. | total_attendees_physical_events: Annual: reported total 41,760; category sum 44,460; difference -2,700. Categories exceed total; check duplication, scope and reporting frequency. Event audiences may overlap. Values retained as reported pending source confirmation."
E06000061,Physical,12-17,2025-12-01/P1M,15,,suspicious,"Source audit: physical_attendees_adults: May 132 versus median nonzero month 1,266 (0.10 times). Could be a typo, changed scope or genuine activity; confirm with service. | total_attendees_physical_events: Annual: reported total 41,760; category sum 44,460; difference -2,700. Categories exceed total; check duplication, scope and reporting frequency. Event audiences may overlap. Values retained as reported pending source confirmation."
E06000061,Physical,12-17,2026-01-01/P1M,129,,suspicious,"Source audit: physical_attendees_adults: May 132 versus median nonzero month 1,266 (0.10 times). Could be a typo, changed scope or genuine activity; confirm with service. | total_attendees_physical_events: Annual: reported total 41,760; category sum 44,460; difference -2,700. Categories exceed total; check duplication, scope and reporting frequency. Event audiences may overlap. Values retained as reported pending source confirmation."
E06000061,Physical,12-17,2026-02-01/P1M,136,,suspicious,"Source audit: physical_attendees_adults: May 132 versus median nonzero month 1,266 (0.10 times). Could be a typo, changed scope or genuine activity; confirm with service. | total_attendees_physical_events: Annual: reported total 41,760; category sum 44,460; difference -2,700. Categories exceed total; check duplication, scope and reporting frequency. Event audiences may overlap. Values retained as reported pending source confirmation."
E06000061,Physical,12-17,2026-03-01/P1M,172,,suspicious,"Source audit: physical_attendees_adults: May 132 versus median nonzero month 1,266 (0.10 times). Could be a typo, changed scope or genuine activity; confirm with service. | total_attendees_physical_events: Annual: reported total 41,760; category sum 44,460; difference -2,700. Categories exceed total; check duplication, scope and reporting frequency. Event audiences may overlap. Values retained as reported pending source confirmation."
E06000061,Physical,Adult,2025-04-01/P1M,1303,,suspicious,"Source audit: physical_attendees_adults: May 132 versus median nonzero month 1,266 (0.10 times). Could be a typo, changed scope or genuine activity; confirm with service. | total_attendees_physical_events: Annual: reported total 41,760; category sum 44,460; difference -2,700. Categories exceed total; check duplication, scope and reporting frequency. Event audiences may overlap. Values retained as reported pending source confirmation."
E06000061,Physical,Adult,2025-05-01/P1M,132,,suspicious,"Source audit: physical_attendees_adults: May 132 versus median nonzero month 1,266 (0.10 times). Could be a typo, changed scope or genuine activity; confirm with service. | total_attendees_physical_events: Annual: reported total 41,760; category sum 44,460; difference -2,700. Categories exceed total; check duplication, scope and reporting frequency. Event audiences may overlap. Values retained as reported pending source confirmation."
E06000061,Physical,Adult,2025-06-01/P1M,1626,,suspicious,"Source audit: physical_attendees_adults: May 132 versus median nonzero month 1,266 (0.10 times). Could be a typo, changed scope or genuine activity; confirm with service. | total_attendees_physical_events: Annual: reported total 41,760; category sum 44,460; difference -2,700. Categories exceed total; check duplication, scope and reporting frequency. Event audiences may overlap. Values retained as reported pending source confirmation."
E06000061,Physical,Adult,2025-07-01/P1M,1942,,suspicious,"Source audit: physical_attendees_adults: May 132 versus median nonzero month 1,266 (0.10 times). Could be a typo, changed scope or genuine activity; confirm with service. | total_attendees_physical_events: Annual: reported total 41,760; category sum 44,460; difference -2,700. Categories exceed total; check duplication, scope and reporting frequency. Event audiences may overlap. Values retained as reported pending source confirmation."
E06000061,Physical,Adult,2025-08-01/P1M,1859,,suspicious,"Source audit: physical_attendees_adults: May 132 versus median nonzero month 1,266 (0.10 times). Could be a typo, changed scope or genuine activity; confirm with service. | total_attendees_physical_events: Annual: reported total 41,760; category sum 44,460; difference -2,700. Categories exceed total; check duplication, scope and reporting frequency. Event audiences may overlap. Values retained as reported pending source confirmation."
E06000061,Physical,Adult,2025-09-01/P1M,1652,,suspicious,"Source audit: physical_attendees_adults: May 132 versus median nonzero month 1,266 (0.10 times). Could be a typo, changed scope or genuine activity; confirm with service. | total_attendees_physical_events: Annual: reported total 41,760; category sum 44,460; difference -2,700. Categories exceed total; check duplication, scope and reporting frequency. Event audiences may overlap. Values retained as reported pending source confirmation."
E06000061,Physical,Adult,2025-10-01/P1M,1372,,suspicious,"Source audit: physical_attendees_adults: May 132 versus median nonzero month 1,266 (0.10 times). Could be a typo, changed scope or genuine activity; confirm with service. | total_attendees_physical_events: Annual: reported total 41,760; category sum 44,460; difference -2,700. Categories exceed total; check duplication, scope and reporting frequency. Event audiences may overlap. Values retained as reported pending source confirmation."
E06000061,Physical,Adult,2025-11-01/P1M,1211,,suspicious,"Source audit: physical_attendees_adults: May 132 versus median nonzero month 1,266 (0.10 times). Could be a typo, changed scope or genuine activity; confirm with service. | total_attendees_physical_events: Annual: reported total 41,760; category sum 44,460; difference -2,700. Categories exceed total; check duplication, scope and reporting frequency. Event audiences may overlap. Values retained as reported pending source confirmation."
E06000061,Physical,Adult,2025-12-01/P1M,1109,,suspicious,"Source audit: physical_attendees_adults: May 132 versus median nonzero month 1,266 (0.10 times). Could be a typo, changed scope or genuine activity; confirm with service. | total_attendees_physical_events: Annual: reported total 41,760; category sum 44,460; difference -2,700. Categories exceed total; check duplication, scope and reporting frequency. Event audiences may overlap. Values retained as reported pending source confirmation."
E06000061,Physical,Adult,2026-01-01/P1M,925,,suspicious,"Source audit: physical_attendees_adults: May 132 versus median nonzero month 1,266 (0.10 times). Could be a typo, changed scope or genuine activity; confirm with service. | total_attendees_physical_events: Annual: reported total 41,760; category sum 44,460; difference -2,700. Categories exceed total; check duplication, scope and reporting frequency. Event audiences may overlap. Values retained as reported pending source confirmation."
E06000061,Physical,Adult,2026-02-01/P1M,973,,suspicious,"Source audit: physical_attendees_adults: May 132 versus median nonzero month 1,266 (0.10 times). Could be a typo, changed scope or genuine activity; confirm with service. | total_attendees_physical_events: Annual: reported total 41,760; category sum 44,460; difference -2,700. Categories exceed total; check duplication, scope and reporting frequency. Event audiences may overlap. Values retained as reported pending source confirmation."
E06000061,Physical,Adult,2026-03-01/P1M,1229,,suspicious,"Source audit: physical_attendees_adults: May 132 versus median nonzero month 1,266 (0.10 times). Could be a typo, changed scope or genuine activity; confirm with service. | total_attendees_physical_events: Annual: reported total 41,760; category sum 44,460; difference -2,700. Categories exceed total; check duplication, scope and reporting frequency. Event audiences may overlap. Values retained as reported pending source confirmation."
E06000061,Digital,Unknown,2025-04-01/P1Y,0,,,
E06000061,Digital,Under 12,2025-04-01/P1Y,0,,,
E06000061,Digital,12-17,2025-04-01/P1Y,0,,,
E06000061,Digital,Adult,2025-04-01/P1Y,0,,,
E06000024,Physical,Under 12,2025-04-01/P1Y,0,,,
E06000024,Physical,12-17,2025-04-01/P1Y,0,,,
E06000024,Physical,Adult,2025-04-01/P3M,3542,,,
E06000024,Physical,Adult,2025-07-01/P3M,3384,,,
E06000024,Physical,Adult,2025-10-01/P3M,3433,,,
E06000024,Physical,Adult,2026-01-01/P3M,3608,,,
E06000024,Digital,Unknown,2025-04-01/P1Y,0,,,
E06000024,Digital,Under 12,2025-04-01/P1Y,0,,,
E06000024,Digital,12-17,2025-04-01/P1Y,0,,,
E06000024,Digital,Adult,2025-04-01/P1Y,0,,,
E08000022,Physical,Under 12,2025-04-01/P1M,2678,,,
E08000022,Physical,Under 12,2025-05-01/P1M,2837,,,
E08000022,Physical,Under 12,2025-06-01/P1M,2611,,,
E08000022,Physical,Under 12,2025-07-01/P1M,3905,,,
E08000022,Physical,Under 12,2025-08-01/P1M,2723,,,
E08000022,Physical,Under 12,2025-09-01/P1M,2040,,,
E08000022,Physical,Under 12,2025-10-01/P1M,4311,,,
E08000022,Physical,Under 12,2025-11-01/P1M,3487,,,
E08000022,Physical,Under 12,2025-12-01/P1M,2022,,,
E08000022,Physical,Under 12,2026-01-01/P1M,2638,,,
E08000022,Physical,Under 12,2026-02-01/P1M,3076,,,
E08000022,Physical,Under 12,2026-03-01/P1M,4129,,,
E08000022,Physical,12-17,2025-04-01/P1Y,0,,,
E08000022,Physical,Adult,2025-04-01/P1M,2313,,,
E08000022,Physical,Adult,2025-05-01/P1M,2638,,,
E08000022,Physical,Adult,2025-06-01/P1M,2451,,,
E08000022,Physical,Adult,2025-07-01/P1M,3614,,,
E08000022,Physical,Adult,2025-08-01/P1M,2856,,,
E08000022,Physical,Adult,2025-09-01/P1M,2058,,,
E08000022,Physical,Adult,2025-10-01/P1M,3531,,,
E08000022,Physical,Adult,2025-11-01/P1M,2794,,,
E08000022,Physical,Adult,2025-12-01/P1M,1926,,,
E08000022,Physical,Adult,2026-01-01/P1M,2514,,,
E08000022,Physical,Adult,2026-02-01/P1M,2902,,,
E08000022,Physical,Adult,2026-03-01/P1M,2998,,,
E08000022,Digital,Unknown,2025-04-01/P1Y,0,,,
E08000022,Digital,Under 12,2025-04-01/P1Y,0,,,
E08000022,Digital,12-17,2025-04-01/P1Y,0,,,
E08000022,Digital,Adult,2025-04-01/P1Y,0,,,
E06000065,Physical,Unknown,2025-04-01/P1M,10355,,,
E06000065,Physical,Unknown,2025-05-01/P1M,11106,,,
E06000065,Physical,Unknown,2025-06-01/P1M,13458,,,
E06000065,Physical,Unknown,2025-07-01/P1M,26242,,,
E06000065,Physical,Unknown,2025-08-01/P1M,10278,,,
E06000065,Physical,Unknown,2025-09-01/P1M,11277,,,
E06000065,Physical,Unknown,2025-10-01/P1M,19663,,,
E06000065,Physical,Unknown,2025-11-01/P1M,13505,,,
E06000065,Physical,Unknown,2025-12-01/P1M,9692,,,
E06000065,Physical,Unknown,2026-01-01/P1M,11408,,,
E06000065,Physical,Unknown,2026-02-01/P1M,13062,,,
E06000065,Physical,Unknown,2026-03-01/P1M,14640,,,
E06000065,Physical,Under 12,2025-04-01/P1Y,0,,,
E06000065,Physical,12-17,2025-04-01/P1Y,0,,,
E06000065,Physical,Adult,2025-04-01/P1Y,0,,,
E06000065,Digital,Unknown,2025-04-01/P1Y,0,,,
E06000065,Digital,Under 12,2025-04-01/P1Y,0,,,
E06000065,Digital,12-17,2025-04-01/P1Y,0,,,
E06000065,Digital,Adult,2025-04-01/P1Y,0,,,
E06000057,Physical,Under 12,2025-04-01/P1M,1387,,,
E06000057,Physical,Under 12,2025-05-01/P1M,1772,,,
E06000057,Physical,Under 12,2025-06-01/P1M,1381,,,
E06000057,Physical,Under 12,2025-07-01/P1M,1386,,,
E06000057,Physical,Under 12,2025-08-01/P1M,1429,,,
E06000057,Physical,Under 12,2025-09-01/P1M,1249,,,
E06000057,Physical,Under 12,2025-10-01/P1M,1774,,,
E06000057,Physical,Under 12,2025-11-01/P1M,1093,,,
E06000057,Physical,Under 12,2025-12-01/P1M,1270,,,
E06000057,Physical,Under 12,2026-01-01/P1M,1294,,,
E06000057,Physical,Under 12,2026-02-01/P1M,1404,,,
E06000057,Physical,Under 12,2026-03-01/P1M,1841,,,
E06000057,Physical,12-17,2025-04-01/P1Y,0,,,
E06000057,Physical,Adult,2025-04-01/P1M,1739,,,
E06000057,Physical,Adult,2025-05-01/P1M,1921,,,
E06000057,Physical,Adult,2025-06-01/P1M,1837,,,
E06000057,Physical,Adult,2025-07-01/P1M,1995,,,
E06000057,Physical,Adult,2025-08-01/P1M,1835,,,
E06000057,Physical,Adult,2025-09-01/P1M,1743,,,
E06000057,Physical,Adult,2025-10-01/P1M,2550,,,
E06000057,Physical,Adult,2025-11-01/P1M,1966,,,
E06000057,Physical,Adult,2025-12-01/P1M,1617,,,
E06000057,Physical,Adult,2026-01-01/P1M,1860,,,
E06000057,Physical,Adult,2026-02-01/P1M,2047,,,
E06000057,Physical,Adult,2026-03-01/P1M,2348,,,
E06000057,Digital,Unknown,2025-04-01/P1Y,0,,,
E06000057,Digital,Under 12,2025-04-01/P1Y,0,,,
E06000057,Digital,12-17,2025-04-01/P1Y,0,,,
E06000057,Digital,Adult,2025-04-01/P1Y,0,,,
E06000018,Physical,Under 12,2025-04-01/P1M,2684,,,
E06000018,Physical,Under 12,2025-05-01/P1M,3115,,,
E06000018,Physical,Under 12,2025-06-01/P1M,2581,,,
E06000018,Physical,Under 12,2025-07-01/P1M,2259,,,
E06000018,Physical,Under 12,2025-08-01/P1M,2175,,,
E06000018,Physical,Under 12,2025-09-01/P1M,2090,,,
E06000018,Physical,Under 12,2025-10-01/P1M,2656,,,
E06000018,Physical,Under 12,2025-11-01/P1M,2776,,,
E06000018,Physical,Under 12,2025-12-01/P1M,1528,,,
E06000018,Physical,Under 12,2026-01-01/P1M,2345,,,
E06000018,Physical,Under 12,2026-02-01/P1M,3107,,,
E06000018,Physical,Under 12,2026-03-01/P1M,2682,,,
E06000018,Physical,12-17,2025-04-01/P1Y,0,,,
E06000018,Physical,Adult,2025-04-01/P1M,3806,,,
E06000018,Physical,Adult,2025-05-01/P1M,3977,,,
E06000018,Physical,Adult,2025-06-01/P1M,4521,,,
E06000018,Physical,Adult,2025-07-01/P1M,4315,,,
E06000018,Physical,Adult,2025-08-01/P1M,3250,,,
E06000018,Physical,Adult,2025-09-01/P1M,5158,,,
E06000018,Physical,Adult,2025-10-01/P1M,6922,,,
E06000018,Physical,Adult,2025-11-01/P1M,6138,,,
E06000018,Physical,Adult,2025-12-01/P1M,2432,,,
E06000018,Physical,Adult,2026-01-01/P1M,3146,,,
E06000018,Physical,Adult,2026-02-01/P1M,4494,,,
E06000018,Physical,Adult,2026-03-01/P1M,3300,,,
E06000018,Digital,Under 12,2025-04-01/P1Y,0,,,
E06000018,Digital,12-17,2025-04-01/P1Y,0,,,
E06000018,Digital,Adult,2025-04-01/P1M,25,,,
E06000018,Digital,Adult,2025-05-01/P1M,1,,,
E06000018,Digital,Adult,2025-06-01/P1M,6,,,
E06000018,Digital,Adult,2025-07-01/P1M,15,,,
E06000018,Digital,Adult,2025-08-01/P1M,14,,,
E06000018,Digital,Adult,2025-09-01/P1M,15,,,
E06000018,Digital,Adult,2025-10-01/P1M,13,,,
E06000018,Digital,Adult,2025-11-01/P1M,17,,,
E06000018,Digital,Adult,2025-12-01/P1M,14,,,
E06000018,Digital,Adult,2026-01-01/P1M,9,,,
E06000018,Digital,Adult,2026-02-01/P1M,16,,,
E06000018,Digital,Adult,2026-03-01/P1M,12,,,
E10000024,Physical,Unknown,2025-04-01/P1M,23607,,,
E10000024,Physical,Unknown,2025-05-01/P1M,25780,,,
E10000024,Physical,Unknown,2025-06-01/P1M,31275,,,
E10000024,Physical,Unknown,2025-07-01/P1M,33368,,,
E10000024,Physical,Unknown,2025-08-01/P1M,27157,,,
E10000024,Physical,Unknown,2025-09-01/P1M,25798,,,
E10000024,Physical,Unknown,2025-10-01/P1M,30526,,,
E10000024,Physical,Unknown,2025-11-01/P1M,30624,,,
E10000024,Physical,Unknown,2025-12-01/P1M,19465,,,
E10000024,Physical,Unknown,2026-01-01/P1M,23006,,,
E10000024,Physical,Unknown,2026-02-01/P1M,25781,,,
E10000024,Physical,Unknown,2026-03-01/P1M,32800,,,
E10000024,Physical,Under 12,2025-04-01/P1Y,0,,,
E10000024,Physical,12-17,2025-04-01/P1Y,0,,,
E10000024,Physical,Adult,2025-04-01/P1Y,0,,,
E10000024,Digital,Unknown,2025-04-01/P1M,1016,,,
E10000024,Digital,Unknown,2025-05-01/P1M,540,,,
E10000024,Digital,Unknown,2025-06-01/P1M,320,,,
E10000024,Digital,Unknown,2025-07-01/P1M,3403,,,
E10000024,Digital,Unknown,2025-08-01/P1M,101,,,
E10000024,Digital,Unknown,2025-09-01/P1M,150,,,
E10000024,Digital,Unknown,2025-10-01/P1M,147,,,
E10000024,Digital,Unknown,2025-11-01/P1M,12,,,
E10000024,Digital,Unknown,2025-12-01/P1M,3,,,
E10000024,Digital,Unknown,2026-01-01/P1M,2,,,
E10000024,Digital,Unknown,2026-02-01/P1M,35,,,
E10000024,Digital,Unknown,2026-03-01/P1M,1610,,,
E10000024,Digital,Under 12,2025-04-01/P1Y,0,,,
E10000024,Digital,12-17,2025-04-01/P1Y,0,,,
E10000024,Digital,Adult,2025-04-01/P1Y,0,,,
E08000004,Physical,Under 12,2025-04-01/P1M,866,,,
E08000004,Physical,Under 12,2025-05-01/P1M,751,,,
E08000004,Physical,Under 12,2025-06-01/P1M,1462,,,
E08000004,Physical,Under 12,2025-07-01/P1M,1899,,,
E08000004,Physical,Under 12,2025-08-01/P1M,1145,,,
E08000004,Physical,Under 12,2025-09-01/P1M,1050,,,
E08000004,Physical,Under 12,2025-10-01/P1M,1355,,,
E08000004,Physical,Under 12,2025-11-01/P1M,1268,,,
E08000004,Physical,Under 12,2025-12-01/P1M,3686,,,
E08000004,Physical,Under 12,2026-01-01/P1M,1469,,,
E08000004,Physical,Under 12,2026-02-01/P1M,1752,,,
E08000004,Physical,Under 12,2026-03-01/P1M,1245,,,
E08000004,Physical,12-17,2025-04-01/P1M,28,,,
E08000004,Physical,12-17,2025-05-01/P1M,0,,,
E08000004,Physical,12-17,2025-06-01/P1M,13,,,
E08000004,Physical,12-17,2025-07-01/P1M,0,,,
E08000004,Physical,12-17,2025-08-01/P1M,24,,,
E08000004,Physical,12-17,2025-09-01/P1M,0,,,
E08000004,Physical,12-17,2025-10-01/P1M,24,,,
E08000004,Physical,12-17,2025-11-01/P1M,11,,,
E08000004,Physical,12-17,2025-12-01/P1M,0,,,
E08000004,Physical,12-17,2026-01-01/P1M,0,,,
E08000004,Physical,12-17,2026-02-01/P1M,21,,,
E08000004,Physical,12-17,2026-03-01/P1M,7,,,
E08000004,Physical,Adult,2025-04-01/P1M,2891,,,
E08000004,Physical,Adult,2025-05-01/P1M,3396,,,
E08000004,Physical,Adult,2025-06-01/P1M,4335,,,
E08000004,Physical,Adult,2025-07-01/P1M,3749,,,
E08000004,Physical,Adult,2025-08-01/P1M,4518,,,
E08000004,Physical,Adult,2025-09-01/P1M,3934,,,
E08000004,Physical,Adult,2025-10-01/P1M,3707,,,
E08000004,Physical,Adult,2025-11-01/P1M,3512,,,
E08000004,Physical,Adult,2025-12-01/P1M,3254,,,
E08000004,Physical,Adult,2026-01-01/P1M,4137,,,
E08000004,Physical,Adult,2026-02-01/P1M,4301,,,
E08000004,Physical,Adult,2026-03-01/P1M,4482,,,
E08000004,Digital,Unknown,2025-04-01/P1Y,0,,,
E08000004,Digital,Under 12,2025-04-01/P1Y,0,,,
E08000004,Digital,12-17,2025-04-01/P1Y,0,,,
E08000004,Digital,Adult,2025-04-01/P1Y,0,,,
E10000025,Physical,Under 12,2025-04-01/P1M,13599,,,
E10000025,Physical,Under 12,2025-05-01/P1M,12944,,,
E10000025,Physical,Under 12,2025-06-01/P1M,14598,,,
E10000025,Physical,Under 12,2025-07-01/P1M,24647,,,
E10000025,Physical,Under 12,2025-08-01/P1M,12858,,,
E10000025,Physical,Under 12,2025-09-01/P1M,12045,,,
E10000025,Physical,Under 12,2025-10-01/P1M,16441,,,
E10000025,Physical,Under 12,2025-11-01/P1M,13184,,,
E10000025,Physical,Under 12,2025-12-01/P1M,12217,,,
E10000025,Physical,Under 12,2026-01-01/P1M,13103,,,
E10000025,Physical,Under 12,2026-02-01/P1M,17906,,,
E10000025,Physical,Under 12,2026-03-01/P1M,17105,,,
E10000025,Physical,12-17,2025-04-01/P1Y,0,,,
E10000025,Physical,Adult,2025-04-01/P1M,3727,,,
E10000025,Physical,Adult,2025-05-01/P1M,5531,,,
E10000025,Physical,Adult,2025-06-01/P1M,4588,,,
E10000025,Physical,Adult,2025-07-01/P1M,4067,,,
E10000025,Physical,Adult,2025-08-01/P1M,3057,,,
E10000025,Physical,Adult,2025-09-01/P1M,3238,,,
E10000025,Physical,Adult,2025-10-01/P1M,4439,,,
E10000025,Physical,Adult,2025-11-01/P1M,4763,,,
E10000025,Physical,Adult,2025-12-01/P1M,4481,,,
E10000025,Physical,Adult,2026-01-01/P1M,4378,,,
E10000025,Physical,Adult,2026-02-01/P1M,4661,,,
E10000025,Physical,Adult,2026-03-01/P1M,4838,,,
E10000025,Digital,Unknown,2025-04-01/P1Y,0,,,
E10000025,Digital,Under 12,2025-04-01/P1Y,0,,,
E10000025,Digital,12-17,2025-04-01/P1Y,0,,,
E10000025,Digital,Adult,2025-04-01/P1Y,0,,,
E06000031,Physical,Under 12,2025-04-01/P1M,434,,suspicious,"Source audit: total_attendees_physical_events: 2024/2025: 1,541; 2025/2026: 11,810 (7.66 times; +666.4%). Check units, collection scope and completeness; a change alone does not prove error. Values retained as reported pending source confirmation."
E06000031,Physical,Under 12,2025-05-01/P1M,460,,suspicious,"Source audit: total_attendees_physical_events: 2024/2025: 1,541; 2025/2026: 11,810 (7.66 times; +666.4%). Check units, collection scope and completeness; a change alone does not prove error. Values retained as reported pending source confirmation."
E06000031,Physical,Under 12,2025-06-01/P1M,436,,suspicious,"Source audit: total_attendees_physical_events: 2024/2025: 1,541; 2025/2026: 11,810 (7.66 times; +666.4%). Check units, collection scope and completeness; a change alone does not prove error. Values retained as reported pending source confirmation."
E06000031,Physical,Under 12,2025-07-01/P1M,344,,suspicious,"Source audit: total_attendees_physical_events: 2024/2025: 1,541; 2025/2026: 11,810 (7.66 times; +666.4%). Check units, collection scope and completeness; a change alone does not prove error. Values retained as reported pending source confirmation."
E06000031,Physical,Under 12,2025-08-01/P1M,378,,suspicious,"Source audit: total_attendees_physical_events: 2024/2025: 1,541; 2025/2026: 11,810 (7.66 times; +666.4%). Check units, collection scope and completeness; a change alone does not prove error. Values retained as reported pending source confirmation."
E06000031,Physical,Under 12,2025-09-01/P1M,588,,suspicious,"Source audit: total_attendees_physical_events: 2024/2025: 1,541; 2025/2026: 11,810 (7.66 times; +666.4%). Check units, collection scope and completeness; a change alone does not prove error. Values retained as reported pending source confirmation."
E06000031,Physical,Under 12,2025-10-01/P1M,474,,suspicious,"Source audit: total_attendees_physical_events: 2024/2025: 1,541; 2025/2026: 11,810 (7.66 times; +666.4%). Check units, collection scope and completeness; a change alone does not prove error. Values retained as reported pending source confirmation."
E06000031,Physical,Under 12,2025-11-01/P1M,470,,suspicious,"Source audit: total_attendees_physical_events: 2024/2025: 1,541; 2025/2026: 11,810 (7.66 times; +666.4%). Check units, collection scope and completeness; a change alone does not prove error. Values retained as reported pending source confirmation."
E06000031,Physical,Under 12,2025-12-01/P1M,312,,suspicious,"Source audit: total_attendees_physical_events: 2024/2025: 1,541; 2025/2026: 11,810 (7.66 times; +666.4%). Check units, collection scope and completeness; a change alone does not prove error. Values retained as reported pending source confirmation."
E06000031,Physical,Under 12,2026-01-01/P1M,458,,suspicious,"Source audit: total_attendees_physical_events: 2024/2025: 1,541; 2025/2026: 11,810 (7.66 times; +666.4%). Check units, collection scope and completeness; a change alone does not prove error. Values retained as reported pending source confirmation."
E06000031,Physical,Under 12,2026-02-01/P1M,598,,suspicious,"Source audit: total_attendees_physical_events: 2024/2025: 1,541; 2025/2026: 11,810 (7.66 times; +666.4%). Check units, collection scope and completeness; a change alone does not prove error. Values retained as reported pending source confirmation."
E06000031,Physical,Under 12,2026-03-01/P1M,600,,suspicious,"Source audit: total_attendees_physical_events: 2024/2025: 1,541; 2025/2026: 11,810 (7.66 times; +666.4%). Check units, collection scope and completeness; a change alone does not prove error. Values retained as reported pending source confirmation."
E06000031,Physical,12-17,2025-04-01/P1Y,0,,suspicious,"Source audit: total_attendees_physical_events: 2024/2025: 1,541; 2025/2026: 11,810 (7.66 times; +666.4%). Check units, collection scope and completeness; a change alone does not prove error. Values retained as reported pending source confirmation."
E06000031,Physical,Adult,2025-04-01/P1M,504,,suspicious,"Source audit: total_attendees_physical_events: 2024/2025: 1,541; 2025/2026: 11,810 (7.66 times; +666.4%). Check units, collection scope and completeness; a change alone does not prove error. Values retained as reported pending source confirmation."
E06000031,Physical,Adult,2025-05-01/P1M,517,,suspicious,"Source audit: total_attendees_physical_events: 2024/2025: 1,541; 2025/2026: 11,810 (7.66 times; +666.4%). Check units, collection scope and completeness; a change alone does not prove error. Values retained as reported pending source confirmation."
E06000031,Physical,Adult,2025-06-01/P1M,393,,suspicious,"Source audit: total_attendees_physical_events: 2024/2025: 1,541; 2025/2026: 11,810 (7.66 times; +666.4%). Check units, collection scope and completeness; a change alone does not prove error. Values retained as reported pending source confirmation."
E06000031,Physical,Adult,2025-07-01/P1M,369,,suspicious,"Source audit: total_attendees_physical_events: 2024/2025: 1,541; 2025/2026: 11,810 (7.66 times; +666.4%). Check units, collection scope and completeness; a change alone does not prove error. Values retained as reported pending source confirmation."
E06000031,Physical,Adult,2025-08-01/P1M,442,,suspicious,"Source audit: total_attendees_physical_events: 2024/2025: 1,541; 2025/2026: 11,810 (7.66 times; +666.4%). Check units, collection scope and completeness; a change alone does not prove error. Values retained as reported pending source confirmation."
E06000031,Physical,Adult,2025-09-01/P1M,525,,suspicious,"Source audit: total_attendees_physical_events: 2024/2025: 1,541; 2025/2026: 11,810 (7.66 times; +666.4%). Check units, collection scope and completeness; a change alone does not prove error. Values retained as reported pending source confirmation."
E06000031,Physical,Adult,2025-10-01/P1M,608,,suspicious,"Source audit: total_attendees_physical_events: 2024/2025: 1,541; 2025/2026: 11,810 (7.66 times; +666.4%). Check units, collection scope and completeness; a change alone does not prove error. Values retained as reported pending source confirmation."
E06000031,Physical,Adult,2025-11-01/P1M,583,,suspicious,"Source audit: total_attendees_physical_events: 2024/2025: 1,541; 2025/2026: 11,810 (7.66 times; +666.4%). Check units, collection scope and completeness; a change alone does not prove error. Values retained as reported pending source confirmation."
E06000031,Physical,Adult,2025-12-01/P1M,402,,suspicious,"Source audit: total_attendees_physical_events: 2024/2025: 1,541; 2025/2026: 11,810 (7.66 times; +666.4%). Check units, collection scope and completeness; a change alone does not prove error. Values retained as reported pending source confirmation."
E06000031,Physical,Adult,2026-01-01/P1M,509,,suspicious,"Source audit: total_attendees_physical_events: 2024/2025: 1,541; 2025/2026: 11,810 (7.66 times; +666.4%). Check units, collection scope and completeness; a change alone does not prove error. Values retained as reported pending source confirmation."
E06000031,Physical,Adult,2026-02-01/P1M,685,,suspicious,"Source audit: total_attendees_physical_events: 2024/2025: 1,541; 2025/2026: 11,810 (7.66 times; +666.4%). Check units, collection scope and completeness; a change alone does not prove error. Values retained as reported pending source confirmation."
E06000031,Physical,Adult,2026-03-01/P1M,721,,suspicious,"Source audit: total_attendees_physical_events: 2024/2025: 1,541; 2025/2026: 11,810 (7.66 times; +666.4%). Check units, collection scope and completeness; a change alone does not prove error. Values retained as reported pending source confirmation."
E06000031,Digital,Unknown,2025-04-01/P1Y,0,,,
E06000031,Digital,Under 12,2025-04-01/P1Y,0,,,
E06000031,Digital,12-17,2025-04-01/P1Y,0,,,
E06000031,Digital,Adult,2025-04-01/P1Y,0,,,
E06000044,Physical,Under 12,2025-04-01/P1M,1280,,,
E06000044,Physical,Under 12,2025-05-01/P1M,1874,,,
E06000044,Physical,Under 12,2025-06-01/P1M,1368,,,
E06000044,Physical,Under 12,2025-07-01/P1M,1247,,,
E06000044,Physical,Under 12,2025-08-01/P1M,1739,,,
E06000044,Physical,Under 12,2025-09-01/P1M,1146,,,
E06000044,Physical,Under 12,2025-10-01/P1M,1515,,,
E06000044,Physical,Under 12,2025-11-01/P1M,1400,,,
E06000044,Physical,Under 12,2025-12-01/P1M,1351,,,
E06000044,Physical,Under 12,2026-01-01/P1M,1344,,,
E06000044,Physical,Under 12,2026-02-01/P1M,2566,,,
E06000044,Physical,Under 12,2026-03-01/P1M,1766,,,
E06000044,Physical,12-17,2025-04-01/P1M,0,,,
E06000044,Physical,12-17,2025-05-01/P1M,13,,,
E06000044,Physical,12-17,2025-06-01/P1M,0,,,
E06000044,Physical,12-17,2025-07-01/P1M,4,,,
E06000044,Physical,12-17,2025-08-01/P1M,0,,,
E06000044,Physical,12-17,2025-09-01/P1M,0,,,
E06000044,Physical,12-17,2025-10-01/P1M,0,,,
E06000044,Physical,12-17,2025-11-01/P1M,18,,,
E06000044,Physical,12-17,2025-12-01/P1M,0,,,
E06000044,Physical,12-17,2026-01-01/P1M,21,,,
E06000044,Physical,12-17,2026-02-01/P1M,9,,,
E06000044,Physical,12-17,2026-03-01/P1M,17,,,
E06000044,Physical,Adult,2025-04-01/P1M,1359,,,
E06000044,Physical,Adult,2025-05-01/P1M,1794,,,
E06000044,Physical,Adult,2025-06-01/P1M,1415,,,
E06000044,Physical,Adult,2025-07-01/P1M,1510,,,
E06000044,Physical,Adult,2025-08-01/P1M,1931,,,
E06000044,Physical,Adult,2025-09-01/P1M,1553,,,
E06000044,Physical,Adult,2025-10-01/P1M,1870,,,
E06000044,Physical,Adult,2025-11-01/P1M,1606,,,
E06000044,Physical,Adult,2025-12-01/P1M,1524,,,
E06000044,Physical,Adult,2026-01-01/P1M,1714,,,
E06000044,Physical,Adult,2026-02-01/P1M,2541,,,
E06000044,Physical,Adult,2026-03-01/P1M,1666,,,
E06000044,Digital,Under 12,2025-04-01/P1M,34,,,
E06000044,Digital,Under 12,2025-05-01/P1M,34,,,
E06000044,Digital,Under 12,2025-06-01/P1M,0,,,
E06000044,Digital,Under 12,2025-07-01/P1M,0,,,
E06000044,Digital,Under 12,2025-08-01/P1M,229,,,
E06000044,Digital,Under 12,2025-09-01/P1M,18,,,
E06000044,Digital,Under 12,2025-10-01/P1M,37,,,
E06000044,Digital,Under 12,2025-11-01/P1M,18,,,
E06000044,Digital,Under 12,2025-12-01/P1M,0,,,
E06000044,Digital,Under 12,2026-01-01/P1M,0,,,
E06000044,Digital,Under 12,2026-02-01/P1M,16,,,
E06000044,Digital,Under 12,2026-03-01/P1M,0,,,
E06000044,Digital,12-17,2025-04-01/P1Y,0,,,
E06000044,Digital,Adult,2025-04-01/P1M,0,,,
E06000044,Digital,Adult,2025-05-01/P1M,0,,,
E06000044,Digital,Adult,2025-06-01/P1M,35,,,
E06000044,Digital,Adult,2025-07-01/P1M,0,,,
E06000044,Digital,Adult,2025-08-01/P1M,0,,,
E06000044,Digital,Adult,2025-09-01/P1M,0,,,
E06000044,Digital,Adult,2025-10-01/P1M,28,,,
E06000044,Digital,Adult,2025-11-01/P1M,0,,,
E06000044,Digital,Adult,2025-12-01/P1M,0,,,
E06000044,Digital,Adult,2026-01-01/P1M,24,,,
E06000044,Digital,Adult,2026-02-01/P1M,24,,,
E06000044,Digital,Adult,2026-03-01/P1M,0,,,
E06000038,Physical,Under 12,2025-04-01/P1M,762,,,
E06000038,Physical,Under 12,2025-05-01/P1M,978,,,
E06000038,Physical,Under 12,2025-06-01/P1M,1191,,,
E06000038,Physical,Under 12,2025-07-01/P1M,1729,,,
E06000038,Physical,Under 12,2025-08-01/P1M,1754,,,
E06000038,Physical,Under 12,2025-09-01/P1M,1353,,,
E06000038,Physical,Under 12,2025-10-01/P1M,1432,,,
E06000038,Physical,Under 12,2025-11-01/P1M,1302,,,
E06000038,Physical,Under 12,2025-12-01/P1M,1166,,,
E06000038,Physical,Under 12,2026-01-01/P1M,1364,,,
E06000038,Physical,Under 12,2026-02-01/P1M,1621,,,
E06000038,Physical,Under 12,2026-03-01/P1M,1730,,,
E06000038,Physical,12-17,2025-04-01/P1Y,0,,,
E06000038,Physical,Adult,2025-04-01/P1Y,0,,,
E06000038,Digital,Unknown,2025-04-01/P1Y,0,,,
E06000038,Digital,Under 12,2025-04-01/P1Y,0,,,
E06000038,Digital,12-17,2025-04-01/P1Y,0,,,
E06000038,Digital,Adult,2025-04-01/P1Y,0,,,
E09000027,Physical,Under 12,2025-04-01/P1M,1159,,,
E09000027,Physical,Under 12,2025-05-01/P1M,1198,,,
E09000027,Physical,Under 12,2025-06-01/P1M,973,,,
E09000027,Physical,Under 12,2025-07-01/P1M,1349,,,
E09000027,Physical,Under 12,2025-08-01/P1M,1465,,,
E09000027,Physical,Under 12,2025-09-01/P1M,1124,,,
E09000027,Physical,Under 12,2025-10-01/P1M,1267,,,
E09000027,Physical,Under 12,2025-11-01/P1M,1153,,,
E09000027,Physical,Under 12,2025-12-01/P1M,769,,,
E09000027,Physical,Under 12,2026-01-01/P1M,1194,,,
E09000027,Physical,Under 12,2026-02-01/P1M,1102,,,
E09000027,Physical,Under 12,2026-03-01/P1M,995,,,
E09000027,Physical,12-17,2025-04-01/P1Y,0,,,
E09000027,Physical,Adult,2025-04-01/P1M,431,,,
E09000027,Physical,Adult,2025-05-01/P1M,598,,,
E09000027,Physical,Adult,2025-06-01/P1M,629,,,
E09000027,Physical,Adult,2025-07-01/P1M,464,,,
E09000027,Physical,Adult,2025-08-01/P1M,319,,,
E09000027,Physical,Adult,2025-09-01/P1M,787,,,
E09000027,Physical,Adult,2025-10-01/P1M,849,,,
E09000027,Physical,Adult,2025-11-01/P1M,1056,,,
E09000027,Physical,Adult,2025-12-01/P1M,381,,,
E09000027,Physical,Adult,2026-01-01/P1M,642,,,
E09000027,Physical,Adult,2026-02-01/P1M,857,,,
E09000027,Physical,Adult,2026-03-01/P1M,1037,,,
E09000027,Digital,Unknown,2025-04-01/P1Y,0,,,
E09000027,Digital,Under 12,2025-04-01/P1Y,0,,,
E09000027,Digital,12-17,2025-04-01/P1Y,0,,,
E09000027,Digital,Adult,2025-04-01/P1Y,0,,,
E08000018,Physical,Under 12,2025-04-01/P1M,4031,,,
E08000018,Physical,Under 12,2025-05-01/P1M,4315,,,
E08000018,Physical,Under 12,2025-06-01/P1M,4201,,,
E08000018,Physical,Under 12,2025-07-01/P1M,5463,,,
E08000018,Physical,Under 12,2025-08-01/P1M,5024,,,
E08000018,Physical,Under 12,2025-09-01/P1M,4199,,,
E08000018,Physical,Under 12,2025-10-01/P1M,4410,,,
E08000018,Physical,Under 12,2025-11-01/P1M,4081,,,
E08000018,Physical,Under 12,2025-12-01/P1M,2814,,,
E08000018,Physical,Under 12,2026-01-01/P1M,3470,,,
E08000018,Physical,Under 12,2026-02-01/P1M,4188,,,
E08000018,Physical,Under 12,2026-03-01/P1M,5333,,,
E08000018,Physical,12-17,2025-04-01/P1Y,0,,,
E08000018,Physical,Adult,2025-04-01/P1M,6325,,,
E08000018,Physical,Adult,2025-05-01/P1M,5563,,,
E08000018,Physical,Adult,2025-06-01/P1M,6339,,,
E08000018,Physical,Adult,2025-07-01/P1M,6674,,,
E08000018,Physical,Adult,2025-08-01/P1M,5734,,,
E08000018,Physical,Adult,2025-09-01/P1M,6851,,,
E08000018,Physical,Adult,2025-10-01/P1M,7589,,,
E08000018,Physical,Adult,2025-11-01/P1M,6603,,,
E08000018,Physical,Adult,2025-12-01/P1M,4028,,,
E08000018,Physical,Adult,2026-01-01/P1M,6170,,,
E08000018,Physical,Adult,2026-02-01/P1M,6436,,,
E08000018,Physical,Adult,2026-03-01/P1M,7164,,,
E08000018,Digital,Unknown,2025-04-01/P1Y,0,,,
E08000018,Digital,Under 12,2025-04-01/P1Y,0,,,
E08000018,Digital,12-17,2025-04-01/P1Y,0,,,
E08000018,Digital,Adult,2025-04-01/P1Y,0,,,
E08000028,Physical,Under 12,2025-04-01/P1M,10343,,,
E08000028,Physical,Under 12,2025-05-01/P1M,10036,,,
E08000028,Physical,Under 12,2025-06-01/P1M,8341,,,
E08000028,Physical,Under 12,2025-07-01/P1M,11773,,,
E08000028,Physical,Under 12,2025-08-01/P1M,13783,,,
E08000028,Physical,Under 12,2025-09-01/P1M,9662,,,
E08000028,Physical,Under 12,2025-10-01/P1M,13020,,,
E08000028,Physical,Under 12,2025-11-01/P1M,10589,,,
E08000028,Physical,Under 12,2025-12-01/P1M,10045,,,
E08000028,Physical,Under 12,2026-01-01/P1M,9597,,,
E08000028,Physical,Under 12,2026-02-01/P1M,13365,,,
E08000028,Physical,Under 12,2026-03-01/P1M,15157,,,
E08000028,Physical,12-17,2025-04-01/P1Y,0,,,
E08000028,Physical,Adult,2025-04-01/P1M,2785,,suspicious,"Source audit: physical_attendees_adults: August 216 versus median nonzero month 3,368 (0.06 times). Could be a typo, changed scope or genuine activity; confirm with service. Values retained as reported pending source confirmation."
E08000028,Physical,Adult,2025-05-01/P1M,3052,,suspicious,"Source audit: physical_attendees_adults: August 216 versus median nonzero month 3,368 (0.06 times). Could be a typo, changed scope or genuine activity; confirm with service. Values retained as reported pending source confirmation."
E08000028,Physical,Adult,2025-06-01/P1M,4997,,suspicious,"Source audit: physical_attendees_adults: August 216 versus median nonzero month 3,368 (0.06 times). Could be a typo, changed scope or genuine activity; confirm with service. Values retained as reported pending source confirmation."
E08000028,Physical,Adult,2025-07-01/P1M,4096,,suspicious,"Source audit: physical_attendees_adults: August 216 versus median nonzero month 3,368 (0.06 times). Could be a typo, changed scope or genuine activity; confirm with service. Values retained as reported pending source confirmation."
E08000028,Physical,Adult,2025-08-01/P1M,216,,suspicious,"Source audit: physical_attendees_adults: August 216 versus median nonzero month 3,368 (0.06 times). Could be a typo, changed scope or genuine activity; confirm with service. Values retained as reported pending source confirmation."
E08000028,Physical,Adult,2025-09-01/P1M,4318,,suspicious,"Source audit: physical_attendees_adults: August 216 versus median nonzero month 3,368 (0.06 times). Could be a typo, changed scope or genuine activity; confirm with service. Values retained as reported pending source confirmation."
E08000028,Physical,Adult,2025-10-01/P1M,3684,,suspicious,"Source audit: physical_attendees_adults: August 216 versus median nonzero month 3,368 (0.06 times). Could be a typo, changed scope or genuine activity; confirm with service. Values retained as reported pending source confirmation."
E08000028,Physical,Adult,2025-11-01/P1M,4501,,suspicious,"Source audit: physical_attendees_adults: August 216 versus median nonzero month 3,368 (0.06 times). Could be a typo, changed scope or genuine activity; confirm with service. Values retained as reported pending source confirmation."
E08000028,Physical,Adult,2025-12-01/P1M,3050,,suspicious,"Source audit: physical_attendees_adults: August 216 versus median nonzero month 3,368 (0.06 times). Could be a typo, changed scope or genuine activity; confirm with service. Values retained as reported pending source confirmation."
E08000028,Physical,Adult,2026-01-01/P1M,2934,,suspicious,"Source audit: physical_attendees_adults: August 216 versus median nonzero month 3,368 (0.06 times). Could be a typo, changed scope or genuine activity; confirm with service. Values retained as reported pending source confirmation."
E08000028,Physical,Adult,2026-02-01/P1M,2999,,suspicious,"Source audit: physical_attendees_adults: August 216 versus median nonzero month 3,368 (0.06 times). Could be a typo, changed scope or genuine activity; confirm with service. Values retained as reported pending source confirmation."
E08000028,Physical,Adult,2026-03-01/P1M,5205,,suspicious,"Source audit: physical_attendees_adults: August 216 versus median nonzero month 3,368 (0.06 times). Could be a typo, changed scope or genuine activity; confirm with service. Values retained as reported pending source confirmation."
E08000028,Digital,Unknown,2025-04-01/P1Y,0,,,
E08000028,Digital,Under 12,2025-04-01/P1Y,0,,,
E08000028,Digital,12-17,2025-04-01/P1Y,0,,,
E08000028,Digital,Adult,2025-04-01/P1Y,0,,,
E08000014,Physical,Under 12,2025-04-01/P1M,2426,,suspicious,"Source audit: total_attendees_physical_events: Annual: reported total 43,874; category sum 45,962; difference -2,088. Categories exceed total; check duplication, scope and reporting frequency. Event audiences may overlap. Values retained as reported pending source confirmation."
E08000014,Physical,Under 12,2025-05-01/P1M,2104,,suspicious,"Source audit: total_attendees_physical_events: Annual: reported total 43,874; category sum 45,962; difference -2,088. Categories exceed total; check duplication, scope and reporting frequency. Event audiences may overlap. Values retained as reported pending source confirmation."
E08000014,Physical,Under 12,2025-06-01/P1M,1568,,suspicious,"Source audit: total_attendees_physical_events: Annual: reported total 43,874; category sum 45,962; difference -2,088. Categories exceed total; check duplication, scope and reporting frequency. Event audiences may overlap. Values retained as reported pending source confirmation."
E08000014,Physical,Under 12,2025-07-01/P1M,1870,,suspicious,"Source audit: total_attendees_physical_events: Annual: reported total 43,874; category sum 45,962; difference -2,088. Categories exceed total; check duplication, scope and reporting frequency. Event audiences may overlap. Values retained as reported pending source confirmation."
E08000014,Physical,Under 12,2025-08-01/P1M,2558,,suspicious,"Source audit: total_attendees_physical_events: Annual: reported total 43,874; category sum 45,962; difference -2,088. Categories exceed total; check duplication, scope and reporting frequency. Event audiences may overlap. Values retained as reported pending source confirmation."
E08000014,Physical,Under 12,2025-09-01/P1M,1908,,suspicious,"Source audit: total_attendees_physical_events: Annual: reported total 43,874; category sum 45,962; difference -2,088. Categories exceed total; check duplication, scope and reporting frequency. Event audiences may overlap. Values retained as reported pending source confirmation."
E08000014,Physical,Under 12,2025-10-01/P1M,2459,,suspicious,"Source audit: total_attendees_physical_events: Annual: reported total 43,874; category sum 45,962; difference -2,088. Categories exceed total; check duplication, scope and reporting frequency. Event audiences may overlap. Values retained as reported pending source confirmation."
E08000014,Physical,Under 12,2025-11-01/P1M,1798,,suspicious,"Source audit: total_attendees_physical_events: Annual: reported total 43,874; category sum 45,962; difference -2,088. Categories exceed total; check duplication, scope and reporting frequency. Event audiences may overlap. Values retained as reported pending source confirmation."
E08000014,Physical,Under 12,2025-12-01/P1M,1153,,suspicious,"Source audit: total_attendees_physical_events: Annual: reported total 43,874; category sum 45,962; difference -2,088. Categories exceed total; check duplication, scope and reporting frequency. Event audiences may overlap. Values retained as reported pending source confirmation."
E08000014,Physical,Under 12,2026-01-01/P1M,1912,,suspicious,"Source audit: total_attendees_physical_events: Annual: reported total 43,874; category sum 45,962; difference -2,088. Categories exceed total; check duplication, scope and reporting frequency. Event audiences may overlap. Values retained as reported pending source confirmation."
E08000014,Physical,Under 12,2026-02-01/P1M,1578,,suspicious,"Source audit: total_attendees_physical_events: Annual: reported total 43,874; category sum 45,962; difference -2,088. Categories exceed total; check duplication, scope and reporting frequency. Event audiences may overlap. Values retained as reported pending source confirmation."
E08000014,Physical,Under 12,2026-03-01/P1M,1211,,suspicious,"Source audit: total_attendees_physical_events: Annual: reported total 43,874; category sum 45,962; difference -2,088. Categories exceed total; check duplication, scope and reporting frequency. Event audiences may overlap. Values retained as reported pending source confirmation."
E08000014,Physical,12-17,2025-04-01/P1Y,0,,suspicious,"Source audit: total_attendees_physical_events: Annual: reported total 43,874; category sum 45,962; difference -2,088. Categories exceed total; check duplication, scope and reporting frequency. Event audiences may overlap. Values retained as reported pending source confirmation."
E08000014,Physical,Adult,2025-04-01/P1M,1870,,suspicious,"Source audit: total_attendees_physical_events: Annual: reported total 43,874; category sum 45,962; difference -2,088. Categories exceed total; check duplication, scope and reporting frequency. Event audiences may overlap. Values retained as reported pending source confirmation."
E08000014,Physical,Adult,2025-05-01/P1M,1827,,suspicious,"Source audit: total_attendees_physical_events: Annual: reported total 43,874; category sum 45,962; difference -2,088. Categories exceed total; check duplication, scope and reporting frequency. Event audiences may overlap. Values retained as reported pending source confirmation."
E08000014,Physical,Adult,2025-06-01/P1M,1898,,suspicious,"Source audit: total_attendees_physical_events: Annual: reported total 43,874; category sum 45,962; difference -2,088. Categories exceed total; check duplication, scope and reporting frequency. Event audiences may overlap. Values retained as reported pending source confirmation."
E08000014,Physical,Adult,2025-07-01/P1M,1658,,suspicious,"Source audit: total_attendees_physical_events: Annual: reported total 43,874; category sum 45,962; difference -2,088. Categories exceed total; check duplication, scope and reporting frequency. Event audiences may overlap. Values retained as reported pending source confirmation."
E08000014,Physical,Adult,2025-08-01/P1M,1065,,suspicious,"Source audit: total_attendees_physical_events: Annual: reported total 43,874; category sum 45,962; difference -2,088. Categories exceed total; check duplication, scope and reporting frequency. Event audiences may overlap. Values retained as reported pending source confirmation."
E08000014,Physical,Adult,2025-09-01/P1M,1993,,suspicious,"Source audit: total_attendees_physical_events: Annual: reported total 43,874; category sum 45,962; difference -2,088. Categories exceed total; check duplication, scope and reporting frequency. Event audiences may overlap. Values retained as reported pending source confirmation."
E08000014,Physical,Adult,2025-10-01/P1M,2302,,suspicious,"Source audit: total_attendees_physical_events: Annual: reported total 43,874; category sum 45,962; difference -2,088. Categories exceed total; check duplication, scope and reporting frequency. Event audiences may overlap. Values retained as reported pending source confirmation."
E08000014,Physical,Adult,2025-11-01/P1M,2246,,suspicious,"Source audit: total_attendees_physical_events: Annual: reported total 43,874; category sum 45,962; difference -2,088. Categories exceed total; check duplication, scope and reporting frequency. Event audiences may overlap. Values retained as reported pending source confirmation."
E08000014,Physical,Adult,2025-12-01/P1M,1000,,suspicious,"Source audit: total_attendees_physical_events: Annual: reported total 43,874; category sum 45,962; difference -2,088. Categories exceed total; check duplication, scope and reporting frequency. Event audiences may overlap. Values retained as reported pending source confirmation."
E08000014,Physical,Adult,2026-01-01/P1M,1445,,suspicious,"Source audit: total_attendees_physical_events: Annual: reported total 43,874; category sum 45,962; difference -2,088. Categories exceed total; check duplication, scope and reporting frequency. Event audiences may overlap. Values retained as reported pending source confirmation."
E08000014,Physical,Adult,2026-02-01/P1M,3968,,suspicious,"Source audit: total_attendees_physical_events: Annual: reported total 43,874; category sum 45,962; difference -2,088. Categories exceed total; check duplication, scope and reporting frequency. Event audiences may overlap. Values retained as reported pending source confirmation."
E08000014,Physical,Adult,2026-03-01/P1M,2145,,suspicious,"Source audit: total_attendees_physical_events: Annual: reported total 43,874; category sum 45,962; difference -2,088. Categories exceed total; check duplication, scope and reporting frequency. Event audiences may overlap. Values retained as reported pending source confirmation."
E08000014,Digital,Unknown,2025-04-01/P1Y,0,,,
E08000014,Digital,Under 12,2025-04-01/P1Y,0,,,
E08000014,Digital,12-17,2025-04-01/P1Y,0,,,
E08000014,Digital,Adult,2025-04-01/P1Y,0,,,
E08000019,Physical,Under 12,2025-04-01/P1M,1680,,,
E08000019,Physical,Under 12,2025-05-01/P1M,1749,,,
E08000019,Physical,Under 12,2025-06-01/P1M,2812,,,
E08000019,Physical,Under 12,2025-07-01/P1M,3421,,,
E08000019,Physical,Under 12,2025-08-01/P1M,1752,,,
E08000019,Physical,Under 12,2025-09-01/P1M,1949,,,
E08000019,Physical,Under 12,2025-10-01/P1M,2570,,,
E08000019,Physical,Under 12,2025-11-01/P1M,2701,,,
E08000019,Physical,Under 12,2025-12-01/P1M,1275,,,
E08000019,Physical,Under 12,2026-01-01/P1M,2072,,,
E08000019,Physical,Under 12,2026-02-01/P1M,1887,,,
E08000019,Physical,Under 12,2026-03-01/P1M,2208,,,
E08000019,Physical,12-17,2025-04-01/P1Y,0,,,
E08000019,Physical,Adult,2025-04-01/P1M,2046,,,
E08000019,Physical,Adult,2025-05-01/P1M,2189,,,
E08000019,Physical,Adult,2025-06-01/P1M,2349,,,
E08000019,Physical,Adult,2025-07-01/P1M,2430,,,
E08000019,Physical,Adult,2025-08-01/P1M,1796,,,
E08000019,Physical,Adult,2025-09-01/P1M,1729,,,
E08000019,Physical,Adult,2025-10-01/P1M,3406,,,
E08000019,Physical,Adult,2025-11-01/P1M,1991,,,
E08000019,Physical,Adult,2025-12-01/P1M,1519,,,
E08000019,Physical,Adult,2026-01-01/P1M,1993,,,
E08000019,Physical,Adult,2026-02-01/P1M,2387,,,
E08000019,Physical,Adult,2026-03-01/P1M,1923,,,
E08000019,Digital,Unknown,2025-04-01/P1Y,0,,,
E08000019,Digital,Under 12,2025-04-01/P1Y,0,,,
E08000019,Digital,12-17,2025-04-01/P1Y,0,,,
E08000019,Digital,Adult,2025-04-01/P1Y,0,,,
E06000051,Physical,Under 12,2025-04-01/P1M,1434,,,
E06000051,Physical,Under 12,2025-05-01/P1M,1468,,,
E06000051,Physical,Under 12,2025-06-01/P1M,1325,,,
E06000051,Physical,Under 12,2025-07-01/P1M,2850,,,
E06000051,Physical,Under 12,2025-08-01/P1M,1996,,,
E06000051,Physical,Under 12,2025-09-01/P1M,1591,,,
E06000051,Physical,Under 12,2025-10-01/P1M,2340,,,
E06000051,Physical,Under 12,2025-11-01/P1M,1848,,,
E06000051,Physical,Under 12,2025-12-01/P1M,1109,,,
E06000051,Physical,Under 12,2026-01-01/P1M,1109,,,
E06000051,Physical,Under 12,2026-02-01/P1M,2046,,,
E06000051,Physical,Under 12,2026-03-01/P1M,2020,,,
E06000051,Physical,12-17,2025-04-01/P1Y,0,,,
E06000051,Physical,Adult,2025-04-01/P1M,3825,,,
E06000051,Physical,Adult,2025-05-01/P1M,4201,,,
E06000051,Physical,Adult,2025-06-01/P1M,4607,,,
E06000051,Physical,Adult,2025-07-01/P1M,4447,,,
E06000051,Physical,Adult,2025-08-01/P1M,3648,,,
E06000051,Physical,Adult,2025-09-01/P1M,3754,,,
E06000051,Physical,Adult,2025-10-01/P1M,4738,,,
E06000051,Physical,Adult,2025-11-01/P1M,4591,,,
E06000051,Physical,Adult,2025-12-01/P1M,2636,,,
E06000051,Physical,Adult,2026-01-01/P1M,2636,,,
E06000051,Physical,Adult,2026-02-01/P1M,4650,,,
E06000051,Physical,Adult,2026-03-01/P1M,5278,,,
E06000051,Digital,Unknown,2025-04-01/P1Y,0,,,
E06000051,Digital,Under 12,2025-04-01/P1Y,0,,,
E06000051,Digital,12-17,2025-04-01/P1Y,0,,,
E06000051,Digital,Adult,2025-04-01/P1Y,0,,,
E06000039,Physical,Under 12,2025-04-01/P1M,656,,,
E06000039,Physical,Under 12,2025-05-01/P1M,922,,,
E06000039,Physical,Under 12,2025-06-01/P1M,1015,,,
E06000039,Physical,Under 12,2025-07-01/P1M,966,,,
E06000039,Physical,Under 12,2025-08-01/P1M,489,,,
E06000039,Physical,Under 12,2025-09-01/P1M,674,,,
E06000039,Physical,Under 12,2025-10-01/P1M,1250,,,
E06000039,Physical,Under 12,2025-11-01/P1M,1225,,,
E06000039,Physical,Under 12,2025-12-01/P1M,1047,,,
E06000039,Physical,Under 12,2026-01-01/P1M,592,,,
E06000039,Physical,Under 12,2026-02-01/P1M,925,,,
E06000039,Physical,Under 12,2026-03-01/P1M,2120,,,
E06000039,Physical,12-17,2025-04-01/P1M,0,,,
E06000039,Physical,12-17,2025-05-01/P1M,0,,,
E06000039,Physical,12-17,2025-06-01/P1M,26,,,
E06000039,Physical,12-17,2025-07-01/P1M,9,,,
E06000039,Physical,12-17,2025-08-01/P1M,0,,,
E06000039,Physical,12-17,2025-09-01/P1M,0,,,
E06000039,Physical,12-17,2025-10-01/P1M,42,,,
E06000039,Physical,12-17,2025-11-01/P1M,0,,,
E06000039,Physical,12-17,2025-12-01/P1M,0,,,
E06000039,Physical,12-17,2026-01-01/P1M,0,,,
E06000039,Physical,12-17,2026-02-01/P1M,0,,,
E06000039,Physical,12-17,2026-03-01/P1M,0,,,
E06000039,Physical,Adult,2025-04-01/P1M,599,,,
E06000039,Physical,Adult,2025-05-01/P1M,799,,,
E06000039,Physical,Adult,2025-06-01/P1M,777,,,
E06000039,Physical,Adult,2025-07-01/P1M,729,,,
E06000039,Physical,Adult,2025-08-01/P1M,312,,,
E06000039,Physical,Adult,2025-09-01/P1M,642,,,
E06000039,Physical,Adult,2025-10-01/P1M,970,,,
E06000039,Physical,Adult,2025-11-01/P1M,939,,,
E06000039,Physical,Adult,2025-12-01/P1M,625,,,
E06000039,Physical,Adult,2026-01-01/P1M,613,,,
E06000039,Physical,Adult,2026-02-01/P1M,746,,,
E06000039,Physical,Adult,2026-03-01/P1M,1110,,,
E06000039,Digital,Unknown,2025-04-01/P1Y,0,,,
E06000039,Digital,Under 12,2025-04-01/P1Y,0,,,
E06000039,Digital,12-17,2025-04-01/P1Y,0,,,
E06000039,Digital,Adult,2025-04-01/P1Y,0,,,
E06000066,Physical,Under 12,2025-04-01/P1M,2759,,suspicious,"Source audit: total_attendees_physical_events: Annual: reported total 153,003; category sum 185,472; difference -32,469. Categories exceed total; check duplication, scope and reporting frequency. Event audiences may overlap. Values retained as reported pending source confirmation."
E06000066,Physical,Under 12,2025-05-01/P1M,4143,,suspicious,"Source audit: total_attendees_physical_events: Annual: reported total 153,003; category sum 185,472; difference -32,469. Categories exceed total; check duplication, scope and reporting frequency. Event audiences may overlap. Values retained as reported pending source confirmation."
E06000066,Physical,Under 12,2025-06-01/P1M,16068,,suspicious,"Source audit: total_attendees_physical_events: Annual: reported total 153,003; category sum 185,472; difference -32,469. Categories exceed total; check duplication, scope and reporting frequency. Event audiences may overlap. Values retained as reported pending source confirmation."
E06000066,Physical,Under 12,2025-07-01/P1M,23163,,suspicious,"Source audit: total_attendees_physical_events: Annual: reported total 153,003; category sum 185,472; difference -32,469. Categories exceed total; check duplication, scope and reporting frequency. Event audiences may overlap. Values retained as reported pending source confirmation."
E06000066,Physical,Under 12,2025-08-01/P1M,2814,,suspicious,"Source audit: total_attendees_physical_events: Annual: reported total 153,003; category sum 185,472; difference -32,469. Categories exceed total; check duplication, scope and reporting frequency. Event audiences may overlap. Values retained as reported pending source confirmation."
E06000066,Physical,Under 12,2025-09-01/P1M,3328,,suspicious,"Source audit: total_attendees_physical_events: Annual: reported total 153,003; category sum 185,472; difference -32,469. Categories exceed total; check duplication, scope and reporting frequency. Event audiences may overlap. Values retained as reported pending source confirmation."
E06000066,Physical,Under 12,2025-10-01/P1M,4059,,suspicious,"Source audit: total_attendees_physical_events: Annual: reported total 153,003; category sum 185,472; difference -32,469. Categories exceed total; check duplication, scope and reporting frequency. Event audiences may overlap. Values retained as reported pending source confirmation."
E06000066,Physical,Under 12,2025-11-01/P1M,3367,,suspicious,"Source audit: total_attendees_physical_events: Annual: reported total 153,003; category sum 185,472; difference -32,469. Categories exceed total; check duplication, scope and reporting frequency. Event audiences may overlap. Values retained as reported pending source confirmation."
E06000066,Physical,Under 12,2025-12-01/P1M,2710,,suspicious,"Source audit: total_attendees_physical_events: Annual: reported total 153,003; category sum 185,472; difference -32,469. Categories exceed total; check duplication, scope and reporting frequency. Event audiences may overlap. Values retained as reported pending source confirmation."
E06000066,Physical,Under 12,2026-01-01/P1M,3719,,suspicious,"Source audit: total_attendees_physical_events: Annual: reported total 153,003; category sum 185,472; difference -32,469. Categories exceed total; check duplication, scope and reporting frequency. Event audiences may overlap. Values retained as reported pending source confirmation."
E06000066,Physical,Under 12,2026-02-01/P1M,4158,,suspicious,"Source audit: total_attendees_physical_events: Annual: reported total 153,003; category sum 185,472; difference -32,469. Categories exceed total; check duplication, scope and reporting frequency. Event audiences may overlap. Values retained as reported pending source confirmation."
E06000066,Physical,Under 12,2026-03-01/P1M,6574,,suspicious,"Source audit: total_attendees_physical_events: Annual: reported total 153,003; category sum 185,472; difference -32,469. Categories exceed total; check duplication, scope and reporting frequency. Event audiences may overlap. Values retained as reported pending source confirmation."
E06000066,Physical,12-17,2025-04-01/P1M,2203,,suspicious,"Source audit: total_attendees_physical_events: Annual: reported total 153,003; category sum 185,472; difference -32,469. Categories exceed total; check duplication, scope and reporting frequency. Event audiences may overlap. Values retained as reported pending source confirmation."
E06000066,Physical,12-17,2025-05-01/P1M,2348,,suspicious,"Source audit: total_attendees_physical_events: Annual: reported total 153,003; category sum 185,472; difference -32,469. Categories exceed total; check duplication, scope and reporting frequency. Event audiences may overlap. Values retained as reported pending source confirmation."
E06000066,Physical,12-17,2025-06-01/P1M,3404,,suspicious,"Source audit: total_attendees_physical_events: Annual: reported total 153,003; category sum 185,472; difference -32,469. Categories exceed total; check duplication, scope and reporting frequency. Event audiences may overlap. Values retained as reported pending source confirmation."
E06000066,Physical,12-17,2025-07-01/P1M,2401,,suspicious,"Source audit: total_attendees_physical_events: Annual: reported total 153,003; category sum 185,472; difference -32,469. Categories exceed total; check duplication, scope and reporting frequency. Event audiences may overlap. Values retained as reported pending source confirmation."
E06000066,Physical,12-17,2025-08-01/P1M,1941,,suspicious,"Source audit: total_attendees_physical_events: Annual: reported total 153,003; category sum 185,472; difference -32,469. Categories exceed total; check duplication, scope and reporting frequency. Event audiences may overlap. Values retained as reported pending source confirmation."
E06000066,Physical,12-17,2025-09-01/P1M,3684,,suspicious,"Source audit: total_attendees_physical_events: Annual: reported total 153,003; category sum 185,472; difference -32,469. Categories exceed total; check duplication, scope and reporting frequency. Event audiences may overlap. Values retained as reported pending source confirmation."
E06000066,Physical,12-17,2025-10-01/P1M,3789,,suspicious,"Source audit: total_attendees_physical_events: Annual: reported total 153,003; category sum 185,472; difference -32,469. Categories exceed total; check duplication, scope and reporting frequency. Event audiences may overlap. Values retained as reported pending source confirmation."
E06000066,Physical,12-17,2025-11-01/P1M,2964,,suspicious,"Source audit: total_attendees_physical_events: Annual: reported total 153,003; category sum 185,472; difference -32,469. Categories exceed total; check duplication, scope and reporting frequency. Event audiences may overlap. Values retained as reported pending source confirmation."
E06000066,Physical,12-17,2025-12-01/P1M,1625,,suspicious,"Source audit: total_attendees_physical_events: Annual: reported total 153,003; category sum 185,472; difference -32,469. Categories exceed total; check duplication, scope and reporting frequency. Event audiences may overlap. Values retained as reported pending source confirmation."
E06000066,Physical,12-17,2026-01-01/P1M,2691,,suspicious,"Source audit: total_attendees_physical_events: Annual: reported total 153,003; category sum 185,472; difference -32,469. Categories exceed total; check duplication, scope and reporting frequency. Event audiences may overlap. Values retained as reported pending source confirmation."
E06000066,Physical,12-17,2026-02-01/P1M,3113,,suspicious,"Source audit: total_attendees_physical_events: Annual: reported total 153,003; category sum 185,472; difference -32,469. Categories exceed total; check duplication, scope and reporting frequency. Event audiences may overlap. Values retained as reported pending source confirmation."
E06000066,Physical,12-17,2026-03-01/P1M,2937,,suspicious,"Source audit: total_attendees_physical_events: Annual: reported total 153,003; category sum 185,472; difference -32,469. Categories exceed total; check duplication, scope and reporting frequency. Event audiences may overlap. Values retained as reported pending source confirmation."
E06000066,Physical,Adult,2025-04-01/P1M,5491,,suspicious,"Source audit: total_attendees_physical_events: Annual: reported total 153,003; category sum 185,472; difference -32,469. Categories exceed total; check duplication, scope and reporting frequency. Event audiences may overlap. Values retained as reported pending source confirmation."
E06000066,Physical,Adult,2025-05-01/P1M,5000,,suspicious,"Source audit: total_attendees_physical_events: Annual: reported total 153,003; category sum 185,472; difference -32,469. Categories exceed total; check duplication, scope and reporting frequency. Event audiences may overlap. Values retained as reported pending source confirmation."
E06000066,Physical,Adult,2025-06-01/P1M,4959,,suspicious,"Source audit: total_attendees_physical_events: Annual: reported total 153,003; category sum 185,472; difference -32,469. Categories exceed total; check duplication, scope and reporting frequency. Event audiences may overlap. Values retained as reported pending source confirmation."
E06000066,Physical,Adult,2025-07-01/P1M,5831,,suspicious,"Source audit: total_attendees_physical_events: Annual: reported total 153,003; category sum 185,472; difference -32,469. Categories exceed total; check duplication, scope and reporting frequency. Event audiences may overlap. Values retained as reported pending source confirmation."
E06000066,Physical,Adult,2025-08-01/P1M,7858,,suspicious,"Source audit: total_attendees_physical_events: Annual: reported total 153,003; category sum 185,472; difference -32,469. Categories exceed total; check duplication, scope and reporting frequency. Event audiences may overlap. Values retained as reported pending source confirmation."
E06000066,Physical,Adult,2025-09-01/P1M,8060,,suspicious,"Source audit: total_attendees_physical_events: Annual: reported total 153,003; category sum 185,472; difference -32,469. Categories exceed total; check duplication, scope and reporting frequency. Event audiences may overlap. Values retained as reported pending source confirmation."
E06000066,Physical,Adult,2025-10-01/P1M,7218,,suspicious,"Source audit: total_attendees_physical_events: Annual: reported total 153,003; category sum 185,472; difference -32,469. Categories exceed total; check duplication, scope and reporting frequency. Event audiences may overlap. Values retained as reported pending source confirmation."
E06000066,Physical,Adult,2025-11-01/P1M,5245,,suspicious,"Source audit: total_attendees_physical_events: Annual: reported total 153,003; category sum 185,472; difference -32,469. Categories exceed total; check duplication, scope and reporting frequency. Event audiences may overlap. Values retained as reported pending source confirmation."
E06000066,Physical,Adult,2025-12-01/P1M,3247,,suspicious,"Source audit: total_attendees_physical_events: Annual: reported total 153,003; category sum 185,472; difference -32,469. Categories exceed total; check duplication, scope and reporting frequency. Event audiences may overlap. Values retained as reported pending source confirmation."
E06000066,Physical,Adult,2026-01-01/P1M,9117,,suspicious,"Source audit: total_attendees_physical_events: Annual: reported total 153,003; category sum 185,472; difference -32,469. Categories exceed total; check duplication, scope and reporting frequency. Event audiences may overlap. Values retained as reported pending source confirmation."
E06000066,Physical,Adult,2026-02-01/P1M,8055,,suspicious,"Source audit: total_attendees_physical_events: Annual: reported total 153,003; category sum 185,472; difference -32,469. Categories exceed total; check duplication, scope and reporting frequency. Event audiences may overlap. Values retained as reported pending source confirmation."
E06000066,Physical,Adult,2026-03-01/P1M,5429,,suspicious,"Source audit: total_attendees_physical_events: Annual: reported total 153,003; category sum 185,472; difference -32,469. Categories exceed total; check duplication, scope and reporting frequency. Event audiences may overlap. Values retained as reported pending source confirmation."
E06000066,Digital,Under 12,2025-04-01/P1M,0,,,
E06000066,Digital,Under 12,2025-05-01/P1M,0,,,
E06000066,Digital,Under 12,2025-06-01/P1M,40,,,
E06000066,Digital,Under 12,2025-07-01/P1M,0,,,
E06000066,Digital,Under 12,2025-08-01/P1M,0,,,
E06000066,Digital,Under 12,2025-09-01/P1M,0,,,
E06000066,Digital,Under 12,2025-10-01/P1M,0,,,
E06000066,Digital,Under 12,2025-11-01/P1M,0,,,
E06000066,Digital,Under 12,2025-12-01/P1M,13,,,
E06000066,Digital,Under 12,2026-01-01/P1M,0,,,
E06000066,Digital,Under 12,2026-02-01/P1M,0,,,
E06000066,Digital,Under 12,2026-03-01/P1M,0,,,
E06000066,Digital,12-17,2025-04-01/P1M,0,,,
E06000066,Digital,12-17,2025-05-01/P1M,0,,,
E06000066,Digital,12-17,2025-06-01/P1M,9,,,
E06000066,Digital,12-17,2025-07-01/P1M,9,,,
E06000066,Digital,12-17,2025-08-01/P1M,0,,,
E06000066,Digital,12-17,2025-09-01/P1M,0,,,
E06000066,Digital,12-17,2025-10-01/P1M,0,,,
E06000066,Digital,12-17,2025-11-01/P1M,0,,,
E06000066,Digital,12-17,2025-12-01/P1M,0,,,
E06000066,Digital,12-17,2026-01-01/P1M,6,,,
E06000066,Digital,12-17,2026-02-01/P1M,7,,,
E06000066,Digital,12-17,2026-03-01/P1M,0,,,
E06000066,Digital,Adult,2025-04-01/P1M,14,,,
E06000066,Digital,Adult,2025-05-01/P1M,3,,,
E06000066,Digital,Adult,2025-06-01/P1M,9,,,
E06000066,Digital,Adult,2025-07-01/P1M,5,,,
E06000066,Digital,Adult,2025-08-01/P1M,4,,,
E06000066,Digital,Adult,2025-09-01/P1M,3,,,
E06000066,Digital,Adult,2025-10-01/P1M,9,,,
E06000066,Digital,Adult,2025-11-01/P1M,13,,,
E06000066,Digital,Adult,2025-12-01/P1M,7,,,
E06000066,Digital,Adult,2026-01-01/P1M,0,,,
E06000066,Digital,Adult,2026-02-01/P1M,2,,,
E06000066,Digital,Adult,2026-03-01/P1M,27,,,
E06000025,Physical,Under 12,2025-04-01/P1M,3574,,,
E06000025,Physical,Under 12,2025-05-01/P1M,3474,,,
E06000025,Physical,Under 12,2025-06-01/P1M,10246,,,
E06000025,Physical,Under 12,2025-07-01/P1M,18058,,,
E06000025,Physical,Under 12,2025-08-01/P1M,2903,,,
E06000025,Physical,Under 12,2025-09-01/P1M,3052,,,
E06000025,Physical,Under 12,2025-10-01/P1M,4921,,,
E06000025,Physical,Under 12,2025-11-01/P1M,3227,,,
E06000025,Physical,Under 12,2025-12-01/P1M,3237,,,
E06000025,Physical,Under 12,2026-01-01/P1M,4058,,,
E06000025,Physical,Under 12,2026-02-01/P1M,4408,,,
E06000025,Physical,Under 12,2026-03-01/P1M,5588,,,
E06000025,Physical,12-17,2025-04-01/P1M,1,,,
E06000025,Physical,12-17,2025-05-01/P1M,3,,,
E06000025,Physical,12-17,2025-06-01/P1M,4,,,
E06000025,Physical,12-17,2025-07-01/P1M,3,,,
E06000025,Physical,12-17,2025-08-01/P1M,0,,,
E06000025,Physical,12-17,2025-09-01/P1M,0,,,
E06000025,Physical,12-17,2025-10-01/P1M,7,,,
E06000025,Physical,12-17,2025-11-01/P1M,0,,,
E06000025,Physical,12-17,2025-12-01/P1M,0,,,
E06000025,Physical,12-17,2026-01-01/P1M,0,,,
E06000025,Physical,12-17,2026-02-01/P1M,0,,,
E06000025,Physical,12-17,2026-03-01/P1M,0,,,
E06000025,Physical,Adult,2025-04-01/P1M,670,,,
E06000025,Physical,Adult,2025-05-01/P1M,655,,,
E06000025,Physical,Adult,2025-06-01/P1M,733,,,
E06000025,Physical,Adult,2025-07-01/P1M,719,,,
E06000025,Physical,Adult,2025-08-01/P1M,571,,,
E06000025,Physical,Adult,2025-09-01/P1M,889,,,
E06000025,Physical,Adult,2025-10-01/P1M,709,,,
E06000025,Physical,Adult,2025-11-01/P1M,799,,,
E06000025,Physical,Adult,2025-12-01/P1M,613,,,
E06000025,Physical,Adult,2026-01-01/P1M,758,,,
E06000025,Physical,Adult,2026-02-01/P1M,664,,,
E06000025,Physical,Adult,2026-03-01/P1M,664,,,
E06000025,Digital,Unknown,2025-04-01/P1Y,0,,,
E06000025,Digital,Under 12,2025-04-01/P1Y,0,,,
E06000025,Digital,12-17,2025-04-01/P1Y,0,,,
E06000025,Digital,Adult,2025-04-01/P1Y,0,,,
E08000023,Physical,Under 12,2025-04-01/P1Y,0,,,
E08000023,Physical,12-17,2025-04-01/P1Y,0,,,
E08000023,Physical,Adult,2025-04-01/P1M,2862,,,
E08000023,Physical,Adult,2025-05-01/P1M,4807,,,
E08000023,Physical,Adult,2025-06-01/P1M,3613,,,
E08000023,Physical,Adult,2025-07-01/P1M,8388,,,
E08000023,Physical,Adult,2025-08-01/P1M,4557,,,
E08000023,Physical,Adult,2025-09-01/P1M,3936,,,
E08000023,Physical,Adult,2025-10-01/P1M,4301,,,
E08000023,Physical,Adult,2025-11-01/P1M,5511,,,
E08000023,Physical,Adult,2025-12-01/P1M,3590,,,
E08000023,Physical,Adult,2026-01-01/P1M,2680,,,
E08000023,Physical,Adult,2026-02-01/P1M,4025,,,
E08000023,Physical,Adult,2026-03-01/P1M,5686,,,
E08000023,Digital,Unknown,2025-04-01/P1Y,0,,,
E08000023,Digital,Under 12,2025-04-01/P1Y,0,,,
E08000023,Digital,12-17,2025-04-01/P1Y,0,,,
E08000023,Digital,Adult,2025-04-01/P1Y,0,,,
E06000033,Physical,Under 12,2025-04-01/P1M,591,,,
E06000033,Physical,Under 12,2025-05-01/P1M,649,,,
E06000033,Physical,Under 12,2025-06-01/P1M,823,,,
E06000033,Physical,Under 12,2025-07-01/P1M,2371,,,
E06000033,Physical,Under 12,2025-08-01/P1M,2396,,,
E06000033,Physical,Under 12,2025-09-01/P1M,689,,,
E06000033,Physical,Under 12,2025-10-01/P1M,890,,,
E06000033,Physical,Under 12,2025-11-01/P1M,758,,,
E06000033,Physical,Under 12,2025-12-01/P1M,367,,,
E06000033,Physical,Under 12,2026-01-01/P1M,662,,,
E06000033,Physical,Under 12,2026-02-01/P1M,630,,,
E06000033,Physical,Under 12,2026-03-01/P1M,1292,,,
E06000033,Physical,12-17,2025-04-01/P1M,21,,,
E06000033,Physical,12-17,2025-05-01/P1M,40,,,
E06000033,Physical,12-17,2025-06-01/P1M,17,,,
E06000033,Physical,12-17,2025-07-01/P1M,36,,,
E06000033,Physical,12-17,2025-08-01/P1M,39,,,
E06000033,Physical,12-17,2025-09-01/P1M,195,,,
E06000033,Physical,12-17,2025-10-01/P1M,41,,,
E06000033,Physical,12-17,2025-11-01/P1M,4,,,
E06000033,Physical,12-17,2025-12-01/P1M,1,,,
E06000033,Physical,12-17,2026-01-01/P1M,25,,,
E06000033,Physical,12-17,2026-02-01/P1M,49,,,
E06000033,Physical,12-17,2026-03-01/P1M,74,,,
E06000033,Physical,Adult,2025-04-01/P1M,559,,,
E06000033,Physical,Adult,2025-05-01/P1M,677,,,
E06000033,Physical,Adult,2025-06-01/P1M,678,,,
E06000033,Physical,Adult,2025-07-01/P1M,886,,,
E06000033,Physical,Adult,2025-08-01/P1M,931,,,
E06000033,Physical,Adult,2025-09-01/P1M,650,,,
E06000033,Physical,Adult,2025-10-01/P1M,713,,,
E06000033,Physical,Adult,2025-11-01/P1M,121,,,
E06000033,Physical,Adult,2025-12-01/P1M,230,,,
E06000033,Physical,Adult,2026-01-01/P1M,712,,,
E06000033,Physical,Adult,2026-02-01/P1M,915,,,
E06000033,Physical,Adult,2026-03-01/P1M,1627,,,
E06000033,Digital,Unknown,2025-04-01/P1Y,0,,,
E06000033,Digital,Under 12,2025-04-01/P1Y,0,,,
E06000033,Digital,12-17,2025-04-01/P1Y,0,,,
E06000033,Digital,Adult,2025-04-01/P1Y,0,,,
E09000028,Physical,Unknown,2025-04-01/P1M,6407,,,
E09000028,Physical,Unknown,2025-05-01/P1M,8435,,,
E09000028,Physical,Unknown,2025-06-01/P1M,9568,,,
E09000028,Physical,Unknown,2025-07-01/P1M,6947,,,
E09000028,Physical,Unknown,2025-08-01/P1M,4374,,,
E09000028,Physical,Unknown,2025-09-01/P1M,7336,,,
E09000028,Physical,Unknown,2025-10-01/P1M,9910,,,
E09000028,Physical,Unknown,2025-11-01/P1M,9413,,,
E09000028,Physical,Unknown,2025-12-01/P1M,6533,,,
E09000028,Physical,Unknown,2026-01-01/P1M,7678,,,
E09000028,Physical,Unknown,2026-02-01/P1M,8169,,,
E09000028,Physical,Unknown,2026-03-01/P1M,9109,,,
E09000028,Physical,Under 12,2025-04-01/P1Y,0,,,
E09000028,Physical,12-17,2025-04-01/P1Y,0,,,
E09000028,Physical,Adult,2025-04-01/P1Y,0,,,
E09000028,Digital,Unknown,2025-04-01/P1Y,0,,,
E09000028,Digital,Under 12,2025-04-01/P1Y,0,,,
E09000028,Digital,12-17,2025-04-01/P1Y,0,,,
E09000028,Digital,Adult,2025-04-01/P1Y,0,,,
E08000013,Physical,Unknown,2025-04-01/P1M,3843,,,
E08000013,Physical,Unknown,2025-05-01/P1M,4171,,,
E08000013,Physical,Unknown,2025-06-01/P1M,4514,,,
E08000013,Physical,Unknown,2025-07-01/P1M,8036,,,
E08000013,Physical,Unknown,2025-08-01/P1M,4055,,,
E08000013,Physical,Unknown,2025-09-01/P1M,4590,,,
E08000013,Physical,Unknown,2025-10-01/P1M,4339,,,
E08000013,Physical,Unknown,2025-11-01/P1M,3782,,,
E08000013,Physical,Unknown,2025-12-01/P1M,2967,,,
E08000013,Physical,Unknown,2026-01-01/P1M,4186,,,
E08000013,Physical,Unknown,2026-02-01/P1M,4407,,,
E08000013,Physical,Unknown,2026-03-01/P1M,7789,,,
E08000013,Physical,Under 12,2025-04-01/P1Y,0,,,
E08000013,Physical,12-17,2025-04-01/P1Y,0,,,
E08000013,Physical,Adult,2025-04-01/P1Y,0,,,
E08000013,Digital,Unknown,2025-04-01/P1M,0,,,
E08000013,Digital,Unknown,2025-05-01/P1M,0,,,
E08000013,Digital,Unknown,2025-06-01/P1M,0,,,
E08000013,Digital,Unknown,2025-07-01/P1M,0,,,
E08000013,Digital,Unknown,2025-08-01/P1M,0,,,
E08000013,Digital,Unknown,2025-09-01/P1M,0,,,
E08000013,Digital,Unknown,2025-10-01/P1M,0,,,
E08000013,Digital,Unknown,2025-11-01/P1M,5,,,
E08000013,Digital,Unknown,2025-12-01/P1M,0,,,
E08000013,Digital,Unknown,2026-01-01/P1M,0,,,
E08000013,Digital,Unknown,2026-02-01/P1M,0,,,
E08000013,Digital,Unknown,2026-03-01/P1M,2620,,,
E08000013,Digital,Under 12,2025-04-01/P1Y,0,,,
E08000013,Digital,12-17,2025-04-01/P1Y,0,,,
E08000013,Digital,Adult,2025-04-01/P1Y,0,,,
E10000028,Physical,Under 12,2025-04-01/P1M,9281,,,
E10000028,Physical,Under 12,2025-05-01/P1M,9485,,,
E10000028,Physical,Under 12,2025-06-01/P1M,17470,,,
E10000028,Physical,Under 12,2025-07-01/P1M,22633,,,
E10000028,Physical,Under 12,2025-08-01/P1M,6443,,,
E10000028,Physical,Under 12,2025-09-01/P1M,8900,,,
E10000028,Physical,Under 12,2025-10-01/P1M,10259,,,
E10000028,Physical,Under 12,2025-11-01/P1M,9798,,,
E10000028,Physical,Under 12,2025-12-01/P1M,6573,,,
E10000028,Physical,Under 12,2026-01-01/P1M,7137,,,
E10000028,Physical,Under 12,2026-02-01/P1M,10685,,,
E10000028,Physical,Under 12,2026-03-01/P1M,12523,,,
E10000028,Physical,12-17,2025-04-01/P1M,92,,,
E10000028,Physical,12-17,2025-05-01/P1M,125,,,
E10000028,Physical,12-17,2025-06-01/P1M,74,,,
E10000028,Physical,12-17,2025-07-01/P1M,87,,,
E10000028,Physical,12-17,2025-08-01/P1M,32,,,
E10000028,Physical,12-17,2025-09-01/P1M,135,,,
E10000028,Physical,12-17,2025-10-01/P1M,182,,,
E10000028,Physical,12-17,2025-11-01/P1M,109,,,
E10000028,Physical,12-17,2025-12-01/P1M,120,,,
E10000028,Physical,12-17,2026-01-01/P1M,144,,,
E10000028,Physical,12-17,2026-02-01/P1M,149,,,
E10000028,Physical,12-17,2026-03-01/P1M,192,,,
E10000028,Physical,Adult,2025-04-01/P1M,9222,,,
E10000028,Physical,Adult,2025-05-01/P1M,12604,,,
E10000028,Physical,Adult,2025-06-01/P1M,8330,,,
E10000028,Physical,Adult,2025-07-01/P1M,10141,,,
E10000028,Physical,Adult,2025-08-01/P1M,8470,,,
E10000028,Physical,Adult,2025-09-01/P1M,9888,,,
E10000028,Physical,Adult,2025-10-01/P1M,10513,,,
E10000028,Physical,Adult,2025-11-01/P1M,10385,,,
E10000028,Physical,Adult,2025-12-01/P1M,9394,,,
E10000028,Physical,Adult,2026-01-01/P1M,8240,,,
E10000028,Physical,Adult,2026-02-01/P1M,9740,,,
E10000028,Physical,Adult,2026-03-01/P1M,10356,,,
E10000028,Digital,Under 12,2025-04-01/P1Y,0,,,
E10000028,Digital,12-17,2025-04-01/P1Y,0,,,
E10000028,Digital,Adult,2025-04-01/P1Y,19986,,,
E06000004,Physical,Unknown,2025-04-01/P1M,2072,,,
E06000004,Physical,Unknown,2025-05-01/P1M,1516,,,
E06000004,Physical,Unknown,2025-06-01/P1M,906,,,
E06000004,Physical,Unknown,2025-07-01/P1M,1334,,,
E06000004,Physical,Unknown,2025-08-01/P1M,582,,,
E06000004,Physical,Unknown,2025-09-01/P1M,2534,,,
E06000004,Physical,Unknown,2025-10-01/P1M,2546,,,
E06000004,Physical,Unknown,2025-11-01/P1M,1587,,,
E06000004,Physical,Unknown,2025-12-01/P1M,1259,,,
E06000004,Physical,Unknown,2026-01-01/P1M,1848,,,
E06000004,Physical,Unknown,2026-02-01/P1M,1940,,,
E06000004,Physical,Unknown,2026-03-01/P1M,2078,,,
E06000004,Physical,Under 12,2025-04-01/P1Y,0,,,
E06000004,Physical,12-17,2025-04-01/P1Y,0,,,
E06000004,Physical,Adult,2025-04-01/P1Y,0,,,
E06000004,Digital,Unknown,2025-04-01/P1Y,0,,,
E06000004,Digital,Under 12,2025-04-01/P1Y,0,,,
E06000004,Digital,12-17,2025-04-01/P1Y,0,,,
E06000004,Digital,Adult,2025-04-01/P1Y,0,,,
E06000021,Physical,Unknown,2025-04-01/P1M,2867,,,
E06000021,Physical,Unknown,2025-05-01/P1M,2929,,,
E06000021,Physical,Unknown,2025-06-01/P1M,4308,,,
E06000021,Physical,Unknown,2025-07-01/P1M,5888,,,
E06000021,Physical,Unknown,2025-08-01/P1M,3566,,,
E06000021,Physical,Unknown,2025-09-01/P1M,2968,,,
E06000021,Physical,Unknown,2025-10-01/P1M,3810,,,
E06000021,Physical,Unknown,2025-11-01/P1M,3904,,,
E06000021,Physical,Unknown,2025-12-01/P1M,2490,,,
E06000021,Physical,Unknown,2026-01-01/P1M,3388,,,
E06000021,Physical,Unknown,2026-02-01/P1M,3267,,,
E06000021,Physical,Unknown,2026-03-01/P1M,4905,,,
E06000021,Physical,Under 12,2025-04-01/P1Y,0,,,
E06000021,Physical,12-17,2025-04-01/P1Y,0,,,
E06000021,Physical,Adult,2025-04-01/P1Y,0,,,
E06000021,Digital,Unknown,2025-04-01/P1Y,0,,,
E06000021,Digital,Under 12,2025-04-01/P1Y,0,,,
E06000021,Digital,12-17,2025-04-01/P1Y,0,,,
E06000021,Digital,Adult,2025-04-01/P1Y,0,,,
E10000030,Physical,Under 12,2025-04-01/P1M,8228,,,
E10000030,Physical,Under 12,2025-05-01/P1M,8953,,,
E10000030,Physical,Under 12,2025-06-01/P1M,18097,,,
E10000030,Physical,Under 12,2025-07-01/P1M,22950,,,
E10000030,Physical,Under 12,2025-08-01/P1M,10420,,,
E10000030,Physical,Under 12,2025-09-01/P1M,9355,,,
E10000030,Physical,Under 12,2025-10-01/P1M,11117,,,
E10000030,Physical,Under 12,2025-11-01/P1M,10934,,,
E10000030,Physical,Under 12,2025-12-01/P1M,7229,,,
E10000030,Physical,Under 12,2026-01-01/P1M,10144,,,
E10000030,Physical,Under 12,2026-02-01/P1M,12298,,,
E10000030,Physical,Under 12,2026-03-01/P1M,12668,,,
E10000030,Physical,12-17,2025-04-01/P1Y,0,,,
E10000030,Physical,Adult,2025-04-01/P1M,8727,,,
E10000030,Physical,Adult,2025-05-01/P1M,10310,,,
E10000030,Physical,Adult,2025-06-01/P1M,10594,,,
E10000030,Physical,Adult,2025-07-01/P1M,11531,,,
E10000030,Physical,Adult,2025-08-01/P1M,10854,,,
E10000030,Physical,Adult,2025-09-01/P1M,10268,,,
E10000030,Physical,Adult,2025-10-01/P1M,11943,,,
E10000030,Physical,Adult,2025-11-01/P1M,12374,,,
E10000030,Physical,Adult,2025-12-01/P1M,8506,,,
E10000030,Physical,Adult,2026-01-01/P1M,11918,,,
E10000030,Physical,Adult,2026-02-01/P1M,13919,,,
E10000030,Physical,Adult,2026-03-01/P1M,13353,,,
E10000030,Digital,Unknown,2025-04-01/P1Y,0,,,
E10000030,Digital,Under 12,2025-04-01/P1Y,0,,,
E10000030,Digital,12-17,2025-04-01/P1Y,0,,,
E10000030,Digital,Adult,2025-04-01/P1Y,0,,,
E09000029,Physical,Under 12,2025-04-01/P1M,3243,,,
E09000029,Physical,Under 12,2025-05-01/P1M,3650,,,
E09000029,Physical,Under 12,2025-06-01/P1M,3314,,,
E09000029,Physical,Under 12,2025-07-01/P1M,4795,,,
E09000029,Physical,Under 12,2025-08-01/P1M,2838,,,
E09000029,Physical,Under 12,2025-09-01/P1M,3094,,,
E09000029,Physical,Under 12,2025-10-01/P1M,5478,,,
E09000029,Physical,Under 12,2025-11-01/P1M,3842,,,
E09000029,Physical,Under 12,2025-12-01/P1M,2268,,,
E09000029,Physical,Under 12,2026-01-01/P1M,2950,,,
E09000029,Physical,Under 12,2026-02-01/P1M,3839,,,
E09000029,Physical,Under 12,2026-03-01/P1M,4232,,,
E09000029,Physical,12-17,2025-04-01/P1Y,0,,,
E09000029,Physical,Adult,2025-04-01/P1M,706,,,
E09000029,Physical,Adult,2025-05-01/P1M,1107,,,
E09000029,Physical,Adult,2025-06-01/P1M,882,,,
E09000029,Physical,Adult,2025-07-01/P1M,947,,,
E09000029,Physical,Adult,2025-08-01/P1M,664,,,
E09000029,Physical,Adult,2025-09-01/P1M,931,,,
E09000029,Physical,Adult,2025-10-01/P1M,2072,,,
E09000029,Physical,Adult,2025-11-01/P1M,905,,,
E09000029,Physical,Adult,2025-12-01/P1M,762,,,
E09000029,Physical,Adult,2026-01-01/P1M,1038,,,
E09000029,Physical,Adult,2026-02-01/P1M,3368,,,
E09000029,Physical,Adult,2026-03-01/P1M,1168,,,
E09000029,Digital,Unknown,2025-04-01/P1Y,0,,,
E09000029,Digital,Under 12,2025-04-01/P1Y,0,,,
E09000029,Digital,12-17,2025-04-01/P1Y,0,,,
E09000029,Digital,Adult,2025-04-01/P1Y,0,,,
E08000008,Physical,Unknown,2025-04-01/P1M,2545,,,
E08000008,Physical,Unknown,2025-05-01/P1M,1813,,,
E08000008,Physical,Unknown,2025-06-01/P1M,1721,,,
E08000008,Physical,Unknown,2025-07-01/P1M,1698,,,
E08000008,Physical,Unknown,2025-08-01/P1M,1541,,,
E08000008,Physical,Unknown,2025-09-01/P1M,2497,,,
E08000008,Physical,Unknown,2025-10-01/P1M,2881,,,
E08000008,Physical,Unknown,2025-11-01/P1M,2321,,,
E08000008,Physical,Unknown,2025-12-01/P1M,1546,,,
E08000008,Physical,Unknown,2026-01-01/P1M,1695,,,
E08000008,Physical,Unknown,2026-02-01/P1M,2835,,,
E08000008,Physical,Unknown,2026-03-01/P1M,2745,,,
E08000008,Physical,Under 12,2025-04-01/P1Y,0,,,
E08000008,Physical,12-17,2025-04-01/P1Y,0,,,
E08000008,Physical,Adult,2025-04-01/P1Y,0,,,
E08000008,Digital,Unknown,2025-04-01/P1M,1546,,suspicious,"Source audit: total_attendees_digital_events: May 189 versus median nonzero month 2,412 (0.08 times). Could be a typo, changed scope or genuine activity; confirm with service. | total_attendees_digital_events: July 7 versus median nonzero month 2,412 (0.00 times). Could be a typo, changed scope or genuine activity; confirm with service. Values retained as reported pending source confirmation."
E08000008,Digital,Unknown,2025-05-01/P1M,189,,suspicious,"Source audit: total_attendees_digital_events: May 189 versus median nonzero month 2,412 (0.08 times). Could be a typo, changed scope or genuine activity; confirm with service. | total_attendees_digital_events: July 7 versus median nonzero month 2,412 (0.00 times). Could be a typo, changed scope or genuine activity; confirm with service. Values retained as reported pending source confirmation."
E08000008,Digital,Unknown,2025-06-01/P1M,0,,suspicious,"Source audit: total_attendees_digital_events: May 189 versus median nonzero month 2,412 (0.08 times). Could be a typo, changed scope or genuine activity; confirm with service. | total_attendees_digital_events: July 7 versus median nonzero month 2,412 (0.00 times). Could be a typo, changed scope or genuine activity; confirm with service. Values retained as reported pending source confirmation."
E08000008,Digital,Unknown,2025-07-01/P1M,7,,suspicious,"Source audit: total_attendees_digital_events: May 189 versus median nonzero month 2,412 (0.08 times). Could be a typo, changed scope or genuine activity; confirm with service. | total_attendees_digital_events: July 7 versus median nonzero month 2,412 (0.00 times). Could be a typo, changed scope or genuine activity; confirm with service. Values retained as reported pending source confirmation."
E08000008,Digital,Unknown,2025-08-01/P1M,0,,suspicious,"Source audit: total_attendees_digital_events: May 189 versus median nonzero month 2,412 (0.08 times). Could be a typo, changed scope or genuine activity; confirm with service. | total_attendees_digital_events: July 7 versus median nonzero month 2,412 (0.00 times). Could be a typo, changed scope or genuine activity; confirm with service. Values retained as reported pending source confirmation."
E08000008,Digital,Unknown,2025-09-01/P1M,792,,suspicious,"Source audit: total_attendees_digital_events: May 189 versus median nonzero month 2,412 (0.08 times). Could be a typo, changed scope or genuine activity; confirm with service. | total_attendees_digital_events: July 7 versus median nonzero month 2,412 (0.00 times). Could be a typo, changed scope or genuine activity; confirm with service. Values retained as reported pending source confirmation."
E08000008,Digital,Unknown,2025-10-01/P1M,4006,,suspicious,"Source audit: total_attendees_digital_events: May 189 versus median nonzero month 2,412 (0.08 times). Could be a typo, changed scope or genuine activity; confirm with service. | total_attendees_digital_events: July 7 versus median nonzero month 2,412 (0.00 times). Could be a typo, changed scope or genuine activity; confirm with service. Values retained as reported pending source confirmation."
E08000008,Digital,Unknown,2025-11-01/P1M,3305,,suspicious,"Source audit: total_attendees_digital_events: May 189 versus median nonzero month 2,412 (0.08 times). Could be a typo, changed scope or genuine activity; confirm with service. | total_attendees_digital_events: July 7 versus median nonzero month 2,412 (0.00 times). Could be a typo, changed scope or genuine activity; confirm with service. Values retained as reported pending source confirmation."
E08000008,Digital,Unknown,2025-12-01/P1M,2073,,suspicious,"Source audit: total_attendees_digital_events: May 189 versus median nonzero month 2,412 (0.08 times). Could be a typo, changed scope or genuine activity; confirm with service. | total_attendees_digital_events: July 7 versus median nonzero month 2,412 (0.00 times). Could be a typo, changed scope or genuine activity; confirm with service. Values retained as reported pending source confirmation."
E08000008,Digital,Unknown,2026-01-01/P1M,4031,,suspicious,"Source audit: total_attendees_digital_events: May 189 versus median nonzero month 2,412 (0.08 times). Could be a typo, changed scope or genuine activity; confirm with service. | total_attendees_digital_events: July 7 versus median nonzero month 2,412 (0.00 times). Could be a typo, changed scope or genuine activity; confirm with service. Values retained as reported pending source confirmation."
E08000008,Digital,Unknown,2026-02-01/P1M,2752,,suspicious,"Source audit: total_attendees_digital_events: May 189 versus median nonzero month 2,412 (0.08 times). Could be a typo, changed scope or genuine activity; confirm with service. | total_attendees_digital_events: July 7 versus median nonzero month 2,412 (0.00 times). Could be a typo, changed scope or genuine activity; confirm with service. Values retained as reported pending source confirmation."
E08000008,Digital,Unknown,2026-03-01/P1M,3322,,suspicious,"Source audit: total_attendees_digital_events: May 189 versus median nonzero month 2,412 (0.08 times). Could be a typo, changed scope or genuine activity; confirm with service. | total_attendees_digital_events: July 7 versus median nonzero month 2,412 (0.00 times). Could be a typo, changed scope or genuine activity; confirm with service. Values retained as reported pending source confirmation."
E08000008,Digital,Under 12,2025-04-01/P1Y,0,,suspicious,"Source audit: total_attendees_digital_events: May 189 versus median nonzero month 2,412 (0.08 times). Could be a typo, changed scope or genuine activity; confirm with service. | total_attendees_digital_events: July 7 versus median nonzero month 2,412 (0.00 times). Could be a typo, changed scope or genuine activity; confirm with service. Values retained as reported pending source confirmation."
E08000008,Digital,12-17,2025-04-01/P1Y,0,,suspicious,"Source audit: total_attendees_digital_events: May 189 versus median nonzero month 2,412 (0.08 times). Could be a typo, changed scope or genuine activity; confirm with service. | total_attendees_digital_events: July 7 versus median nonzero month 2,412 (0.00 times). Could be a typo, changed scope or genuine activity; confirm with service. Values retained as reported pending source confirmation."
E08000008,Digital,Adult,2025-04-01/P1Y,0,,suspicious,"Source audit: total_attendees_digital_events: May 189 versus median nonzero month 2,412 (0.08 times). Could be a typo, changed scope or genuine activity; confirm with service. | total_attendees_digital_events: July 7 versus median nonzero month 2,412 (0.00 times). Could be a typo, changed scope or genuine activity; confirm with service. Values retained as reported pending source confirmation."
E06000020,Physical,Under 12,2025-04-01/P1M,220,,,
E06000020,Physical,Under 12,2025-05-01/P1M,185,,,
E06000020,Physical,Under 12,2025-06-01/P1M,150,,,
E06000020,Physical,Under 12,2025-07-01/P1M,356,,,
E06000020,Physical,Under 12,2025-08-01/P1M,412,,,
E06000020,Physical,Under 12,2025-09-01/P1M,247,,,
E06000020,Physical,Under 12,2025-10-01/P1M,334,,,
E06000020,Physical,Under 12,2025-11-01/P1M,287,,,
E06000020,Physical,Under 12,2025-12-01/P1M,188,,,
E06000020,Physical,Under 12,2026-01-01/P1M,222,,,
E06000020,Physical,Under 12,2026-02-01/P1M,464,,,
E06000020,Physical,Under 12,2026-03-01/P1M,336,,,
E06000020,Physical,12-17,2025-04-01/P1Y,0,,,
E06000020,Physical,Adult,2025-04-01/P1M,208,,,
E06000020,Physical,Adult,2025-05-01/P1M,152,,,
E06000020,Physical,Adult,2025-06-01/P1M,256,,,
E06000020,Physical,Adult,2025-07-01/P1M,256,,,
E06000020,Physical,Adult,2025-08-01/P1M,405,,,
E06000020,Physical,Adult,2025-09-01/P1M,196,,,
E06000020,Physical,Adult,2025-10-01/P1M,889,,,
E06000020,Physical,Adult,2025-11-01/P1M,605,,,
E06000020,Physical,Adult,2025-12-01/P1M,176,,,
E06000020,Physical,Adult,2026-01-01/P1M,239,,,
E06000020,Physical,Adult,2026-02-01/P1M,306,,,
E06000020,Physical,Adult,2026-03-01/P1M,506,,,
E06000020,Digital,Unknown,2025-04-01/P1Y,0,,,
E06000020,Digital,Under 12,2025-04-01/P1Y,0,,,
E06000020,Digital,12-17,2025-04-01/P1Y,0,,,
E06000020,Digital,Adult,2025-04-01/P1Y,0,,,
E06000034,Physical,Unknown,2025-04-01/P1Y,53358,,,
E06000034,Physical,Under 12,2025-04-01/P1Y,0,,,
E06000034,Physical,12-17,2025-04-01/P1Y,0,,,
E06000034,Physical,Adult,2025-04-01/P1Y,0,,,
E06000034,Digital,Unknown,2025-04-01/P1Y,0,,,
E06000034,Digital,Under 12,2025-04-01/P1Y,0,,,
E06000034,Digital,12-17,2025-04-01/P1Y,0,,,
E06000034,Digital,Adult,2025-04-01/P1Y,0,,,
E06000027,Physical,Under 12,2025-04-01/P1Y,0,,,
E06000027,Physical,12-17,2025-04-01/P1Y,0,,,
E06000027,Physical,Adult,2025-04-01/P1M,1042,,,
E06000027,Physical,Adult,2025-05-01/P1M,1032,,,
E06000027,Physical,Adult,2025-06-01/P1M,1065,,,
E06000027,Physical,Adult,2025-07-01/P1M,981,,,
E06000027,Physical,Adult,2025-08-01/P1M,1307,,,
E06000027,Physical,Adult,2025-09-01/P1M,1138,,,
E06000027,Physical,Adult,2025-10-01/P1M,1200,,,
E06000027,Physical,Adult,2025-11-01/P1M,1115,,,
E06000027,Physical,Adult,2025-12-01/P1M,1078,,,
E06000027,Physical,Adult,2026-01-01/P1M,1508,,,
E06000027,Physical,Adult,2026-02-01/P1M,1812,,,
E06000027,Physical,Adult,2026-03-01/P1M,1437,,,
E06000027,Digital,Unknown,2025-04-01/P1Y,0,,,
E06000027,Digital,Under 12,2025-04-01/P1Y,0,,,
E06000027,Digital,12-17,2025-04-01/P1Y,0,,,
E06000027,Digital,Adult,2025-04-01/P1Y,0,,,
E08000036,Physical,Under 12,2025-04-01/P1M,3053,,,
E08000036,Physical,Under 12,2025-05-01/P1M,2646,,,
E08000036,Physical,Under 12,2025-06-01/P1M,2445,,,
E08000036,Physical,Under 12,2025-07-01/P1M,3219,,,
E08000036,Physical,Under 12,2025-08-01/P1M,4593,,,
E08000036,Physical,Under 12,2025-09-01/P1M,2766,,,
E08000036,Physical,Under 12,2025-10-01/P1M,4301,,,
E08000036,Physical,Under 12,2025-11-01/P1M,2555,,,
E08000036,Physical,Under 12,2025-12-01/P1M,2340,,,
E08000036,Physical,Under 12,2026-01-01/P1M,2217,,,
E08000036,Physical,Under 12,2026-02-01/P1M,3311,,,
E08000036,Physical,Under 12,2026-03-01/P1M,3008,,,
E08000036,Physical,12-17,2025-04-01/P1M,11,,,
E08000036,Physical,12-17,2025-05-01/P1M,75,,,
E08000036,Physical,12-17,2025-06-01/P1M,13,,,
E08000036,Physical,12-17,2025-07-01/P1M,3,,,
E08000036,Physical,12-17,2025-08-01/P1M,10,,,
E08000036,Physical,12-17,2025-09-01/P1M,12,,,
E08000036,Physical,12-17,2025-10-01/P1M,24,,,
E08000036,Physical,12-17,2025-11-01/P1M,15,,,
E08000036,Physical,12-17,2025-12-01/P1M,6,,,
E08000036,Physical,12-17,2026-01-01/P1M,21,,,
E08000036,Physical,12-17,2026-02-01/P1M,18,,,
E08000036,Physical,12-17,2026-03-01/P1M,17,,,
E08000036,Physical,Adult,2025-04-01/P1M,6370,,,
E08000036,Physical,Adult,2025-05-01/P1M,5776,,,
E08000036,Physical,Adult,2025-06-01/P1M,6967,,,
E08000036,Physical,Adult,2025-07-01/P1M,6551,,,
E08000036,Physical,Adult,2025-08-01/P1M,7211,,,
E08000036,Physical,Adult,2025-09-01/P1M,6329,,,
E08000036,Physical,Adult,2025-10-01/P1M,7782,,,
E08000036,Physical,Adult,2025-11-01/P1M,6009,,,
E08000036,Physical,Adult,2025-12-01/P1M,4863,,,
E08000036,Physical,Adult,2026-01-01/P1M,5639,,,
E08000036,Physical,Adult,2026-02-01/P1M,6979,,,
E08000036,Physical,Adult,2026-03-01/P1M,6746,,,
E08000036,Digital,Unknown,2025-04-01/P1Y,0,,,
E08000036,Digital,Under 12,2025-04-01/P1Y,0,,,
E08000036,Digital,12-17,2025-04-01/P1Y,0,,,
E08000036,Digital,Adult,2025-04-01/P1Y,0,,,
E09000031,Physical,Under 12,2025-04-01/P1M,5696,,,
E09000031,Physical,Under 12,2025-05-01/P1M,6638,,,
E09000031,Physical,Under 12,2025-06-01/P1M,5701,,,
E09000031,Physical,Under 12,2025-07-01/P1M,6019,,,
E09000031,Physical,Under 12,2025-08-01/P1M,5290,,,
E09000031,Physical,Under 12,2025-09-01/P1M,6086,,,
E09000031,Physical,Under 12,2025-10-01/P1M,6511,,,
E09000031,Physical,Under 12,2025-11-01/P1M,6546,,,
E09000031,Physical,Under 12,2025-12-01/P1M,4574,,,
E09000031,Physical,Under 12,2026-01-01/P1M,5781,,,
E09000031,Physical,Under 12,2026-02-01/P1M,6043,,,
E09000031,Physical,Under 12,2026-03-01/P1M,6695,,,
E09000031,Physical,12-17,2025-04-01/P1Y,0,,,
E09000031,Physical,Adult,2025-04-01/P1M,5306,,,
E09000031,Physical,Adult,2025-05-01/P1M,5823,,,
E09000031,Physical,Adult,2025-06-01/P1M,5366,,,
E09000031,Physical,Adult,2025-07-01/P1M,5309,,,
E09000031,Physical,Adult,2025-08-01/P1M,4852,,,
E09000031,Physical,Adult,2025-09-01/P1M,5698,,,
E09000031,Physical,Adult,2025-10-01/P1M,6082,,,
E09000031,Physical,Adult,2025-11-01/P1M,5851,,,
E09000031,Physical,Adult,2025-12-01/P1M,4242,,,
E09000031,Physical,Adult,2026-01-01/P1M,5706,,,
E09000031,Physical,Adult,2026-02-01/P1M,5847,,,
E09000031,Physical,Adult,2026-03-01/P1M,6045,,,
E09000031,Digital,Unknown,2025-04-01/P1Y,0,,,
E09000031,Digital,Under 12,2025-04-01/P1Y,0,,,
E09000031,Digital,12-17,2025-04-01/P1Y,0,,,
E09000031,Digital,Adult,2025-04-01/P1Y,0,,,
E09000032,Physical,Under 12,2025-04-01/P1M,4471,,suspicious,"Source audit: total_attendees_physical_events: Annual: reported total 87,162; category sum 99,993; difference -12,831. Categories exceed total; check duplication, scope and reporting frequency. Event audiences may overlap. Values retained as reported pending source confirmation."
E09000032,Physical,Under 12,2025-05-01/P1M,4123,,suspicious,"Source audit: total_attendees_physical_events: Annual: reported total 87,162; category sum 99,993; difference -12,831. Categories exceed total; check duplication, scope and reporting frequency. Event audiences may overlap. Values retained as reported pending source confirmation."
E09000032,Physical,Under 12,2025-06-01/P1M,5047,,suspicious,"Source audit: total_attendees_physical_events: Annual: reported total 87,162; category sum 99,993; difference -12,831. Categories exceed total; check duplication, scope and reporting frequency. Event audiences may overlap. Values retained as reported pending source confirmation."
E09000032,Physical,Under 12,2025-07-01/P1M,4909,,suspicious,"Source audit: total_attendees_physical_events: Annual: reported total 87,162; category sum 99,993; difference -12,831. Categories exceed total; check duplication, scope and reporting frequency. Event audiences may overlap. Values retained as reported pending source confirmation."
E09000032,Physical,Under 12,2025-08-01/P1M,4441,,suspicious,"Source audit: total_attendees_physical_events: Annual: reported total 87,162; category sum 99,993; difference -12,831. Categories exceed total; check duplication, scope and reporting frequency. Event audiences may overlap. Values retained as reported pending source confirmation."
E09000032,Physical,Under 12,2025-09-01/P1M,5008,,suspicious,"Source audit: total_attendees_physical_events: Annual: reported total 87,162; category sum 99,993; difference -12,831. Categories exceed total; check duplication, scope and reporting frequency. Event audiences may overlap. Values retained as reported pending source confirmation."
E09000032,Physical,Under 12,2025-10-01/P1M,6509,,suspicious,"Source audit: total_attendees_physical_events: Annual: reported total 87,162; category sum 99,993; difference -12,831. Categories exceed total; check duplication, scope and reporting frequency. Event audiences may overlap. Values retained as reported pending source confirmation."
E09000032,Physical,Under 12,2025-11-01/P1M,5585,,suspicious,"Source audit: total_attendees_physical_events: Annual: reported total 87,162; category sum 99,993; difference -12,831. Categories exceed total; check duplication, scope and reporting frequency. Event audiences may overlap. Values retained as reported pending source confirmation."
E09000032,Physical,Under 12,2025-12-01/P1M,3867,,suspicious,"Source audit: total_attendees_physical_events: Annual: reported total 87,162; category sum 99,993; difference -12,831. Categories exceed total; check duplication, scope and reporting frequency. Event audiences may overlap. Values retained as reported pending source confirmation."
E09000032,Physical,Under 12,2026-01-01/P1M,5143,,suspicious,"Source audit: total_attendees_physical_events: Annual: reported total 87,162; category sum 99,993; difference -12,831. Categories exceed total; check duplication, scope and reporting frequency. Event audiences may overlap. Values retained as reported pending source confirmation."
E09000032,Physical,Under 12,2026-02-01/P1M,6314,,suspicious,"Source audit: total_attendees_physical_events: Annual: reported total 87,162; category sum 99,993; difference -12,831. Categories exceed total; check duplication, scope and reporting frequency. Event audiences may overlap. Values retained as reported pending source confirmation."
E09000032,Physical,Under 12,2026-03-01/P1M,6307,,suspicious,"Source audit: total_attendees_physical_events: Annual: reported total 87,162; category sum 99,993; difference -12,831. Categories exceed total; check duplication, scope and reporting frequency. Event audiences may overlap. Values retained as reported pending source confirmation."
E09000032,Physical,12-17,2025-04-01/P1M,1943,,suspicious,"Source audit: total_attendees_physical_events: Annual: reported total 87,162; category sum 99,993; difference -12,831. Categories exceed total; check duplication, scope and reporting frequency. Event audiences may overlap. Values retained as reported pending source confirmation."
E09000032,Physical,12-17,2025-05-01/P1M,3,,suspicious,"Source audit: total_attendees_physical_events: Annual: reported total 87,162; category sum 99,993; difference -12,831. Categories exceed total; check duplication, scope and reporting frequency. Event audiences may overlap. Values retained as reported pending source confirmation."
E09000032,Physical,12-17,2025-06-01/P1M,2,,suspicious,"Source audit: total_attendees_physical_events: Annual: reported total 87,162; category sum 99,993; difference -12,831. Categories exceed total; check duplication, scope and reporting frequency. Event audiences may overlap. Values retained as reported pending source confirmation."
E09000032,Physical,12-17,2025-07-01/P1M,5,,suspicious,"Source audit: total_attendees_physical_events: Annual: reported total 87,162; category sum 99,993; difference -12,831. Categories exceed total; check duplication, scope and reporting frequency. Event audiences may overlap. Values retained as reported pending source confirmation."
E09000032,Physical,12-17,2025-08-01/P1M,0,,suspicious,"Source audit: total_attendees_physical_events: Annual: reported total 87,162; category sum 99,993; difference -12,831. Categories exceed total; check duplication, scope and reporting frequency. Event audiences may overlap. Values retained as reported pending source confirmation."
E09000032,Physical,12-17,2025-09-01/P1M,4,,suspicious,"Source audit: total_attendees_physical_events: Annual: reported total 87,162; category sum 99,993; difference -12,831. Categories exceed total; check duplication, scope and reporting frequency. Event audiences may overlap. Values retained as reported pending source confirmation."
E09000032,Physical,12-17,2025-10-01/P1M,5,,suspicious,"Source audit: total_attendees_physical_events: Annual: reported total 87,162; category sum 99,993; difference -12,831. Categories exceed total; check duplication, scope and reporting frequency. Event audiences may overlap. Values retained as reported pending source confirmation."
E09000032,Physical,12-17,2025-11-01/P1M,4,,suspicious,"Source audit: total_attendees_physical_events: Annual: reported total 87,162; category sum 99,993; difference -12,831. Categories exceed total; check duplication, scope and reporting frequency. Event audiences may overlap. Values retained as reported pending source confirmation."
E09000032,Physical,12-17,2025-12-01/P1M,2,,suspicious,"Source audit: total_attendees_physical_events: Annual: reported total 87,162; category sum 99,993; difference -12,831. Categories exceed total; check duplication, scope and reporting frequency. Event audiences may overlap. Values retained as reported pending source confirmation."
E09000032,Physical,12-17,2026-01-01/P1M,3,,suspicious,"Source audit: total_attendees_physical_events: Annual: reported total 87,162; category sum 99,993; difference -12,831. Categories exceed total; check duplication, scope and reporting frequency. Event audiences may overlap. Values retained as reported pending source confirmation."
E09000032,Physical,12-17,2026-02-01/P1M,8,,suspicious,"Source audit: total_attendees_physical_events: Annual: reported total 87,162; category sum 99,993; difference -12,831. Categories exceed total; check duplication, scope and reporting frequency. Event audiences may overlap. Values retained as reported pending source confirmation."
E09000032,Physical,12-17,2026-03-01/P1M,4,,suspicious,"Source audit: total_attendees_physical_events: Annual: reported total 87,162; category sum 99,993; difference -12,831. Categories exceed total; check duplication, scope and reporting frequency. Event audiences may overlap. Values retained as reported pending source confirmation."
E09000032,Physical,Adult,2025-04-01/P1M,12834,,suspicious,"Source audit: total_attendees_physical_events: Annual: reported total 87,162; category sum 99,993; difference -12,831. Categories exceed total; check duplication, scope and reporting frequency. Event audiences may overlap. Values retained as reported pending source confirmation."
E09000032,Physical,Adult,2025-05-01/P1M,2000,,suspicious,"Source audit: total_attendees_physical_events: Annual: reported total 87,162; category sum 99,993; difference -12,831. Categories exceed total; check duplication, scope and reporting frequency. Event audiences may overlap. Values retained as reported pending source confirmation."
E09000032,Physical,Adult,2025-06-01/P1M,2114,,suspicious,"Source audit: total_attendees_physical_events: Annual: reported total 87,162; category sum 99,993; difference -12,831. Categories exceed total; check duplication, scope and reporting frequency. Event audiences may overlap. Values retained as reported pending source confirmation."
E09000032,Physical,Adult,2025-07-01/P1M,1418,,suspicious,"Source audit: total_attendees_physical_events: Annual: reported total 87,162; category sum 99,993; difference -12,831. Categories exceed total; check duplication, scope and reporting frequency. Event audiences may overlap. Values retained as reported pending source confirmation."
E09000032,Physical,Adult,2025-08-01/P1M,1336,,suspicious,"Source audit: total_attendees_physical_events: Annual: reported total 87,162; category sum 99,993; difference -12,831. Categories exceed total; check duplication, scope and reporting frequency. Event audiences may overlap. Values retained as reported pending source confirmation."
E09000032,Physical,Adult,2025-09-01/P1M,1854,,suspicious,"Source audit: total_attendees_physical_events: Annual: reported total 87,162; category sum 99,993; difference -12,831. Categories exceed total; check duplication, scope and reporting frequency. Event audiences may overlap. Values retained as reported pending source confirmation."
E09000032,Physical,Adult,2025-10-01/P1M,2469,,suspicious,"Source audit: total_attendees_physical_events: Annual: reported total 87,162; category sum 99,993; difference -12,831. Categories exceed total; check duplication, scope and reporting frequency. Event audiences may overlap. Values retained as reported pending source confirmation."
E09000032,Physical,Adult,2025-11-01/P1M,2877,,suspicious,"Source audit: total_attendees_physical_events: Annual: reported total 87,162; category sum 99,993; difference -12,831. Categories exceed total; check duplication, scope and reporting frequency. Event audiences may overlap. Values retained as reported pending source confirmation."
E09000032,Physical,Adult,2025-12-01/P1M,1936,,suspicious,"Source audit: total_attendees_physical_events: Annual: reported total 87,162; category sum 99,993; difference -12,831. Categories exceed total; check duplication, scope and reporting frequency. Event audiences may overlap. Values retained as reported pending source confirmation."
E09000032,Physical,Adult,2026-01-01/P1M,2469,,suspicious,"Source audit: total_attendees_physical_events: Annual: reported total 87,162; category sum 99,993; difference -12,831. Categories exceed total; check duplication, scope and reporting frequency. Event audiences may overlap. Values retained as reported pending source confirmation."
E09000032,Physical,Adult,2026-02-01/P1M,2421,,suspicious,"Source audit: total_attendees_physical_events: Annual: reported total 87,162; category sum 99,993; difference -12,831. Categories exceed total; check duplication, scope and reporting frequency. Event audiences may overlap. Values retained as reported pending source confirmation."
E09000032,Physical,Adult,2026-03-01/P1M,2558,,suspicious,"Source audit: total_attendees_physical_events: Annual: reported total 87,162; category sum 99,993; difference -12,831. Categories exceed total; check duplication, scope and reporting frequency. Event audiences may overlap. Values retained as reported pending source confirmation."
E09000032,Digital,Unknown,2025-04-01/P1M,12834,,,
E09000032,Digital,Unknown,2025-05-01/P1M,12252,,,
E09000032,Digital,Unknown,2025-06-01/P1M,14326,,,
E09000032,Digital,Unknown,2025-07-01/P1M,12664,,,
E09000032,Digital,Unknown,2025-08-01/P1M,11554,,,
E09000032,Digital,Unknown,2025-09-01/P1M,13732,,,
E09000032,Digital,Unknown,2025-10-01/P1M,17966,,,
E09000032,Digital,Unknown,2025-11-01/P1M,16932,,,
E09000032,Digital,Unknown,2025-12-01/P1M,11610,,,
E09000032,Digital,Unknown,2026-01-01/P1M,15230,,,
E09000032,Digital,Unknown,2026-02-01/P1M,17486,,,
E09000032,Digital,Unknown,2026-03-01/P1M,17738,,,
E09000032,Digital,Under 12,2025-04-01/P1Y,0,,,
E09000032,Digital,12-17,2025-04-01/P1Y,0,,,
E09000032,Digital,Adult,2025-04-01/P1Y,0,,,
E06000007,Physical,Under 12,2025-04-01/P3M,3129,,,
E06000007,Physical,Under 12,2025-07-01/P3M,5507,,,
E06000007,Physical,Under 12,2025-10-01/P3M,2906,,,
E06000007,Physical,Under 12,2026-01-01/P3M,2774,,,
E06000007,Physical,12-17,2025-04-01/P1Y,0,,,
E06000007,Physical,Adult,2025-04-01/P3M,3353,,,
E06000007,Physical,Adult,2025-07-01/P3M,3940,,,
E06000007,Physical,Adult,2025-10-01/P3M,2976,,,
E06000007,Physical,Adult,2026-01-01/P3M,2639,,,
E06000007,Digital,Unknown,2025-04-01/P1Y,0,,,
E06000007,Digital,Under 12,2025-04-01/P1Y,0,,,
E06000007,Digital,12-17,2025-04-01/P1Y,0,,,
E06000007,Digital,Adult,2025-04-01/P1Y,0,,,
E10000031,Physical,Under 12,2025-04-01/P1M,4091,,,
E10000031,Physical,Under 12,2025-05-01/P1M,4516,,,
E10000031,Physical,Under 12,2025-06-01/P1M,3965,,,
E10000031,Physical,Under 12,2025-07-01/P1M,4371,,,
E10000031,Physical,Under 12,2025-08-01/P1M,4552,,,
E10000031,Physical,Under 12,2025-09-01/P1M,4678,,,
E10000031,Physical,Under 12,2025-10-01/P1M,5167,,,
E10000031,Physical,Under 12,2025-11-01/P1M,4499,,,
E10000031,Physical,Under 12,2025-12-01/P1M,3537,,,
E10000031,Physical,Under 12,2026-01-01/P1M,4852,,,
E10000031,Physical,Under 12,2026-02-01/P1M,5313,,,
E10000031,Physical,Under 12,2026-03-01/P1M,6067,,,
E10000031,Physical,12-17,2025-04-01/P1M,121,,,
E10000031,Physical,12-17,2025-05-01/P1M,54,,,
E10000031,Physical,12-17,2025-06-01/P1M,74,,,
E10000031,Physical,12-17,2025-07-01/P1M,99,,,
E10000031,Physical,12-17,2025-08-01/P1M,83,,,
E10000031,Physical,12-17,2025-09-01/P1M,112,,,
E10000031,Physical,12-17,2025-10-01/P1M,103,,,
E10000031,Physical,12-17,2025-11-01/P1M,72,,,
E10000031,Physical,12-17,2025-12-01/P1M,107,,,
E10000031,Physical,12-17,2026-01-01/P1M,117,,,
E10000031,Physical,12-17,2026-02-01/P1M,94,,,
E10000031,Physical,12-17,2026-03-01/P1M,106,,,
E10000031,Physical,Adult,2025-04-01/P1M,4898,,,
E10000031,Physical,Adult,2025-05-01/P1M,5718,,,
E10000031,Physical,Adult,2025-06-01/P1M,4451,,,
E10000031,Physical,Adult,2025-07-01/P1M,5098,,,
E10000031,Physical,Adult,2025-08-01/P1M,4962,,,
E10000031,Physical,Adult,2025-09-01/P1M,5655,,,
E10000031,Physical,Adult,2025-10-01/P1M,5859,,,
E10000031,Physical,Adult,2025-11-01/P1M,5397,,,
E10000031,Physical,Adult,2025-12-01/P1M,4269,,,
E10000031,Physical,Adult,2026-01-01/P1M,5724,,,
E10000031,Physical,Adult,2026-02-01/P1M,6223,,,
E10000031,Physical,Adult,2026-03-01/P1M,6703,,,
E10000031,Digital,Under 12,2025-04-01/P1M,17,,,
E10000031,Digital,Under 12,2025-05-01/P1M,59,,,
E10000031,Digital,Under 12,2025-06-01/P1M,90,,,
E10000031,Digital,Under 12,2025-07-01/P1M,19,,,
E10000031,Digital,Under 12,2025-08-01/P1M,2,,,
E10000031,Digital,Under 12,2025-09-01/P1M,55,,,
E10000031,Digital,Under 12,2025-10-01/P1M,22,,,
E10000031,Digital,Under 12,2025-11-01/P1M,60,,,
E10000031,Digital,Under 12,2025-12-01/P1M,38,,,
E10000031,Digital,Under 12,2026-01-01/P1M,35,,,
E10000031,Digital,Under 12,2026-02-01/P1M,54,,,
E10000031,Digital,Under 12,2026-03-01/P1M,68,,,
E10000031,Digital,12-17,2025-04-01/P1M,11,,,
E10000031,Digital,12-17,2025-05-01/P1M,12,,,
E10000031,Digital,12-17,2025-06-01/P1M,19,,,
E10000031,Digital,12-17,2025-07-01/P1M,2,,,
E10000031,Digital,12-17,2025-08-01/P1M,4,,,
E10000031,Digital,12-17,2025-09-01/P1M,11,,,
E10000031,Digital,12-17,2025-10-01/P1M,0,,,
E10000031,Digital,12-17,2025-11-01/P1M,1,,,
E10000031,Digital,12-17,2025-12-01/P1M,0,,,
E10000031,Digital,12-17,2026-01-01/P1M,0,,,
E10000031,Digital,12-17,2026-02-01/P1M,9,,,
E10000031,Digital,12-17,2026-03-01/P1M,5,,,
E10000031,Digital,Adult,2025-04-01/P1M,15,,,
E10000031,Digital,Adult,2025-05-01/P1M,33,,,
E10000031,Digital,Adult,2025-06-01/P1M,25,,,
E10000031,Digital,Adult,2025-07-01/P1M,5,,,
E10000031,Digital,Adult,2025-08-01/P1M,16,,,
E10000031,Digital,Adult,2025-09-01/P1M,21,,,
E10000031,Digital,Adult,2025-10-01/P1M,11,,,
E10000031,Digital,Adult,2025-11-01/P1M,4,,,
E10000031,Digital,Adult,2025-12-01/P1M,2,,,
E10000031,Digital,Adult,2026-01-01/P1M,5,,,
E10000031,Digital,Adult,2026-02-01/P1M,13,,,
E10000031,Digital,Adult,2026-03-01/P1M,15,,,
E06000037,Physical,Under 12,2025-04-01/P1Y,0,,,
E06000037,Physical,12-17,2025-04-01/P1M,1220,,suspicious,"Source audit: physical_attendees_12_17: March 116 versus median nonzero month 1,081 (0.11 times). Could be a typo, changed scope or genuine activity; confirm with service. Values retained as reported pending source confirmation."
E06000037,Physical,12-17,2025-05-01/P1M,1018,,suspicious,"Source audit: physical_attendees_12_17: March 116 versus median nonzero month 1,081 (0.11 times). Could be a typo, changed scope or genuine activity; confirm with service. Values retained as reported pending source confirmation."
E06000037,Physical,12-17,2025-06-01/P1M,1016,,suspicious,"Source audit: physical_attendees_12_17: March 116 versus median nonzero month 1,081 (0.11 times). Could be a typo, changed scope or genuine activity; confirm with service. Values retained as reported pending source confirmation."
E06000037,Physical,12-17,2025-07-01/P1M,1188,,suspicious,"Source audit: physical_attendees_12_17: March 116 versus median nonzero month 1,081 (0.11 times). Could be a typo, changed scope or genuine activity; confirm with service. Values retained as reported pending source confirmation."
E06000037,Physical,12-17,2025-08-01/P1M,2071,,suspicious,"Source audit: physical_attendees_12_17: March 116 versus median nonzero month 1,081 (0.11 times). Could be a typo, changed scope or genuine activity; confirm with service. Values retained as reported pending source confirmation."
E06000037,Physical,12-17,2025-09-01/P1M,1144,,suspicious,"Source audit: physical_attendees_12_17: March 116 versus median nonzero month 1,081 (0.11 times). Could be a typo, changed scope or genuine activity; confirm with service. Values retained as reported pending source confirmation."
E06000037,Physical,12-17,2025-10-01/P1M,1211,,suspicious,"Source audit: physical_attendees_12_17: March 116 versus median nonzero month 1,081 (0.11 times). Could be a typo, changed scope or genuine activity; confirm with service. Values retained as reported pending source confirmation."
E06000037,Physical,12-17,2025-11-01/P1M,922,,suspicious,"Source audit: physical_attendees_12_17: March 116 versus median nonzero month 1,081 (0.11 times). Could be a typo, changed scope or genuine activity; confirm with service. Values retained as reported pending source confirmation."
E06000037,Physical,12-17,2025-12-01/P1M,794,,suspicious,"Source audit: physical_attendees_12_17: March 116 versus median nonzero month 1,081 (0.11 times). Could be a typo, changed scope or genuine activity; confirm with service. Values retained as reported pending source confirmation."
E06000037,Physical,12-17,2026-01-01/P1M,902,,suspicious,"Source audit: physical_attendees_12_17: March 116 versus median nonzero month 1,081 (0.11 times). Could be a typo, changed scope or genuine activity; confirm with service. Values retained as reported pending source confirmation."
E06000037,Physical,12-17,2026-02-01/P1M,1159,,suspicious,"Source audit: physical_attendees_12_17: March 116 versus median nonzero month 1,081 (0.11 times). Could be a typo, changed scope or genuine activity; confirm with service. Values retained as reported pending source confirmation."
E06000037,Physical,12-17,2026-03-01/P1M,116,,suspicious,"Source audit: physical_attendees_12_17: March 116 versus median nonzero month 1,081 (0.11 times). Could be a typo, changed scope or genuine activity; confirm with service. Values retained as reported pending source confirmation."
E06000037,Physical,Adult,2025-04-01/P1M,1971,,,
E06000037,Physical,Adult,2025-05-01/P1M,2286,,,
E06000037,Physical,Adult,2025-06-01/P1M,1321,,,
E06000037,Physical,Adult,2025-07-01/P1M,1821,,,
E06000037,Physical,Adult,2025-08-01/P1M,1668,,,
E06000037,Physical,Adult,2025-09-01/P1M,2066,,,
E06000037,Physical,Adult,2025-10-01/P1M,2519,,,
E06000037,Physical,Adult,2025-11-01/P1M,1979,,,
E06000037,Physical,Adult,2025-12-01/P1M,1190,,,
E06000037,Physical,Adult,2026-01-01/P1M,1992,,,
E06000037,Physical,Adult,2026-02-01/P1M,2240,,,
E06000037,Physical,Adult,2026-03-01/P1M,2292,,,
E06000037,Digital,Unknown,2025-04-01/P1Y,0,,,
E06000037,Digital,Under 12,2025-04-01/P1Y,0,,,
E06000037,Digital,12-17,2025-04-01/P1Y,0,,,
E06000037,Digital,Adult,2025-04-01/P1Y,0,,,
E06000062,Physical,Under 12,2025-04-01/P1M,4900,,,
E06000062,Physical,Under 12,2025-05-01/P1M,5051,,,
E06000062,Physical,Under 12,2025-06-01/P1M,6115,,,
E06000062,Physical,Under 12,2025-07-01/P1M,7305,,,
E06000062,Physical,Under 12,2025-08-01/P1M,6979,,,
E06000062,Physical,Under 12,2025-09-01/P1M,6206,,,
E06000062,Physical,Under 12,2025-10-01/P1M,5160,,,
E06000062,Physical,Under 12,2025-11-01/P1M,4551,,,
E06000062,Physical,Under 12,2025-12-01/P1M,4171,,,
E06000062,Physical,Under 12,2026-01-01/P1M,3484,,,
E06000062,Physical,Under 12,2026-02-01/P1M,3656,,,
E06000062,Physical,Under 12,2026-03-01/P1M,4620,,,
E06000062,Physical,12-17,2025-04-01/P1M,421,,,
E06000062,Physical,12-17,2025-05-01/P1M,434,,,
E06000062,Physical,12-17,2025-06-01/P1M,526,,,
E06000062,Physical,12-17,2025-07-01/P1M,628,,,
E06000062,Physical,12-17,2025-08-01/P1M,600,,,
E06000062,Physical,12-17,2025-09-01/P1M,533,,,
E06000062,Physical,12-17,2025-10-01/P1M,444,,,
E06000062,Physical,12-17,2025-11-01/P1M,391,,,
E06000062,Physical,12-17,2025-12-01/P1M,359,,,
E06000062,Physical,12-17,2026-01-01/P1M,299,,,
E06000062,Physical,12-17,2026-02-01/P1M,314,,,
E06000062,Physical,12-17,2026-03-01/P1M,397,,,
E06000062,Physical,Adult,2025-04-01/P1M,3006,,,
E06000062,Physical,Adult,2025-05-01/P1M,3099,,,
E06000062,Physical,Adult,2025-06-01/P1M,3750,,,
E06000062,Physical,Adult,2025-07-01/P1M,4480,,,
E06000062,Physical,Adult,2025-08-01/P1M,4281,,,
E06000062,Physical,Adult,2025-09-01/P1M,3808,,,
E06000062,Physical,Adult,2025-10-01/P1M,3165,,,
E06000062,Physical,Adult,2025-11-01/P1M,2792,,,
E06000062,Physical,Adult,2025-12-01/P1M,2558,,,
E06000062,Physical,Adult,2026-01-01/P1M,2138,,,
E06000062,Physical,Adult,2026-02-01/P1M,2243,,,
E06000062,Physical,Adult,2026-03-01/P1M,2834,,,
E06000062,Digital,Unknown,2025-04-01/P1Y,0,,,
E06000062,Digital,Under 12,2025-04-01/P1Y,0,,,
E06000062,Digital,12-17,2025-04-01/P1Y,0,,,
E06000062,Digital,Adult,2025-04-01/P1Y,0,,,
E10000032,Physical,Under 12,2025-04-01/P1M,5767,,,
E10000032,Physical,Under 12,2025-05-01/P1M,7124,,,
E10000032,Physical,Under 12,2025-06-01/P1M,19350,,,
E10000032,Physical,Under 12,2025-07-01/P1M,38726,,,
E10000032,Physical,Under 12,2025-08-01/P1M,7086,,,
E10000032,Physical,Under 12,2025-09-01/P1M,6655,,,
E10000032,Physical,Under 12,2025-10-01/P1M,7050,,,
E10000032,Physical,Under 12,2025-11-01/P1M,6906,,,
E10000032,Physical,Under 12,2025-12-01/P1M,5244,,,
E10000032,Physical,Under 12,2026-01-01/P1M,5734,,,
E10000032,Physical,Under 12,2026-02-01/P1M,7086,,,
E10000032,Physical,Under 12,2026-03-01/P1M,8878,,,
E10000032,Physical,12-17,2025-04-01/P1Y,0,,,
E10000032,Physical,Adult,2025-04-01/P1M,7216,,,
E10000032,Physical,Adult,2025-05-01/P1M,7847,,,
E10000032,Physical,Adult,2025-06-01/P1M,8151,,,
E10000032,Physical,Adult,2025-07-01/P1M,9517,,,
E10000032,Physical,Adult,2025-08-01/P1M,8202,,,
E10000032,Physical,Adult,2025-09-01/P1M,8840,,,
E10000032,Physical,Adult,2025-10-01/P1M,9021,,,
E10000032,Physical,Adult,2025-11-01/P1M,8884,,,
E10000032,Physical,Adult,2025-12-01/P1M,6815,,,
E10000032,Physical,Adult,2026-01-01/P1M,6992,,,
E10000032,Physical,Adult,2026-02-01/P1M,8464,,,
E10000032,Physical,Adult,2026-03-01/P1M,9375,,,
E10000032,Digital,Under 12,2025-04-01/P1Y,0,,,
E10000032,Digital,12-17,2025-04-01/P1Y,0,,,
E10000032,Digital,Adult,2025-04-01/P1Y,3,,,
E09000033,Physical,Unknown,2025-04-01/P1M,6126,,,
E09000033,Physical,Unknown,2025-05-01/P1M,7657,,,
E09000033,Physical,Unknown,2025-06-01/P1M,8941,,,
E09000033,Physical,Unknown,2025-07-01/P1M,7386,,,
E09000033,Physical,Unknown,2025-08-01/P1M,4845,,,
E09000033,Physical,Unknown,2025-09-01/P1M,7281,,,
E09000033,Physical,Unknown,2025-10-01/P1M,9709,,,
E09000033,Physical,Unknown,2025-11-01/P1M,8352,,,
E09000033,Physical,Unknown,2025-12-01/P1M,4944,,,
E09000033,Physical,Unknown,2026-01-01/P1M,6695,,,
E09000033,Physical,Unknown,2026-02-01/P1M,7280,,,
E09000033,Physical,Unknown,2026-03-01/P1M,10029,,,
E09000033,Physical,Under 12,2025-04-01/P1Y,0,,,
E09000033,Physical,12-17,2025-04-01/P1Y,0,,,
E09000033,Physical,Adult,2025-04-01/P1Y,0,,,
E09000033,Digital,Unknown,2025-04-01/P1Y,0,,,
E09000033,Digital,Under 12,2025-04-01/P1Y,0,,,
E09000033,Digital,12-17,2025-04-01/P1Y,0,,,
E09000033,Digital,Adult,2025-04-01/P1Y,0,,,
E06000064,Physical,Unknown,2025-04-01/P1M,2849,,,
E06000064,Physical,Unknown,2025-05-01/P1M,3454,,,
E06000064,Physical,Unknown,2025-06-01/P1M,6036,,,
E06000064,Physical,Unknown,2025-07-01/P1M,6104,,,
E06000064,Physical,Unknown,2025-08-01/P1M,3736,,,
E06000064,Physical,Unknown,2025-09-01/P1M,3030,,,
E06000064,Physical,Unknown,2025-10-01/P1M,5146,,,
E06000064,Physical,Unknown,2025-11-01/P1M,3778,,,
E06000064,Physical,Unknown,2025-12-01/P1M,3159,,,
E06000064,Physical,Unknown,2026-01-01/P1M,3113,,,
E06000064,Physical,Unknown,2026-02-01/P1M,4427,,,
E06000064,Physical,Unknown,2026-03-01/P1M,5778,,,
E06000064,Physical,Under 12,2025-04-01/P1Y,0,,,
E06000064,Physical,12-17,2025-04-01/P1Y,0,,,
E06000064,Physical,Adult,2025-04-01/P1Y,0,,,
E06000064,Digital,Unknown,2025-04-01/P1Y,0,,,
E06000064,Digital,Under 12,2025-04-01/P1Y,0,,,
E06000064,Digital,12-17,2025-04-01/P1Y,0,,,
E06000064,Digital,Adult,2025-04-01/P1Y,0,,,
E08000010,Physical,Under 12,2025-04-01/P1M,2441,,,
E08000010,Physical,Under 12,2025-05-01/P1M,788,,,
E08000010,Physical,Under 12,2025-06-01/P1M,1415,,,
E08000010,Physical,Under 12,2025-07-01/P1M,2695,,,
E08000010,Physical,Under 12,2025-08-01/P1M,1426,,,
E08000010,Physical,Under 12,2025-09-01/P1M,2082,,,
E08000010,Physical,Under 12,2025-10-01/P1M,4420,,,
E08000010,Physical,Under 12,2025-11-01/P1M,3610,,,
E08000010,Physical,Under 12,2025-12-01/P1M,2986,,,
E08000010,Physical,Under 12,2026-01-01/P1M,2446,,,
E08000010,Physical,Under 12,2026-02-01/P1M,3411,,,
E08000010,Physical,Under 12,2026-03-01/P1M,4166,,,
E08000010,Physical,12-17,2025-04-01/P1M,52,,,
E08000010,Physical,12-17,2025-05-01/P1M,128,,,
E08000010,Physical,12-17,2025-06-01/P1M,126,,,
E08000010,Physical,12-17,2025-07-01/P1M,67,,,
E08000010,Physical,12-17,2025-08-01/P1M,34,,,
E08000010,Physical,12-17,2025-09-01/P1M,44,,,
E08000010,Physical,12-17,2025-10-01/P1M,51,,,
E08000010,Physical,12-17,2025-11-01/P1M,75,,,
E08000010,Physical,12-17,2025-12-01/P1M,92,,,
E08000010,Physical,12-17,2026-01-01/P1M,109,,,
E08000010,Physical,12-17,2026-02-01/P1M,31,,,
E08000010,Physical,12-17,2026-03-01/P1M,38,,,
E08000010,Physical,Adult,2025-04-01/P1M,4751,,,
E08000010,Physical,Adult,2025-05-01/P1M,3845,,,
E08000010,Physical,Adult,2025-06-01/P1M,3581,,,
E08000010,Physical,Adult,2025-07-01/P1M,3810,,,
E08000010,Physical,Adult,2025-08-01/P1M,3267,,,
E08000010,Physical,Adult,2025-09-01/P1M,4606,,,
E08000010,Physical,Adult,2025-10-01/P1M,4988,,,
E08000010,Physical,Adult,2025-11-01/P1M,4700,,,
E08000010,Physical,Adult,2025-12-01/P1M,4053,,,
E08000010,Physical,Adult,2026-01-01/P1M,4404,,,
E08000010,Physical,Adult,2026-02-01/P1M,4980,,,
E08000010,Physical,Adult,2026-03-01/P1M,5201,,,
E08000010,Digital,Under 12,2025-04-01/P1M,249,,suspicious,"Source audit: total_attendees_digital_events: Published annual total 3,866; supplied month sum 2,933; difference +933. No replacement inferred. Values retained as reported pending source confirmation. Formula check: total_attendees_digital_events: Published annual total 3,866; supplied month sum 2,933; difference +933. No replacement inferred. Annual total is directly entered, not a formula summing these months."
E08000010,Digital,Under 12,2025-05-01/P1M,93,,suspicious,"Source audit: total_attendees_digital_events: Published annual total 3,866; supplied month sum 2,933; difference +933. No replacement inferred. Values retained as reported pending source confirmation. Formula check: total_attendees_digital_events: Published annual total 3,866; supplied month sum 2,933; difference +933. No replacement inferred. Annual total is directly entered, not a formula summing these months."
E08000010,Digital,Under 12,2025-06-01/P1M,0,,suspicious,"Source audit: total_attendees_digital_events: Published annual total 3,866; supplied month sum 2,933; difference +933. No replacement inferred. Values retained as reported pending source confirmation. Formula check: total_attendees_digital_events: Published annual total 3,866; supplied month sum 2,933; difference +933. No replacement inferred. Annual total is directly entered, not a formula summing these months."
E08000010,Digital,Under 12,2025-07-01/P1M,143,,suspicious,"Source audit: total_attendees_digital_events: Published annual total 3,866; supplied month sum 2,933; difference +933. No replacement inferred. Values retained as reported pending source confirmation. Formula check: total_attendees_digital_events: Published annual total 3,866; supplied month sum 2,933; difference +933. No replacement inferred. Annual total is directly entered, not a formula summing these months."
E08000010,Digital,Under 12,2025-08-01/P1M,369,,suspicious,"Source audit: total_attendees_digital_events: Published annual total 3,866; supplied month sum 2,933; difference +933. No replacement inferred. Values retained as reported pending source confirmation. Formula check: total_attendees_digital_events: Published annual total 3,866; supplied month sum 2,933; difference +933. No replacement inferred. Annual total is directly entered, not a formula summing these months."
E08000010,Digital,Under 12,2025-09-01/P1M,0,,suspicious,"Source audit: total_attendees_digital_events: Published annual total 3,866; supplied month sum 2,933; difference +933. No replacement inferred. Values retained as reported pending source confirmation. Formula check: total_attendees_digital_events: Published annual total 3,866; supplied month sum 2,933; difference +933. No replacement inferred. Annual total is directly entered, not a formula summing these months."
E08000010,Digital,Under 12,2025-10-01/P1M,159,,suspicious,"Source audit: total_attendees_digital_events: Published annual total 3,866; supplied month sum 2,933; difference +933. No replacement inferred. Values retained as reported pending source confirmation. Formula check: total_attendees_digital_events: Published annual total 3,866; supplied month sum 2,933; difference +933. No replacement inferred. Annual total is directly entered, not a formula summing these months."
E08000010,Digital,Under 12,2025-11-01/P1M,0,,suspicious,"Source audit: total_attendees_digital_events: Published annual total 3,866; supplied month sum 2,933; difference +933. No replacement inferred. Values retained as reported pending source confirmation. Formula check: total_attendees_digital_events: Published annual total 3,866; supplied month sum 2,933; difference +933. No replacement inferred. Annual total is directly entered, not a formula summing these months."
E08000010,Digital,Under 12,2025-12-01/P1M,71,,suspicious,"Source audit: total_attendees_digital_events: Published annual total 3,866; supplied month sum 2,933; difference +933. No replacement inferred. Values retained as reported pending source confirmation. Formula check: total_attendees_digital_events: Published annual total 3,866; supplied month sum 2,933; difference +933. No replacement inferred. Annual total is directly entered, not a formula summing these months."
E08000010,Digital,Under 12,2026-01-01/P1M,36,,suspicious,"Source audit: total_attendees_digital_events: Published annual total 3,866; supplied month sum 2,933; difference +933. No replacement inferred. Values retained as reported pending source confirmation. Formula check: total_attendees_digital_events: Published annual total 3,866; supplied month sum 2,933; difference +933. No replacement inferred. Annual total is directly entered, not a formula summing these months."
E08000010,Digital,Under 12,2026-02-01/P1M,77,,suspicious,"Source audit: total_attendees_digital_events: Published annual total 3,866; supplied month sum 2,933; difference +933. No replacement inferred. Values retained as reported pending source confirmation. Formula check: total_attendees_digital_events: Published annual total 3,866; supplied month sum 2,933; difference +933. No replacement inferred. Annual total is directly entered, not a formula summing these months."
E08000010,Digital,Under 12,2026-03-01/P1M,41,,suspicious,"Source audit: total_attendees_digital_events: Published annual total 3,866; supplied month sum 2,933; difference +933. No replacement inferred. Values retained as reported pending source confirmation. Formula check: total_attendees_digital_events: Published annual total 3,866; supplied month sum 2,933; difference +933. No replacement inferred. Annual total is directly entered, not a formula summing these months."
E08000010,Digital,12-17,2025-04-01/P1Y,3,,suspicious,"Source audit: total_attendees_digital_events: Published annual total 3,866; supplied month sum 2,933; difference +933. No replacement inferred. Values retained as reported pending source confirmation. Formula check: total_attendees_digital_events: Published annual total 3,866; supplied month sum 2,933; difference +933. No replacement inferred. Annual total is directly entered, not a formula summing these months."
E08000010,Digital,Adult,2025-04-01/P1M,111,,suspicious,"Source audit: total_attendees_digital_events: Published annual total 3,866; supplied month sum 2,933; difference +933. No replacement inferred. Values retained as reported pending source confirmation. Formula check: total_attendees_digital_events: Published annual total 3,866; supplied month sum 2,933; difference +933. No replacement inferred. Annual total is directly entered, not a formula summing these months."
E08000010,Digital,Adult,2025-05-01/P1M,99,,suspicious,"Source audit: total_attendees_digital_events: Published annual total 3,866; supplied month sum 2,933; difference +933. No replacement inferred. Values retained as reported pending source confirmation. Formula check: total_attendees_digital_events: Published annual total 3,866; supplied month sum 2,933; difference +933. No replacement inferred. Annual total is directly entered, not a formula summing these months."
E08000010,Digital,Adult,2025-06-01/P1M,186,,suspicious,"Source audit: total_attendees_digital_events: Published annual total 3,866; supplied month sum 2,933; difference +933. No replacement inferred. Values retained as reported pending source confirmation. Formula check: total_attendees_digital_events: Published annual total 3,866; supplied month sum 2,933; difference +933. No replacement inferred. Annual total is directly entered, not a formula summing these months."
E08000010,Digital,Adult,2025-07-01/P1M,116,,suspicious,"Source audit: total_attendees_digital_events: Published annual total 3,866; supplied month sum 2,933; difference +933. No replacement inferred. Values retained as reported pending source confirmation. Formula check: total_attendees_digital_events: Published annual total 3,866; supplied month sum 2,933; difference +933. No replacement inferred. Annual total is directly entered, not a formula summing these months."
E08000010,Digital,Adult,2025-08-01/P1M,127,,suspicious,"Source audit: total_attendees_digital_events: Published annual total 3,866; supplied month sum 2,933; difference +933. No replacement inferred. Values retained as reported pending source confirmation. Formula check: total_attendees_digital_events: Published annual total 3,866; supplied month sum 2,933; difference +933. No replacement inferred. Annual total is directly entered, not a formula summing these months."
E08000010,Digital,Adult,2025-09-01/P1M,203,,suspicious,"Source audit: total_attendees_digital_events: Published annual total 3,866; supplied month sum 2,933; difference +933. No replacement inferred. Values retained as reported pending source confirmation. Formula check: total_attendees_digital_events: Published annual total 3,866; supplied month sum 2,933; difference +933. No replacement inferred. Annual total is directly entered, not a formula summing these months."
E08000010,Digital,Adult,2025-10-01/P1M,194,,suspicious,"Source audit: total_attendees_digital_events: Published annual total 3,866; supplied month sum 2,933; difference +933. No replacement inferred. Values retained as reported pending source confirmation. Formula check: total_attendees_digital_events: Published annual total 3,866; supplied month sum 2,933; difference +933. No replacement inferred. Annual total is directly entered, not a formula summing these months."
E08000010,Digital,Adult,2025-11-01/P1M,157,,suspicious,"Source audit: total_attendees_digital_events: Published annual total 3,866; supplied month sum 2,933; difference +933. No replacement inferred. Values retained as reported pending source confirmation. Formula check: total_attendees_digital_events: Published annual total 3,866; supplied month sum 2,933; difference +933. No replacement inferred. Annual total is directly entered, not a formula summing these months."
E08000010,Digital,Adult,2025-12-01/P1M,80,,suspicious,"Source audit: total_attendees_digital_events: Published annual total 3,866; supplied month sum 2,933; difference +933. No replacement inferred. Values retained as reported pending source confirmation. Formula check: total_attendees_digital_events: Published annual total 3,866; supplied month sum 2,933; difference +933. No replacement inferred. Annual total is directly entered, not a formula summing these months."
E08000010,Digital,Adult,2026-01-01/P1M,96,,suspicious,"Source audit: total_attendees_digital_events: Published annual total 3,866; supplied month sum 2,933; difference +933. No replacement inferred. Values retained as reported pending source confirmation. Formula check: total_attendees_digital_events: Published annual total 3,866; supplied month sum 2,933; difference +933. No replacement inferred. Annual total is directly entered, not a formula summing these months."
E08000010,Digital,Adult,2026-02-01/P1M,139,,suspicious,"Source audit: total_attendees_digital_events: Published annual total 3,866; supplied month sum 2,933; difference +933. No replacement inferred. Values retained as reported pending source confirmation. Formula check: total_attendees_digital_events: Published annual total 3,866; supplied month sum 2,933; difference +933. No replacement inferred. Annual total is directly entered, not a formula summing these months."
E08000010,Digital,Adult,2026-03-01/P1M,184,,suspicious,"Source audit: total_attendees_digital_events: Published annual total 3,866; supplied month sum 2,933; difference +933. No replacement inferred. Values retained as reported pending source confirmation. Formula check: total_attendees_digital_events: Published annual total 3,866; supplied month sum 2,933; difference +933. No replacement inferred. Annual total is directly entered, not a formula summing these months."
E06000054,Physical,Under 12,2025-04-01/P1M,4556,,,
E06000054,Physical,Under 12,2025-05-01/P1M,4413,,,
E06000054,Physical,Under 12,2025-06-01/P1M,12635,,,
E06000054,Physical,Under 12,2025-07-01/P1M,13159,,,
E06000054,Physical,Under 12,2025-08-01/P1M,3954,,,
E06000054,Physical,Under 12,2025-09-01/P1M,4082,,,
E06000054,Physical,Under 12,2025-10-01/P1M,4921,,,
E06000054,Physical,Under 12,2025-11-01/P1M,4644,,,
E06000054,Physical,Under 12,2025-12-01/P1M,2915,,,
E06000054,Physical,Under 12,2026-01-01/P1M,4437,,,
E06000054,Physical,Under 12,2026-02-01/P1M,5150,,,
E06000054,Physical,Under 12,2026-03-01/P1M,5420,,,
E06000054,Physical,12-17,2025-04-01/P1M,33,,,
E06000054,Physical,12-17,2025-05-01/P1M,42,,,
E06000054,Physical,12-17,2025-06-01/P1M,32,,,
E06000054,Physical,12-17,2025-07-01/P1M,25,,,
E06000054,Physical,12-17,2025-08-01/P1M,21,,,
E06000054,Physical,12-17,2025-09-01/P1M,28,,,
E06000054,Physical,12-17,2025-10-01/P1M,64,,,
E06000054,Physical,12-17,2025-11-01/P1M,33,,,
E06000054,Physical,12-17,2025-12-01/P1M,54,,,
E06000054,Physical,12-17,2026-01-01/P1M,46,,,
E06000054,Physical,12-17,2026-02-01/P1M,149,,,
E06000054,Physical,12-17,2026-03-01/P1M,154,,,
E06000054,Physical,Adult,2025-04-01/P1M,6001,,,
E06000054,Physical,Adult,2025-05-01/P1M,5765,,,
E06000054,Physical,Adult,2025-06-01/P1M,6243,,,
E06000054,Physical,Adult,2025-07-01/P1M,6401,,,
E06000054,Physical,Adult,2025-08-01/P1M,5255,,,
E06000054,Physical,Adult,2025-09-01/P1M,5716,,,
E06000054,Physical,Adult,2025-10-01/P1M,6416,,,
E06000054,Physical,Adult,2025-11-01/P1M,5583,,,
E06000054,Physical,Adult,2025-12-01/P1M,3767,,,
E06000054,Physical,Adult,2026-01-01/P1M,5311,,,
E06000054,Physical,Adult,2026-02-01/P1M,6335,,,
E06000054,Physical,Adult,2026-03-01/P1M,6458,,,
E06000054,Digital,Unknown,2025-04-01/P1Y,0,,,
E06000054,Digital,Under 12,2025-04-01/P1Y,0,,,
E06000054,Digital,12-17,2025-04-01/P1Y,0,,,
E06000054,Digital,Adult,2025-04-01/P1Y,0,,,
E06000040,Physical,Unknown,2025-04-01/P1M,2688,,,
E06000040,Physical,Unknown,2025-05-01/P1M,3670,,,
E06000040,Physical,Unknown,2025-06-01/P1M,3214,,,
E06000040,Physical,Unknown,2025-07-01/P1M,3172,,,
E06000040,Physical,Unknown,2025-08-01/P1M,2017,,,
E06000040,Physical,Unknown,2025-09-01/P1M,2514,,,
E06000040,Physical,Unknown,2025-10-01/P1M,3156,,,
E06000040,Physical,Unknown,2025-11-01/P1M,3156,,,
E06000040,Physical,Unknown,2025-12-01/P1M,1989,,,
E06000040,Physical,Unknown,2026-01-01/P1M,2340,,,
E06000040,Physical,Unknown,2026-02-01/P1M,2639,,,
E06000040,Physical,Unknown,2026-03-01/P1M,4044,,,
E06000040,Physical,Under 12,2025-04-01/P1Y,0,,,
E06000040,Physical,12-17,2025-04-01/P1Y,0,,,
E06000040,Physical,Adult,2025-04-01/P1Y,0,,,
E06000040,Digital,Unknown,2025-04-01/P1Y,0,,,
E06000040,Digital,Under 12,2025-04-01/P1Y,0,,,
E06000040,Digital,12-17,2025-04-01/P1Y,0,,,
E06000040,Digital,Adult,2025-04-01/P1Y,0,,,
E08000015,Physical,Under 12,2025-04-01/P1M,1175,,,
E08000015,Physical,Under 12,2025-05-01/P1M,1770,,,
E08000015,Physical,Under 12,2025-06-01/P1M,1712,,,
E08000015,Physical,Under 12,2025-07-01/P1M,3073,,,
E08000015,Physical,Under 12,2025-08-01/P1M,1486,,,
E08000015,Physical,Under 12,2025-09-01/P1M,1056,,,
E08000015,Physical,Under 12,2025-10-01/P1M,1644,,,
E08000015,Physical,Under 12,2025-11-01/P1M,1957,,,
E08000015,Physical,Under 12,2025-12-01/P1M,848,,,
E08000015,Physical,Under 12,2026-01-01/P1M,1605,,,
E08000015,Physical,Under 12,2026-02-01/P1M,1971,,,
E08000015,Physical,Under 12,2026-03-01/P1M,2060,,,
E08000015,Physical,12-17,2025-04-01/P1Y,0,,,
E08000015,Physical,Adult,2025-04-01/P1M,942,,,
E08000015,Physical,Adult,2025-05-01/P1M,1846,,,
E08000015,Physical,Adult,2025-06-01/P1M,1262,,,
E08000015,Physical,Adult,2025-07-01/P1M,1580,,,
E08000015,Physical,Adult,2025-08-01/P1M,1893,,,
E08000015,Physical,Adult,2025-09-01/P1M,1083,,,
E08000015,Physical,Adult,2025-10-01/P1M,1464,,,
E08000015,Physical,Adult,2025-11-01/P1M,1344,,,
E08000015,Physical,Adult,2025-12-01/P1M,888,,,
E08000015,Physical,Adult,2026-01-01/P1M,1117,,,
E08000015,Physical,Adult,2026-02-01/P1M,1506,,,
E08000015,Physical,Adult,2026-03-01/P1M,1494,,,
E08000015,Digital,Under 12,2025-04-01/P1Y,0,,,
E08000015,Digital,12-17,2025-04-01/P1Y,0,,,
E08000015,Digital,Adult,2025-04-01/P1M,7,,,
E08000015,Digital,Adult,2025-05-01/P1M,8,,,
E08000015,Digital,Adult,2025-06-01/P1M,6,,,
E08000015,Digital,Adult,2025-07-01/P1M,9,,,
E08000015,Digital,Adult,2025-08-01/P1M,7,,,
E08000015,Digital,Adult,2025-09-01/P1M,9,,,
E08000015,Digital,Adult,2025-10-01/P1M,8,,,
E08000015,Digital,Adult,2025-11-01/P1M,7,,,
E08000015,Digital,Adult,2025-12-01/P1M,9,,,
E08000015,Digital,Adult,2026-01-01/P1M,6,,,
E08000015,Digital,Adult,2026-02-01/P1M,8,,,
E08000015,Digital,Adult,2026-03-01/P1M,7,,,
E10000034,Physical,Under 12,2025-04-01/P1M,4478,,,
E10000034,Physical,Under 12,2025-05-01/P1M,5564,,,
E10000034,Physical,Under 12,2025-06-01/P1M,6774,,,
E10000034,Physical,Under 12,2025-07-01/P1M,6524,,,
E10000034,Physical,Under 12,2025-08-01/P1M,4556,,,
E10000034,Physical,Under 12,2025-09-01/P1M,5386,,,
E10000034,Physical,Under 12,2025-10-01/P1M,6144,,,
E10000034,Physical,Under 12,2025-11-01/P1M,6412,,,
E10000034,Physical,Under 12,2025-12-01/P1M,5657,,,
E10000034,Physical,Under 12,2026-01-01/P1M,6522,,,
E10000034,Physical,Under 12,2026-02-01/P1M,8015,,,
E10000034,Physical,Under 12,2026-03-01/P1M,6299,,,
E10000034,Physical,12-17,2025-04-01/P1Y,0,,,
E10000034,Physical,Adult,2025-04-01/P1M,5318,,,
E10000034,Physical,Adult,2025-05-01/P1M,5124,,,
E10000034,Physical,Adult,2025-06-01/P1M,5479,,,
E10000034,Physical,Adult,2025-07-01/P1M,6364,,,
E10000034,Physical,Adult,2025-08-01/P1M,6255,,,
E10000034,Physical,Adult,2025-09-01/P1M,7200,,,
E10000034,Physical,Adult,2025-10-01/P1M,7574,,,
E10000034,Physical,Adult,2025-11-01/P1M,8696,,,
E10000034,Physical,Adult,2025-12-01/P1M,5854,,,
E10000034,Physical,Adult,2026-01-01/P1M,6357,,,
E10000034,Physical,Adult,2026-02-01/P1M,7623,,,
E10000034,Physical,Adult,2026-03-01/P1M,7536,,,
E10000034,Digital,Unknown,2025-04-01/P1Y,0,,,
E10000034,Digital,Under 12,2025-04-01/P1Y,0,,,
E10000034,Digital,12-17,2025-04-01/P1Y,0,,,
E10000034,Digital,Adult,2025-04-01/P1Y,0,,,
E06000014,Physical,Under 12,2025-04-01/P1M,2871,,,
E06000014,Physical,Under 12,2025-05-01/P1M,3001,,,
E06000014,Physical,Under 12,2025-06-01/P1M,4148,,,
E06000014,Physical,Under 12,2025-07-01/P1M,8457,,,
E06000014,Physical,Under 12,2025-08-01/P1M,3711,,,
E06000014,Physical,Under 12,2025-09-01/P1M,2289,,,
E06000014,Physical,Under 12,2025-10-01/P1M,2864,,,
E06000014,Physical,Under 12,2025-11-01/P1M,2257,,,
E06000014,Physical,Under 12,2025-12-01/P1M,1885,,,
E06000014,Physical,Under 12,2026-01-01/P1M,2930,,,
E06000014,Physical,Under 12,2026-02-01/P1M,2615,,,
E06000014,Physical,Under 12,2026-03-01/P1M,2653,,,
E06000014,Physical,12-17,2025-04-01/P1M,10,,,
E06000014,Physical,12-17,2025-05-01/P1M,14,,,
E06000014,Physical,12-17,2025-06-01/P1M,84,,,
E06000014,Physical,12-17,2025-07-01/P1M,11,,,
E06000014,Physical,12-17,2025-08-01/P1M,38,,,
E06000014,Physical,12-17,2025-09-01/P1M,0,,,
E06000014,Physical,12-17,2025-10-01/P1M,0,,,
E06000014,Physical,12-17,2025-11-01/P1M,17,,,
E06000014,Physical,12-17,2025-12-01/P1M,0,,,
E06000014,Physical,12-17,2026-01-01/P1M,30,,,
E06000014,Physical,12-17,2026-02-01/P1M,8,,,
E06000014,Physical,12-17,2026-03-01/P1M,12,,,
E06000014,Physical,Adult,2025-04-01/P1M,939,,,
E06000014,Physical,Adult,2025-05-01/P1M,1217,,,
E06000014,Physical,Adult,2025-06-01/P1M,1072,,,
E06000014,Physical,Adult,2025-07-01/P1M,1133,,,
E06000014,Physical,Adult,2025-08-01/P1M,833,,,
E06000014,Physical,Adult,2025-09-01/P1M,888,,,
E06000014,Physical,Adult,2025-10-01/P1M,969,,,
E06000014,Physical,Adult,2025-11-01/P1M,3260,,,
E06000014,Physical,Adult,2025-12-01/P1M,1208,,,
E06000014,Physical,Adult,2026-01-01/P1M,1111,,,
E06000014,Physical,Adult,2026-02-01/P1M,1207,,,
E06000014,Physical,Adult,2026-03-01/P1M,1214,,,
E06000014,Digital,Under 12,2025-04-01/P1M,0,,suspicious,"Source audit: total_attendees_digital_events: Annual: reported total 103; category sum 277; difference -174. Categories exceed total; check duplication, scope and reporting frequency. Event audiences may overlap. Values retained as reported pending source confirmation."
E06000014,Digital,Under 12,2025-05-01/P1M,0,,suspicious,"Source audit: total_attendees_digital_events: Annual: reported total 103; category sum 277; difference -174. Categories exceed total; check duplication, scope and reporting frequency. Event audiences may overlap. Values retained as reported pending source confirmation."
E06000014,Digital,Under 12,2025-06-01/P1M,0,,suspicious,"Source audit: total_attendees_digital_events: Annual: reported total 103; category sum 277; difference -174. Categories exceed total; check duplication, scope and reporting frequency. Event audiences may overlap. Values retained as reported pending source confirmation."
E06000014,Digital,Under 12,2025-07-01/P1M,0,,suspicious,"Source audit: total_attendees_digital_events: Annual: reported total 103; category sum 277; difference -174. Categories exceed total; check duplication, scope and reporting frequency. Event audiences may overlap. Values retained as reported pending source confirmation."
E06000014,Digital,Under 12,2025-08-01/P1M,0,,suspicious,"Source audit: total_attendees_digital_events: Annual: reported total 103; category sum 277; difference -174. Categories exceed total; check duplication, scope and reporting frequency. Event audiences may overlap. Values retained as reported pending source confirmation."
E06000014,Digital,Under 12,2025-09-01/P1M,0,,suspicious,"Source audit: total_attendees_digital_events: Annual: reported total 103; category sum 277; difference -174. Categories exceed total; check duplication, scope and reporting frequency. Event audiences may overlap. Values retained as reported pending source confirmation."
E06000014,Digital,Under 12,2025-10-01/P1M,0,,suspicious,"Source audit: total_attendees_digital_events: Annual: reported total 103; category sum 277; difference -174. Categories exceed total; check duplication, scope and reporting frequency. Event audiences may overlap. Values retained as reported pending source confirmation."
E06000014,Digital,Under 12,2025-11-01/P1M,0,,suspicious,"Source audit: total_attendees_digital_events: Annual: reported total 103; category sum 277; difference -174. Categories exceed total; check duplication, scope and reporting frequency. Event audiences may overlap. Values retained as reported pending source confirmation."
E06000014,Digital,Under 12,2025-12-01/P1M,0,,suspicious,"Source audit: total_attendees_digital_events: Annual: reported total 103; category sum 277; difference -174. Categories exceed total; check duplication, scope and reporting frequency. Event audiences may overlap. Values retained as reported pending source confirmation."
E06000014,Digital,Under 12,2026-01-01/P1M,42,,suspicious,"Source audit: total_attendees_digital_events: Annual: reported total 103; category sum 277; difference -174. Categories exceed total; check duplication, scope and reporting frequency. Event audiences may overlap. Values retained as reported pending source confirmation."
E06000014,Digital,Under 12,2026-02-01/P1M,45,,suspicious,"Source audit: total_attendees_digital_events: Annual: reported total 103; category sum 277; difference -174. Categories exceed total; check duplication, scope and reporting frequency. Event audiences may overlap. Values retained as reported pending source confirmation."
E06000014,Digital,Under 12,2026-03-01/P1M,0,,suspicious,"Source audit: total_attendees_digital_events: Annual: reported total 103; category sum 277; difference -174. Categories exceed total; check duplication, scope and reporting frequency. Event audiences may overlap. Values retained as reported pending source confirmation."
E06000014,Digital,12-17,2025-04-01/P1Y,0,,suspicious,"Source audit: total_attendees_digital_events: Annual: reported total 103; category sum 277; difference -174. Categories exceed total; check duplication, scope and reporting frequency. Event audiences may overlap. Values retained as reported pending source confirmation."
E06000014,Digital,Adult,2025-04-01/P1M,36,,suspicious,"Source audit: total_attendees_digital_events: Annual: reported total 103; category sum 277; difference -174. Categories exceed total; check duplication, scope and reporting frequency. Event audiences may overlap. Values retained as reported pending source confirmation."
E06000014,Digital,Adult,2025-05-01/P1M,36,,suspicious,"Source audit: total_attendees_digital_events: Annual: reported total 103; category sum 277; difference -174. Categories exceed total; check duplication, scope and reporting frequency. Event audiences may overlap. Values retained as reported pending source confirmation."
E06000014,Digital,Adult,2025-06-01/P1M,31,,suspicious,"Source audit: total_attendees_digital_events: Annual: reported total 103; category sum 277; difference -174. Categories exceed total; check duplication, scope and reporting frequency. Event audiences may overlap. Values retained as reported pending source confirmation."
E06000014,Digital,Adult,2025-07-01/P1M,0,,suspicious,"Source audit: total_attendees_digital_events: Annual: reported total 103; category sum 277; difference -174. Categories exceed total; check duplication, scope and reporting frequency. Event audiences may overlap. Values retained as reported pending source confirmation."
E06000014,Digital,Adult,2025-08-01/P1M,0,,suspicious,"Source audit: total_attendees_digital_events: Annual: reported total 103; category sum 277; difference -174. Categories exceed total; check duplication, scope and reporting frequency. Event audiences may overlap. Values retained as reported pending source confirmation."
E06000014,Digital,Adult,2025-09-01/P1M,0,,suspicious,"Source audit: total_attendees_digital_events: Annual: reported total 103; category sum 277; difference -174. Categories exceed total; check duplication, scope and reporting frequency. Event audiences may overlap. Values retained as reported pending source confirmation."
E06000014,Digital,Adult,2025-10-01/P1M,0,,suspicious,"Source audit: total_attendees_digital_events: Annual: reported total 103; category sum 277; difference -174. Categories exceed total; check duplication, scope and reporting frequency. Event audiences may overlap. Values retained as reported pending source confirmation."
E06000014,Digital,Adult,2025-11-01/P1M,0,,suspicious,"Source audit: total_attendees_digital_events: Annual: reported total 103; category sum 277; difference -174. Categories exceed total; check duplication, scope and reporting frequency. Event audiences may overlap. Values retained as reported pending source confirmation."
E06000014,Digital,Adult,2025-12-01/P1M,0,,suspicious,"Source audit: total_attendees_digital_events: Annual: reported total 103; category sum 277; difference -174. Categories exceed total; check duplication, scope and reporting frequency. Event audiences may overlap. Values retained as reported pending source confirmation."
E06000014,Digital,Adult,2026-01-01/P1M,42,,suspicious,"Source audit: total_attendees_digital_events: Annual: reported total 103; category sum 277; difference -174. Categories exceed total; check duplication, scope and reporting frequency. Event audiences may overlap. Values retained as reported pending source confirmation."
E06000014,Digital,Adult,2026-02-01/P1M,45,,suspicious,"Source audit: total_attendees_digital_events: Annual: reported total 103; category sum 277; difference -174. Categories exceed total; check duplication, scope and reporting frequency. Event audiences may overlap. Values retained as reported pending source confirmation."
E06000014,Digital,Adult,2026-03-01/P1M,0,,suspicious,"Source audit: total_attendees_digital_events: Annual: reported total 103; category sum 277; difference -174. Categories exceed total; check duplication, scope and reporting frequency. Event audiences may overlap. Values retained as reported pending source confirmation."
E09000006,Physical,Under 12,2025-04-01/P1M,2483,,,
E09000006,Physical,Under 12,2025-05-01/P1M,3659,,,
E09000006,Physical,Under 12,2025-06-01/P1M,4332,,,
E09000006,Physical,Under 12,2025-07-01/P1M,14383,,,
E09000006,Physical,Under 12,2025-08-01/P1M,3047,,,
E09000006,Physical,Under 12,2025-09-01/P1M,5638,,,
E09000006,Physical,Under 12,2025-10-01/P1M,5315,,,
E09000006,Physical,Under 12,2025-11-01/P1M,5035,,,
E09000006,Physical,Under 12,2025-12-01/P1M,3366,,,
E09000006,Physical,Under 12,2026-01-01/P1M,4774,,,
E09000006,Physical,Under 12,2026-02-01/P1M,14795,,,
E09000006,Physical,Under 12,2026-03-01/P1M,5699,,,
E09000006,Physical,12-17,2025-04-01/P1Y,0,,,
E09000006,Physical,Adult,2025-04-01/P1M,1159,,,
E09000006,Physical,Adult,2025-05-01/P1M,1058,,,
E09000006,Physical,Adult,2025-06-01/P1M,1099,,,
E09000006,Physical,Adult,2025-07-01/P1M,1207,,,
E09000006,Physical,Adult,2025-08-01/P1M,1016,,,
E09000006,Physical,Adult,2025-09-01/P1M,1185,,,
E09000006,Physical,Adult,2025-10-01/P1M,1339,,,
E09000006,Physical,Adult,2025-11-01/P1M,1196,,,
E09000006,Physical,Adult,2025-12-01/P1M,1722,,,
E09000006,Physical,Adult,2026-01-01/P1M,1420,,,
E09000006,Physical,Adult,2026-02-01/P1M,1511,,,
E09000006,Physical,Adult,2026-03-01/P1M,1613,,,
E09000006,Digital,Under 12,2025-04-01/P1Y,120,,,
E09000006,Digital,12-17,2025-04-01/P1Y,0,,,
E09000006,Digital,Adult,2025-04-01/P1Y,0,,,
E06000022,Physical,Under 12,2025-04-01/P1M,1269,,,
E06000022,Physical,Under 12,2025-05-01/P1M,1939,,,
E06000022,Physical,Under 12,2025-06-01/P1M,3163,,,
E06000022,Physical,Under 12,2025-07-01/P1M,2156,,,
E06000022,Physical,Under 12,2025-08-01/P1M,314,,,
E06000022,Physical,Under 12,2025-09-01/P1M,2615,,,
E06000022,Physical,Under 12,2025-10-01/P1M,1520,,,
E06000022,Physical,Under 12,2025-11-01/P1M,1669,,,
E06000022,Physical,Under 12,2025-12-01/P1M,1521,,,
E06000022,Physical,Under 12,2026-01-01/P1M,2409,,,
E06000022,Physical,Under 12,2026-02-01/P1M,2778,,,
E06000022,Physical,Under 12,2026-03-01/P1M,3042,,,
E06000022,Physical,12-17,2025-04-01/P1Y,0,,,
E06000022,Physical,Adult,2025-04-01/P1M,557,,,
E06000022,Physical,Adult,2025-05-01/P1M,1161,,,
E06000022,Physical,Adult,2025-06-01/P1M,1029,,,
E06000022,Physical,Adult,2025-07-01/P1M,732,,,
E06000022,Physical,Adult,2025-08-01/P1M,861,,,
E06000022,Physical,Adult,2025-09-01/P1M,816,,,
E06000022,Physical,Adult,2025-10-01/P1M,1393,,,
E06000022,Physical,Adult,2025-11-01/P1M,1222,,,
E06000022,Physical,Adult,2025-12-01/P1M,890,,,
E06000022,Physical,Adult,2026-01-01/P1M,512,,,
E06000022,Physical,Adult,2026-02-01/P1M,1204,,,
E06000022,Physical,Adult,2026-03-01/P1M,776,,,
E06000022,Digital,Under 12,2025-04-01/P1Y,0,,,
E06000022,Digital,12-17,2025-04-01/P1Y,0,,,
E06000022,Digital,Adult,2025-04-01/P1M,7,,,
E06000022,Digital,Adult,2025-05-01/P1M,7,,,
E06000022,Digital,Adult,2025-06-01/P1M,5,,,
E06000022,Digital,Adult,2025-07-01/P1M,8,,,
E06000022,Digital,Adult,2025-08-01/P1M,8,,,
E06000022,Digital,Adult,2025-09-01/P1M,7,,,
E06000022,Digital,Adult,2025-10-01/P1M,7,,,
E06000022,Digital,Adult,2025-11-01/P1M,7,,,
E06000022,Digital,Adult,2025-12-01/P1M,8,,,
E06000022,Digital,Adult,2026-01-01/P1M,9,,,
E06000022,Digital,Adult,2026-02-01/P1M,10,,,
E06000022,Digital,Adult,2026-03-01/P1M,10,,,
