Authority code,Authority nice name,Library service,Period,Users,Users estimated,Users status,Users notes,Events,Events estimated,Events status,Events notes,Attendance,Attendance estimated,Attendance status,Attendance notes,Loans,Loans estimated,Loans status,Loans notes,Visits,Visits estimated,Visits status,Visits notes,Computer hours,Computer hours estimated,Computer hours status,Computer hours notes,Wifi sessions,Wifi sessions estimated,Wifi sessions status,Wifi sessions notes,Population under 12,Population 12-17,Population adult,Nearest neighbour 1,Nearest neighbour 2,Nearest neighbour 3,Nearest neighbour 4,Nearest neighbour 5
E09000001,City of London,Barbican & Community Libraries,2023/2024,16616,,,,3207,,,,33102,,,,329805,,suspicious,,341486,,,,20272,,,,,,,,546,301,14264,E09000033,E09000007,E06000053,E06000014,E06000022
E08000016,Barnsley,Barnsley,2023/2024,13835,,,,4706,,,,49930,,,,379787,,,,578334,,,,37207,,,,,,,,33907,17892,199971,E08000036,E08000008,E08000018,E06000003,E08000034
E06000022,Bath and North East Somerset,Bath & North East Somerset,2023/2024,23250,,,,1248,,,,21753,,suspicious,"Source audit: total_attendees_physical_events: Annual: reported total 21,224; category sum 21,663; difference -439. Categories exceed total; check duplication, scope and reporting frequency. Event audiences may overlap. Values retained as reported pending source confirmation.",497440,,suspicious,,396903,,,,31584,,,,,,,,22974,13627,163427,E10000032,E06000014,E10000011,E06000054,E10000018
E06000008,Blackburn with Darwen,Blackburn With Darwen,2023/2024,10530,,,,1519,,,,20761,,,,222146,,suspicious,"Source audit: ebooks_adult: February 114 versus median nonzero month 1,198 (0.10 times). Could be a typo, changed scope or genuine activity; confirm with service. Values retained as reported pending source confirmation.",410133,,,,,,,,,,,,26759,15045,120736,E08000005,E08000032,E08000028,E08000031,E08000001
E06000009,Blackpool,Blackpool,2023/2024,8861,,,,1785,,,,27471,,,,314336,,,,288908,,,,23699,,,,,,,,18904,10019,115268,E06000018,E06000010,E06000027,E08000017,E06000021
E08000001,Bolton,Bolton Libraries & Museum Service,2023/2024,17931,,,,4318,,,,55802,,,,429403,,,,652953,,,,53938,,,,157398,,suspicious,"Source audit: wifi_sessions: March 1,140 versus median nonzero month 13,147 (0.09 times). Could be a typo, changed scope or genuine activity; confirm with service. Values retained as reported pending source confirmation.",49203,26396,234486,E08000031,E08000005,E08000032,E08000030,E08000002
E06000058,"Bournemouth, Christchurch and Poole",Bournemouth Christchurch & Poole,2023/2024,40275,,,,11305,,,,131695,,,,1954890,1091166,replaced,"Monthly return (March): Children's book loans entered as 262,343, which exceeds total book loans (67,522). Category totals show the intended figure was 26,243.",1088445,,,,81995,,,,,,,,47614,27196,334157,E06000033,E08000035,E06000050,E06000007,E08000007
E06000036,Bracknell Forest,Bracknell Forest,2023/2024,259229,,suspicious,"Annual headline total: Reported 259,229 active users, which exceeds the local population (126,000). Appears to be cumulative historical cardholders rather than active borrowers in the last 12 months.",1764,,,,,,,,225823,,,,354156,,,,34390,,,,,,,,18463,10909,101434,E10000025,E06000025,E06000042,E06000030,E10000003
E08000032,Bradford,Bradford,2023/2024,32861,,,,4936,,,,45050,,,,641469,,,,819497,,,,45604,,,,,,,,92119,50364,421122,E08000030,E08000031,E08000025,E08000034,E06000008
E09000005,Brent,Brent Council,2023/2024,27368,,suspicious,"Source audit: total_active_members: Annual: reported total 27,368; category sum 2,519; difference +24,849. Remainder may be uncategorised activity; not necessarily a reporting error. Values retained as reported pending source confirmation.",1249,,,,33145,,,,786079,,,,1161122,,,,93767,,,,,,,,49294,25707,277975,E09000031,E09000003,E09000009,E09000024,E09000023
E06000023,City of Bristol,Bristol Libraries,2023/2024,73102,,,,4597,,,,50811,,,,1611465,,,,980945,,,,91097,,,,138350,,,,61225,31480,401694,E08000035,E08000021,E06000044,E06000045,E08000006
E09000006,Bromley,Bromley,2023/2024,33543,,,,4910,,,,80121,,,,1523385,,,,1170250,,,,88912,,,,94707,,,,47806,25651,261862,E09000029,E10000015,E09000021,E09000024,E08000009
E06000060,Buckinghamshire,Buckinghamshire Libraries,2023/2024,40617,,,,4047,,,,24742,,,,1377930,,,,1049573,,,,32459,,,,,,,,83301,47165,448306,E10000015,E10000025,E10000030,E06000040,E10000014
E08000002,Bury,Bury Libraries + Archives,2023/2024,13421,,,,2218,,,,18680,,,,257793,,,,15347,,,,15344,,,,57230,,,,28722,16046,154153,E08000015,E08000007,E08000027,E08000001,E06000006
E08000033,Calderdale,Calderdale Mbc Libraries,2023/2024,17461,,,,,,,,,,,,434954,,,,20345,,,,27975,,,,20259,,,,28728,16402,165799,E10000011,E08000034,E10000018,E08000037,E10000028
E10000003,Cambridgeshire,Cambridgeshire Libraries,2023/2024,58387,,,,5778,,,,287853,,suspicious,"Source audit: total_attendees_physical_events: April 84,090 versus median nonzero month 9,972 (8.43 times). Could be a typo, changed scope or genuine activity; confirm with service. | total_attendees_physical_events: September 104,471 versus median nonzero month 9,972 (10.48 times). Could be a typo, changed scope or genuine activity; confirm with service. Values retained as reported pending source confirmation.",1827446,,suspicious,"Source audit: loans_11_under: January 7,663 versus median nonzero month 74,762 (0.10 times). Could be a typo, changed scope or genuine activity; confirm with service. | total_physical_audiobook_issues: September 121 versus median nonzero month 1,100 (0.11 times). Could be a typo, changed scope or genuine activity; confirm with service. | total_physical_book_issues: Annual: reported total 1,440,772; category sum 1,506,735; difference -65,963. Categories exceed total; check duplication, scope and reporting frequency. Event audiences may overlap. | total_physical_audiobook_issues: Annual: reported total 12,511; category sum 13,276; difference -765. Categories exceed total; check duplication, scope and reporting frequency. Event audiences may overlap. Values retained as reported pending source confirmation.",1522691,,,,92468,,,,,,,,92435,50489,567393,E10000031,E06000056,E10000018,E06000025,E06000011
E06000056,Central Bedfordshire,Central Bedfordshire,2023/2024,24428,,,,4796,,,,105858,,,,847409,,,,755236,,,,,,,,,,,,47221,22853,245803,E10000018,E10000003,E10000031,E06000025,E10000012
E06000050,Cheshire West and Chester,Cheshire West & Chester,2023/2024,45182,,,,9031,,,,108410,,,,1327675,,suspicious,,4389566,,suspicious,"Annual headline total: Reported 4.39 million visits, which appears to count footfall for the entire civic centre building rather than just the library.",27226,,,,,,,,45861,25704,300087,E10000014,E10000013,E06000058,E10000032,E10000034
E06000052,Cornwall,Cornwall Libraries,2023/2024,48588,,suspicious,"Source audit: total_active_members: Annual: reported total 48,588; category sum 44,294; difference +4,294. Remainder may be uncategorised activity; not necessarily a reporting error. Values retained as reported pending source confirmation.",432,,,,36576,,,,1480078,,suspicious,,796390,,,,60757,,,,,,,,66427,39359,477503,E06000059,E10000008,E10000020,E06000066,E10000029
E08000026,Coventry,Coventry Libraries & Information Service,2023/2024,20746,,,,6613,,,,75740,,,,423912,,,,563418,,,,84045,,,,454245,,,,55381,28180,285465,E08000035,E08000031,E08000032,E08000021,E08000002
E06000063,Cumberland,Cumberland Libraries,2023/2024,16804,,,,3137,,,,20869,,,,693991,,,,443253,,,,20128,,,,265631,,,,33355,19134,228006,E06000064,E06000047,E06000065,E06000057,E10000007
E06000005,Darlington,Darlington Libraries,2023/2024,6664,,,,959,,,,38628,,,,229043,,,,210801,,,,5607,,,,,,,,14430,8341,89718,E08000037,E08000015,E06000015,E08000013,E08000021
E06000015,Derby,Derby Libraries,2023/2024,26699,,,,1912,,,,17399,,,,527654,,,,244236,,,,62284,,,,,,,,40457,21656,212036,E08000034,E06000021,E06000005,E08000026,E08000035
E10000007,Derbyshire,Derbyshire County Council,2023/2024,77253,,,,12250,,,,54261,,,,2106649,,,,1865814,,suspicious,"Source audit: physical_visits: April 670,970 versus median nonzero month 73,617 (9.11 times). Could be a typo, changed scope or genuine activity; confirm with service. Values retained as reported pending source confirmation.",91740,,,,128753,,,,99337,56818,666222,E10000017,E06000066,E10000028,E10000024,E10000020
E10000008,Devon,Devon,2023/2024,120371,,,,11101,,,,204851,,,,2460903,,,,1976930,,,,86597,,,,147564,,,,93226,54938,694149,E10000013,E06000054,E06000066,E10000029,E10000020
E08000017,Doncaster,Doncaster,2023/2024,13579,,,,,,,,,,,,320976,,,,471878,,,,35086,,,,,,,,44589,23682,251494,E06000006,E08000016,E06000010,E08000018,E08000008
E06000059,Dorset Council,Dorset,2023/2024,26493,,,,7085,,,,93382,,,,1427655,,suspicious,"Source audit: total_physical_book_issues: Annual: reported total 1,098,647; category sum 1,123,243; difference -24,596. Categories exceed total; check duplication, scope and reporting frequency. Event audiences may overlap. Values retained as reported pending source confirmation.",974795,,,,36530,,,,,,,,40453,26696,322798,E06000066,E10000029,E06000019,E06000051,E10000020
E08000027,Dudley,Dudley Libraries,2023/2024,28047,,,,8019,,,,111593,,,,876053,,,,1189079,,suspicious,"Source audit: physical_visits: April 544,456 versus median nonzero month 61,791 (8.81 times). Could be a typo, changed scope or genuine activity; confirm with service. Values retained as reported pending source confirmation.",72580,,,,,,,,46653,24471,260806,E08000002,E08000008,E10000028,E10000024,E08000034
E06000011,East Riding of Yorkshire,East Riding Of Yorkshire,2023/2024,42563,,,,,,,,,,,,1870857,,suspicious,"Source audit: total_physical_book_issues: April 575,730 versus median nonzero month 60,852 (9.46 times). Could be a typo, changed scope or genuine activity; confirm with service. | loans_adult: April 370,710 versus median nonzero month 40,212 (9.22 times). Could be a typo, changed scope or genuine activity; confirm with service. | loans_11_under: April 200,180 versus median nonzero month 19,282 (10.38 times). Could be a typo, changed scope or genuine activity; confirm with service. | total_physical_audiobook_issues: Annual: reported total 20,711; category sum 21,129; difference -418. Categories exceed total; check duplication, scope and reporting frequency. Event audiences may overlap. Values retained as reported pending source confirmation.",,,,,31745,,,,,,,,39733,23290,292861,E10000031,E10000034,E10000003,E10000018,E10000007
E10000011,East Sussex,East Sussex County Council,2023/2024,42567,,,,5766,,,,44153,,,,860693,,,,838668,,,,64521,,,,33262,,,,65244,39184,456454,E10000020,E08000033,E10000032,E06000054,E06000066
E06000014,York,Explore York Libraries & Archives,2023/2024,24736,,,,3252,,suspicious,"Source audit: total_physical_events: Annual: reported total 2,956; category sum 3,145; difference -189. Categories exceed total; check duplication, scope and reporting frequency. Event audiences may overlap. Values retained as reported pending source confirmation.",46827,,,,781057,,suspicious,"Source audit: total_physical_book_issues: Annual: reported total 649,032; category sum 669,699; difference -20,667. Categories exceed total; check duplication, scope and reporting frequency. Event audiences may overlap. Values retained as reported pending source confirmation.",868797,,,,35644,,,,,,,,21883,12875,174543,E06000058,E06000022,E08000007,E06000044,E06000007
E08000037,Gateshead,Gateshead Libraries,2023/2024,16865,,,,1950,,,,,,,,744659,455912,replaced,"Annual headline total: Published total of 744,659 includes the April physical-book overstatement of 288,747. Corrected total is 455,912.",376605,,,,27840,,,,,,,,25969,14445,162346,E08000015,E06000005,E08000022,E06000003,E08000013
E09000011,Greenwich,Greenwich Libraries,2023/2024,25861,,,,7580,,suspicious,"Source audit: digital_events_12_17: digital_events_12_17 and digital_events_adults are identical across every supplied month. Possible copied series; may be deliberate combined-age reporting, so no correction inferred. Values retained as reported pending source confirmation.",122100,,suspicious,"Source audit: digital_attendees_12_17: digital_attendees_12_17 and digital_attendees_adults are identical across every supplied month. Possible copied series; may be deliberate combined-age reporting, so no correction inferred. Values retained as reported pending source confirmation.",895130,,,,2270014,,,,148335,,,,321128,,,,43695,21630,234203,E09000023,E09000018,E06000038,E09000024,E09000029
E09000012,Hackney,Hackney,2023/2024,16193,,,,1439,,,,27855,,,,473943,,suspicious,,738272,,,,98501,,,,,,,,36207,17984,212567,E09000019,E09000028,E09000022,E09000011,E09000031
E06000006,Halton,Halton Libraries,2023/2024,7082,,,,1266,,,,22687,,,,417652,255724,replaced,"Annual headline total: Published total of 417,652 includes the April physical-book overstatement of 161,928. Corrected total is 255,724.",327881,,,,26743,,,,,,,,17757,9982,103804,E08000010,E08000018,E08000002,E08000036,E08000008
E09000013,Hammersmith and Fulham,Hammersmith & Fulham,2023/2024,20825,,,,,,,,,,,,333862,,,,714493,,,,48395,,,,,,,,21441,10514,156732,E09000022,E09000007,E09000032,E09000019,E09000028
E10000014,Hampshire,Hampshire,2023/2024,149893,,,,16403,,,,367184,,,,5000051,,suspicious,,3363105,,,,99610,,,,,,,,185423,103307,1158484,E10000013,E10000032,E06000054,E06000037,E10000030
E09000014,Haringey,Haringey,2023/2024,29414,,suspicious,"Source audit: total_active_members: Annual: reported total 29,414; category sum 35,890; difference -6,476. Categories exceed total; check duplication, scope and reporting frequency. Event audiences may overlap. Values retained as reported pending source confirmation.",1304,,,,26826,,,,546649,,suspicious,,878034,,,,2236995718,,excluded,"Annual headline total: The published annual total included the 2.2 billion March figure, heavily distorting annual aggregates. Excluded from headline totals.",,,,,35104,18544,210202,E09000031,E09000009,E09000023,E09000008,E09000003
E09000015,Harrow,Harrow,2023/2024,34260,,,,2134,,,,42571,,suspicious,"Source audit: digital_attendees_11_under: August 71 versus median nonzero month 1,372 (0.05 times). Could be a typo, changed scope or genuine activity; confirm with service. | digital_attendees_11_under: October 24 versus median nonzero month 1,372 (0.02 times). Could be a typo, changed scope or genuine activity; confirm with service. Values retained as reported pending source confirmation.",707168,,,,461101,,,,284481,30531,replaced,"Monthly return (April): April computer hours entered as 256,515, where other months average around 2,500. Corrected to 2,565 (removing two accidental extra digits).",97155,,,,39736,20716,210272,E09000017,E09000009,E09000018,E09000026,E09000024
E06000001,Hartlepool,Hartlepool,2023/2024,3496,,,,,,,,14361,,,,116265,,,,359817,169682,replaced,"Monthly return (February): February visits entered as 211,261, about ten times higher than other months (~21,000). Corrected to 21,126.",9090,,,,,,,,13469,7621,77090,E08000018,E06000003,E08000011,E08000024,E08000017
E06000019,Herefordshire,Herefordshire,2023/2024,18119,,,,1041,,,,10865,,,,335544,,suspicious,,255181,,,,9116,,,,,,,,21909,12530,156608,E06000066,E06000059,E10000029,E06000051,E10000013
E10000015,Hertfordshire,Hertfordshire County Council,2023/2024,66926,,,,8483,,,,183758,,,,6442193,,,,2708578,,,,138135,,,,,,,,178620,98860,958711,E10000012,E06000060,E10000016,E08000009,E06000007
E06000010,Kingston upon Hull,Hull Libraries Hull Culture & Leisure Ltd,2023/2024,17309,,,,2187,,,,17841,,,,302344,,suspicious,,512334,,,,7151,,,,,,,,40996,21383,213022,E06000021,E08000024,E08000036,E08000017,E06000026
E06000046,Isle of Wight,Isle Of Wight,2023/2024,11106,,,,2511,,,,20230,,,,342961,,,,402090,,,,,,,,,,,,14589,8762,118309,E06000027,E06000066,E06000059,E10000011,E10000034
E09000019,Islington,Islington Library Service,2023/2024,22190,,,,3283,,,,57208,,,,2783073,,suspicious,,836949,,,,69626,,,,,,,,23920,11704,187400,E09000012,E09000028,E09000022,E09000013,E09000007
E09000020,Kensington and Chelsea,Kensington & Chelsea,2023/2024,21193,,suspicious,"Source audit: total_active_members: Annual: reported total 21,193; category sum 17,210; difference +3,983. Remainder may be uncategorised activity; not necessarily a reporting error. Values retained as reported pending source confirmation.",1916,,,,40919,,suspicious,"Source audit: total_attendees_physical_events: March 236 versus median nonzero month 3,269 (0.07 times). Could be a typo, changed scope or genuine activity; confirm with service. Values retained as reported pending source confirmation.",361943,,,,594829,,,,41471,,,,,,,,15243,7312,121963,E09000033,E09000007,E09000013,E09000028,E09000019
E10000016,Kent,Kent,2023/2024,120154,,suspicious,"Source audit: total_active_members: Annual: reported total 120,154; category sum 187,116; difference -66,962. Categories exceed total; check duplication, scope and reporting frequency. Event audiences may overlap. Values retained as reported pending source confirmation.",15438,,,,193575,,,,4032148,,suspicious,,3100468,,,,171052,,,,96628,,,,228508,126882,1283639,E10000012,E06000024,E10000029,E10000020,E10000032
E09000021,Kingston upon Thames,Kingston Upon Thames,2023/2024,15939,,,,1881,,,,34884,,,,731695,,suspicious,,329344,,,,24271,,,,,,,,23751,13370,135571,E09000029,E09000024,E09000027,E08000009,E09000006
E08000034,Kirklees,Kirklees Libraries,2023/2024,43542,,,,7431,,,,118267,,,,917550,,,,843136,,,,52211,,,,,,,,64235,35587,348025,E08000008,E08000032,E08000013,E08000015,E08000002
E08000011,Knowsley,Knowsley Library Service,2023/2024,7254,,suspicious,"Source audit: total_active_members: Annual: reported total 7,254; category sum 6,596; difference +658. Remainder may be uncategorised activity; not necessarily a reporting error. Values retained as reported pending source confirmation.",2967,,,,37829,,,,149268,,suspicious,,187860,,,,18835,,,,13386,,,,24395,11644,126526,E08000036,E08000005,E08000024,E08000013,E08000018
E09000022,Lambeth,Lambeth Libraries,2023/2024,57275,,,,,,,,,,,,,,,,,,,,,,,,,,,,33604,17850,265466,E09000013,E09000028,E09000019,E09000011,E09000012
E10000017,Lancashire,Lancashire,2023/2024,112302,,,,26756,,,,,,,,4533091,,suspicious,"Source audit: total_physical_audiobook_issues: Annual: reported total 38,024; category sum 46,621; difference -8,597. Categories exceed total; check duplication, scope and reporting frequency. Event audiences may overlap. Values retained as reported pending source confirmation.",2622563,,,,231470,,,,,,,,167438,93954,1033522,E10000007,E10000028,E06000066,E10000034,E10000024
E06000016,Leicester,Leicester City Libraries,2023/2024,59427,,,,6362,,,,25029,,,,681856,,suspicious,"Source audit: total_physical_book_issues: April 2,324 versus median nonzero month 49,670 (0.05 times). Could be a typo, changed scope or genuine activity; confirm with service. | total_physical_book_issues: Annual: reported total 559,133; category sum 607,720; difference -48,587. Categories exceed total; check duplication, scope and reporting frequency. Event audiences may overlap. Values retained as reported pending source confirmation.",1134494,,,,86136,,,,74049,,,,59060,31703,297585,E08000025,E08000031,E08000032,E08000028,E06000008
E10000018,Leicestershire,Leicestershire Libraries,2023/2024,53096,,,,2814,,,,45479,,,,1675004,,,,615060,,,,62929,,,,16833,,,,94770,52669,598134,E10000031,E10000013,E10000032,E10000034,E06000056
E09000023,Lewisham,Lewisham,2023/2024,19187,,,,3161,,,,63131,,,,811641,,suspicious,,1215813,,,,34113,,,,55024,,,,41594,20458,239203,E09000011,E09000029,E09000024,E09000031,E09000021
E10000019,Lincolnshire,Lincolnshire,2023/2024,43550,,,,6849,,,,87663,,,,1851679,,suspicious,,1032974,,,,72657,,,,38285,,,,93958,53996,641548,E06000066,E06000020,E10000029,E10000024,E10000007
E09000002,Barking and Dagenham,London Borough Of Barking & Dagenham,2023/2024,8604,,,,4512,,,,59516,,,,257364,,,,786221,,,,22580,,,,,,,,44071,22394,166282,E06000032,E09000025,E08000028,E09000015,E08000006
E09000003,Barnet,London Borough Of Barnet,2023/2024,34487,,,,2084,,,,44271,,,,1167325,,suspicious,,834261,,,,63182,,,,112943,,,,61102,32749,311199,E09000031,E09000005,E09000008,E09000014,E09000004
E09000004,Bexley,London Borough Of Bexley,2023/2024,28809,,,,,,,,,,,,,,,,,,,,,,,,,,,,38137,20587,197710,E09000016,E10000015,E06000035,E06000007,E10000012
E09000007,Camden,London Borough Of Camden,2023/2024,11658,,,,2586,,,,25203,,,,280569,,suspicious,"Source audit: loans_adult: July 1,245 versus median nonzero month 11,700 (0.11 times). Could be a typo, changed scope or genuine activity; confirm with service. Values retained as reported pending source confirmation.",702963,,,,144792,,,,178344,,,,22922,12354,181667,E09000013,E09000020,E09000019,E09000033,E09000022
E09000009,Ealing,London Borough Of Ealing,2023/2024,44796,,,,3953,,,,71498,,,,593164,,,,596233,,,,,,,,,,,,53523,28837,303625,E09000008,E09000024,E09000015,E09000014,E09000023
E09000017,Hillingdon,London Borough Of Hillingdon,2023/2024,34277,,,,6599,,,,90354,,,,876334,,,,1081269,,,,,,,,,,,,50546,24978,253661,E09000026,E09000015,E09000018,E09000010,E08000026
E09000018,Hounslow,London Borough Of Hounslow Library Service,2023/2024,29908,,,,801,,,,7161,,,,598709,,suspicious,,715803,,,,205946,66092,replaced,"Monthly return (December): December computer hours entered as 155,393, where other quarters average around 17,000. Corrected to 15,539 (removing an accidental extra zero).",,,,,44243,23311,231870,E06000038,E09000011,E09000015,E09000017,E09000024
E09000027,Richmond upon Thames,London Borough Of Richmond Upon Thames,2023/2024,28941,,,,2572,,,,26170,,,,1091865,,suspicious,,909144,,,,49374,,,,,,,,28009,16029,152640,E09000021,E06000040,E08000009,E09000006,E10000030
E09000029,Sutton,London Borough Of Sutton,2023/2024,35260,,,,2549,,,,60530,,,,860992,,,,5184126,,suspicious,"Annual headline total: Reported 5.18 million visits; figures from April to October appear roughly ten times too high (~500,000 a month compared to ~55,000 a month later in the year).",,,,,,,,,32464,18390,163671,E09000021,E09000006,E10000015,E09000023,E09000016
E06000032,Luton,Luton Libraries,2023/2024,12570,,,,1396,,,,31315,,,,38876,,,,326905,,,,35195,,,,,,,,41835,20445,176810,E08000031,E09000002,E09000010,E08000028,E08000026
E08000003,Manchester,Manchester Libraries,2023/2024,92969,,,,12697,,,,146847,,,,1200222,,suspicious,,2829076,,,,313036,,,,518726,,,,86399,45432,457839,E08000006,E06000018,E06000045,E08000025,E08000012
E09000024,Merton,Merton Libraries,2023/2024,,,,,7772,,,,99456,,,,473134,,suspicious,,928831,,,,93303,,,,24076,,,,31336,15863,171340,E09000021,E09000006,E09000023,E09000009,E09000011
E06000002,Middlesbrough,Middlesbrough,2023/2024,2710,,,,,,,,,,,,139917,,,,,,,,,,,,,,,,23692,11925,120544,E06000018,E08000012,E08000025,E08000030,E08000032
E08000021,Newcastle upon Tyne,Newcastle Libraries,2023/2024,14225,,,,1555,,,,17568,,,,489418,,suspicious,"Source audit: total_physical_audiobook_issues: total_physical_audiobook_issues and total_digital_audiobook_issues are identical month-for-month across every supplied month (annual sums 54,393 each). Check copied columns, format classification or events entered as attendance; no replacement inferred. Values retained as reported pending source confirmation.",552037,,,,12294410,,excluded,"Annual headline total: Recorded ~800,000 computer hours per month, which is physically impossible and suggests an internal timer or counter was submitted instead of hours. Excluded from annual totals.",,,,,40717,20489,259399,E08000035,E08000022,E06000023,E08000026,E06000044
E09000025,Newham,Newham,2023/2024,65909,,,,13766,,,,220340,,,,1066002,,,,1302945,,,,144464,,,,79622,,,,57032,27376,290115,E09000002,E06000032,E09000026,E09000017,E09000010
E10000020,Norfolk,Norfolk Library & Information Service,2023/2024,144487,,,,7729,,,,123716,,,,5243151,,suspicious,,2278553,,,,181321,,,,,,,,109793,62037,768529,E10000029,E06000066,E10000032,E10000016,E10000011
E06000012,North East Lincolnshire,North East Lincolnshire,2023/2024,8925,,,,508,,,,9777,,,,192616,,suspicious,"Source audit: total_physical_book_issues: Annual: reported total 163,343; category sum 179,679; difference -16,336. Categories exceed total; check duplication, scope and reporting frequency. Event audiences may overlap. Values retained as reported pending source confirmation.",147063,,,,59181,,suspicious,"Source audit: hours_public_computers: January 613 versus median nonzero month 5,220 (0.12 times). Could be a typo, changed scope or genuine activity; confirm with service. Values retained as reported pending source confirmation.",,,,,21482,12040,126389,E06000026,E06000006,E08000017,E06000010,E08000024
E06000013,North Lincolnshire,North Lincolnshire Council,2023/2024,15635,,,,387,,,,3552,,,,214911,,suspicious,,330145,,,,9665,,,,,,,,22031,12644,136661,E10000007,E06000012,E06000006,E06000004,E10000019
E06000024,North Somerset,North Somerset,2023/2024,27765,,,,3389,,,,31820,,,,731936,,,,435143,,,,29829,,,,,,,,28238,16122,180218,E10000016,E06000066,E06000049,E06000062,E08000029
E08000022,North Tyneside,North Tyneside,2023/2024,20699,,,,2348,,,,40043,,,,436457,,suspicious,,910228,,,,51539,,,,29666,,,,27284,14979,172762,E08000015,E08000037,E08000035,E08000021,E08000007
E06000065,North Yorkshire,North Yorkshire Libraries,2023/2024,58510,,,,9189,,,,131067,,,,2456268,,suspicious,"Source audit: loans_11_under: April 503,540 versus median nonzero month 54,472 (9.24 times). Could be a typo, changed scope or genuine activity; confirm with service. | loans_12_17: April 12,430 versus median nonzero month 1,460 (8.51 times). Could be a typo, changed scope or genuine activity; confirm with service. | total_physical_book_issues: Annual: reported total 1,621,275; category sum 2,081,344; difference -460,069. Categories exceed total; check duplication, scope and reporting frequency. Event audiences may overlap. Values retained as reported pending source confirmation.",1761827,,,,102111,,,,661573,,,,72119,43602,519549,E06000057,E06000063,E06000064,E10000008,E06000047
E06000057,Northumberland,Northumberland Libraries,2023/2024,20130,,,,1978,,,,31841,,,,597731,,,,,,,,24088,,,,,,,,37335,21721,272364,E06000065,E06000047,E06000063,E06000064,E10000008
E06000018,Nottingham,Nottingham City Council,2023/2024,38053,,,,4545,,,,71891,,,,477374,,suspicious,,551245,,,,79928,,,,,,,,45420,23294,262363,E08000012,E08000025,E08000006,E06000009,E08000032
E10000024,Nottinghamshire,Nottinghamshire,2023/2024,108627,,,,18823,,,,314954,,,,2410336,2380886,replaced,,1806535,,,,123865,,,,122620,,,,110565,61007,685441,E10000007,E08000010,E06000035,E08000027,E10000012
E08000004,Oldham,Oldham Libraries,2023/2024,14771,,,,4370,,,,58172,,,,342502,,,,767029,,,,72900,,,,41462,,,,41766,22303,187491,E08000005,E08000030,E08000032,E08000031,E08000008
E10000025,Oxfordshire,Oxfordshire Libraries,2023/2024,70873,,,,10856,,,,193179,,,,3418088,,,,1923861,,,,87369,,,,,,,,100531,56116,606571,E06000060,E06000049,E10000014,E06000025,E10000030
E06000031,Peterborough,Peterborough Libraries,2023/2024,170757,,suspicious,"Annual headline total: Reported 170,757 active users, which appears to be cumulative historical registrations rather than active borrowers in the last 12 months.",1483,,,,19780,,,,252479,,,,195560,,,,35630,,,,15467,,,,37712,19909,166034,E06000015,E08000036,E08000006,E08000013,E08000026
E06000044,Portsmouth,Portsmouth City Council,2023/2024,14886,,,,3071,,,,21061,,,,367930,,suspicious,"Source audit: total_physical_book_issues: Annual: reported total 305,900; category sum 312,523; difference -6,623. Categories exceed total; check duplication, scope and reporting frequency. Event audiences may overlap. Values retained as reported pending source confirmation.",655862,,,,44521,,,,,,,,28439,14617,171265,E06000058,E06000033,E06000023,E06000045,E08000035
E06000038,Reading,Reading,2023/2024,12938,,,,209,,,,27393,,,,427249,,suspicious,,276000,,,,17310,,,,29391,,,,26129,12834,143944,E09000018,E09000011,E08000035,E06000023,E06000030
E08000005,Rochdale,Rochdale Borough Libraries,2023/2024,12981,,,,3035,,,,19495,,,,377295,237295,replaced,"Source audit: total_physical_book_issues: Annual: reported total 195,293; category sum 375,293; difference -180,000. Categories exceed total; check duplication, scope and reporting frequency. Event audiences may overlap. Values retained as reported pending source confirmation.; Quarterly return (March Q4): Adult book loans entered as 200,000, while all other quarters are exactly 20,000. Corrected to 20,000.",,,,,,,,,,,,,37917,20170,177474,E06000008,E08000008,E08000031,E08000001,E08000030
E08000018,Rotherham,Rotherham,2023/2024,15008,,,,,,,,121144,,,,383876,,,,358953,,,,39100,,,,7741,,,,38608,20913,217074,E08000016,E08000036,E08000008,E06000006,E08000013
E06000040,Windsor and Maidenhead,Royal Borough Of Windsor & Maidenhead,2023/2024,16024,,,,1704,,,,35166,,,,567385,,,,477845,,,,167943,,,,,,,,20940,13800,124203,E10000030,E06000060,E10000015,E10000025,E06000041
E06000017,Rutland,Rutland,2023/2024,5609,,,,125,,,,970,,,,147944,,suspicious,,90594,,,,5287,,,,,,,,4180,3832,33431,E06000037,E06000049,E06000019,E06000051,E10000025
E08000006,Salford,Salford,2023/2024,19049,,,,1638,,,,58214,,,,396713,,,,785031,,,,,,,,,,,,43201,20421,230726,E08000035,E06000023,E06000018,E06000031,E06000035
E08000028,Sandwell,Sandwell,2023/2024,18786,,,,10689,,,,152046,,,,490228,,suspicious,,660599,,,,68825,,,,84387,,,,58050,30543,265267,E08000031,E06000008,E08000030,E08000001,E06000016
E08000014,Sefton,Sefton Library & Information Service,2023/2024,36004,,,,1340,,,,21787,,suspicious,"Source audit: total_attendees_physical_events: Annual: reported total 14,677; category sum 21,535; difference -6,858. Categories exceed total; check duplication, scope and reporting frequency. Event audiences may overlap. Values retained as reported pending source confirmation.",1785288,829490,replaced,"Quarterly return (June Q1): Adult book loans entered as 823,460, while all other quarters are exactly 82,346. Corrected to 82,346.",515997,,,,30742,,,,,,,,35404,19356,231521,E06000007,E08000015,E10000028,E06000050,E08000037
E08000019,Sheffield,Sheffield Libraries Archives & Information Service,2023/2024,66280,,,,2198,,,,43440,,,,1033461,,,,878204,,,,74989,,,,,,,,76266,40013,466214,E10000017,E08000015,E08000034,E08000035,E06000003
E06000051,Shropshire,Shropshire Libraries,2023/2024,35900,,,,3972,,,,34294,,,,703290,,,,616090,,,,26335,,,,,,,,37419,22734,272302,E06000066,E06000059,E10000029,E06000019,E10000020
E08000029,Solihull,Solihull,2023/2024,16539,,,,1502,,,,24659,,,,528124,428130,replaced,"Source audit: total_physical_book_issues: Annual: reported total 378,054; category sum 477,572; difference -99,518. Categories exceed total; check duplication, scope and reporting frequency. Event audiences may overlap. Values retained as reported pending source confirmation.; Monthly return (November): Children's book loans entered as 115,544, exceeding total book loans (30,374). Corrected to 15,550.",326397,,,,29364,,,,40002,,,,31303,17926,172013,E06000062,E06000024,E06000058,E08000002,E10000034
E06000066,Somerset,Somerset,2023/2024,70478,,,,7538,,,,58315,,,,1512218,,,,905057,,,,70738,,,,40198,,,,70582,42442,475304,E10000013,E06000059,E10000020,E06000019,E06000051
E06000025,South Gloucestershire,South Gloucestershire Libraries,2023/2024,45726,,,,3215,,,,73633,,,,1000605,,,,609658,,,,43708,,,,,,,,41424,21370,243538,E06000049,E10000003,E06000056,E10000031,E10000018
E08000023,South Tyneside,South Tyneside,2023/2024,11490,,,,999,,,,28348,,,,412252,,suspicious,"Source audit: total_physical_book_issues: April 179,690 versus median nonzero month 16,810 (10.69 times). Could be a typo, changed scope or genuine activity; confirm with service. | loans_adult: April 124,460 versus median nonzero month 12,117 (10.27 times). Could be a typo, changed scope or genuine activity; confirm with service. | total_digital_audiobook_issues: April 12,470 versus median nonzero month 1,374 (9.07 times). Could be a typo, changed scope or genuine activity; confirm with service. Values retained as reported pending source confirmation.",15128,,,,45146,,,,108408,,,,19783,10730,120880,E08000024,E06000006,E08000018,E08000013,E08000036
E06000045,Southampton,Southampton City Council,2023/2024,19790,,,,1635,,,,,,,,,,,,,,,,,,,,,,,,33689,17252,208483,E06000044,E06000023,E06000043,E08000006,E08000035
E09000028,Southwark,Southwark,2023/2024,31382,,,,7755,,,,84529,,,,1192121,,,,1501654,,,,117183,,,,478246,,,,36430,19196,259160,E09000019,E09000022,E09000012,E09000013,E06000023
E08000013,St. Helens,St Helens,2023/2024,10171,,,,3267,,,,21807,,,,305484,,,,271164,,,,,,,,,,,,24301,13307,151253,E08000036,E08000015,E08000034,E08000018,E08000002
E10000028,Staffordshire,Staffordshire,2023/2024,59967,,,,9164,,,,133267,,,,1717613,,suspicious,"Source audit: loans_11_under_digital: loans_11_under_digital and loans_12_17_digital are identical across every supplied month. Possible copied series; may be deliberate combined-age reporting, so no correction inferred. Values retained as reported pending source confirmation.",1943485,,,,106759,,,,,,,,112879,61925,732349,E10000034,E06000066,E10000007,E10000018,E06000024
E08000007,Stockport,Stockport,2023/2024,23189,,,,2043,,,,37244,,,,1018762,796518,replaced,"Source audit: total_physical_book_issues: Annual: reported total 632,611; category sum 836,645; difference -204,034. Categories exceed total; check duplication, scope and reporting frequency. Event audiences may overlap. Values retained as reported pending source confirmation.; Monthly return (May): Adult book loans entered as 248,772, about ten times higher than other months (~24,000). Corrected to 24,877.",588419,,,,50439,,,,,,,,42460,22450,239019,E08000009,E08000015,E06000007,E08000002,E06000035
E06000004,Stockton-on-Tees,Stockton-On-Tees,2023/2024,15277,,,,2973,,,,34314,,,,363787,,,,394670,,,,33331,,,,,,,,28541,16538,161721,E10000024,E08000036,E06000006,E08000010,E08000024
E06000021,Stoke-on-Trent,Stoke-On-Trent Libraries,2023/2024,16763,,,,1923,,,,35109,,,,285632,,,,249503,,,,41550,,,,16552,,,,41194,21326,207905,E08000030,E06000010,E06000015,E08000032,E08000008
E10000029,Suffolk,Suffolk Libraries,2023/2024,,,,,12491,,,,400487,113387,replaced,"Source audit: total_attendees_physical_events: Annual: reported total 289,711; category sum 400,487; difference -110,776. Categories exceed total; check duplication, scope and reporting frequency. Event audiences may overlap. Values retained as reported pending source confirmation.; Monthly return (March): March adult event attendance entered as 319,000, which exceeds the reported monthly total (79,280). Likely an accidental extra zero on 31,900.",3239746,2533012,replaced,,1817765,,,,129404,,,,35220,,,,97657,54598,633976,E10000020,E10000016,E06000066,E06000059,E06000019
E08000024,Sunderland,Sunderland,2023/2024,6191,,,,912,,suspicious,"Source audit: total_physical_events: Annual: reported total 456; category sum 912; difference -456. Categories exceed total; check duplication, scope and reporting frequency. Event audiences may overlap. Values retained as reported pending source confirmation.",8320,,,,260719,,suspicious,"Source audit: total_physical_book_issues: July 114,520 versus median nonzero month 12,028 (9.52 times). Could be a typo, changed scope or genuine activity; confirm with service. Values retained as reported pending source confirmation.",7010,,,,,,,,,,,,36496,20274,231836,E08000036,E08000023,E06000006,E06000021,E08000008
E10000030,Surrey,Surrey,2023/2024,184421,,,,10481,,,,226700,,,,4625740,,,,2583389,,,,146839,,,,1053219,,,,171156,98183,979310,E06000040,E10000014,E06000037,E06000060,E10000015
E06000030,Swindon,Swindon Library & Information Service,2023/2024,14366,,,,,,,,,,,,393810,,,,270489,,,,23223,,,,,,,,35388,18856,189631,E08000035,E06000062,E06000050,E08000021,E08000022
E08000008,Tameside,Tameside Mbc,2023/2024,14742,,,,1439,,,,57858,,suspicious,"Source audit: total_attendees_digital_events: June 5 versus median nonzero month 2,078 (0.00 times). Could be a typo, changed scope or genuine activity; confirm with service. | total_attendees_digital_events: July 127 versus median nonzero month 2,078 (0.06 times). Could be a typo, changed scope or genuine activity; confirm with service. | digital_attendees_11_under: July 120 versus median nonzero month 2,386 (0.05 times). Could be a typo, changed scope or genuine activity; confirm with service. Values retained as reported pending source confirmation.",445081,,suspicious,,436881,392391,replaced,"Monthly return (November): November visits entered as 49,433, about ten times higher than other months (~4,500). Corrected to 4,943.",49980,,,,,,,,34128,18773,186742,E08000034,E08000016,E08000005,E08000036,E08000030
E06000020,Telford and Wrekin,Telford & Wrekin Libraries,2023/2024,11281,,,,223,,,,2506,,,,201876,,,,,,,,16079,,,,,,,,28447,15801,151704,E10000019,E08000016,E08000008,E10000017,E10000024
E06000034,Thurrock,Thurrock,2023/2024,19871,,suspicious,"Source audit: total_active_members: Annual: reported total 19,871; category sum 19,420; difference +451. Remainder may be uncategorised activity; not necessarily a reporting error. Values retained as reported pending source confirmation.",3998,,,,54083,,,,269676,,,,525481,,,,23836,,,,,,,,30700,15571,134718,E09000016,E06000035,E10000012,E08000002,E10000015
E06000027,Torbay,Torbay Council,2023/2024,16278,,,,1294,,,,27364,,,,321838,,,,325506,,,,22525,,,,17262,,,,15410,9401,115315,E06000058,E06000033,E08000015,E06000026,E06000046
E09000030,Tower Hamlets,Tower Hamlets,2023/2024,25035,,suspicious,"Source audit: total_active_members: Annual: reported total 25,035; category sum 23,906; difference +1,129. Remainder may be uncategorised activity; not necessarily a reporting error. Values retained as reported pending source confirmation.",16176,,,,61393,,,,816591,,suspicious,,1349109,,,,61550,,,,,,,,42349,20724,268813,E09000028,E09000019,E09000012,E09000022,E08000003
E09000026,Redbridge,Vision Redbridge Culture & Leisure,2023/2024,29207,,,,1789,,,,46971,,,,1481433,,suspicious,,1145780,,,,100138,,,,,,,,52135,26036,243060,E09000017,E09000015,E09000010,E09000025,E09000005
E08000036,Wakefield,Wakefield,2023/2024,31187,,,,6418,,,,83225,,,,637397,,suspicious,,760411,,,,60049,,,,43958,,,,50917,26564,290185,E08000016,E08000013,E08000024,E08000008,E08000018
E08000030,Walsall,Walsall Libraries,2023/2024,35449,,suspicious,"Source audit: total_active_members: Annual: reported total 35,449; category sum 31,773; difference +3,676. Remainder may be uncategorised activity; not necessarily a reporting error. Values retained as reported pending source confirmation.",2157,,,,35113,,,,288804,,,,363354,,,,60362,,,,,,,,47135,24664,223879,E08000031,E08000032,E08000008,E08000005,E06000021
E09000032,Wandsworth,Wandsworth Libraries,2023/2024,44705,,suspicious,"Source audit: total_active_members: Annual: reported total 44,705; category sum 37,353; difference +7,352. Remainder may be uncategorised activity; not necessarily a reporting error. Values retained as reported pending source confirmation.",3649,,,,34350,,,,1432653,,suspicious,,1156903,,,,111036,,,,95921,,,,40634,18096,278925,E09000021,E09000011,E09000013,E09000023,E09000029
E06000007,Warrington,Warrington Borough Council (Livewire),2023/2024,16992,,,,2586,,,,26394,,,,241656,,,,467595,,,,9973,,,,,,,,28387,16412,170592,E08000007,E06000035,E06000050,E06000058,E10000015
E10000031,Warwickshire,Warwickshire,2023/2024,58754,,,,2825,,,,17662,,,,1690785,,,,1102667,,,,3405995,,excluded,"Annual headline total: Recorded ~300,000 computer hours per month, which is physically impossible and suggests an internal timer or counter was submitted instead of hours. Excluded from annual totals.",237852,,,,84246,45146,502815,E10000003,E10000018,E06000011,E10000032,E10000034
E06000037,West Berkshire,West Berkshire Libraries,2023/2024,14861,,,,2389,,,,36802,,,,538594,,,,311202,,,,13136,,,,,,,,21720,13775,129617,E10000014,E10000030,E10000013,E06000060,E10000025
E10000032,West Sussex,West Sussex Library Service,2023/2024,146044,,,,8290,,,,86025,,,,3318305,,,,2132816,,,,122506,,,,,,,,116220,65723,733094,E06000054,E10000013,E10000014,E10000020,E10000016
E09000033,Westminster,Westminster,2023/2024,38544,,suspicious,"Source audit: total_active_members: Annual: reported total 38,544; category sum 34,326; difference +4,218. Remainder may be uncategorised activity; not necessarily a reporting error. Values retained as reported pending source confirmation.",4249,,,,79423,,suspicious,"Source audit: total_attendees_physical_events: March 841 versus median nonzero month 7,238 (0.12 times). Could be a typo, changed scope or genuine activity; confirm with service. Values retained as reported pending source confirmation.",683185,,,,1455280,,,,93355,,,,,,,,19681,10153,180162,E09000020,E09000007,E09000013,E09000019,E09000028
E06000064,Westmorland and Furness,Westmorland & Furness,2023/2024,17670,,,,2647,,,,57546,,,,759489,,,,327359,,,,19820,,,,127784,,,,24441,14712,191032,E06000063,E06000065,E06000057,E10000008,E06000047
E08000010,Wigan,Wigan Local Studies (00073),2023/2024,7961,,,,6794,,,,72411,,,,256809,,,,414988,,,,40101,,,,,,,,46723,24974,273225,E06000006,E08000018,E08000013,E08000002,E10000024
E06000054,Wiltshire,Wiltshire,2023/2024,51109,,,,6745,,,,129096,,,,1617323,,,,1296050,,,,52237,,,,,,,,65718,38483,419499,E10000013,E10000032,E10000008,E10000014,E06000066
E08000015,Wirral,Wirral,2023/2024,18152,,,,994,,,,23094,,,,595206,,,,408375,,,,15909,,,,,,,,42083,24140,262650,E08000007,E08000037,E08000002,E08000013,E06000033
E08000031,Wolverhampton,Wolverhampton Libraries & Information,2023/2024,21162,,,,2282,,,,20178,,,,508818,,,,439225,,,,36792,,,,157750,,,,44977,23428,212846,E08000030,E08000032,E08000001,E08000028,E08000005
E10000034,Worcestershire,Worcestershire,2023/2024,46426,,,,9320,,,,152350,,,,1741396,,,,1777436,,,,153745,,,,,,,,76320,43799,501241,E10000028,E06000066,E10000032,E06000050,E10000018
E09000003,Barnet,Barnet,2024/2025,28753,,,,2012,,,,40929,,,,1316672,,,,872445,,,,80754,,,,128850,,,,61102,32749,311199,E09000031,E09000005,E09000008,E09000014,E09000004
E08000016,Barnsley,Barnsley,2024/2025,13371,,,,8289,,,,92405,,,,381723,,,,605853,,,,36044,,,,,,,,33907,17892,199971,E08000036,E08000008,E08000018,E06000003,E08000034
E06000022,Bath and North East Somerset,Bath and North East Somerset,2024/2025,21168,,,,1541,,,,29703,,,,529973,,,,471513,,,,20544,,,,,,,,22974,13627,163427,E10000032,E06000014,E10000011,E06000054,E10000018
E08000025,Birmingham,Birmingham,2024/2025,63079,,,,13779,,,,220636,,,,1404103,,,,2166435,,,,166970,,,,,,,,190795,102064,890759,E08000032,E06000016,E08000031,E08000030,E08000026
E06000008,Blackburn with Darwen,Blackburn with Darwen,2024/2025,12572,,,,1530,,,,15716,,,,215810,,suspicious,,219247,,,,,,,,,,,,26759,15045,120736,E08000005,E08000032,E08000028,E08000031,E08000001
E06000009,Blackpool,Blackpool,2024/2025,13600,,,,2107,,,,29767,,,,154604,,,,385392,,,,25956,,,,,,,,18904,10019,115268,E06000018,E06000010,E06000027,E08000017,E06000021
E08000001,Bolton,Bolton,2024/2025,17669,,,,,,,,,,,,434508,,,,803354,,,,59044,,,,207875,,,,49203,26396,234486,E08000031,E08000005,E08000032,E08000030,E08000002
E06000058,"Bournemouth, Christchurch and Poole","Bournemouth, Christchurch and Poole",2024/2025,29380,,,,10903,,,,122051,,,,1022291,,suspicious,,1061415,,,,81565,,,,,,,,47614,27196,334157,E06000033,E08000035,E06000050,E06000007,E08000007
E08000032,Bradford,Bradford,2024/2025,37054,,,,5228,,,,82073,,,,570832,,,,765042,,,,38461,,,,,,,,92119,50364,421122,E08000030,E08000031,E08000025,E08000034,E06000008
E09000005,Brent,Brent,2024/2025,22163,,,,1389,,,,35129,,,,700593,,suspicious,,946146,,,,90514,,,,,,,,49294,25707,277975,E09000031,E09000003,E09000009,E09000024,E09000023
E06000023,City of Bristol,City of Bristol,2024/2025,75546,,,,5279,,,,81824,,,,1476950,,suspicious,"Source audit: total_physical_book_issues: Annual: reported total 1,112,933; category sum 1,152,771; difference -39,838. Categories exceed total; check duplication, scope and reporting frequency. Event audiences may overlap. Values retained as reported pending source confirmation.",1042381,,,,95564,,,,169359,,,,61225,31480,401694,E08000035,E08000021,E06000044,E06000045,E08000006
E09000006,Bromley,Bromley,2024/2025,31006,,,,4625,,,,70102,,,,1326422,,suspicious,"Source audit: total_physical_book_issues: July 11,681 versus median nonzero month 109,708 (0.11 times). Could be a typo, changed scope or genuine activity; confirm with service. Values retained as reported pending source confirmation.",1067700,,suspicious,"Source audit: physical_visits: September 4,356 versus median nonzero month 42,064 (0.10 times). Could be a typo, changed scope or genuine activity; confirm with service. | physical_visits: February 3,324 versus median nonzero month 42,064 (0.08 times). Could be a typo, changed scope or genuine activity; confirm with service. Values retained as reported pending source confirmation. Respondent explanation (Q22, outreach only): We do not have a mobile library service",76460,,,,98781,,,,47806,25651,261862,E09000029,E10000015,E09000021,E09000024,E08000009
E08000033,Calderdale,Calderdale,2024/2025,18725,,,,1829,,,,395150,,,,691891,691891,replaced,"Monthly return (April): Adult physical-book issues were reported as 280,450, ten times the adjacent-month scale. Corrected to 28,045; with the other age bands this gives 56,081 against the reported format total of 56,090.; Source audit: loans_adult: April 280,450 versus median nonzero month 25,896 (10.83 times). Could be a typo, changed scope or genuine activity; confirm with service. | loans_11_under: April 168,960 versus median nonzero month 15,832 (10.67 times). Could be a typo, changed scope or genuine activity; confirm with service. | total_physical_book_issues: Annual: reported total 626,166; category sum 1,030,626; difference -404,460. Categories exceed total; check duplication, scope and reporting frequency. Event audiences may overlap. Values retained as reported pending source confirmation.; Monthly return (April): Children's physical-book issues were reported as 168,960, ten times the adjacent-month scale. Corrected to 16,896; with the other age bands this gives 56,081 against the reported format total of 56,090.",511392,,,,,,,,25379,,,,28728,16402,165799,E10000011,E08000034,E10000018,E08000037,E10000028
E10000003,Cambridgeshire,Cambridgeshire,2024/2025,100256,,,,7476,,,,165238,,,,1822183,,,,1615244,,,,92480,,,,,,,,92435,50489,567393,E10000031,E06000056,E10000018,E06000025,E06000011
E06000049,Cheshire East,Cheshire East,2024/2025,44774,,,,8703,,,,146561,,,,1680384,,,,1084847,,,,29535,,,,,,,,53713,29328,338257,E06000025,E10000025,E10000014,E10000013,E06000024
E06000050,Cheshire West and Chester,Cheshire West and Chester,2024/2025,37455,,,,10588,,,,117597,,,,1207907,,,,1690076,,,,26140,,,,,,,,45861,25704,300087,E10000014,E10000013,E06000058,E10000032,E10000034
E09000001,City of London,City of London,2024/2025,19077,,,,5726,,,,30496,,,,358988,,suspicious,,406844,,,,19256,,,,,,,,546,301,14264,E09000033,E09000007,E06000053,E06000014,E06000022
E06000052,Cornwall,Cornwall,2024/2025,48654,,suspicious,"Source audit: total_active_members: Annual: reported total 48,654; category sum 45,677; difference +2,977. Remainder may be uncategorised activity; not necessarily a reporting error. Values retained as reported pending source confirmation.",,,,,,,,,1973210,,suspicious,"Source audit: total_physical_book_issues: Annual: reported total 1,466,228; category sum 2,235,919; difference -769,691. Categories exceed total; check duplication, scope and reporting frequency. Event audiences may overlap. | loans_11_under: loans_11_under and loans_adult are identical across every supplied month. Possible copied series; may be deliberate combined-age reporting, so no correction inferred. Values retained as reported pending source confirmation.",82796,,,,61940,,,,,,,,66427,39359,477503,E06000059,E10000008,E10000020,E06000066,E10000029
E08000026,Coventry,Coventry,2024/2025,20649,,,,11222,,,,102747,,,,556415,,suspicious,,811825,,,,89245,,,,523561,,,,55381,28180,285465,E08000035,E08000031,E08000032,E08000021,E08000002
E09000008,Croydon,Croydon,2024/2025,40405,,,,3337,,,,39331,,,,645908,,,,689150,,,,61278,,,,,,,,61779,32166,315397,E09000009,E09000024,E06000045,E09000014,E09000006
E06000063,Cumberland,Cumberland,2024/2025,16582,,,,3037,,,,33503,,,,719751,,,,467460,,,,19862,,,,231554,,,,33355,19134,228006,E06000064,E06000047,E06000065,E06000057,E10000007
E06000005,Darlington,Darlington,2024/2025,7038,,,,1400,,,,40996,,,,246973,,,,228249,,,,8645,,,,,,,,14430,8341,89718,E08000037,E08000015,E06000015,E08000013,E08000021
E10000007,Derbyshire,Derbyshire,2024/2025,80930,,,,12002,,,,55393,,,,1966789,,suspicious,,1309450,,,,90924,,,,,,,,99337,56818,666222,E10000017,E06000066,E10000028,E10000024,E10000020
E10000008,Devon,Devon,2024/2025,113661,,,,12394,,,,129562,,suspicious,"Source audit: total_attendees_physical_events: April 60,040 versus median nonzero month 6,193 (9.69 times). Could be a typo, changed scope or genuine activity; confirm with service. | total_attendees_physical_events: Annual: reported total 129,562; category sum 142,805; difference -13,243. Categories exceed total; check duplication, scope and reporting frequency. Event audiences may overlap. Values retained as reported pending source confirmation.",2408653,1334179,replaced,"Annual headline total: Published total of 2,408,653 includes the April physical-book overstatement of 1,074,474. Corrected total is 1,334,179, retaining the reported audiobook total.",2215675,,,,,,,,194104,,,,93226,54938,694149,E10000013,E06000054,E06000066,E10000029,E10000020
E08000017,Doncaster,Doncaster,2024/2025,19119,,,,,,,,,,,,289023,,,,475281,,,,33303,,,,,,,,44589,23682,251494,E06000006,E08000016,E06000010,E08000018,E08000008
E06000059,Dorset Council,Dorset Council,2024/2025,46758,,,,6641,,,,85750,,,,1127797,,,,941501,,,,36526,,,,,,,,40453,26696,322798,E06000066,E10000029,E06000019,E06000051,E10000020
E08000027,Dudley,Dudley,2024/2025,21642,,,,,,,,,,,,872282,,suspicious,,859938,,suspicious,"Source audit: physical_visits_no_colocation: April 155,914 versus median nonzero month 16,004 (9.74 times). Could be a typo, changed scope or genuine activity; confirm with service. Values retained as reported pending source confirmation. Respondent explanation (Q22, outreach only): we do not have a mobile library service",78208,,,,,,,,46653,24471,260806,E08000002,E08000008,E10000028,E10000024,E08000034
E09000009,Ealing,Ealing,2024/2025,20962,,,,2980,,,,37209,,,,566203,,,,534529,,,,,,,,,,,,53523,28837,303625,E09000008,E09000024,E09000015,E09000014,E09000023
E06000011,East Riding of Yorkshire,East Riding of Yorkshire,2024/2025,41429,,suspicious,"Source audit: total_active_members: Annual: reported total 41,429; category sum 40,180; difference +1,249. Remainder may be uncategorised activity; not necessarily a reporting error. Values retained as reported pending source confirmation.",5728,,,,47994,,,,828220,,,,,,,,36199,,,,206671,,,,39733,23290,292861,E10000031,E10000034,E10000003,E10000018,E10000007
E10000011,East Sussex,East Sussex,2024/2025,48670,,,,6386,,,,57567,,,,1300675,,,,851418,,,,69285,,,,37897,,,,65244,39184,456454,E10000020,E08000033,E10000032,E06000054,E06000066
E09000010,Enfield,Enfield,2024/2025,16023,,,,,,,,,,,,67171,,,,1280688,,,,86379,,,,,,,,51044,29287,247103,E06000032,E09000017,E09000004,E09000026,E09000015
E10000012,Essex,Essex,2024/2025,189750,,,,6634,,,,154093,,,,4426578,,,,3123475,,,,201438,,,,47238,,,,215649,113548,1234168,E10000016,E10000015,E06000035,E06000024,E06000056
E08000037,Gateshead,Gateshead,2024/2025,28783,,suspicious,"Source audit: total_active_members: Annual: reported total 28,783; category sum 27,296; difference +1,487. Remainder may be uncategorised activity; not necessarily a reporting error. Values retained as reported pending source confirmation.",1978,,,,36070,,,,461251,,,,367417,,suspicious,"Source audit: physical_visits: April 2,505 versus median nonzero month 21,324 (0.12 times). Could be a typo, changed scope or genuine activity; confirm with service. Values retained as reported pending source confirmation. Respondent explanation (Q22, outreach only): We don't have a mobile library anymore, and whilst we did offer click and collect during the pandemic, the demand for it disappeared once the buildings were fully reopened. The home delivery service I have reported is our Readers at Home service for house bound library members.",28403,,,,,,,,25969,14445,162346,E08000015,E06000005,E08000022,E06000003,E08000013
E10000013,Gloucestershire,Gloucestershire,2024/2025,65926,,,,,,,,,,,,1901538,,suspicious,,1532107,,,,86516,,,,,,,,84570,48593,536217,E06000066,E06000054,E10000014,E10000032,E10000008
E09000011,Greenwich,Greenwich,2024/2025,24685,,,,7798,,,,151980,,,,1094875,,suspicious,,1997280,,suspicious,"Source audit: physical_visits: 2023/2024: 152,467; 2024/2025: 1,833,894 (12.03 times; +1102.8%). Check units, collection scope and completeness; a change alone does not prove error. | physical_visits_no_colocation: 2023/2024: 1,994,015; 2024/2025: 163,386 (0.08 times; -91.8%). Check units, collection scope and completeness; a change alone does not prove error. Values retained as reported pending source confirmation. Respondent explanation (Q22, outreach only): We do not have a click and collect or Mobile library service. We cannot calculate Home Delivery interactions as many loans are group loans to residential homes. We do not have counts of the number of individuals who borrow from the group loan collections.",144863,,,,356985,,,,43695,21630,234203,E09000023,E09000018,E06000038,E09000024,E09000029
E09000012,Hackney,Hackney,2024/2025,47558,,,,1953,,,,20889,,,,487497,,,,723206,,,,119084,,,,,,,,36207,17984,212567,E09000019,E09000028,E09000022,E09000011,E09000031
E10000014,Hampshire,Hampshire,2024/2025,147413,,,,19093,,,,380203,,suspicious,"Source audit: total_attendees_physical_events: Annual: reported total 380,108; category sum 397,005; difference -16,897. Categories exceed total; check duplication, scope and reporting frequency. Event audiences may overlap. Values retained as reported pending source confirmation.",4858026,,,,3435341,,,,102267,,,,,,,,185423,103307,1158484,E10000013,E10000032,E06000054,E06000037,E10000030
E09000015,Harrow,Harrow,2024/2025,34273,,,,2208,,,,33834,,suspicious,"Source audit: total_attendees_physical_events: Annual: reported total 32,987; category sum 35,142; difference -2,155. Categories exceed total; check duplication, scope and reporting frequency. Event audiences may overlap. Values retained as reported pending source confirmation.",623555,,,,484545,,,,31749,,suspicious,"Source audit: hours_public_computers: 2023/2024: 284,481; 2024/2025: 31,749 (0.11 times; -88.8%). Check units, collection scope and completeness; a change alone does not prove error. Values retained as reported pending source confirmation.",91959,,,,39736,20716,210272,E09000017,E09000009,E09000018,E09000026,E09000024
E06000001,Hartlepool,Hartlepool,2024/2025,3253,,,,1203,,,,27753,,,,112576,,,,267499,,suspicious,"Source audit: physical_visits: 2023/2024: 18,921; 2024/2025: 263,548 (13.93 times; +1292.9%). Check units, collection scope and completeness; a change alone does not prove error. Values retained as reported pending source confirmation. Respondent explanation (Q22, outreach only): No Click and collect or Mobile Library",11102,,,,,,,,13469,7621,77090,E08000018,E06000003,E08000011,E08000024,E08000017
E09000016,Havering,Havering,2024/2025,30506,,,,3786,,,,56392,,,,700743,,,,1015725,,,,,,,,49166,,,,43072,20705,212497,E06000034,E09000004,E10000015,E10000012,E06000035
E06000019,Herefordshire,Herefordshire,2024/2025,13108,,,,949,,,,9166,,suspicious,"Source audit: total_attendees_physical_events: Annual: reported total 9,166; category sum 9,635; difference -469. Categories exceed total; check duplication, scope and reporting frequency. Event audiences may overlap. Values retained as reported pending source confirmation.",591258,,suspicious,,260112,,,,35400,15140,replaced,"Annual headline total: Published total of 35,400 was inflated by the June typo (21,510 instead of 1,250). Adjusted total is 15,140.",,,,,21909,12530,156608,E06000066,E06000059,E10000029,E06000051,E10000013
E09000017,Hillingdon,Hillingdon,2024/2025,31455,,,,8010,,,,117503,,suspicious,"Source audit: total_attendees_digital_events: 2023/2024: 963; 2024/2025: 10,170 (10.56 times; +956.1%). Check units, collection scope and completeness; a change alone does not prove error. Values retained as reported pending source confirmation.",836327,,,,1090688,,,,109691,,,,,,,,50546,24978,253661,E09000026,E09000015,E09000018,E09000010,E08000026
E06000046,Isle of Wight,Isle of Wight,2024/2025,9696,,,,3492,,,,28067,,,,361964,,suspicious,,405162,,,,,,,,,,,,14589,8762,118309,E06000027,E06000066,E06000059,E10000011,E10000034
E10000016,Kent,Kent,2024/2025,120725,,suspicious,"Source audit: total_active_members: Annual: reported total 120,725; category sum 182,691; difference -61,966. Categories exceed total; check duplication, scope and reporting frequency. Event audiences may overlap. Values retained as reported pending source confirmation.",17544,,,,212629,,,,3985114,,,,3211638,,,,177818,,,,111731,,,,228508,126882,1283639,E10000012,E06000024,E10000029,E10000020,E10000032
E06000010,Kingston upon Hull,Kingston upon Hull,2024/2025,,,,,2187,,,,17409,,,,302323,,,,512334,,,,7151,,,,,,,,40996,21383,213022,E06000021,E08000024,E08000036,E08000017,E06000026
E09000021,Kingston upon Thames,Kingston upon Thames,2024/2025,15990,,,,532,,,,26109,,,,738283,581661,replaced,"Annual headline total: Published total of 614,959 was inflated by the August typo. Adjusted total is 581,661.",280320,,suspicious,"Source audit: physical_visits: 2023/2024: 27,260; 2024/2025: 276,948 (10.16 times; +916.0%). Check units, collection scope and completeness; a change alone does not prove error. Values retained as reported pending source confirmation. Respondent explanation (Q22, outreach only): No click and collect service or mobile library service",18606,,,,,,,,23751,13370,135571,E09000029,E09000024,E09000027,E08000009,E09000006
E08000034,Kirklees,Kirklees,2024/2025,40737,,,,9059,,,,133450,,,,917984,,,,920625,,,,,,,,,,,,64235,35587,348025,E08000008,E08000032,E08000013,E08000015,E08000002
E08000011,Knowsley,Knowsley,2024/2025,7101,,,,3524,,,,45137,,,,152421,,suspicious,"Source audit: total_physical_book_issues: January 1,157 versus median nonzero month 10,994 (0.11 times). Could be a typo, changed scope or genuine activity; confirm with service. | total_physical_book_issues: Annual: reported total 124,562; category sum 134,562; difference -10,000. Categories exceed total; check duplication, scope and reporting frequency. Event audiences may overlap. Values retained as reported pending source confirmation.",232556,,,,16899,,,,21298,,,,24395,11644,126526,E08000036,E08000005,E08000024,E08000013,E08000018
E06000016,Leicester,Leicester,2024/2025,55062,,,,4560,,,,68844,,,,673898,,,,1142138,,suspicious,"Source audit: physical_visits: 2023/2024: 625,107; 2024/2025: 105,296 (0.17 times; -83.2%). Check units, collection scope and completeness; a change alone does not prove error. Values retained as reported pending source confirmation. Respondent explanation (Q22, outreach only): N/A",89288,,,,98877,,,,59060,31703,297585,E08000025,E08000031,E08000032,E08000028,E06000008
E09000023,Lewisham,Lewisham,2024/2025,17351,,,,1631,,,,34691,,suspicious,"Source audit: total_attendees_physical_events: Annual: reported total 34,380; category sum 37,010; difference -2,630. Categories exceed total; check duplication, scope and reporting frequency. Event audiences may overlap. Values retained as reported pending source confirmation.",787630,,suspicious,"Source audit: total_physical_audiobook_issues: 2023/2024: 5,191; 2024/2025: 716 (0.14 times; -86.2%). Check units, collection scope and completeness; a change alone does not prove error. Values retained as reported pending source confirmation.",1318249,,,,28716,,,,14480,,,,41594,20458,239203,E09000011,E09000029,E09000024,E09000031,E09000021
E10000019,Lincolnshire,Lincolnshire,2024/2025,43877,,,,6796,,,,82143,,,,1907276,,,,1112122,,,,74596,,,,50732,,,,93958,53996,641548,E06000066,E06000020,E10000029,E10000024,E10000007
E08000012,Liverpool,Liverpool,2024/2025,29775,,,,1890,,,,25276,,,,607010,,,,813170,,,,23475,,,,,,,,65978,31824,411159,E06000018,E08000025,E08000032,E06000021,E08000026
E06000032,Luton,Luton,2024/2025,,,,,,,,,,,,,43546,,,,317812,,,,37375,,,,,,,,41835,20445,176810,E08000031,E09000002,E09000010,E08000028,E08000026
E08000003,Manchester,Manchester,2024/2025,82599,,,,15346,15346,replaced,"Annual headline total: Published total of 270,355 included attendee numbers rather than the number of events. Adjusted total is 15,346 events.",,,,,1053859,,,,3001206,,,,327574,,,,264982,,,,86399,45432,457839,E08000006,E06000018,E06000045,E08000025,E08000012
E09000024,Merton,Merton,2024/2025,60695,,,,8609,,,,112016,,,,681241,,suspicious,,944114,,,,93369,,,,22705,,,,31336,15863,171340,E09000021,E09000006,E09000023,E09000009,E09000011
E06000042,Milton Keynes,Milton Keynes,2024/2025,,,,,2398,,,,66472,,,,767742,,,,495065,,,,11938,,,,50747,,,,48251,26318,231315,E06000030,E06000036,E08000035,E08000009,E06000038
E08000021,Newcastle upon Tyne,Newcastle upon Tyne,2024/2025,13228,,,,1238,,,,11615,,,,386922,,suspicious,"Source audit: total_physical_audiobook_issues: total_physical_audiobook_issues and total_digital_audiobook_issues are identical month-for-month across every supplied month (annual sums 57,530 each). Check copied columns, format classification or events entered as attendance; no replacement inferred. Values retained as reported pending source confirmation.",599106,,,,92015,,suspicious,"Source audit: hours_public_computers: 2023/2024: 12,294,410; 2024/2025: 92,015 (0.01 times; -99.3%). Check units, collection scope and completeness; a change alone does not prove error. Values retained as reported pending source confirmation.",,,,,40717,20489,259399,E08000035,E08000022,E06000023,E08000026,E06000044
E06000012,North East Lincolnshire,North East Lincolnshire,2024/2025,4993,,,,624,,,,12810,,,,201316,,,,164987,,,,6102,,suspicious,"Source audit: hours_public_computers: 2023/2024: 59,181; 2024/2025: 6,102 (0.10 times; -89.7%). Check units, collection scope and completeness; a change alone does not prove error. Values retained as reported pending source confirmation.",,,,,21482,12040,126389,E06000026,E06000006,E08000017,E06000010,E08000024
E06000013,North Lincolnshire,North Lincolnshire,2024/2025,16113,,,,900,,suspicious,"Source audit: total_physical_events: Annual: reported total 900; category sum 1,265; difference -365. Categories exceed total; check duplication, scope and reporting frequency. Event audiences may overlap. Values retained as reported pending source confirmation.",,,,,212869,,,,465240,,,,8485,,,,,,,,22031,12644,136661,E10000007,E06000012,E06000006,E06000004,E10000019
E06000061,North Northamptonshire,North Northamptonshire,2024/2025,17741,,,,2363,,,,33238,,,,367365,,suspicious,"Source audit: total_physical_book_issues: August 261 versus median nonzero month 18,300 (0.01 times). Could be a typo, changed scope or genuine activity; confirm with service. | total_physical_book_issues: Annual: reported total 208,772; category sum 226,669; difference -17,897. Categories exceed total; check duplication, scope and reporting frequency. Event audiences may overlap. Values retained as reported pending source confirmation.",640232,,,,23673,,,,60201,,,,53184,29929,290758,E10000024,E06000031,E06000062,E06000005,E10000018
E06000024,North Somerset,North Somerset,2024/2025,27385,,,,,,,,40099,,,,653918,,,,418498,,,,30934,,,,,,,,28238,16122,180218,E10000016,E06000066,E06000049,E06000062,E08000029
E08000022,North Tyneside,North Tyneside,2024/2025,27634,,,,4395,,,,57129,,,,478946,,suspicious,"Source audit: loans_adult: September 2,182 versus median nonzero month 23,230 (0.09 times). Could be a typo, changed scope or genuine activity; confirm with service. | ebooks_adult: April 158 versus median nonzero month 1,566 (0.10 times). Could be a typo, changed scope or genuine activity; confirm with service. | total_physical_book_issues: Annual: reported total 411,018; category sum 431,379; difference -20,361. Categories exceed total; check duplication, scope and reporting frequency. Event audiences may overlap. Values retained as reported pending source confirmation.",1057999,,suspicious,"Source audit: physical_visits_no_colocation: August 8,994 versus median nonzero month 93,626 (0.10 times). Could be a typo, changed scope or genuine activity; confirm with service. Values retained as reported pending source confirmation.",52948,,,,60253,,,,27284,14979,172762,E08000015,E08000037,E08000035,E08000021,E08000007
E06000065,North Yorkshire,North Yorkshire,2024/2025,55895,,,,10722,,,,149583,,,,2017090,,,,1802629,,,,107772,,,,1620794,,,,72119,43602,519549,E06000057,E06000063,E06000064,E10000008,E06000047
E06000057,Northumberland,Northumberland,2024/2025,20016,,,,3383,,,,27478,,,,611618,,,,,,,,25266,,,,,,,,37335,21721,272364,E06000065,E06000047,E06000063,E06000064,E10000008
E06000018,Nottingham,Nottingham,2024/2025,39896,,,,5105,,,,85753,,,,514083,,suspicious,,709216,,,,111708,,,,,,,,45420,23294,262363,E08000012,E08000025,E08000006,E06000009,E08000032
E10000024,Nottinghamshire,Nottinghamshire,2024/2025,108690,,,,21938,,,,353026,,,,2216235,,,,1870006,,,,98288,,,,126926,,,,110565,61007,685441,E10000007,E08000010,E06000035,E08000027,E10000012
E08000004,Oldham,Oldham,2024/2025,14794,,,,4698,,,,69146,,,,334286,,,,839767,,,,76408,,,,,,,,41766,22303,187491,E08000005,E08000030,E08000032,E08000031,E08000008
E10000025,Oxfordshire,Oxfordshire,2024/2025,68809,,,,12879,,,,224574,,,,3350167,,,,2036677,,,,74593,,,,145687,,,,100531,56116,606571,E06000060,E06000049,E10000014,E06000025,E10000030
E06000031,Peterborough,Peterborough,2024/2025,14690,,suspicious,"Source audit: total_active_members: 2023/2024: 170,757; 2024/2025: 14,690 (0.09 times; -91.4%). Check units, collection scope and completeness; a change alone does not prove error. Values retained as reported pending source confirmation.",1541,,suspicious,"Source audit: total_physical_events: total_physical_events and total_attendees_physical_events are identical month-for-month across every supplied month (annual sums 1,541 each). Check copied columns, format classification or events entered as attendance; no replacement inferred. Values retained as reported pending source confirmation.",1541,,suspicious,"Source audit: total_attendees_physical_events: 2023/2024: 19,780; 2024/2025: 1,541 (0.08 times; -92.2%). Check units, collection scope and completeness; a change alone does not prove error. Values retained as reported pending source confirmation.",269696,,,,165970,,,,,,,,26218,,,,37712,19909,166034,E06000015,E08000036,E08000006,E08000013,E08000026
E06000038,Reading,Reading,2024/2025,17176,,,,990,,,,32656,,,,434148,,suspicious,,312009,,,,22480,,,,9170,,,,26129,12834,143944,E09000018,E09000011,E08000035,E06000023,E06000030
E09000026,Redbridge,Redbridge,2024/2025,15465,,,,4762,,,,123165,,suspicious,"Source audit: physical_attendees_11_under: December 11 versus median nonzero month 4,026 (0.00 times). Could be a typo, changed scope or genuine activity; confirm with service. Values retained as reported pending source confirmation.",1226239,,,,1186377,,,,92400,,,,260646,,,,52135,26036,243060,E09000017,E09000015,E09000010,E09000025,E09000005
E06000003,Redcar and Cleveland,Redcar and Cleveland,2024/2025,5870,,,,,,,,34389,,,,129937,,,,243699,,,,,,,,11421,,,,17455,10044,111729,E08000016,E08000037,E06000001,E06000005,E08000036
E09000027,Richmond upon Thames,Richmond upon Thames,2024/2025,28403,,,,1851,,,,20529,,,,1060569,,,,943102,,,,48051,,,,,,,,28009,16029,152640,E09000021,E06000040,E08000009,E09000006,E10000030
E08000005,Rochdale,Rochdale,2024/2025,11716,,,,4666,,,,55085,,suspicious,"Source audit: total_attendees_digital_events: 2023/2024: 200; 2024/2025: 2,529 (12.64 times; +1164.5%). Check units, collection scope and completeness; a change alone does not prove error. Values retained as reported pending source confirmation.",269842,,suspicious,,205329,,,,47252,,,,,,,,37917,20170,177474,E06000008,E08000008,E08000031,E08000001,E08000030
E08000018,Rotherham,Rotherham,2024/2025,15719,,,,,,,,132952,,,,368186,,suspicious,"Source audit: total_physical_audiobook_issues: Annual: reported total 6,471; category sum 6,671; difference -200. Categories exceed total; check duplication, scope and reporting frequency. Event audiences may overlap. Values retained as reported pending source confirmation.",627275,,,,61095,39216,replaced,"Annual headline total: Published total of 61,095 was inflated by the December typo (24,310 instead of 2,431). Adjusted total is 39,216.",,,,,38608,20913,217074,E08000016,E08000036,E08000008,E06000006,E08000013
E06000017,Rutland,Rutland,2024/2025,5860,,suspicious,"Source audit: total_active_members: Annual: reported total 5,860; category sum 5,742; difference +118. Remainder may be uncategorised activity; not necessarily a reporting error. Values retained as reported pending source confirmation.",67,,,,683,,,,137405,,,,90292,,,,4830,,,,,,,,4180,3832,33431,E06000037,E06000049,E06000019,E06000051,E10000025
E08000006,Salford,Salford,2024/2025,18495,,,,4842,,,,48070,,,,387629,,,,1446078,730854,replaced,"Annual headline total: Published total of 1,364,403 accidentally counted the annual total twice. Adjusted total is 730,854 visits. Respondent explanation (Q22, outreach only): Do not have a mobile library or do click and collect (reservations are included in main data)",88418,,,,,,,,43201,20421,230726,E08000035,E06000023,E06000018,E06000031,E06000035
E08000028,Sandwell,Sandwell,2024/2025,22585,,,,12766,,,,181838,,,,472771,,suspicious,,730288,,,,80358,,,,102459,,,,58050,30543,265267,E08000031,E06000008,E08000030,E08000001,E06000016
E08000014,Sefton,Sefton,2024/2025,192095,,suspicious,"Source audit: total_active_members: 192,095 active borrowers equals 67% of ONS mid-2024 population (286,281). Non-resident members are possible; check active versus registered members. | total_active_members: Annual: reported total 192,095; category sum 179,395; difference +12,700. Remainder may be uncategorised activity; not necessarily a reporting error. | total_active_members: 2023/2024: 36,004; 2024/2025: 192,095 (5.34 times; +433.5%). Check units, collection scope and completeness; a change alone does not prove error. Values retained as reported pending source confirmation.",2030,,,,63606,,suspicious,"Source audit: physical_attendees_adults: August 197 versus median nonzero month 2,422 (0.08 times). Could be a typo, changed scope or genuine activity; confirm with service. Values retained as reported pending source confirmation.",534245,,suspicious,"Source audit: total_physical_book_issues: 2023/2024: 1,614,816; 2024/2025: 282,841 (0.18 times; -82.5%). Check units, collection scope and completeness; a change alone does not prove error. | total_ebook_issues: 2023/2024: 47,821; 2024/2025: 251,404 (5.26 times; +425.7%). Check units, collection scope and completeness; a change alone does not prove error. Values retained as reported pending source confirmation.",913589,405059,replaced,"Annual headline total: Published total of 862,736 was inflated by the first quarter typo. Adjusted total is 405,059 visits. Respondent explanation (Q22, outreach only): We do not have a mobile library",30647,,,,,,,,35404,19356,231521,E06000007,E08000015,E10000028,E06000050,E08000037
E08000019,Sheffield,Sheffield,2024/2025,62798,,,,2727,,,,53088,,,,988539,,suspicious,"Source audit: digital_audiobook_issues_adult: December 25,550 versus median nonzero month 2,462 (10.38 times). Could be a typo, changed scope or genuine activity; confirm with service. | total_digital_audiobook_issues: Annual: reported total 35,551; category sum 58,551; difference -23,000. Categories exceed total; check duplication, scope and reporting frequency. Event audiences may overlap. Values retained as reported pending source confirmation.",980619,,,,75524,,,,,,,,76266,40013,466214,E10000017,E08000015,E08000034,E08000035,E06000003
E06000051,Shropshire,Shropshire,2024/2025,34509,,,,6302,,,,73806,,,,692692,,,,653021,,,,25456,,,,,,,,37419,22734,272302,E06000066,E06000059,E10000029,E06000019,E10000020
E06000025,South Gloucestershire,South Gloucestershire,2024/2025,41159,,,,3711,,,,74562,,,,887326,,,,589834,,,,48138,,,,,,,,41424,21370,243538,E06000049,E10000003,E06000056,E10000031,E10000018
E08000023,South Tyneside,South Tyneside,2024/2025,15443,,,,1315,,suspicious,"Source audit: total_physical_events: Annual: reported total 1,315; category sum 1,654; difference -339. Categories exceed total; check duplication, scope and reporting frequency. Event audiences may overlap. Values retained as reported pending source confirmation.",38742,,,,264068,,,,294852,,,,44611,,,,91880,,,,19783,10730,120880,E08000024,E06000006,E08000018,E08000013,E08000036
E09000028,Southwark,Southwark,2024/2025,32160,,,,14500,,,,102386,,,,1142324,,,,1608210,,,,133346,,,,624097,,,,36430,19196,259160,E09000019,E09000022,E09000012,E09000013,E06000023
E08000013,St. Helens,St. Helens,2024/2025,25987,,suspicious,"Source audit: total_active_members: Annual: reported total 25,987; category sum 9,079; difference +16,908. Remainder may be uncategorised activity; not necessarily a reporting error. Values retained as reported pending source confirmation.",3311,,,,55904,,,,367242,,,,249047,,,,,,,,,,,,24301,13307,151253,E08000036,E08000015,E08000034,E08000018,E08000002
E10000028,Staffordshire,Staffordshire,2024/2025,66041,,suspicious,"Source audit: total_active_members: Annual: reported total 66,041; category sum 63,200; difference +2,841. Remainder may be uncategorised activity; not necessarily a reporting error. Values retained as reported pending source confirmation.",10024,,,,175099,,,,1761606,,,,1927396,,,,115283,,,,,,,,112879,61925,732349,E10000034,E06000066,E10000007,E10000018,E06000024
E06000004,Stockton-on-Tees,Stockton-on-Tees,2024/2025,14565,,,,4175,,,,23630,,,,549349,352249,replaced,"Annual headline total: Published total of 549,349 includes the June physical-book overstatement of 197,100. Corrected total is 352,249, retaining the reported audiobook and digital loan figures.",428613,,,,30776,,,,,,,,28541,16538,161721,E10000024,E08000036,E06000006,E08000010,E08000024
E06000021,Stoke-on-Trent,Stoke-on-Trent,2024/2025,15455,,,,2474,,,,38280,,,,273346,,,,234745,,suspicious,"Source audit: physical_visits: November 2,270 versus median nonzero month 20,248 (0.11 times). Could be a typo, changed scope or genuine activity; confirm with service. Values retained as reported pending source confirmation. Respondent explanation (Q22, outreach only): We do not have any mobile libraries.",45002,,,,18524,,,,41194,21326,207905,E08000030,E06000010,E06000015,E08000032,E08000008
E08000024,Sunderland,Sunderland,2024/2025,39147,,suspicious,"Source audit: total_active_members: 2023/2024: 6,191; 2024/2025: 39,147 (6.32 times; +532.3%). Check units, collection scope and completeness; a change alone does not prove error. Values retained as reported pending source confirmation.",474,,,,6548,,,,149460,,,,1566,,,,,,,,,,,,36496,20274,231836,E08000036,E08000023,E06000006,E06000021,E08000008
E10000030,Surrey,Surrey,2024/2025,179677,,,,12668,,,,238014,,,,4382954,,,,2421258,,suspicious,"Source audit: physical_visits_no_colocation: 2023/2024: 1,125,076; 2024/2025: 55,357 (0.05 times; -95.1%). Check units, collection scope and completeness; a change alone does not prove error. Values retained as reported pending source confirmation. Respondent explanation (Q22, outreach only): We have no mobile library service.",138792,,,,,,,,171156,98183,979310,E06000040,E10000014,E06000037,E06000060,E10000015
E09000029,Sutton,Sutton,2024/2025,34714,,,,772,,,,25038,,,,866612,,,,904365,,suspicious,"Source audit: physical_visits: 2023/2024: 3,873,615; 2024/2025: 648,775 (0.17 times; -83.3%). Check units, collection scope and completeness; a change alone does not prove error. | physical_visits_no_colocation: 2023/2024: 1,310,511; 2024/2025: 255,254 (0.19 times; -80.5%). Check units, collection scope and completeness; a change alone does not prove error. Values retained as reported pending source confirmation. Respondent explanation (Q22, outreach only): We do not have a mobile library service or click and collect",50918,,,,,,,,32464,18390,163671,E09000021,E09000006,E10000015,E09000023,E09000016
E08000008,Tameside,Tameside,2024/2025,,,,,1547,,,,34296,,suspicious,"Source audit: total_attendees_digital_events: July 4 versus median nonzero month 2,038 (0.00 times). Could be a typo, changed scope or genuine activity; confirm with service. | total_attendees_physical_events: Annual: reported total 14,825; category sum 17,088; difference -2,263. Categories exceed total; check duplication, scope and reporting frequency. Event audiences may overlap. Values retained as reported pending source confirmation.",436244,,suspicious,,378299,,,,50778,,,,,,,,34128,18773,186742,E08000034,E08000016,E08000005,E08000036,E08000030
E06000020,Telford and Wrekin,Telford and Wrekin,2024/2025,9664,,,,216,,,,4925,,,,167828,,,,630,,,,18417,,,,,,,,28447,15801,151704,E10000019,E08000016,E08000008,E10000017,E10000024
E06000034,Thurrock,Thurrock,2024/2025,24422,,,,3140,,,,41303,,,,461549,269885,replaced,"Annual headline total: Published total of 461,549 includes the April physical-book overstatement of 191,664. Corrected total is 269,885, retaining the reported audiobook total.",566615,,,,23103,,,,,,,,30700,15571,134718,E09000016,E06000035,E10000012,E08000002,E10000015
E06000027,Torbay,Torbay,2024/2025,15539,,,,1721,,,,19897,,,,184430,,,,2215675,,suspicious,"Source audit: physical_visits: 2023/2024: 166,317; 2024/2025: 2,215,675 (13.32 times; +1232.2%). Check units, collection scope and completeness; a change alone does not prove error. Values retained as reported pending source confirmation. Respondent explanation (Q22, outreach only): We do not offer these services",,,,,26753,,,,15410,9401,115315,E06000058,E06000033,E08000015,E06000026,E06000046
E09000030,Tower Hamlets,Tower Hamlets,2024/2025,25458,,,,617,,suspicious,"Source audit: total_physical_events: 2023/2024: 15,950; 2024/2025: 601 (0.04 times; -96.2%). Check units, collection scope and completeness; a change alone does not prove error. Values retained as reported pending source confirmation.",56768,,,,831698,,suspicious,,1487038,,,,,,,,,,,,42349,20724,268813,E09000028,E09000019,E09000012,E09000022,E08000003
E08000009,Trafford,Trafford,2024/2025,18001,,,,5533,,,,42426,,,,563204,,suspicious,,573429,,,,21590,,,,,,,,36048,20689,184288,E08000007,E10000015,E06000007,E08000035,E08000029
E08000036,Wakefield,Wakefield,2024/2025,29972,,,,8541,,suspicious,"Source audit: total_physical_events: Annual: reported total 8,541; category sum 17,082; difference -8,541. Categories exceed total; check duplication, scope and reporting frequency. Event audiences may overlap. Values retained as reported pending source confirmation.",109020,,,,579889,,,,798524,,,,68596,,,,32722,,suspicious,"Source audit: wifi_sessions: February 187 versus median nonzero month 3,500 (0.05 times). Could be a typo, changed scope or genuine activity; confirm with service. Values retained as reported pending source confirmation.",50917,26564,290185,E08000016,E08000013,E08000024,E08000008,E08000018
E08000030,Walsall,Walsall,2024/2025,18334,,,,2463,,,,37384,,,,270181,,,,660797,,,,59585,,,,,,,,47135,24664,223879,E08000031,E08000032,E08000008,E08000005,E06000021
E09000031,Waltham Forest,Waltham Forest,2024/2025,33360,,,,7081,,,,149269,,,,556815,,suspicious,,1144234,,,,70448,,,,,,,,42656,20008,217073,E09000023,E09000014,E09000005,E09000003,E09000011
E09000032,Wandsworth,Wandsworth,2024/2025,36639,,,,5541,,,,79678,,,,1477844,,suspicious,"Source audit: total_physical_audiobook_issues: Annual: reported total 6,170; category sum 6,440; difference -270. Categories exceed total; check duplication, scope and reporting frequency. Event audiences may overlap. Values retained as reported pending source confirmation.",1293464,,,,115194,,,,106402,,,,40634,18096,278925,E09000021,E09000011,E09000013,E09000023,E09000029
E06000007,Warrington,Warrington,2024/2025,16850,,,,3941,,,,39615,,,,292854,,,,498658,,,,11390,,,,,,,,28387,16412,170592,E08000007,E06000035,E06000050,E06000058,E10000015
E10000031,Warwickshire,Warwickshire,2024/2025,40106,,,,7850,,suspicious,"Source audit: total_physical_events: Annual: reported total 7,290; category sum 8,640; difference -1,350. Categories exceed total; check duplication, scope and reporting frequency. Event audiences may overlap. Values retained as reported pending source confirmation.",125682,,suspicious,"Source audit: total_attendees_digital_events: 2023/2024: 216; 2024/2025: 2,597 (12.02 times; +1102.3%). Check units, collection scope and completeness; a change alone does not prove error. Values retained as reported pending source confirmation.",1668931,,,,1240836,,suspicious,"Source audit: physical_visits_no_colocation: 2023/2024: 660,415; 2024/2025: 55,425 (0.08 times; -91.6%). Check units, collection scope and completeness; a change alone does not prove error. Values retained as reported pending source confirmation. Respondent explanation (Q22, outreach only): Data's been entered for Mobile and home Delivery, but not for Click and Collect, as this is not happening now",65330,,suspicious,"Source audit: hours_public_computers: 2023/2024: 3,405,995; 2024/2025: 65,330 (0.02 times; -98.1%). Check units, collection scope and completeness; a change alone does not prove error. Values retained as reported pending source confirmation.",243775,,,,84246,45146,502815,E10000003,E10000018,E06000011,E10000032,E10000034
E06000037,West Berkshire,West Berkshire,2024/2025,21447,,,,2614,,,,34958,,,,513632,,,,340339,,,,13804,,,,,,,,21720,13775,129617,E10000014,E10000030,E10000013,E06000060,E10000025
E06000062,West Northamptonshire,West Northamptonshire,2024/2025,42302,,,,2167,,suspicious,"Source audit: total_physical_events: Annual: reported total 2,167; category sum 4,455; difference -2,288. Categories exceed total; check duplication, scope and reporting frequency. Event audiences may overlap. Values retained as reported pending source confirmation.",59748,,suspicious,"Source audit: total_attendees_physical_events: April 30,080 versus median nonzero month 2,900 (10.37 times). Could be a typo, changed scope or genuine activity; confirm with service. Values retained as reported pending source confirmation.",708910,,suspicious,"Source audit: total_physical_book_issues: May 247,407 versus median nonzero month 27,257 (9.08 times). Could be a typo, changed scope or genuine activity; confirm with service. Values retained as reported pending source confirmation.",1177694,,,,24125,,,,105429,,,,62612,33683,343516,E08000029,E06000024,E10000016,E08000035,E06000050
E10000032,West Sussex,West Sussex,2024/2025,138904,,,,10220,,,,226642,,,,3305732,,,,2230800,,,,127288,,,,,,,,116220,65723,733094,E06000054,E10000013,E10000014,E10000020,E10000016
E06000064,Westmorland and Furness,Westmorland and Furness,2024/2025,18185,,,,3471,,,,46119,,,,798610,,,,411367,,,,21070,,,,127964,,,,24441,14712,191032,E06000063,E06000065,E06000057,E10000008,E06000047
E08000010,Wigan,Wigan,2024/2025,10588,,,,,,,,75028,,,,147961,,suspicious,"Source audit: total_physical_book_issues: Annual: reported total 146,697; category sum 154,769; difference -8,072. Categories exceed total; check duplication, scope and reporting frequency. Event audiences may overlap. Values retained as reported pending source confirmation.",423438,,,,42241,,,,,,,,46723,24974,273225,E06000006,E08000018,E08000013,E08000002,E10000024
E06000054,Wiltshire,Wiltshire,2024/2025,51743,,,,8128,,,,133657,,,,1658491,,,,1387785,,,,50660,,,,,,,,65718,38483,419499,E10000013,E10000032,E10000008,E10000014,E06000066
E06000040,Windsor and Maidenhead,Windsor and Maidenhead,2024/2025,15773,,,,1657,,,,30264,,,,550327,,,,471366,,,,41237,,,,,,,,20940,13800,124203,E10000030,E06000060,E10000015,E10000025,E06000041
E08000015,Wirral,Wirral,2024/2025,17906,,,,1633,,,,31772,,,,597415,,suspicious,,472101,,,,20231,,,,,,,,42083,24140,262650,E08000007,E08000037,E08000002,E08000013,E06000033
E08000031,Wolverhampton,Wolverhampton,2024/2025,19253,,,,,,,,,,,,495035,,suspicious,,412197,,,,41392,,,,,,,,44977,23428,212846,E08000030,E08000032,E08000001,E08000028,E08000005
E10000034,Worcestershire,Worcestershire,2024/2025,49992,,,,9845,,,,162332,,,,1691647,,suspicious,,1803196,,,,150230,,,,,,,,76320,43799,501241,E10000028,E06000066,E10000032,E06000050,E10000018
E06000014,York,York,2024/2025,25036,,,,,,,,53079,,suspicious,"Source audit: total_attendees_physical_events: Annual: reported total 52,889; category sum 57,216; difference -4,327. Categories exceed total; check duplication, scope and reporting frequency. Event audiences may overlap. Values retained as reported pending source confirmation.",757929,,suspicious,,895215,,,,36868,,,,,,,,21883,12875,174543,E06000058,E06000022,E08000007,E06000044,E06000007
E09000003,Barnet,Barnet,2025/2026,28753,,,,2186,,,,39282,,suspicious,"Source audit: total_attendees_digital_events: 2024/2025: 2,203; 2025/2026: 100 (0.05 times; -95.5%). Check units, collection scope and completeness; a change alone does not prove error. Values retained as reported pending source confirmation.",1173632,,suspicious,,941185,,,,79853,,,,173822,,,,61102,32749,311199,E09000031,E09000005,E09000008,E09000014,E09000004
E08000016,Barnsley,Barnsley,2025/2026,12965,,,,4964,,,,72664,,,,355299,,,,626063,,,,42340,,,,,,,,33907,17892,199971,E08000036,E08000008,E08000018,E06000003,E08000034
E09000004,Bexley,Bexley,2025/2026,30260,,,,3177,,,,63924,,suspicious,"Source audit: total_attendees_physical_events: November 32,844 versus median nonzero month 2,876 (11.42 times). Could be a typo, changed scope or genuine activity; confirm with service. Values retained as reported pending source confirmation.",492076,,,,590556,,,,58831,,,,,,,,38137,20587,197710,E09000016,E10000015,E06000035,E06000007,E10000012
E06000008,Blackburn with Darwen,Blackburn with Darwen,2025/2026,12414,,,,1826,,,,18953,,,,222969,,suspicious,,215809,,,,,,,,,,,,26759,15045,120736,E08000005,E08000032,E08000028,E08000031,E08000001
E06000009,Blackpool,Blackpool,2025/2026,9812,,,,2236,,,,28884,,,,145873,,suspicious,"Source audit: total_physical_book_issues: Annual: reported total 129,051; category sum 132,755; difference -3,704. Categories exceed total; check duplication, scope and reporting frequency. Event audiences may overlap. Values retained as reported pending source confirmation.",366866,,,,24473,,,,,,,,18904,10019,115268,E06000018,E06000010,E06000027,E08000017,E06000021
E08000001,Bolton,Bolton,2025/2026,16904,,,,5289,,,,76915,,,,417699,,suspicious,"Source audit: total_digital_audiobook_issues: Annual: reported total 24,325; category sum 33,197; difference -8,872. Categories exceed total; check duplication, scope and reporting frequency. Event audiences may overlap. Values retained as reported pending source confirmation.",821182,,,,50405,,,,,,,,49203,26396,234486,E08000031,E08000005,E08000032,E08000030,E08000002
E06000058,"Bournemouth, Christchurch and Poole","Bournemouth, Christchurch and Poole",2025/2026,28634,,suspicious,"Source audit: total_active_members: Annual: reported total 28,634; category sum 16,945; difference +11,689. Remainder may be uncategorised activity; not necessarily a reporting error. Values retained as reported pending source confirmation.",9987,,,,129846,,,,1048299,1226679,replaced,"Annual headline total: Published total of 1,266,679 was inflated by 40,000 due to the January typo. Adjusted total is 1,226,679 loans.",1058243,,,,83788,,,,,,,,47614,27196,334157,E06000033,E08000035,E06000050,E06000007,E08000007
E08000032,Bradford,Bradford,2025/2026,34816,,suspicious,"Source audit: total_active_members: Annual: reported total 34,816; category sum 21,737; difference +13,079. Remainder may be uncategorised activity; not necessarily a reporting error. Values retained as reported pending source confirmation.",6360,,,,89417,,,,547696,,suspicious,,740425,,,,35089,,,,,,,,92119,50364,421122,E08000030,E08000031,E08000025,E08000034,E06000008
E09000005,Brent,Brent,2025/2026,21239,,,,1704,,,,28836,,,,701413,722848,replaced,"Annual headline total: Published total of 1,005,128 was inflated by the September typo. Adjusted total is 722,848 loans.",1214636,,,,87447,,,,,,,,49294,25707,277975,E09000031,E09000003,E09000009,E09000024,E09000023
E06000043,Brighton and Hove,Brighton and Hove,2025/2026,26654,,,,2852,,,,29065,,,,855227,,,,1182873,,,,59980,,,,,,,,28829,17783,237258,E06000023,E06000045,E06000044,E06000058,E06000014
E06000023,City of Bristol,City of Bristol,2025/2026,37538,,,,,,,,,,,,,,suspicious,,1066236,,,,99528,,,,148962,,,,61225,31480,401694,E08000035,E08000021,E06000044,E06000045,E08000006
E06000060,Buckinghamshire,Buckinghamshire,2025/2026,35379,,,,1692,,,,,,,,1238886,,,,965908,,,,4156838,69281,replaced,"Annual headline total: Published total of 4,156,838 was recorded in minutes instead of hours. Converted to 69,281 hours.",,,,,83301,47165,448306,E10000015,E10000025,E10000030,E06000040,E10000014
E08000033,Calderdale,Calderdale,2025/2026,17825,,,,2659,,suspicious,"Source audit: total_physical_events: Published annual total 2,659; supplied month sum 2,713; difference -54. No replacement inferred. | total_physical_events: Annual: reported total 2,659; category sum 8,139; difference -5,480. Categories exceed total; check duplication, scope and reporting frequency. Event audiences may overlap. Values retained as reported pending source confirmation. Formula check: total_physical_events: Published annual total 2,659; supplied month sum 2,713; difference -54. No replacement inferred. Annual total is directly entered, not a formula summing these months.",35243,,suspicious,"Source audit: total_attendees_physical_events: Published annual total 35,243; supplied month sum 26,446; difference +8,797. No replacement inferred. | total_attendees_physical_events: 2024/2025: 395,150; 2025/2026: 35,243 (0.09 times; -91.1%). Check units, collection scope and completeness; a change alone does not prove error. Values retained as reported pending source confirmation. Formula check: total_attendees_physical_events: Published annual total 35,243; supplied month sum 26,446; difference +8,797. No replacement inferred. Annual total is directly entered, not a formula summing these months.",443424,,suspicious,,520228,,,,32018,,,,,,,,28728,16402,165799,E10000011,E08000034,E10000018,E08000037,E10000028
E09000007,Camden,Camden,2025/2026,12521,,,,3238,,,,33783,,,,302036,,,,922199,,,,164357,,,,205149,,,,22922,12354,181667,E09000013,E09000020,E09000019,E09000033,E09000022
E10000003,Cambridgeshire,Cambridgeshire,2025/2026,96843,,,,7178,,,,162296,,,,1622296,,suspicious,"Source audit: total_physical_book_issues: October 12,843 versus median nonzero month 118,550 (0.11 times). Could be a typo, changed scope or genuine activity; confirm with service. | total_physical_book_issues: Annual: reported total 1,337,412; category sum 1,452,412; difference -115,000. Categories exceed total; check duplication, scope and reporting frequency. Event audiences may overlap. Values retained as reported pending source confirmation.",1613393,,,,87250,,,,,,,,92435,50489,567393,E10000031,E06000056,E10000018,E06000025,E06000011
E06000056,Central Bedfordshire,Central Bedfordshire,2025/2026,25118,,,,5797,,,,131304,,,,1050460,,,,883825,,,,24763,,,,,,,,47221,22853,245803,E10000018,E10000003,E10000031,E06000025,E10000012
E06000049,Cheshire East,Cheshire East,2025/2026,44094,,,,7844,,,,142246,,,,1592058,,,,1057527,,,,27296,,,,,,,,53713,29328,338257,E06000025,E10000025,E10000014,E10000013,E06000024
E06000050,Cheshire West and Chester,Cheshire West and Chester,2025/2026,40326,,,,10301,,,,124323,,,,1179732,,,,1694394,,,,26233,,,,,,,,45861,25704,300087,E10000014,E10000013,E06000058,E10000032,E10000034
E09000001,City of London,City of London,2025/2026,21246,,,,5550,,,,29096,,,,384189,,suspicious,,418905,,,,20031,,,,,,,,546,301,14264,E09000033,E09000007,E06000053,E06000014,E06000022
E06000052,Cornwall,Cornwall,2025/2026,44787,,,,,,,,,,,,1414050,,suspicious,,36500,,,,37277,,,,,,,,66427,39359,477503,E06000059,E10000008,E10000020,E06000066,E10000029
E08000026,Coventry,Coventry,2025/2026,18336,,suspicious,"Source audit: total_active_members: Annual: reported total 18,336; category sum 9,056; difference +9,280. Remainder may be uncategorised activity; not necessarily a reporting error. Values retained as reported pending source confirmation.",,,,,100944,,,,552240,,suspicious,,841348,,,,83808,,,,585033,,,,55381,28180,285465,E08000035,E08000031,E08000032,E08000021,E08000002
E09000008,Croydon,Croydon,2025/2026,39178,,,,3085,,,,37994,,,,682446,,suspicious,,697658,,,,64340,,,,,,,,61779,32166,315397,E09000009,E09000024,E06000045,E09000014,E09000006
E06000063,Cumberland,Cumberland,2025/2026,32946,,,,2913,,,,25908,,,,675398,,,,329923,,,,24781,,,,222641,,,,33355,19134,228006,E06000064,E06000047,E06000065,E06000057,E10000007
E06000005,Darlington,Darlington,2025/2026,6856,,,,1541,,,,44483,,,,248319,,,,208864,,,,54500,,suspicious,"Source audit: hours_public_computers: 2024/2025: 8,645; 2025/2026: 54,500 (6.30 times; +530.4%). Check units, collection scope and completeness; a change alone does not prove error. Values retained as reported pending source confirmation.",,,,,14430,8341,89718,E08000037,E08000015,E06000015,E08000013,E08000021
E06000015,Derby,Derby,2025/2026,26054,,suspicious,"Source audit: total_active_members: Annual: reported total 26,054; category sum 16,144; difference +9,910. Remainder may be uncategorised activity; not necessarily a reporting error. Values retained as reported pending source confirmation.",3637,,,,39731,,,,380666,,suspicious,"Source audit: total_physical_book_issues: October 2,728 versus median nonzero month 23,968 (0.11 times). Could be a typo, changed scope or genuine activity; confirm with service. Values retained as reported pending source confirmation.",326275,,,,39044,,,,,,,,40457,21656,212036,E08000034,E06000021,E06000005,E08000026,E08000035
E10000007,Derbyshire,Derbyshire,2025/2026,73903,,,,8781,,,,44251,,,,1763117,,,,1239225,,,,79430,,,,,,,,99337,56818,666222,E10000017,E06000066,E10000028,E10000024,E10000020
E10000008,Devon,Devon,2025/2026,112097,,,,11914,,,,210270,,,,2318507,,suspicious,"Source audit: total_physical_audiobook_issues: Annual: reported total 20,950; category sum 80,167; difference -59,217. Categories exceed total; check duplication, scope and reporting frequency. Event audiences may overlap. Values retained as reported pending source confirmation.",2218556,,,,80255,,,,184917,,,,93226,54938,694149,E10000013,E06000054,E06000066,E10000029,E10000020
E08000017,Doncaster,Doncaster,2025/2026,18481,,,,,,,,,,,,251503,,,,505075,,,,27007,,,,,,,,44589,23682,251494,E06000006,E08000016,E06000010,E08000018,E08000008
E06000059,Dorset Council,Dorset Council,2025/2026,49008,,,,8919,,,,111498,,,,1334913,,,,894607,,,,39562,,,,,,,,40453,26696,322798,E06000066,E10000029,E06000019,E06000051,E10000020
E08000027,Dudley,Dudley,2025/2026,21642,,,,10886,,,,,,,,821515,,,,726951,,,,82028,,,,,,,,46653,24471,260806,E08000002,E08000008,E10000028,E10000024,E08000034
E10000011,East Sussex,East Sussex,2025/2026,50249,,,,6643,,,,98413,,,,1274148,,,,843645,,,,66336,,,,41774,,,,65244,39184,456454,E10000020,E08000033,E10000032,E06000054,E06000066
E08000037,Gateshead,Gateshead,2025/2026,28359,,suspicious,"Source audit: total_active_members: Annual: reported total 28,359; category sum 27,093; difference +1,266. Remainder may be uncategorised activity; not necessarily a reporting error. Values retained as reported pending source confirmation.",1901,,,,32515,,,,575130,,suspicious,"Source audit: total_ebook_issues: 2024/2025: 27,858; 2025/2026: 191,812 (6.89 times; +588.5%). Check units, collection scope and completeness; a change alone does not prove error. Values retained as reported pending source confirmation.",340216,,,,26384,,,,,,,,25969,14445,162346,E08000015,E06000005,E08000022,E06000003,E08000013
E10000013,Gloucestershire,Gloucestershire,2025/2026,75939,,,,5143,,,,45687,,,,1795139,2117936,replaced,"Annual headline total: Published total of 2,152,636 was inflated by 34,700 due to the February typo. Adjusted total is 2,117,936 loans.",1505785,,,,123285,73285,replaced,"Annual headline total: Published total of 123,285 was inflated by 50,000 due to the April typo. Adjusted total is 73,285 hours.",,,,,84570,48593,536217,E06000066,E06000054,E10000014,E10000032,E10000008
E09000011,Greenwich,Greenwich,2025/2026,25322,,,,11121,,suspicious,"Source audit: total_physical_events: Published annual total 11,061; supplied month sum 12,011; difference -950. No replacement inferred. | total_physical_events: Annual: reported total 11,061; category sum 12,009; difference -948. Categories exceed total; check duplication, scope and reporting frequency. Event audiences may overlap. Values retained as reported pending source confirmation. Formula check: total_physical_events: Published annual total 11,061; supplied month sum 12,011; difference -950. No replacement inferred. Annual SUM ignores numeric text month cells totalling 950, which explains the entire difference. Numeric month values are preserved by the importer; the published annual value remains unchanged and flagged.",181815,,,,1063745,,suspicious,,2042638,,suspicious,"Source audit: physical_visits: 2024/2025: 1,833,894; 2025/2026: 181,530 (0.10 times; -90.1%). Check units, collection scope and completeness; a change alone does not prove error. | physical_visits_no_colocation: 2024/2025: 163,386; 2025/2026: 1,861,108 (11.39 times; +1039.1%). Check units, collection scope and completeness; a change alone does not prove error. Values retained as reported pending source confirmation.",133211,,,,439563,,,,43695,21630,234203,E09000023,E09000018,E06000038,E09000024,E09000029
E06000006,Halton,Halton,2025/2026,5848,,,,1778,,,,30679,,,,236974,,suspicious,,237255,,,,23581,,,,,,,,17757,9982,103804,E08000010,E08000018,E08000002,E08000036,E08000008
E09000013,Hammersmith and Fulham,Hammersmith and Fulham,2025/2026,20965,,,,3374,,suspicious,"Source audit: total_physical_events: Annual: reported total 3,374; category sum 3,479; difference -105. Categories exceed total; check duplication, scope and reporting frequency. Event audiences may overlap. Values retained as reported pending source confirmation.",46245,,,,387147,,,,810043,,,,52199,,,,77935,,,,21441,10514,156732,E09000022,E09000007,E09000032,E09000019,E09000028
E06000001,Hartlepool,Hartlepool,2025/2026,3138,,,,1209,,,,24688,,,,102849,,,,275266,,,,13004,,,,,,,,13469,7621,77090,E08000018,E06000003,E08000011,E08000024,E08000017
E06000019,Herefordshire,Herefordshire,2025/2026,10907,,,,1336,,,,12194,,,,419503,,suspicious,,325198,,,,10204,,,,8049,,,,21909,12530,156608,E06000066,E06000059,E10000029,E06000051,E10000013
E10000015,Hertfordshire,Hertfordshire,2025/2026,110645,,,,10429,,,,237877,,,,5013856,,,,2817589,,,,62011,,,,,,,,178620,98860,958711,E10000012,E06000060,E10000016,E08000009,E06000007
E09000017,Hillingdon,Hillingdon,2025/2026,30852,,,,8372,,,,113753,,,,831773,,,,1071418,,,,88860,,,,,,,,50546,24978,253661,E09000026,E09000015,E09000018,E09000010,E08000026
E06000046,Isle of Wight,Isle of Wight,2025/2026,10524,,,,102889,2889,replaced,"Annual headline total: Published total of 102,889 was inflated by 100,000 due to the April typo. Adjusted total is 2,889 events.",30031,,,,347010,,,,426025,,,,10416,,,,,,,,14589,8762,118309,E06000027,E06000066,E06000059,E10000011,E10000034
E09000019,Islington,Islington,2025/2026,23292,,,,3772,,,,60400,,,,626992,,,,890089,,,,65295,,,,,,,,23920,11704,187400,E09000012,E09000028,E09000022,E09000013,E09000007
E09000020,Kensington and Chelsea,Kensington and Chelsea,2025/2026,21995,,suspicious,"Source audit: total_active_members: Annual: reported total 21,995; category sum 16,793; difference +5,202. Remainder may be uncategorised activity; not necessarily a reporting error. Values retained as reported pending source confirmation.",3590,,,,63826,,,,314328,,,,586791,,,,19833,,suspicious,"Source audit: hours_public_computers: May 144 versus median nonzero month 3,181 (0.05 times). Could be a typo, changed scope or genuine activity; confirm with service. Values retained as reported pending source confirmation.",,,,,15243,7312,121963,E09000033,E09000007,E09000013,E09000028,E09000019
E10000016,Kent,Kent,2025/2026,117360,,suspicious,"Source audit: total_active_members: Annual: reported total 117,360; category sum 179,847; difference -62,487. Categories exceed total; check duplication, scope and reporting frequency. Event audiences may overlap. Values retained as reported pending source confirmation.",17080,,,,224497,,,,3899922,,suspicious,,3199319,,,,162353,,,,108056,,,,228508,126882,1283639,E10000012,E06000024,E10000029,E10000020,E10000032
E06000010,Kingston upon Hull,Kingston upon Hull,2025/2026,26790,,,,3520,,,,42176,,,,386422,,,,653462,,,,32921,,,,12370,,,,40996,21383,213022,E06000021,E08000024,E08000036,E08000017,E06000026
E08000034,Kirklees,Kirklees,2025/2026,37046,,suspicious,"Source audit: total_active_members: Annual: reported total 37,046; category sum 24,571; difference +12,475. Remainder may be uncategorised activity; not necessarily a reporting error. Values retained as reported pending source confirmation.",8924,,,,124399,,suspicious,"Source audit: total_attendees_physical_events: Annual: reported total 124,399; category sum 131,363; difference -6,964. Categories exceed total; check duplication, scope and reporting frequency. Event audiences may overlap. Values retained as reported pending source confirmation.",878099,,suspicious,"Source audit: total_digital_audiobook_issues: Annual: reported total 37,929; category sum 38,706; difference -777. Categories exceed total; check duplication, scope and reporting frequency. Event audiences may overlap. Values retained as reported pending source confirmation.",885314,,,,,,,,,,,,64235,35587,348025,E08000008,E08000032,E08000013,E08000015,E08000002
E08000035,Leeds,Leeds,2025/2026,119437,,,,1837,,,,55697,,,,1536447,,,,,,,,134014,,,,,,,,116059,60180,668950,E08000021,E06000058,E06000035,E06000023,E08000007
E10000019,Lincolnshire,Lincolnshire,2025/2026,38679,,,,7012,,,,83921,,,,1880554,,,,1122239,,,,71573,,,,70187,,,,93958,53996,641548,E06000066,E06000020,E10000029,E10000024,E10000007
E08000012,Liverpool,Liverpool,2025/2026,23325,,,,3325,,,,,,,,694522,,,,1018131,,,,71610,,,,,,,,65978,31824,411159,E06000018,E08000025,E08000032,E06000021,E08000026
E09000024,Merton,Merton,2025/2026,62479,,,,8403,,,,104476,,,,648607,,,,885159,,,,72164,,,,33974,,,,31336,15863,171340,E09000021,E09000006,E09000023,E09000009,E09000011
E06000002,Middlesbrough,Middlesbrough,2025/2026,1950,,,,,,,,,,,,119654,,,,290238,,,,12216,,,,,,,,23692,11925,120544,E06000018,E08000012,E08000025,E08000030,E08000032
E06000042,Milton Keynes,Milton Keynes,2025/2026,,,,,2712,,,,66166,,,,546324,,,,481447,,,,9854,,,,42603,,,,48251,26318,231315,E06000030,E06000036,E08000035,E08000009,E06000038
E08000021,Newcastle upon Tyne,Newcastle upon Tyne,2025/2026,13339,,suspicious,"Source audit: total_active_members: Annual: reported total 13,339; category sum 7,039; difference +6,300. Remainder may be uncategorised activity; not necessarily a reporting error. Values retained as reported pending source confirmation.",2202,,,,25813,,,,364747,,suspicious,"Source audit: total_physical_audiobook_issues: 2024/2025: 57,530; 2025/2026: 3,291 (0.06 times; -94.3%). Check units, collection scope and completeness; a change alone does not prove error. Values retained as reported pending source confirmation.",583829,,,,69628,,,,,,,,40717,20489,259399,E08000035,E08000022,E06000023,E08000026,E06000044
E09000025,Newham,Newham,2025/2026,63864,,,,12669,,,,223621,,,,982065,,,,1320613,,,,119156,,,,89950,,,,57032,27376,290115,E09000002,E06000032,E09000026,E09000017,E09000010
E06000012,North East Lincolnshire,North East Lincolnshire,2025/2026,7275,,,,609,,,,10790,,suspicious,"Source audit: total_attendees_physical_events: Annual: reported total 10,790; category sum 11,790; difference -1,000. Categories exceed total; check duplication, scope and reporting frequency. Event audiences may overlap. Values retained as reported pending source confirmation.",166795,,suspicious,"Source audit: total_physical_book_issues: July 1,538 versus median nonzero month 13,616 (0.11 times). Could be a typo, changed scope or genuine activity; confirm with service. | total_physical_book_issues: Annual: reported total 150,972; category sum 164,813; difference -13,841. Categories exceed total; check duplication, scope and reporting frequency. Event audiences may overlap. Values retained as reported pending source confirmation.",129716,,,,4756,,,,,,,,21482,12040,126389,E06000026,E06000006,E08000017,E06000010,E08000024
E06000013,North Lincolnshire,North Lincolnshire,2025/2026,15449,,,,526,,suspicious,"Source audit: total_physical_events: Annual: reported total 526; category sum 825; difference -299. Categories exceed total; check duplication, scope and reporting frequency. Event audiences may overlap. Values retained as reported pending source confirmation.",15110,,suspicious,"Source audit: total_attendees_physical_events: Annual: reported total 15,110; category sum 24,175; difference -9,065. Categories exceed total; check duplication, scope and reporting frequency. Event audiences may overlap. Values retained as reported pending source confirmation.",206069,,,,526874,,,,8385,,,,,,,,22031,12644,136661,E10000007,E06000012,E06000006,E06000004,E10000019
E06000061,North Northamptonshire,North Northamptonshire,2025/2026,13965,,,,2503,,,,41760,,suspicious,"Source audit: physical_attendees_adults: May 132 versus median nonzero month 1,266 (0.10 times). Could be a typo, changed scope or genuine activity; confirm with service. | total_attendees_physical_events: Annual: reported total 41,760; category sum 44,460; difference -2,700. Categories exceed total; check duplication, scope and reporting frequency. Event audiences may overlap. Values retained as reported pending source confirmation.",422782,,suspicious,"Source audit: total_physical_book_issues: Annual: reported total 251,728; category sum 260,357; difference -8,629. Categories exceed total; check duplication, scope and reporting frequency. Event audiences may overlap. Values retained as reported pending source confirmation.",667287,,,,24070,,suspicious,"Source audit: hours_public_computers: May 250 versus median nonzero month 2,152 (0.12 times). Could be a typo, changed scope or genuine activity; confirm with service. Values retained as reported pending source confirmation.",64345,,suspicious,"Source audit: wifi_sessions: September 473 versus median nonzero month 10,048 (0.05 times). Could be a typo, changed scope or genuine activity; confirm with service. Values retained as reported pending source confirmation.",53184,29929,290758,E10000024,E06000031,E06000062,E06000005,E10000018
E06000024,North Somerset,North Somerset,2025/2026,27554,,,,2667,,,,26782,,,,629179,,,,439521,,,,28183,,,,,,,,28238,16122,180218,E10000016,E06000066,E06000049,E06000062,E08000029
E08000022,North Tyneside,North Tyneside,2025/2026,25921,,,,2650,,suspicious,"Source audit: total_physical_events: Annual: reported total 2,650; category sum 3,650; difference -1,000. Categories exceed total; check duplication, scope and reporting frequency. Event audiences may overlap. Values retained as reported pending source confirmation.",69052,,,,505334,465496,replaced,"Annual headline total: Published total of 653,496 was inflated by the August typo. Adjusted total is 465,496 loans.",1092585,,suspicious,"Source audit: physical_visits_no_colocation: July 10,106 versus median nonzero month 86,602 (0.12 times). Could be a typo, changed scope or genuine activity; confirm with service. Values retained as reported pending source confirmation. Respondent explanation (Q13, outreach only): Mobile library discontinued in July",58557,,,,53295,,,,27284,14979,172762,E08000015,E08000037,E08000035,E08000021,E08000007
E06000065,North Yorkshire,North Yorkshire,2025/2026,52218,,,,11239,,,,164686,,,,1789323,,,,1933182,,,,101035,,,,1578952,,,,72119,43602,519549,E06000057,E06000063,E06000064,E10000008,E06000047
E06000057,Northumberland,Northumberland,2025/2026,19472,,,,3290,,,,40738,,,,601464,,,,,,,,23919,,,,,,,,37335,21721,272364,E06000065,E06000047,E06000063,E06000064,E10000008
E06000018,Nottingham,Nottingham,2025/2026,37096,,,,5031,,,,82278,,,,456056,,,,617597,,,,101777,,,,,,,,45420,23294,262363,E08000012,E08000025,E08000006,E06000009,E08000032
E10000024,Nottinghamshire,Nottinghamshire,2025/2026,101421,,,,20814,,suspicious,"Source audit: total_physical_events: Published annual total 20,573; supplied month sum 24,207; difference -3,634. No replacement inferred. Values retained as reported pending source confirmation. Formula check: total_physical_events: Published annual total 20,573; supplied month sum 24,207; difference -3,634. No replacement inferred. Annual SUM ignores numeric text month cells totalling 3,634, which explains the entire difference. Numeric month values are preserved by the importer; the published annual value remains unchanged and flagged.",336526,,,,2149500,,suspicious,,1879603,,,,104987,,,,583556,,,,110565,61007,685441,E10000007,E08000010,E06000035,E08000027,E10000012
E08000004,Oldham,Oldham,2025/2026,15849,,,,4658,,,,64292,,,,316837,,suspicious,,854920,,,,66551,,,,,,,,41766,22303,187491,E08000005,E08000030,E08000032,E08000031,E08000008
E10000025,Oxfordshire,Oxfordshire,2025/2026,67597,,,,13836,,,,232415,,,,3244573,,,,2071225,,,,81027,,,,244899,,,,100531,56116,606571,E06000060,E06000049,E10000014,E06000025,E10000030
E06000031,Peterborough,Peterborough,2025/2026,8161,,,,970,,,,11810,,suspicious,"Source audit: total_attendees_physical_events: 2024/2025: 1,541; 2025/2026: 11,810 (7.66 times; +666.4%). Check units, collection scope and completeness; a change alone does not prove error. Values retained as reported pending source confirmation.",319938,,suspicious,"Source audit: total_physical_audiobook_issues: 2024/2025: 3,470; 2025/2026: 69,075 (19.91 times; +1890.6%). Check units, collection scope and completeness; a change alone does not prove error. Values retained as reported pending source confirmation.",161613,,,,,,,,,,,,37712,19909,166034,E06000015,E08000036,E08000006,E08000013,E08000026
E06000044,Portsmouth,Portsmouth,2025/2026,14084,,,,327,,suspicious,"Source audit: total_physical_events: Annual: reported total 300; category sum 2,811; difference -2,511. Categories exceed total; check duplication, scope and reporting frequency. Event audiences may overlap. Values retained as reported pending source confirmation.",39658,,,,342433,,suspicious,"Source audit: loans_adult: October 1,395 versus median nonzero month 12,948 (0.11 times). Could be a typo, changed scope or genuine activity; confirm with service. Values retained as reported pending source confirmation.",595454,,,,44444,,,,,,,,28439,14617,171265,E06000058,E06000033,E06000023,E06000045,E08000035
E06000038,Reading,Reading,2025/2026,11626,,,,1148,,,,31652,,,,433522,,,,307454,,,,21187,,,,32403,,,,26129,12834,143944,E09000018,E09000011,E08000035,E06000023,E06000030
E09000027,Richmond upon Thames,Richmond upon Thames,2025/2026,28282,,,,2013,,,,21798,,,,1036227,,suspicious,,977579,,,,49052,,,,,,,,28009,16029,152640,E09000021,E06000040,E08000009,E09000006,E10000030
E08000018,Rotherham,Rotherham,2025/2026,15306,,,,,,,,127005,,,,326621,,,,307065,,,,34648,,,,,,,,38608,20913,217074,E08000016,E08000036,E08000008,E06000006,E08000013
E08000028,Sandwell,Sandwell,2025/2026,50344,,suspicious,"Source audit: total_active_members: Annual: reported total 50,344; category sum 17,927; difference +32,417. Remainder may be uncategorised activity; not necessarily a reporting error. Values retained as reported pending source confirmation.",13568,,,,177548,,suspicious,"Source audit: physical_attendees_adults: August 216 versus median nonzero month 3,368 (0.06 times). Could be a typo, changed scope or genuine activity; confirm with service. Values retained as reported pending source confirmation.",499158,,,,795752,,,,77990,,,,99548,,,,58050,30543,265267,E08000031,E06000008,E08000030,E08000001,E06000016
E08000014,Sefton,Sefton,2025/2026,77672,,,,4499,,,,43874,,suspicious,"Source audit: total_attendees_physical_events: Annual: reported total 43,874; category sum 45,962; difference -2,088. Categories exceed total; check duplication, scope and reporting frequency. Event audiences may overlap. Values retained as reported pending source confirmation.",591426,,suspicious,"Source audit: total_ebook_issues: 2024/2025: 251,404; 2025/2026: 40,252 (0.16 times; -84.0%). Check units, collection scope and completeness; a change alone does not prove error. Values retained as reported pending source confirmation.",558690,,,,28079,,,,,,,,35404,19356,231521,E06000007,E08000015,E10000028,E06000050,E08000037
E08000019,Sheffield,Sheffield,2025/2026,61947,,,,3088,,,,50834,,,,962362,,suspicious,"Source audit: total_digital_audiobook_issues: August 358 versus median nonzero month 3,314 (0.11 times). Could be a typo, changed scope or genuine activity; confirm with service. | total_digital_audiobook_issues: Annual: reported total 37,204; category sum 40,364; difference -3,160. Categories exceed total; check duplication, scope and reporting frequency. Event audiences may overlap. Values retained as reported pending source confirmation.",946326,,,,69499,,,,,,,,76266,40013,466214,E10000017,E08000015,E08000034,E08000035,E06000003
E06000051,Shropshire,Shropshire,2025/2026,34245,,,,5914,,,,71444,,,,659081,,,,666018,,,,24193,,,,,,,,37419,22734,272302,E06000066,E06000059,E10000029,E06000019,E10000020
E06000039,Slough,Slough,2025/2026,17444,,,,813,,,,20819,,,,217448,,suspicious,"Source audit: total_physical_book_issues: January 1,607 versus median nonzero month 17,622 (0.09 times). Could be a typo, changed scope or genuine activity; confirm with service. | total_physical_book_issues: Annual: reported total 201,361; category sum 215,486; difference -14,125. Categories exceed total; check duplication, scope and reporting frequency. Event audiences may overlap. Values retained as reported pending source confirmation.",348366,,,,30410,,,,3020,,,,30769,15917,120673,E09000018,E06000030,E08000026,E06000032,E09000008
E06000066,Somerset,Somerset,2025/2026,40330,,,,8594,,,,153183,,suspicious,"Source audit: total_attendees_physical_events: Annual: reported total 153,003; category sum 185,472; difference -32,469. Categories exceed total; check duplication, scope and reporting frequency. Event audiences may overlap. Values retained as reported pending source confirmation.",1443766,,,,1025098,,,,62471,,,,36036,,,,70582,42442,475304,E10000013,E06000059,E10000020,E06000019,E06000051
E06000025,South Gloucestershire,South Gloucestershire,2025/2026,38118,,,,3503,,,,75208,,,,918380,,,,575446,,,,2052,,suspicious,"Source audit: hours_public_computers: 2024/2025: 48,138; 2025/2026: 2,052 (0.04 times; -95.7%). Check units, collection scope and completeness; a change alone does not prove error. Values retained as reported pending source confirmation.",,,,,41424,21370,243538,E06000049,E10000003,E06000056,E10000031,E10000018
E08000023,South Tyneside,South Tyneside,2025/2026,19129,,,,1485,,,,53956,,,,227487,,,,311894,,,,45508,,,,81932,,,,19783,10730,120880,E08000024,E06000006,E08000018,E08000013,E08000036
E06000033,Southend-on-Sea,Southend-on-Sea,2025/2026,13684,,,,1151,,,,21359,,,,478629,,suspicious,,509394,,,,35101,,,,64163,,,,25687,13924,145645,E06000058,E08000015,E06000035,E08000007,E06000044
E09000028,Southwark,Southwark,2025/2026,31088,,,,12472,,,,93879,,,,1109937,,,,1619387,,,,137514,,,,657541,,,,36430,19196,259160,E09000019,E09000022,E09000012,E09000013,E06000023
E08000013,St. Helens,St. Helens,2025/2026,34768,,suspicious,"Source audit: total_active_members: Annual: reported total 34,768; category sum 9,741; difference +25,027. Remainder may be uncategorised activity; not necessarily a reporting error. Values retained as reported pending source confirmation.",3766,,,,59304,,,,344478,,,,233559,,,,,,,,,,,,24301,13307,151253,E08000036,E08000015,E08000034,E08000018,E08000002
E10000028,Staffordshire,Staffordshire,2025/2026,61750,,suspicious,"Source audit: total_active_members: Annual: reported total 61,750; category sum 59,486; difference +2,264. Remainder may be uncategorised activity; not necessarily a reporting error. Values retained as reported pending source confirmation.",16366,,,,269897,,,,1615880,,,,1920504,,,,111759,,,,,,,,112879,61925,732349,E10000034,E06000066,E10000007,E10000018,E06000024
E06000004,Stockton-on-Tees,Stockton-on-Tees,2025/2026,14324,,,,3989,,,,20202,,,,384453,,suspicious,,420712,,,,30476,,,,,,,,28541,16538,161721,E10000024,E08000036,E06000006,E08000010,E08000024
E06000021,Stoke-on-Trent,Stoke-on-Trent,2025/2026,15790,,,,2746,,,,44290,,,,280346,,,,259211,,,,43239,,,,29087,,,,41194,21326,207905,E08000030,E06000010,E06000015,E08000032,E08000008
E10000030,Surrey,Surrey,2025/2026,191589,,,,15556,,,,276690,,,,4326068,,,,2777989,,suspicious,"Source audit: physical_visits_no_colocation: 2024/2025: 55,357; 2025/2026: 1,308,496 (23.64 times; +2263.7%). Check units, collection scope and completeness; a change alone does not prove error. Values retained as reported pending source confirmation. Respondent explanation (Q13, outreach only): We do not have a mobile library service, and we do not offer a specific click and collect service (other than standard reservation/hold requests).",142842,,,,,,,,171156,98183,979310,E06000040,E10000014,E06000037,E06000060,E10000015
E09000029,Sutton,Sutton,2025/2026,,,,,3079,,,,57184,,,,734155,,,,902827,,,,53427,,,,,,,,32464,18390,163671,E09000021,E09000006,E10000015,E09000023,E09000016
E08000008,Tameside,Tameside,2025/2026,,,,,1596,,,,47861,,suspicious,"Source audit: total_attendees_digital_events: May 189 versus median nonzero month 2,412 (0.08 times). Could be a typo, changed scope or genuine activity; confirm with service. | total_attendees_digital_events: July 7 versus median nonzero month 2,412 (0.00 times). Could be a typo, changed scope or genuine activity; confirm with service. Values retained as reported pending source confirmation.",407825,,,,367925,,,,46033,,,,,,,,34128,18773,186742,E08000034,E08000016,E08000005,E08000036,E08000030
E06000020,Telford and Wrekin,Telford and Wrekin,2025/2026,8796,,,,291,,,,7485,,,,150094,,suspicious,,510,,,,22939,,,,,,,,28447,15801,151704,E10000019,E08000016,E08000008,E10000017,E10000024
E06000034,Thurrock,Thurrock,2025/2026,19902,,,,,,,,53358,,,,264200,,,,610109,,,,24569,,,,,,,,30700,15571,134718,E09000016,E06000035,E10000012,E08000002,E10000015
E06000027,Torbay,Torbay,2025/2026,15276,,,,1755,,,,28078,,,,303059,,,,2218556,,,,20584,,,,22907,,,,15410,9401,115315,E06000058,E06000033,E08000015,E06000026,E06000046
E08000036,Wakefield,Wakefield,2025/2026,29067,,,,9948,,,,113685,,,,503190,,,,803524,,,,52468,,,,,,,,50917,26564,290185,E08000016,E08000013,E08000024,E08000008,E08000018
E09000031,Waltham Forest,Waltham Forest,2025/2026,32609,,,,7005,,,,137707,,,,564273,,suspicious,,1132065,,suspicious,"Source audit: physical_visits: 2024/2025: 83,504; 2025/2026: 1,131,491 (13.55 times; +1255.0%). Check units, collection scope and completeness; a change alone does not prove error. Values retained as reported pending source confirmation.",67470,,,,,,,,42656,20008,217073,E09000023,E09000014,E09000005,E09000003,E09000011
E09000032,Wandsworth,Wandsworth,2025/2026,37274,,suspicious,"Source audit: total_active_members: Annual: reported total 37,274; category sum 29,201; difference +8,073. Remainder may be uncategorised activity; not necessarily a reporting error. Values retained as reported pending source confirmation.",6795,,suspicious,"Source audit: total_physical_events: Annual: reported total 6,795; category sum 20,385; difference -13,590. Categories exceed total; check duplication, scope and reporting frequency. Event audiences may overlap. Values retained as reported pending source confirmation.",261486,,suspicious,"Source audit: total_attendees_physical_events: Annual: reported total 87,162; category sum 99,993; difference -12,831. Categories exceed total; check duplication, scope and reporting frequency. Event audiences may overlap. Values retained as reported pending source confirmation.",1424322,,,,1324656,,,,107733,,,,144396,,,,40634,18096,278925,E09000021,E09000011,E09000013,E09000023,E09000029
E06000007,Warrington,Warrington,2025/2026,21198,,,,2378,,,,27224,,,,403284,,,,472148,,,,13910,,,,,,,,28387,16412,170592,E08000007,E06000035,E06000050,E06000058,E10000015
E10000031,Warwickshire,Warwickshire,2025/2026,75930,,,,7949,,,,122984,,,,1547588,,,,1253802,,suspicious,"Source audit: physical_visits_no_colocation: 2024/2025: 55,425; 2025/2026: 704,302 (12.71 times; +1170.7%). Check units, collection scope and completeness; a change alone does not prove error. Values retained as reported pending source confirmation. Respondent explanation (Q13, outreach only): We don't have a Click and Collect service any more.",59727,,,,1031845,,,,84246,45146,502815,E10000003,E10000018,E06000011,E10000032,E10000034
E06000037,West Berkshire,West Berkshire,2025/2026,21953,,,,3070,,suspicious,"Source audit: total_physical_events: Annual: reported total 3,070; category sum 9,510; difference -6,440. Categories exceed total; check duplication, scope and reporting frequency. Event audiences may overlap. Values retained as reported pending source confirmation.",37106,,suspicious,"Source audit: physical_attendees_12_17: March 116 versus median nonzero month 1,081 (0.11 times). Could be a typo, changed scope or genuine activity; confirm with service. Values retained as reported pending source confirmation.",504172,,suspicious,,333615,,,,15253,,,,,,,,21720,13775,129617,E10000014,E10000030,E10000013,E06000060,E10000025
E06000062,West Northamptonshire,West Northamptonshire,2025/2026,24902,,,,7226,,,,105698,,,,601132,512917,replaced,"Annual headline total: Published total of 601,132 was inflated by the July typo. Adjusted total is 512,917 loans.",1063741,,,,22667,,,,92816,,,,62612,33683,343516,E08000029,E06000024,E10000016,E08000035,E06000050
E10000032,West Sussex,West Sussex,2025/2026,131354,,,,9890,,,,224933,,,,3195469,,suspicious,,2131480,,,,123851,,,,,,,,116220,65723,733094,E06000054,E10000013,E10000014,E10000020,E10000016
E09000033,Westminster,Westminster,2025/2026,36551,,suspicious,"Source audit: total_active_members: Annual: reported total 36,551; category sum 30,719; difference +5,832. Remainder may be uncategorised activity; not necessarily a reporting error. Values retained as reported pending source confirmation.",5701,,,,89245,,,,579045,,,,1622590,,,,87367,,,,,,,,19681,10153,180162,E09000020,E09000007,E09000013,E09000019,E09000028
E06000064,Westmorland and Furness,Westmorland and Furness,2025/2026,18073,,,,3733,,,,50610,,,,812080,,,,376733,,,,24398,,,,192405,,,,24441,14712,191032,E06000063,E06000065,E06000057,E10000008,E06000047
E08000010,Wigan,Wigan,2025/2026,12601,,suspicious,"Source audit: total_active_members: Annual: reported total 12,601; category sum 9,901; difference +2,700. Remainder may be uncategorised activity; not necessarily a reporting error. Values retained as reported pending source confirmation.",10361,,,,88801,,suspicious,"Source audit: total_attendees_digital_events: Published annual total 3,866; supplied month sum 2,933; difference +933. No replacement inferred. Values retained as reported pending source confirmation. Formula check: total_attendees_digital_events: Published annual total 3,866; supplied month sum 2,933; difference +933. No replacement inferred. Annual total is directly entered, not a formula summing these months.",269801,,suspicious,"Source audit: total_physical_audiobook_issues: Annual: reported total 2,914; category sum 5,683; difference -2,769. Categories exceed total; check duplication, scope and reporting frequency. Event audiences may overlap. Values retained as reported pending source confirmation.",458544,,,,55039,,,,67231,,,,46723,24974,273225,E06000006,E08000018,E08000013,E08000002,E10000024
E06000054,Wiltshire,Wiltshire,2025/2026,50854,,,,9061,,,,140218,,,,1640760,,,,1469262,,,,49245,,,,,,,,65718,38483,419499,E10000013,E10000032,E10000008,E10000014,E06000066
E06000040,Windsor and Maidenhead,Windsor and Maidenhead,2025/2026,29589,,,,2159,,,,34599,,,,550201,,suspicious,"Source audit: total_ebook_issues: Annual: reported total 18,937; category sum 19,364; difference -427. Categories exceed total; check duplication, scope and reporting frequency. Event audiences may overlap. Values retained as reported pending source confirmation.",480700,,,,34080,,,,,,,,20940,13800,124203,E10000030,E06000060,E10000015,E10000025,E06000041
E08000015,Wirral,Wirral,2025/2026,17397,,,,1713,,,,36867,,,,586741,,,,3932,,,,20108,,,,62984,,,,42083,24140,262650,E08000007,E08000037,E08000002,E08000013,E06000033
E10000034,Worcestershire,Worcestershire,2025/2026,47010,,,,9633,,,,151711,,,,1608825,,,,1794980,,,,138147,,,,,,,,76320,43799,501241,E10000028,E06000066,E10000032,E06000050,E10000018
E06000014,York,York,2025/2026,25294,,,,3592,,,,54999,,suspicious,"Source audit: total_attendees_digital_events: Annual: reported total 103; category sum 277; difference -174. Categories exceed total; check duplication, scope and reporting frequency. Event audiences may overlap. Values retained as reported pending source confirmation.",747972,,suspicious,,915854,,,,35732,,,,,,,,21883,12875,174543,E06000058,E06000022,E08000007,E06000044,E06000007
E09000006,Bromley,Bromley,2025/2026,33256,,,,,,,,,,,,1483686,,,,1261174,,,,72220,,,,106751,,,,47806,25651,261862,E09000029,E10000015,E09000021,E09000024,E08000009
E06000022,Bath and North East Somerset,Bath and North East Somerset,2025/2026,23582,,,,1695,,,,37034,,,,580246,,,,478015,,,,18475,,,,,,,,22974,13627,163427,E10000032,E06000014,E10000011,E06000054,E10000018
E06000002,Middlesbrough,Middlesbrough Borough Council,2024/2025,,,,,,,,,,,,,,,,,,,,,,,,,,,,,23692,11925,120544,E06000018,E08000012,E08000025,E08000030,E08000032
E06000003,Redcar and Cleveland,Redcar and Cleveland Borough Council,2023/2024,,,,,,,,,,,,,,,,,,,,,,,,,,,,,17455,10044,111729,E08000016,E08000037,E06000001,E06000005,E08000036
E06000003,Redcar and Cleveland,Redcar and Cleveland Borough Council,2025/2026,,,,,,,,,,,,,,,,,,,,,,,,,,,,,17455,10044,111729,E08000016,E08000037,E06000001,E06000005,E08000036
E06000006,Halton,Halton Borough Council,2024/2025,,,,,,,,,,,,,,,,,,,,,,,,,,,,,17757,9982,103804,E08000010,E08000018,E08000002,E08000036,E08000008
E06000011,East Riding of Yorkshire,East Riding of Yorkshire Council,2025/2026,,,,,,,,,,,,,,,,,,,,,,,,,,,,,39733,23290,292861,E10000031,E10000034,E10000003,E10000018,E10000007
E06000015,Derby,Derby City Council,2024/2025,,,,,,,,,,,,,,,,,,,,,,,,,,,,,40457,21656,212036,E08000034,E06000021,E06000005,E08000026,E08000035
E06000016,Leicester,Leicester City Council,2025/2026,,,,,,,,,,,,,,,,,,,,,,,,,,,,,59060,31703,297585,E08000025,E08000031,E08000032,E08000028,E06000008
E06000017,Rutland,Rutland County Council,2025/2026,,,,,,,,,,,,,,,,,,,,,,,,,,,,,4180,3832,33431,E06000037,E06000049,E06000019,E06000051,E10000025
E06000026,Plymouth,Plymouth City Council,2023/2024,,,,,,,,,,,,,,,,,,,,,,,,,,,,,33389,18724,219954,E08000022,E06000006,E08000008,E06000010,E06000012
E06000026,Plymouth,Plymouth City Council,2024/2025,,,,,,,,,,,,,,,,,,,,,,,,,,,,,33389,18724,219954,E08000022,E06000006,E08000008,E06000010,E06000012
E06000026,Plymouth,Plymouth City Council,2025/2026,,,,,,,,,,,,,,,,,,,,,,,,,,,,,33389,18724,219954,E08000022,E06000006,E08000008,E06000010,E06000012
E06000030,Swindon,Swindon Borough Council,2024/2025,,,,,,,,,,,,,,,,,,,,,,,,,,,,,35388,18856,189631,E08000035,E06000062,E06000050,E08000021,E08000022
E06000030,Swindon,Swindon Borough Council,2025/2026,,,,,,,,,,,,,,,,,,,,,,,,,,,,,35388,18856,189631,E08000035,E06000062,E06000050,E08000021,E08000022
E06000032,Luton,Luton Borough Council,2025/2026,,,,,,,,,,,,,,,,,,,,,,,,,,,,,41835,20445,176810,E08000031,E09000002,E09000010,E08000028,E08000026
E06000033,Southend-on-Sea,Southend-on-Sea Borough Council,2023/2024,,,,,,,,,,,,,,,,,,,,,,,,,,,,,25687,13924,145645,E06000058,E08000015,E06000035,E08000007,E06000044
E06000033,Southend-on-Sea,Southend-on-Sea Borough Council,2024/2025,,,,,,,,,,,,,,,,,,,,,,,,,,,,,25687,13924,145645,E06000058,E08000015,E06000035,E08000007,E06000044
E06000035,Medway,Medway Council,2023/2024,,,,,,,,,,,,,,,,,,,,,,,,,,,,,45354,23420,223881,E06000033,E08000035,E06000007,E10000012,E08000015
E06000035,Medway,Medway Council,2024/2025,,,,,,,,,,,,,,,,,,,,,,,,,,,,,45354,23420,223881,E06000033,E08000035,E06000007,E10000012,E08000015
E06000035,Medway,Medway Council,2025/2026,,,,,,,,,,,,,,,,,,,,,,,,,,,,,45354,23420,223881,E06000033,E08000035,E06000007,E10000012,E08000015
E06000036,Bracknell Forest,Bracknell Forest Council,2024/2025,,,,,,,,,,,,,,,,,,,,,,,,,,,,,18463,10909,101434,E10000025,E06000025,E06000042,E06000030,E10000003
E06000036,Bracknell Forest,Bracknell Forest Council,2025/2026,,,,,,,,,,,,,,,,,,,,,,,,,,,,,18463,10909,101434,E10000025,E06000025,E06000042,E06000030,E10000003
E06000039,Slough,Slough Borough Council,2023/2024,,,,,,,,,,,,,,,,,,,,,,,,,,,,,30769,15917,120673,E09000018,E06000030,E08000026,E06000032,E09000008
E06000039,Slough,Slough Borough Council,2024/2025,,,,,,,,,,,,,,,,,,,,,,,,,,,,,30769,15917,120673,E09000018,E06000030,E08000026,E06000032,E09000008
E06000041,Wokingham,Wokingham Borough Council,2023/2024,,,,,,,,,,,,,,,,,,,,,,,,,,,,,27779,16633,142788,E10000030,E06000040,E10000025,E06000060,E06000025
E06000041,Wokingham,Wokingham Borough Council,2024/2025,,,,,,,,,,,,,,,,,,,,,,,,,,,,,27779,16633,142788,E10000030,E06000040,E10000025,E06000060,E06000025
E06000041,Wokingham,Wokingham Borough Council,2025/2026,,,,,,,,,,,,,,,,,,,,,,,,,,,,,27779,16633,142788,E10000030,E06000040,E10000025,E06000060,E06000025
E06000042,Milton Keynes,Milton Keynes Council,2023/2024,,,,,,,,,,,,,,,,,,,,,,,,,,,,,48251,26318,231315,E06000030,E06000036,E08000035,E08000009,E06000038
E06000043,Brighton and Hove,Brighton and Hove City Council,2023/2024,,,,,,,,,,,,,,,,,,,,,,,,,,,,,28829,17783,237258,E06000023,E06000045,E06000044,E06000058,E06000014
E06000043,Brighton and Hove,Brighton and Hove City Council,2024/2025,,,,,,,,,,,,,,,,,,,,,,,,,,,,,28829,17783,237258,E06000023,E06000045,E06000044,E06000058,E06000014
E06000044,Portsmouth,Portsmouth City Council,2024/2025,,,,,,,,,,,,,,,,,,,,,,,,,,,,,28439,14617,171265,E06000058,E06000033,E06000023,E06000045,E08000035
E06000045,Southampton,Southampton City Council,2024/2025,,,,,,,,,,,,,,,,,,,,,,,,,,,,,33689,17252,208483,E06000044,E06000023,E06000043,E08000006,E08000035
E06000045,Southampton,Southampton City Council,2025/2026,,,,,,,,,,,,,,,,,,,,,,,,,,,,,33689,17252,208483,E06000044,E06000023,E06000043,E08000006,E08000035
E06000047,County Durham,Durham County Council,2023/2024,,,,,,,,,,,,,,,,,,,,,,,,,,,,,63809,36623,437579,E10000017,E06000063,E06000057,E10000007,E08000019
E06000047,County Durham,Durham County Council,2024/2025,,,,,,,,,,,,,,,,,,,,,,,,,,,,,63809,36623,437579,E10000017,E06000063,E06000057,E10000007,E08000019
E06000047,County Durham,Durham County Council,2025/2026,,,,,,,,,,,,,,,,,,,,,,,,,,,,,63809,36623,437579,E10000017,E06000063,E06000057,E10000007,E08000019
E06000049,Cheshire East,Cheshire East Council,2023/2024,,,,,,,,,,,,,,,,,,,,,,,,,,,,,53713,29328,338257,E06000025,E10000025,E10000014,E10000013,E06000024
E06000053,Isles of Scilly,Council of the Isles of Scilly,2023/2024,,,,,,,,,,,,,,,,,,,,,,,,,,,,,233,86,2047,E06000046,E06000052,E06000059,E06000014,E06000022
E06000053,Isles of Scilly,Council of the Isles of Scilly,2024/2025,,,,,,,,,,,,,,,,,,,,,,,,,,,,,233,86,2047,E06000046,E06000052,E06000059,E06000014,E06000022
E06000053,Isles of Scilly,Council of the Isles of Scilly,2025/2026,,,,,,,,,,,,,,,,,,,,,,,,,,,,,233,86,2047,E06000046,E06000052,E06000059,E06000014,E06000022
E06000055,Bedford,Bedford Borough Council,2023/2024,,,,,,,,,,,,,,,,,,,,,,,,,,,,,29020,15463,150493,E10000016,E10000018,E10000032,E10000012,E10000015
E06000055,Bedford,Bedford Borough Council,2024/2025,,,,,,,,,,,,,,,,,,,,,,,,,,,,,29020,15463,150493,E10000016,E10000018,E10000032,E10000012,E10000015
E06000055,Bedford,Bedford Borough Council,2025/2026,,,,,,,,,,,,,,,,,,,,,,,,,,,,,29020,15463,150493,E10000016,E10000018,E10000032,E10000012,E10000015
E06000056,Central Bedfordshire,Central Bedfordshire Council,2024/2025,,,,,,,,,,,,,,,,,,,,,,,,,,,,,47221,22853,245803,E10000018,E10000003,E10000031,E06000025,E10000012
E06000060,Buckinghamshire,Buckinghamshire Council,2024/2025,,,,,,,,,,,,,,,,,,,,,,,,,,,,,83301,47165,448306,E10000015,E10000025,E10000030,E06000040,E10000014
E06000061,North Northamptonshire,North Northamptonshire Council,2023/2024,,,,,,,,,,,,,,,,,,,,,,,,,,,,,53184,29929,290758,E10000024,E06000031,E06000062,E06000005,E10000018
E06000062,West Northamptonshire,West Northamptonshire Council,2023/2024,,,,,,,,,,,,,,,,,,,,,,,,,,,,,62612,33683,343516,E08000029,E06000024,E10000016,E08000035,E06000050
E06000066,Somerset,Somerset Council,2024/2025,,,,,,,,,,,,,,,,,,,,,,,,,,,,,70582,42442,475304,E10000013,E06000059,E10000020,E06000019,E06000051
E08000002,Bury,Bury Metropolitan Borough Council,2024/2025,,,,,,,,,,,,,,,,,,,,,,,,,,,,,28722,16046,154153,E08000015,E08000007,E08000027,E08000001,E06000006
E08000002,Bury,Bury Metropolitan Borough Council,2025/2026,,,,,,,,,,,,,,,,,,,,,,,,,,,,,28722,16046,154153,E08000015,E08000007,E08000027,E08000001,E06000006
E08000003,Manchester,Manchester City Council,2025/2026,,,,,,,,,,,,,,,,,,,,,,,,,,,,,86399,45432,457839,E08000006,E06000018,E06000045,E08000025,E08000012
E08000005,Rochdale,Rochdale Metropolitan Borough Council,2025/2026,,,,,,,,,,,,,,,,,,,,,,,,,,,,,37917,20170,177474,E06000008,E08000008,E08000031,E08000001,E08000030
E08000006,Salford,Salford City Council,2025/2026,,,,,,,,,,,,,,,,,,,,,,,,,,,,,43201,20421,230726,E08000035,E06000023,E06000018,E06000031,E06000035
E08000007,Stockport,Stockport Metropolitan Borough Council,2024/2025,,,,,,,,,,,,,,,,,,,,,,,,,,,,,42460,22450,239019,E08000009,E08000015,E06000007,E08000002,E06000035
E08000007,Stockport,Stockport Metropolitan Borough Council,2025/2026,,,,,,,,,,,,,,,,,,,,,,,,,,,,,42460,22450,239019,E08000009,E08000015,E06000007,E08000002,E06000035
E08000009,Trafford,Trafford Metropolitan Borough Council,2023/2024,,,,,,,,,,,,,,,,,,,,,,,,,,,,,36048,20689,184288,E08000007,E10000015,E06000007,E08000035,E08000029
E08000009,Trafford,Trafford Metropolitan Borough Council,2025/2026,,,,,,,,,,,,,,,,,,,,,,,,,,,,,36048,20689,184288,E08000007,E10000015,E06000007,E08000035,E08000029
E08000011,Knowsley,Knowsley Metropolitan Borough Council,2025/2026,,,,,,,,,,,,,,,,,,,,,,,,,,,,,24395,11644,126526,E08000036,E08000005,E08000024,E08000013,E08000018
E08000012,Liverpool,Liverpool City Council,2023/2024,,,,,,,,,,,,,,,,,,,,,,,,,,,,,65978,31824,411159,E06000018,E08000025,E08000032,E06000021,E08000026
E08000024,Sunderland,Sunderland City Council,2025/2026,,,,,,,,,,,,,,,,,,,,,,,,,,,,,36496,20274,231836,E08000036,E08000023,E06000006,E06000021,E08000008
E08000025,Birmingham,Birmingham City Council,2023/2024,,,,,,,,,,,,,,,,,,,,,,,,,,,,,190795,102064,890759,E08000032,E06000016,E08000031,E08000030,E08000026
E08000025,Birmingham,Birmingham City Council,2025/2026,,,,,,,,,,,,,,,,,,,,,,,,,,,,,190795,102064,890759,E08000032,E06000016,E08000031,E08000030,E08000026
E08000029,Solihull,Solihull Metropolitan Borough Council,2024/2025,,,,,,,,,,,,,,,,,,,,,,,,,,,,,31303,17926,172013,E06000062,E06000024,E06000058,E08000002,E10000034
E08000029,Solihull,Solihull Metropolitan Borough Council,2025/2026,,,,,,,,,,,,,,,,,,,,,,,,,,,,,31303,17926,172013,E06000062,E06000024,E06000058,E08000002,E10000034
E08000030,Walsall,Walsall Metropolitan Borough Council,2025/2026,,,,,,,,,,,,,,,,,,,,,,,,,,,,,47135,24664,223879,E08000031,E08000032,E08000008,E08000005,E06000021
E08000031,Wolverhampton,City of Wolverhampton Council,2025/2026,,,,,,,,,,,,,,,,,,,,,,,,,,,,,44977,23428,212846,E08000030,E08000032,E08000001,E08000028,E08000005
E08000035,Leeds,Leeds City Council,2023/2024,,,,,,,,,,,,,,,,,,,,,,,,,,,,,116059,60180,668950,E08000021,E06000058,E06000035,E06000023,E08000007
E08000035,Leeds,Leeds City Council,2024/2025,,,,,,,,,,,,,,,,,,,,,,,,,,,,,116059,60180,668950,E08000021,E06000058,E06000035,E06000023,E08000007
E09000002,Barking and Dagenham,London Borough of Barking and Dagenham,2024/2025,,,,,,,,,,,,,,,,,,,,,,,,,,,,,44071,22394,166282,E06000032,E09000025,E08000028,E09000015,E08000006
E09000002,Barking and Dagenham,London Borough of Barking and Dagenham,2025/2026,,,,,,,,,,,,,,,,,,,,,,,,,,,,,44071,22394,166282,E06000032,E09000025,E08000028,E09000015,E08000006
E09000004,Bexley,London Borough of Bexley,2024/2025,,,,,,,,,,,,,,,,,,,,,,,,,,,,,38137,20587,197710,E09000016,E10000015,E06000035,E06000007,E10000012
E09000007,Camden,London Borough of Camden,2024/2025,,,,,,,,,,,,,,,,,,,,,,,,,,,,,22922,12354,181667,E09000013,E09000020,E09000019,E09000033,E09000022
E09000008,Croydon,London Borough of Croydon,2023/2024,,,,,,,,,,,,,,,,,,,,,,,,,,,,,61779,32166,315397,E09000009,E09000024,E06000045,E09000014,E09000006
E09000009,Ealing,London Borough of Ealing,2025/2026,,,,,,,,,,,,,,,,,,,,,,,,,,,,,53523,28837,303625,E09000008,E09000024,E09000015,E09000014,E09000023
E09000010,Enfield,London Borough of Enfield,2023/2024,,,,,,,,,,,,,,,,,,,,,,,,,,,,,51044,29287,247103,E06000032,E09000017,E09000004,E09000026,E09000015
E09000010,Enfield,London Borough of Enfield,2025/2026,,,,,,,,,,,,,,,,,,,,,,,,,,,,,51044,29287,247103,E06000032,E09000017,E09000004,E09000026,E09000015
E09000012,Hackney,London Borough of Hackney,2025/2026,,,,,,,,,,,,,,,,,,,,,,,,,,,,,36207,17984,212567,E09000019,E09000028,E09000022,E09000011,E09000031
E09000013,Hammersmith and Fulham,London Borough of Hammersmith & Fulham,2024/2025,,,,,,,,,,,,,,,,,,,,,,,,,,,,,21441,10514,156732,E09000022,E09000007,E09000032,E09000019,E09000028
E09000014,Haringey,London Borough of Haringey,2024/2025,,,,,,,,,,,,,,,,,,,,,,,,,,,,,35104,18544,210202,E09000031,E09000009,E09000023,E09000008,E09000003
E09000014,Haringey,London Borough of Haringey,2025/2026,,,,,,,,,,,,,,,,,,,,,,,,,,,,,35104,18544,210202,E09000031,E09000009,E09000023,E09000008,E09000003
E09000015,Harrow,London Borough of Harrow,2025/2026,,,,,,,,,,,,,,,,,,,,,,,,,,,,,39736,20716,210272,E09000017,E09000009,E09000018,E09000026,E09000024
E09000016,Havering,London Borough of Havering,2023/2024,,,,,,,,,,,,,,,,,,,,,,,,,,,,,43072,20705,212497,E06000034,E09000004,E10000015,E10000012,E06000035
E09000016,Havering,London Borough of Havering,2025/2026,,,,,,,,,,,,,,,,,,,,,,,,,,,,,43072,20705,212497,E06000034,E09000004,E10000015,E10000012,E06000035
E09000018,Hounslow,London Borough of Hounslow,2024/2025,,,,,,,,,,,,,,,,,,,,,,,,,,,,,44243,23311,231870,E06000038,E09000011,E09000015,E09000017,E09000024
E09000018,Hounslow,London Borough of Hounslow,2025/2026,,,,,,,,,,,,,,,,,,,,,,,,,,,,,44243,23311,231870,E06000038,E09000011,E09000015,E09000017,E09000024
E09000019,Islington,London Borough of Islington,2024/2025,,,,,,,,,,,,,,,,,,,,,,,,,,,,,23920,11704,187400,E09000012,E09000028,E09000022,E09000013,E09000007
E09000020,Kensington and Chelsea,Royal Borough of Kensington and Chelsea,2024/2025,,,,,,,,,,,,,,,,,,,,,,,,,,,,,15243,7312,121963,E09000033,E09000007,E09000013,E09000028,E09000019
E09000021,Kingston upon Thames,Royal Borough of Kingston upon Thames,2025/2026,,,,,,,,,,,,,,,,,,,,,,,,,,,,,23751,13370,135571,E09000029,E09000024,E09000027,E08000009,E09000006
E09000022,Lambeth,London Borough of Lambeth,2024/2025,,,,,,,,,,,,,,,,,,,,,,,,,,,,,33604,17850,265466,E09000013,E09000028,E09000019,E09000011,E09000012
E09000022,Lambeth,London Borough of Lambeth,2025/2026,,,,,,,,,,,,,,,,,,,,,,,,,,,,,33604,17850,265466,E09000013,E09000028,E09000019,E09000011,E09000012
E09000023,Lewisham,London Borough of Lewisham,2025/2026,,,,,,,,,,,,,,,,,,,,,,,,,,,,,41594,20458,239203,E09000011,E09000029,E09000024,E09000031,E09000021
E09000025,Newham,London Borough of Newham,2024/2025,,,,,,,,,,,,,,,,,,,,,,,,,,,,,57032,27376,290115,E09000002,E06000032,E09000026,E09000017,E09000010
E09000026,Redbridge,London Borough of Redbridge,2025/2026,,,,,,,,,,,,,,,,,,,,,,,,,,,,,52135,26036,243060,E09000017,E09000015,E09000010,E09000025,E09000005
E09000030,Tower Hamlets,London Borough of Tower Hamlets,2025/2026,,,,,,,,,,,,,,,,,,,,,,,,,,,,,42349,20724,268813,E09000028,E09000019,E09000012,E09000022,E08000003
E09000031,Waltham Forest,London Borough of Waltham Forest,2023/2024,,,,,,,,,,,,,,,,,,,,,,,,,,,,,42656,20008,217073,E09000023,E09000014,E09000005,E09000003,E09000011
E09000033,Westminster,City of Westminster,2024/2025,,,,,,,,,,,,,,,,,,,,,,,,,,,,,19681,10153,180162,E09000020,E09000007,E09000013,E09000019,E09000028
E10000012,Essex,Essex County Council,2023/2024,,,,,,,,,,,,,,,,,,,,,,,,,,,,,215649,113548,1234168,E10000016,E10000015,E06000035,E06000024,E06000056
E10000012,Essex,Essex County Council,2025/2026,,,,,,,,,,,,,,,,,,,,,,,,,,,,,215649,113548,1234168,E10000016,E10000015,E06000035,E06000024,E06000056
E10000013,Gloucestershire,Gloucestershire County Council,2023/2024,,,,,,,,,,,,,,,,,,,,,,,,,,,,,84570,48593,536217,E06000066,E06000054,E10000014,E10000032,E10000008
E10000014,Hampshire,Hampshire County Council,2025/2026,,,,,,,,,,,,,,,,,,,,,,,,,,,,,185423,103307,1158484,E10000013,E10000032,E06000054,E06000037,E10000030
E10000015,Hertfordshire,Hertfordshire County Council,2024/2025,,,,,,,,,,,,,,,,,,,,,,,,,,,,,178620,98860,958711,E10000012,E06000060,E10000016,E08000009,E06000007
E10000017,Lancashire,Lancashire County Council,2024/2025,,,,,,,,,,,,,,,,,,,,,,,,,,,,,167438,93954,1033522,E10000007,E10000028,E06000066,E10000034,E10000024
E10000017,Lancashire,Lancashire County Council,2025/2026,,,,,,,,,,,,,,,,,,,,,,,,,,,,,167438,93954,1033522,E10000007,E10000028,E06000066,E10000034,E10000024
E10000018,Leicestershire,Leicestershire County Council,2024/2025,,,,,,,,,,,,,,,,,,,,,,,,,,,,,94770,52669,598134,E10000031,E10000013,E10000032,E10000034,E06000056
E10000018,Leicestershire,Leicestershire County Council,2025/2026,,,,,,,,,,,,,,,,,,,,,,,,,,,,,94770,52669,598134,E10000031,E10000013,E10000032,E10000034,E06000056
E10000020,Norfolk,Norfolk County Council,2024/2025,,,,,,,,,,,,,,,,,,,,,,,,,,,,,109793,62037,768529,E10000029,E06000066,E10000032,E10000016,E10000011
E10000020,Norfolk,Norfolk County Council,2025/2026,,,,,,,,,,,,,,,,,,,,,,,,,,,,,109793,62037,768529,E10000029,E06000066,E10000032,E10000016,E10000011
E10000029,Suffolk,Suffolk County Council,2024/2025,,,,,,,,,,,,,,,,,,,,,,,,,,,,,97657,54598,633976,E10000020,E10000016,E06000066,E06000059,E06000019
E10000029,Suffolk,Suffolk County Council,2025/2026,,,,,,,,,,,,,,,,,,,,,,,,,,,,,97657,54598,633976,E10000020,E10000016,E06000066,E06000059,E06000019
