Authority,Location,Period,Count,Estimated count,Status,Notes
E09000001,Shared building,2023-04-01/P3M,74302,,,
E09000001,Shared building,2023-07-01/P3M,77039,,,
E09000001,Shared building,2023-10-01/P3M,85056,,,
E09000001,Shared building,2024-01-01/P3M,105089,,,
E08000016,Library,2023-04-01/P1M,23476,,,
E08000016,Library,2023-05-01/P1M,27851,,,
E08000016,Library,2023-06-01/P1M,29563,,,
E08000016,Library,2023-07-01/P1M,30880,,,
E08000016,Library,2023-08-01/P1M,30050,,,
E08000016,Library,2023-09-01/P1M,32667,,,
E08000016,Library,2023-10-01/P1M,32992,,,
E08000016,Library,2023-11-01/P1M,35752,,,
E08000016,Library,2023-12-01/P1M,24141,,,
E08000016,Library,2024-01-01/P1M,30169,,,
E08000016,Library,2024-02-01/P1M,31339,,,
E08000016,Library,2024-03-01/P1M,30946,,,
E08000016,Shared building,2023-04-01/P1M,15925,,,
E08000016,Shared building,2023-05-01/P1M,16176,,,
E08000016,Shared building,2023-06-01/P1M,16799,,,
E08000016,Shared building,2023-07-01/P1M,18173,,,
E08000016,Shared building,2023-08-01/P1M,19686,,,
E08000016,Shared building,2023-09-01/P1M,17946,,,
E08000016,Shared building,2023-10-01/P1M,18926,,,
E08000016,Shared building,2023-11-01/P1M,20557,,,
E08000016,Shared building,2023-12-01/P1M,14141,,,
E08000016,Shared building,2024-01-01/P1M,18691,,,
E08000016,Shared building,2024-02-01/P1M,20331,,,
E08000016,Shared building,2024-03-01/P1M,19986,,,
E08000016,Home delivery,2023-04-01/P1M,198,,,
E08000016,Home delivery,2023-07-01/P1M,194,,,
E08000016,Home delivery,2023-12-01/P1M,194,,,
E08000016,Home delivery,2024-01-01/P1M,199,,,
E08000016,Home delivery,2024-02-01/P1M,196,,,
E08000016,Home delivery,2024-03-01/P1M,190,,,
E06000022,Library,2023-04-01/P1M,20205,,,
E06000022,Library,2023-05-01/P1M,18164,,,
E06000022,Library,2023-06-01/P1M,15802,,,
E06000022,Library,2023-07-01/P1M,16203,,,
E06000022,Library,2023-08-01/P1M,16707,,,
E06000022,Library,2023-09-01/P1M,15908,,,
E06000022,Library,2023-10-01/P1M,16181,,,
E06000022,Library,2023-11-01/P1M,16755,,,
E06000022,Library,2023-12-01/P1M,16675,,,
E06000022,Library,2024-01-01/P1M,22242,,,
E06000022,Library,2024-02-01/P1M,21199,,,
E06000022,Library,2024-03-01/P1M,21199,,,
E06000022,Shared building,2023-04-01/P1M,13003,,,
E06000022,Shared building,2023-05-01/P1M,13689,,,
E06000022,Shared building,2023-06-01/P1M,14603,,,
E06000022,Shared building,2023-07-01/P1M,15770,,,
E06000022,Shared building,2023-08-01/P1M,16543,,,
E06000022,Shared building,2023-09-01/P1M,14217,,,
E06000022,Shared building,2023-10-01/P1M,13421,,,
E06000022,Shared building,2023-11-01/P1M,16000,,,
E06000022,Shared building,2023-12-01/P1M,11582,,,
E06000022,Shared building,2024-01-01/P1M,15236,,,
E06000022,Shared building,2024-02-01/P1M,15029,,,
E06000022,Shared building,2024-03-01/P1M,15029,,,
E06000022,Mobile library,2023-04-01/P1M,354,,,
E06000022,Mobile library,2023-05-01/P1M,507,,,
E06000022,Mobile library,2023-06-01/P1M,515,,,
E06000022,Mobile library,2023-07-01/P1M,487,,,
E06000022,Mobile library,2023-08-01/P1M,520,,,
E06000022,Mobile library,2023-09-01/P1M,489,,,
E06000022,Mobile library,2023-10-01/P1M,449,,,
E06000022,Mobile library,2023-11-01/P1M,557,,,
E06000022,Mobile library,2023-12-01/P1M,103,,,
E06000022,Mobile library,2024-01-01/P1M,587,,,
E06000022,Mobile library,2024-02-01/P1M,444,,,
E06000022,Mobile library,2024-03-01/P1M,529,,,
E06000008,Library,2023-04-01/P3M,44106,,,
E06000008,Library,2023-07-01/P3M,50712,,,
E06000008,Library,2023-10-01/P3M,48288,,,
E06000008,Library,2024-01-01/P3M,54425,,,
E06000008,Shared building,2023-04-01/P3M,44445,,,
E06000008,Shared building,2023-07-01/P3M,50943,,,
E06000008,Shared building,2023-10-01/P3M,48585,,,
E06000008,Shared building,2024-01-01/P3M,54869,,,
E06000008,Home delivery,2023-04-01/P1M,850,,,
E06000008,Home delivery,2023-05-01/P1M,1287,,,
E06000008,Home delivery,2023-06-01/P1M,1208,,,
E06000008,Home delivery,2023-07-01/P1M,1108,,,
E06000008,Home delivery,2023-08-01/P1M,1684,,,
E06000008,Home delivery,2023-09-01/P1M,1013,,,
E06000008,Home delivery,2023-10-01/P1M,1346,,,
E06000008,Home delivery,2023-11-01/P1M,1339,,,
E06000008,Home delivery,2023-12-01/P1M,1110,,,
E06000008,Home delivery,2024-01-01/P1M,1373,,,
E06000008,Home delivery,2024-02-01/P1M,978,,,
E06000008,Home delivery,2024-03-01/P1M,464,,,
E06000009,Library,2023-04-01/P1M,10821,,,
E06000009,Library,2023-05-01/P1M,10763,,,
E06000009,Library,2023-06-01/P1M,11506,,,
E06000009,Library,2023-07-01/P1M,11695,,,
E06000009,Library,2023-08-01/P1M,10512,,,
E06000009,Library,2023-09-01/P1M,12037,,,
E06000009,Library,2023-10-01/P1M,12452,,,
E06000009,Library,2023-11-01/P1M,14048,,,
E06000009,Library,2023-12-01/P1M,9103,,,
E06000009,Library,2024-01-01/P1M,13052,,,
E06000009,Library,2024-02-01/P1M,13879,,,
E06000009,Library,2024-03-01/P1M,14288,,,
E06000009,Shared building,2023-04-01/P1M,10821,,,
E06000009,Shared building,2023-05-01/P1M,10763,,,
E06000009,Shared building,2023-06-01/P1M,11506,,,
E06000009,Shared building,2023-07-01/P1M,11695,,,
E06000009,Shared building,2023-08-01/P1M,10512,,,
E06000009,Shared building,2023-09-01/P1M,12037,,,
E06000009,Shared building,2023-10-01/P1M,12452,,,
E06000009,Shared building,2023-11-01/P1M,14048,,,
E06000009,Shared building,2023-12-01/P1M,9103,,,
E06000009,Shared building,2024-01-01/P1M,13052,,,
E06000009,Shared building,2024-02-01/P1M,13879,,,
E06000009,Shared building,2024-03-01/P1M,14288,,,
E06000009,Home delivery,2023-04-01/P1M,51,,,
E06000009,Home delivery,2023-05-01/P1M,43,,,
E06000009,Home delivery,2023-06-01/P1M,48,,,
E06000009,Home delivery,2023-07-01/P1M,40,,,
E06000009,Home delivery,2023-08-01/P1M,57,,,
E06000009,Home delivery,2023-09-01/P1M,62,,,
E06000009,Home delivery,2023-10-01/P1M,53,,,
E06000009,Home delivery,2023-11-01/P1M,51,,,
E06000009,Home delivery,2023-12-01/P1M,37,,,
E06000009,Home delivery,2024-01-01/P1M,53,,,
E06000009,Home delivery,2024-02-01/P1M,51,,,
E06000009,Home delivery,2024-03-01/P1M,50,,,
E08000001,Library,2023-04-01/P1M,52865,,,
E08000001,Library,2023-05-01/P1M,44415,,,
E08000001,Library,2023-06-01/P1M,47920,,,
E08000001,Library,2023-07-01/P1M,52716,,,
E08000001,Library,2023-08-01/P1M,56895,,,
E08000001,Library,2023-09-01/P1M,47054,,,
E08000001,Library,2023-10-01/P1M,56895,,,
E08000001,Library,2023-11-01/P1M,50022,,,
E08000001,Library,2023-12-01/P1M,45511,,,
E08000001,Library,2024-01-01/P1M,53645,,,
E08000001,Library,2024-02-01/P1M,74259,,,
E08000001,Library,2024-03-01/P1M,69176,,,
E08000001,Home delivery,2023-04-01/P1M,124,,,
E08000001,Home delivery,2023-05-01/P1M,125,,,
E08000001,Home delivery,2023-06-01/P1M,123,,,
E08000001,Home delivery,2023-07-01/P1M,132,,,
E08000001,Home delivery,2023-08-01/P1M,134,,,
E08000001,Home delivery,2023-09-01/P1M,134,,,
E08000001,Home delivery,2023-10-01/P1M,131,,,
E08000001,Home delivery,2023-11-01/P1M,132,,,
E08000001,Home delivery,2023-12-01/P1M,129,,,
E08000001,Home delivery,2024-01-01/P1M,139,,,
E08000001,Home delivery,2024-02-01/P1M,135,,,
E08000001,Home delivery,2024-03-01/P1M,142,,,
E06000058,Library,2023-04-01/P1M,61626,,,
E06000058,Library,2023-05-01/P1M,62989,,,
E06000058,Library,2023-06-01/P1M,64221,,,
E06000058,Library,2023-07-01/P1M,68800,,,
E06000058,Library,2023-08-01/P1M,69200,,,
E06000058,Library,2023-09-01/P1M,64613,,,
E06000058,Library,2023-10-01/P1M,67978,,,
E06000058,Library,2023-11-01/P1M,64143,,,
E06000058,Library,2023-12-01/P1M,51481,,,
E06000058,Library,2024-01-01/P1M,60383,,,
E06000058,Library,2024-02-01/P1M,63372,,,
E06000058,Library,2024-03-01/P1M,64249,,,
E06000058,Shared building,2023-04-01/P1M,29585,,,
E06000058,Shared building,2023-05-01/P1M,20064,,,
E06000058,Shared building,2023-06-01/P1M,25064,,,
E06000058,Shared building,2023-07-01/P1M,25739,,,
E06000058,Shared building,2023-08-01/P1M,29127,,,
E06000058,Shared building,2023-09-01/P1M,29903,,,
E06000058,Shared building,2023-10-01/P1M,26073,,,
E06000058,Shared building,2023-11-01/P1M,29382,,,
E06000058,Shared building,2023-12-01/P1M,28396,,,
E06000058,Shared building,2024-01-01/P1M,23132,,,
E06000058,Shared building,2024-02-01/P1M,28251,,,
E06000058,Shared building,2024-03-01/P1M,29575,,,
E06000058,Home delivery,2024-01-01/P1M,361,,,
E06000058,Home delivery,2024-02-01/P1M,374,,,
E06000058,Home delivery,2024-03-01/P1M,364,,,
E06000036,Library,2023-04-01/P1M,25887,,,
E06000036,Library,2023-05-01/P1M,26285,,,
E06000036,Library,2023-06-01/P1M,27209,,,
E06000036,Library,2023-07-01/P1M,34688,,,
E06000036,Library,2023-08-01/P1M,35523,,,
E06000036,Library,2023-09-01/P1M,29394,,,
E06000036,Library,2023-10-01/P1M,29171,,,
E06000036,Library,2023-11-01/P1M,28167,,,
E06000036,Library,2023-12-01/P1M,24557,,,
E06000036,Library,2024-01-01/P1M,29662,,,
E06000036,Library,2024-02-01/P1M,30434,,,
E06000036,Library,2024-03-01/P1M,30570,,,
E06000036,Home delivery,2023-04-01/P1M,216,,,
E06000036,Home delivery,2023-05-01/P1M,218,,,
E06000036,Home delivery,2023-06-01/P1M,221,,,
E06000036,Home delivery,2023-07-01/P1M,215,,,
E06000036,Home delivery,2023-08-01/P1M,220,,,
E06000036,Home delivery,2023-09-01/P1M,214,,,
E06000036,Home delivery,2023-10-01/P1M,213,,,
E06000036,Home delivery,2023-11-01/P1M,221,,,
E06000036,Home delivery,2023-12-01/P1M,218,,,
E06000036,Home delivery,2024-01-01/P1M,216,,,
E06000036,Home delivery,2024-02-01/P1M,215,,,
E06000036,Home delivery,2024-03-01/P1M,222,,,
E08000032,Library,2023-04-01/P1M,26283,,,
E08000032,Library,2023-05-01/P1M,39828,,,
E08000032,Library,2023-06-01/P1M,26113,,,
E08000032,Library,2023-07-01/P1M,28988,,,
E08000032,Library,2023-08-01/P1M,30067,,,
E08000032,Library,2023-09-01/P1M,26539,,,
E08000032,Library,2023-10-01/P1M,28027,,,
E08000032,Library,2023-11-01/P1M,27254,,,
E08000032,Library,2023-12-01/P1M,22853,,,
E08000032,Library,2024-01-01/P1M,27730,,,
E08000032,Library,2024-02-01/P1M,29212,,,
E08000032,Library,2024-03-01/P1M,28156,,,
E08000032,Shared building,2023-04-01/P1M,37272,,,
E08000032,Shared building,2023-05-01/P1M,25411,,,
E08000032,Shared building,2023-06-01/P1M,40500,,,
E08000032,Shared building,2023-07-01/P1M,42793,,,
E08000032,Shared building,2023-08-01/P1M,44959,,,
E08000032,Shared building,2023-09-01/P1M,41342,,,
E08000032,Shared building,2023-10-01/P1M,43980,,,
E08000032,Shared building,2023-11-01/P1M,43101,,,
E08000032,Shared building,2023-12-01/P1M,31276,,,
E08000032,Shared building,2024-01-01/P1M,39883,,,
E08000032,Shared building,2024-02-01/P1M,42456,,,
E08000032,Shared building,2024-03-01/P1M,44076,,,
E08000032,Home delivery,2023-04-01/P1M,103,,,
E08000032,Home delivery,2023-05-01/P1M,156,,,
E08000032,Home delivery,2023-06-01/P1M,131,,,
E08000032,Home delivery,2023-07-01/P1M,118,,,
E08000032,Home delivery,2023-08-01/P1M,131,,,
E08000032,Home delivery,2023-09-01/P1M,98,,,
E08000032,Home delivery,2023-10-01/P1M,114,,,
E08000032,Home delivery,2023-11-01/P1M,83,,,
E08000032,Home delivery,2023-12-01/P1M,100,,,
E08000032,Home delivery,2024-01-01/P1M,135,,,
E08000032,Home delivery,2024-02-01/P1M,119,,,
E08000032,Home delivery,2024-03-01/P1M,110,,,
E09000005,Library,2023-04-01/P1M,7684,,,
E09000005,Library,2023-05-01/P1M,8025,,,
E09000005,Library,2023-06-01/P1M,7881,,,
E09000005,Library,2023-07-01/P1M,7807,,,
E09000005,Library,2023-08-01/P1M,7354,,,
E09000005,Library,2023-09-01/P1M,7705,,,
E09000005,Library,2023-10-01/P1M,8647,,,
E09000005,Library,2023-11-01/P1M,9220,,,
E09000005,Library,2023-12-01/P1M,7363,,,
E09000005,Library,2024-01-01/P1M,8548,,,
E09000005,Library,2024-02-01/P1M,8226,,,
E09000005,Library,2024-03-01/P1M,8236,,,
E09000005,Shared building,2023-04-01/P1M,57561,,,
E09000005,Shared building,2023-05-01/P1M,74005,,,
E09000005,Shared building,2023-06-01/P1M,70483,,,
E09000005,Shared building,2023-07-01/P1M,85795,,,
E09000005,Shared building,2023-08-01/P1M,81910,,,
E09000005,Shared building,2023-09-01/P1M,86935,,,
E09000005,Shared building,2023-10-01/P1M,107578,,,
E09000005,Shared building,2023-11-01/P1M,92926,,,
E09000005,Shared building,2023-12-01/P1M,68516,,,
E09000005,Shared building,2024-01-01/P1M,105372,,,
E09000005,Shared building,2024-02-01/P1M,114887,,,
E09000005,Shared building,2024-03-01/P1M,112379,,,
E09000005,Home delivery,2023-04-01/P1M,517,,,
E09000005,Home delivery,2023-05-01/P1M,482,,,
E09000005,Home delivery,2023-06-01/P1M,608,,,
E09000005,Home delivery,2023-07-01/P1M,273,,,
E09000005,Home delivery,2023-08-01/P1M,695,,,
E09000005,Home delivery,2023-09-01/P1M,363,,,
E09000005,Home delivery,2023-10-01/P1M,581,,,
E09000005,Home delivery,2023-11-01/P1M,574,,,
E09000005,Home delivery,2023-12-01/P1M,605,,,
E09000005,Home delivery,2024-01-01/P1M,396,,,
E09000005,Home delivery,2024-02-01/P1M,520,,,
E09000005,Home delivery,2024-03-01/P1M,465,,,
E06000023,Library,2023-04-01/P1M,75811,,,
E06000023,Library,2023-05-01/P1M,76839,,,
E06000023,Library,2023-06-01/P1M,77683,,,
E06000023,Library,2023-07-01/P1M,82810,,,
E06000023,Library,2023-08-01/P1M,83972,,,
E06000023,Library,2023-09-01/P1M,82439,,,
E06000023,Library,2023-10-01/P1M,91611,,,
E06000023,Library,2023-11-01/P1M,90094,,,
E06000023,Library,2023-12-01/P1M,67666,,,
E06000023,Library,2024-01-01/P1M,84394,,,
E06000023,Library,2024-02-01/P1M,83810,,,
E06000023,Library,2024-03-01/P1M,83266,,,
E06000023,Home delivery,2023-04-01/P1M,40,,,
E06000023,Home delivery,2023-05-01/P1M,52,,,
E06000023,Home delivery,2023-06-01/P1M,22,,,
E06000023,Home delivery,2023-07-01/P1M,44,,,
E06000023,Home delivery,2023-08-01/P1M,53,,,
E06000023,Home delivery,2023-09-01/P1M,44,,,
E06000023,Home delivery,2023-10-01/P1M,35,,,
E06000023,Home delivery,2023-11-01/P1M,56,,,
E06000023,Home delivery,2023-12-01/P1M,43,,,
E06000023,Home delivery,2024-01-01/P1M,50,,,
E06000023,Home delivery,2024-02-01/P1M,68,,,
E06000023,Home delivery,2024-03-01/P1M,43,,,
E09000006,Library,2023-04-01/P1M,31764,,,
E09000006,Library,2023-05-01/P1M,31818,,,
E09000006,Library,2023-06-01/P1M,31744,,,
E09000006,Library,2023-07-01/P1M,38554,,,
E09000006,Library,2023-08-01/P1M,37480,,,
E09000006,Library,2023-09-01/P1M,36332,,,
E09000006,Library,2023-10-01/P1M,35944,,,
E09000006,Library,2023-11-01/P1M,33123,,,
E09000006,Library,2023-12-01/P1M,27602,,,
E09000006,Library,2024-01-01/P1M,34362,,,
E09000006,Library,2024-02-01/P1M,33748,,,
E09000006,Library,2024-03-01/P1M,33897,,,
E09000006,Shared building,2023-04-01/P1M,71604,,,
E09000006,Shared building,2023-05-01/P1M,68381,,,
E09000006,Shared building,2023-06-01/P1M,62162,,,
E09000006,Shared building,2023-07-01/P1M,62306,,,
E09000006,Shared building,2023-08-01/P1M,62741,,,
E09000006,Shared building,2023-09-01/P1M,61556,,,
E09000006,Shared building,2023-10-01/P1M,64436,,,
E09000006,Shared building,2023-11-01/P1M,61330,,,
E09000006,Shared building,2023-12-01/P1M,52358,,,
E09000006,Shared building,2024-01-01/P1M,66779,,,
E09000006,Shared building,2024-02-01/P1M,61766,,,
E09000006,Shared building,2024-03-01/P1M,66495,,,
E09000006,Home delivery,2023-04-01/P1M,154,,,
E09000006,Home delivery,2023-05-01/P1M,142,,,
E09000006,Home delivery,2023-06-01/P1M,171,,,
E09000006,Home delivery,2023-07-01/P1M,156,,,
E09000006,Home delivery,2023-08-01/P1M,157,,,
E09000006,Home delivery,2023-09-01/P1M,144,,,
E09000006,Home delivery,2023-10-01/P1M,155,,,
E09000006,Home delivery,2023-11-01/P1M,165,,,
E09000006,Home delivery,2023-12-01/P1M,180,,,
E09000006,Home delivery,2024-01-01/P1M,180,,,
E09000006,Home delivery,2024-02-01/P1M,191,,,
E09000006,Home delivery,2024-03-01/P1M,173,,,
E06000060,Library,2023-04-01/P1M,69408,,,
E06000060,Library,2023-05-01/P1M,70267,,,
E06000060,Library,2023-06-01/P1M,64729,,,
E06000060,Library,2023-07-01/P1M,73401,,,
E06000060,Library,2023-08-01/P1M,79849,,,
E06000060,Library,2023-09-01/P1M,71065,,,
E06000060,Library,2023-10-01/P1M,77811,,,
E06000060,Library,2023-11-01/P1M,74179,,,
E06000060,Library,2023-12-01/P1M,62828,,,
E06000060,Library,2024-01-01/P1M,73689,,,
E06000060,Library,2024-02-01/P1M,74135,,,
E06000060,Library,2024-03-01/P1M,74800,,,
E06000060,Shared building,2023-04-01/P1M,14272,,,
E06000060,Shared building,2023-05-01/P1M,13551,,,
E06000060,Shared building,2023-06-01/P1M,13259,,,
E06000060,Shared building,2023-07-01/P1M,15685,,,
E06000060,Shared building,2023-08-01/P1M,16143,,,
E06000060,Shared building,2023-09-01/P1M,13260,,,
E06000060,Shared building,2023-10-01/P1M,15136,,,
E06000060,Shared building,2023-11-01/P1M,14580,,,
E06000060,Shared building,2023-12-01/P1M,12808,,,
E06000060,Shared building,2024-01-01/P1M,15869,,,
E06000060,Shared building,2024-02-01/P1M,15747,,,
E06000060,Shared building,2024-03-01/P1M,14783,,,
E06000060,Home delivery,2023-04-01/P1M,669,,,
E06000060,Home delivery,2023-05-01/P1M,760,,,
E06000060,Home delivery,2023-06-01/P1M,676,,,
E06000060,Home delivery,2023-07-01/P1M,705,,,
E06000060,Home delivery,2023-08-01/P1M,704,,,
E06000060,Home delivery,2023-09-01/P1M,668,,,
E06000060,Home delivery,2023-10-01/P1M,677,,,
E06000060,Home delivery,2023-11-01/P1M,708,,,
E06000060,Home delivery,2023-12-01/P1M,721,,,
E06000060,Home delivery,2024-01-01/P1M,777,,,
E06000060,Home delivery,2024-02-01/P1M,636,,,
E06000060,Home delivery,2024-03-01/P1M,618,,,
E08000002,Library,2023-04-01/P3M,3485,,,
E08000002,Library,2023-07-01/P3M,4359,,,
E08000002,Library,2023-10-01/P3M,4042,,,
E08000002,Library,2024-01-01/P3M,3461,,,
E08000033,Home delivery,2023-04-01/P1M,1815,,,
E08000033,Home delivery,2023-05-01/P1M,1903,,,
E08000033,Home delivery,2023-06-01/P1M,1557,,,
E08000033,Home delivery,2023-07-01/P1M,1747,,,
E08000033,Home delivery,2023-08-01/P1M,1635,,,
E08000033,Home delivery,2023-09-01/P1M,1648,,,
E08000033,Home delivery,2023-10-01/P1M,1952,,,
E08000033,Home delivery,2023-11-01/P1M,1766,,,
E08000033,Home delivery,2023-12-01/P1M,1316,,,
E08000033,Home delivery,2024-01-01/P1M,1863,,,
E08000033,Home delivery,2024-02-01/P1M,1605,,,
E08000033,Home delivery,2024-03-01/P1M,1538,,,
E10000003,Library,2023-04-01/P1M,122455,,,
E10000003,Library,2023-05-01/P1M,117432,,,
E10000003,Library,2023-06-01/P1M,118378,,,
E10000003,Library,2023-07-01/P1M,128906,,,
E10000003,Library,2023-08-01/P1M,135770,,,
E10000003,Library,2023-09-01/P1M,124576,,,
E10000003,Library,2023-10-01/P1M,130451,,,
E10000003,Library,2023-11-01/P1M,125961,,,
E10000003,Library,2023-12-01/P1M,106647,,,
E10000003,Library,2024-01-01/P1M,130673,,,
E10000003,Library,2024-02-01/P1M,131637,,,
E10000003,Library,2024-03-01/P1M,131286,,,
E10000003,Mobile library,2023-04-01/P1M,1266,,,
E10000003,Mobile library,2023-05-01/P1M,1583,,,
E10000003,Mobile library,2023-06-01/P1M,1819,,,
E10000003,Mobile library,2023-07-01/P1M,1585,,,
E10000003,Mobile library,2023-08-01/P1M,1361,,,
E10000003,Mobile library,2023-09-01/P1M,1863,,,
E10000003,Mobile library,2023-10-01/P1M,1662,,,
E10000003,Mobile library,2023-11-01/P1M,1626,,,
E10000003,Mobile library,2023-12-01/P1M,1189,,,
E10000003,Mobile library,2024-01-01/P1M,1554,,,
E10000003,Mobile library,2024-02-01/P1M,1487,,,
E10000003,Mobile library,2024-03-01/P1M,1524,,,
E06000056,Library,2023-04-01/P1M,45954,,,
E06000056,Library,2023-05-01/P1M,43762,,,
E06000056,Library,2023-06-01/P1M,42661,,,
E06000056,Library,2023-07-01/P1M,47579,,,
E06000056,Library,2023-08-01/P1M,62021,,,
E06000056,Library,2023-09-01/P1M,47248,,,
E06000056,Library,2023-10-01/P1M,52103,,,
E06000056,Library,2023-11-01/P1M,45610,,,
E06000056,Library,2023-12-01/P1M,41459,,,
E06000056,Library,2024-01-01/P1M,47004,,,
E06000056,Library,2024-02-01/P1M,50308,,,
E06000056,Library,2024-03-01/P1M,46421,,,
E06000056,Shared building,2023-04-01/P1M,12126,,,
E06000056,Shared building,2023-05-01/P1M,12054,,,
E06000056,Shared building,2023-06-01/P1M,11399,,,
E06000056,Shared building,2023-07-01/P1M,13274,,,
E06000056,Shared building,2023-08-01/P1M,13994,,,
E06000056,Shared building,2023-09-01/P1M,12137,,,
E06000056,Shared building,2023-10-01/P1M,16274,,,
E06000056,Shared building,2023-11-01/P1M,19561,,,
E06000056,Shared building,2023-12-01/P1M,16970,,,
E06000056,Shared building,2024-01-01/P1M,19430,,,
E06000056,Shared building,2024-02-01/P1M,15471,,,
E06000056,Shared building,2024-03-01/P1M,18448,,,
E06000056,Home delivery,2023-04-01/P1M,160,,,
E06000056,Home delivery,2023-05-01/P1M,179,,,
E06000056,Home delivery,2023-06-01/P1M,160,,,
E06000056,Home delivery,2023-07-01/P1M,143,,,
E06000056,Home delivery,2023-08-01/P1M,196,,,
E06000056,Home delivery,2023-09-01/P1M,143,,,
E06000056,Home delivery,2023-10-01/P1M,176,,,
E06000056,Home delivery,2023-11-01/P1M,163,,,
E06000056,Home delivery,2023-12-01/P1M,169,,,
E06000056,Home delivery,2024-01-01/P1M,170,,,
E06000056,Home delivery,2024-02-01/P1M,149,,,
E06000056,Home delivery,2024-03-01/P1M,160,,,
E06000050,Library,2023-03-01/P3M,680900,,suspicious,Reflects whole civic centre footfall rather than library visits
E06000050,Library,2023-06-01/P3M,851150,,suspicious,Reflects whole civic centre footfall rather than library visits
E06000050,Library,2023-09-01/P3M,697400,,suspicious,Reflects whole civic centre footfall rather than library visits
E06000050,Library,2023-12-01/P3M,813500,,suspicious,Reflects whole civic centre footfall rather than library visits
E06000050,Shared building,2023-05-01/P1M,716850,,suspicious,Reflects whole civic centre footfall rather than library visits
E06000050,Shared building,2023-08-01/P1M,624900,,suspicious,Reflects whole civic centre footfall rather than library visits
E06000050,Mobile library,2023-04-01/P1M,227,,suspicious,Reflects whole civic centre footfall rather than library visits
E06000050,Mobile library,2023-05-01/P1M,355,,suspicious,Reflects whole civic centre footfall rather than library visits
E06000050,Mobile library,2023-06-01/P1M,304,,suspicious,Reflects whole civic centre footfall rather than library visits
E06000050,Mobile library,2023-07-01/P1M,268,,suspicious,Reflects whole civic centre footfall rather than library visits
E06000050,Mobile library,2023-08-01/P1M,266,,suspicious,Reflects whole civic centre footfall rather than library visits
E06000050,Mobile library,2023-09-01/P1M,431,,suspicious,Reflects whole civic centre footfall rather than library visits
E06000050,Mobile library,2023-10-01/P1M,502,,suspicious,Reflects whole civic centre footfall rather than library visits
E06000050,Mobile library,2023-11-01/P1M,449,,suspicious,Reflects whole civic centre footfall rather than library visits
E06000050,Mobile library,2023-12-01/P1M,71,,suspicious,Reflects whole civic centre footfall rather than library visits
E06000050,Mobile library,2024-01-01/P1M,409,,suspicious,Reflects whole civic centre footfall rather than library visits
E06000050,Mobile library,2024-02-01/P1M,409,,suspicious,Reflects whole civic centre footfall rather than library visits
E06000050,Mobile library,2024-03-01/P1M,365,,suspicious,Reflects whole civic centre footfall rather than library visits
E06000050,Home delivery,2023-04-01/P1M,69,,suspicious,Reflects whole civic centre footfall rather than library visits
E06000050,Home delivery,2023-05-01/P1M,70,,suspicious,Reflects whole civic centre footfall rather than library visits
E06000050,Home delivery,2023-06-01/P1M,71,,suspicious,Reflects whole civic centre footfall rather than library visits
E06000050,Home delivery,2023-07-01/P1M,75,,suspicious,Reflects whole civic centre footfall rather than library visits
E06000050,Home delivery,2023-08-01/P1M,76,,suspicious,Reflects whole civic centre footfall rather than library visits
E06000050,Home delivery,2023-09-01/P1M,69,,suspicious,Reflects whole civic centre footfall rather than library visits
E06000050,Home delivery,2023-10-01/P1M,71,,suspicious,Reflects whole civic centre footfall rather than library visits
E06000050,Home delivery,2023-11-01/P1M,74,,suspicious,Reflects whole civic centre footfall rather than library visits
E06000050,Home delivery,2023-12-01/P1M,62,,suspicious,Reflects whole civic centre footfall rather than library visits
E06000050,Home delivery,2024-01-01/P1M,58,,suspicious,Reflects whole civic centre footfall rather than library visits
E06000050,Home delivery,2024-02-01/P1M,58,,suspicious,Reflects whole civic centre footfall rather than library visits
E06000050,Home delivery,2024-03-01/P1M,57,,suspicious,Reflects whole civic centre footfall rather than library visits
E06000052,Library,2023-04-01/P1M,69900,,,
E06000052,Library,2023-05-01/P1M,53450,,,
E06000052,Library,2023-06-01/P1M,76580,,,
E06000052,Library,2023-07-01/P1M,74356,,,
E06000052,Library,2023-08-01/P1M,100720,,,
E06000052,Library,2023-09-01/P1M,69785,,,
E06000052,Library,2023-10-01/P1M,76330,,,
E06000052,Library,2023-11-01/P1M,54372,,,
E06000052,Library,2023-12-01/P1M,30346,,,
E06000052,Library,2024-01-01/P1M,64458,,,
E06000052,Library,2024-02-01/P1M,58400,,,
E06000052,Library,2024-03-01/P1M,67693,,,
E08000026,Library,2023-04-01/P1M,68177,,,
E08000026,Library,2023-05-01/P1M,67038,,,
E08000026,Library,2023-06-01/P1M,65246,,,
E08000026,Library,2023-07-01/P1M,73230,,,
E08000026,Library,2023-08-01/P1M,70380,,,
E08000026,Library,2023-09-01/P1M,72218,,,
E08000026,Library,2023-10-01/P1M,76323,,,
E08000026,Library,2023-11-01/P1M,70215,,,
E08000026,Home delivery,2023-04-01/P1M,77,,,
E08000026,Home delivery,2023-05-01/P1M,75,,,
E08000026,Home delivery,2023-06-01/P1M,76,,,
E08000026,Home delivery,2023-07-01/P1M,68,,,
E08000026,Home delivery,2023-08-01/P1M,73,,,
E08000026,Home delivery,2023-09-01/P1M,73,,,
E08000026,Home delivery,2023-10-01/P1M,75,,,
E08000026,Home delivery,2023-11-01/P1M,74,,,
E06000063,Library,2023-04-01/P1M,30734,,,
E06000063,Library,2023-05-01/P1M,30152,,,
E06000063,Library,2023-06-01/P1M,31377,,,
E06000063,Library,2023-07-01/P1M,37946,,,
E06000063,Library,2023-08-01/P1M,38220,,,
E06000063,Library,2023-09-01/P1M,34954,,,
E06000063,Library,2023-10-01/P1M,41531,,,
E06000063,Library,2023-11-01/P1M,39876,,,
E06000063,Library,2023-12-01/P1M,29675,,,
E06000063,Library,2024-01-01/P1M,38961,,,
E06000063,Library,2024-02-01/P1M,42410,,,
E06000063,Library,2024-03-01/P1M,45969,,,
E06000063,Home delivery,2023-04-01/P1M,117,,,
E06000063,Home delivery,2023-05-01/P1M,116,,,
E06000063,Home delivery,2023-06-01/P1M,116,,,
E06000063,Home delivery,2023-07-01/P1M,160,,,
E06000063,Home delivery,2023-08-01/P1M,97,,,
E06000063,Home delivery,2023-09-01/P1M,117,,,
E06000063,Home delivery,2023-10-01/P1M,118,,,
E06000063,Home delivery,2023-11-01/P1M,118,,,
E06000063,Home delivery,2023-12-01/P1M,138,,,
E06000063,Home delivery,2024-01-01/P1M,117,,,
E06000063,Home delivery,2024-02-01/P1M,117,,,
E06000063,Home delivery,2024-03-01/P1M,117,,,
E06000005,Library,2023-04-01/P1M,4756,,,
E06000005,Library,2023-05-01/P1M,5637,,,
E06000005,Library,2023-06-01/P1M,5020,,,
E06000005,Library,2023-07-01/P1M,5563,,,
E06000005,Library,2023-08-01/P1M,6596,,,
E06000005,Library,2023-09-01/P1M,16372,,,
E06000005,Library,2023-10-01/P1M,25125,,,
E06000005,Library,2023-11-01/P1M,29865,,,
E06000005,Library,2023-12-01/P1M,27839,,,
E06000005,Library,2024-01-01/P1M,32546,,,
E06000005,Library,2024-02-01/P1M,25894,,,
E06000005,Library,2024-03-01/P1M,24008,,,
E06000005,Home delivery,2023-04-01/P1M,120,,,
E06000005,Home delivery,2023-05-01/P1M,140,,,
E06000005,Home delivery,2023-06-01/P1M,160,,,
E06000005,Home delivery,2023-07-01/P1M,120,,,
E06000005,Home delivery,2023-08-01/P1M,150,,,
E06000005,Home delivery,2023-09-01/P1M,130,,,
E06000005,Home delivery,2023-10-01/P1M,120,,,
E06000005,Home delivery,2023-11-01/P1M,120,,,
E06000005,Home delivery,2023-12-01/P1M,120,,,
E06000005,Home delivery,2024-01-01/P1M,140,,,
E06000005,Home delivery,2024-02-01/P1M,130,,,
E06000005,Home delivery,2024-03-01/P1M,130,,,
E06000015,Library,2023-04-01/P1M,19542,,,
E06000015,Library,2023-05-01/P1M,21561,,,
E06000015,Library,2023-06-01/P1M,22508,,,
E06000015,Library,2023-07-01/P1M,21935,,,
E06000015,Library,2023-08-01/P1M,24066,,,
E06000015,Library,2023-09-01/P1M,20209,,,
E06000015,Library,2023-10-01/P1M,20082,,,
E06000015,Library,2023-11-01/P1M,22010,,,
E06000015,Library,2023-12-01/P1M,16280,,,
E06000015,Library,2024-01-01/P1M,18363,,,
E06000015,Library,2024-02-01/P1M,19395,,,
E06000015,Library,2024-03-01/P1M,18285,,,
E10000007,Library,2023-04-01/P1M,670970,,,
E10000007,Library,2023-05-01/P1M,65538,,,
E10000007,Library,2023-06-01/P1M,67160,,,
E10000007,Library,2023-07-01/P1M,73362,,,
E10000007,Library,2023-08-01/P1M,79057,,,
E10000007,Library,2023-09-01/P1M,73257,,,
E10000007,Library,2023-10-01/P1M,74095,,,
E10000007,Library,2023-11-01/P1M,74278,,,
E10000007,Library,2023-12-01/P1M,60215,,,
E10000007,Library,2024-01-01/P1M,72803,,,
E10000007,Library,2024-02-01/P1M,74802,,,
E10000007,Library,2024-03-01/P1M,73872,,,
E10000007,Shared building,2023-04-01/P1M,32067,,,
E10000007,Shared building,2023-05-01/P1M,31375,,,
E10000007,Shared building,2023-06-01/P1M,32852,,,
E10000007,Shared building,2023-07-01/P1M,36387,,,
E10000007,Shared building,2023-08-01/P1M,38424,,,
E10000007,Shared building,2023-09-01/P1M,34306,,,
E10000007,Shared building,2023-10-01/P1M,34799,,,
E10000007,Shared building,2023-11-01/P1M,34572,,,
E10000007,Shared building,2023-12-01/P1M,27927,,,
E10000007,Shared building,2024-01-01/P1M,34747,,,
E10000007,Shared building,2024-02-01/P1M,34721,,,
E10000007,Shared building,2024-03-01/P1M,34228,,,
E10000008,Library,2023-04-01/P1M,79578,,,
E10000008,Library,2023-05-01/P1M,83809,,,
E10000008,Library,2023-06-01/P1M,86655,,,
E10000008,Library,2023-07-01/P1M,122127,,,
E10000008,Library,2023-08-01/P1M,138492,,,
E10000008,Library,2023-09-01/P1M,139494,,,
E10000008,Library,2023-10-01/P1M,145248,,,
E10000008,Library,2023-11-01/P1M,145233,,,
E10000008,Library,2023-12-01/P1M,112075,,,
E10000008,Library,2024-01-01/P1M,147799,,,
E10000008,Library,2024-02-01/P1M,142473,,,
E10000008,Library,2024-03-01/P1M,146951,,,
E10000008,Shared building,2023-04-01/P1M,22363,,,
E10000008,Shared building,2023-05-01/P1M,22445,,,
E10000008,Shared building,2023-06-01/P1M,22367,,,
E10000008,Shared building,2023-07-01/P1M,36564,,,
E10000008,Shared building,2023-08-01/P1M,43144,,,
E10000008,Shared building,2023-09-01/P1M,50103,,,
E10000008,Shared building,2023-10-01/P1M,48911,,,
E10000008,Shared building,2023-11-01/P1M,46135,,,
E10000008,Shared building,2023-12-01/P1M,36223,,,
E10000008,Shared building,2024-01-01/P1M,48459,,,
E10000008,Shared building,2024-02-01/P1M,46638,,,
E10000008,Shared building,2024-03-01/P1M,44824,,,
E10000008,Mobile library,2023-04-01/P1M,1249,,,
E10000008,Mobile library,2023-05-01/P1M,1246,,,
E10000008,Mobile library,2023-06-01/P1M,967,,,
E10000008,Mobile library,2023-07-01/P1M,1212,,,
E10000008,Mobile library,2023-08-01/P1M,1186,,,
E10000008,Mobile library,2023-09-01/P1M,1148,,,
E10000008,Mobile library,2023-10-01/P1M,1086,,,
E10000008,Mobile library,2023-11-01/P1M,1145,,,
E10000008,Mobile library,2023-12-01/P1M,575,,,
E10000008,Mobile library,2024-01-01/P1M,995,,,
E10000008,Mobile library,2024-02-01/P1M,499,,,
E10000008,Home delivery,2023-04-01/P1M,611,,,
E10000008,Home delivery,2023-05-01/P1M,605,,,
E10000008,Home delivery,2023-06-01/P1M,640,,,
E10000008,Home delivery,2023-07-01/P1M,682,,,
E10000008,Home delivery,2023-08-01/P1M,671,,,
E10000008,Home delivery,2023-09-01/P1M,638,,,
E10000008,Home delivery,2023-10-01/P1M,654,,,
E10000008,Home delivery,2023-11-01/P1M,619,,,
E10000008,Home delivery,2023-12-01/P1M,503,,,
E10000008,Home delivery,2024-01-01/P1M,614,,,
E10000008,Home delivery,2024-02-01/P1M,634,,,
E10000008,Home delivery,2024-03-01/P1M,641,,,
E08000017,Library,2023-04-01/P1M,7554,,,
E08000017,Library,2023-05-01/P1M,8998,,,
E08000017,Library,2023-06-01/P1M,13404,,,
E08000017,Library,2023-07-01/P1M,14564,,,
E08000017,Library,2023-08-01/P1M,13491,,,
E08000017,Library,2023-09-01/P1M,35535,,,
E08000017,Library,2023-10-01/P1M,14443,,,
E08000017,Library,2023-11-01/P1M,14934,,,
E08000017,Library,2023-12-01/P1M,10504,,,
E08000017,Library,2024-01-01/P1M,12058,,,
E08000017,Library,2024-02-01/P1M,13753,,,
E08000017,Library,2024-03-01/P1M,13007,,,
E08000017,Shared building,2023-04-01/P1M,22098,,,
E08000017,Shared building,2023-05-01/P1M,22860,,,
E08000017,Shared building,2023-06-01/P1M,21671,,,
E08000017,Shared building,2023-07-01/P1M,26112,,,
E08000017,Shared building,2023-08-01/P1M,27020,,,
E08000017,Shared building,2023-09-01/P1M,24365,,,
E08000017,Shared building,2023-10-01/P1M,25078,,,
E08000017,Shared building,2023-11-01/P1M,25864,,,
E08000017,Shared building,2023-12-01/P1M,19047,,,
E08000017,Shared building,2024-01-01/P1M,27452,,,
E08000017,Shared building,2024-02-01/P1M,28685,,,
E08000017,Shared building,2024-03-01/P1M,27237,,,
E08000017,Home delivery,2023-04-01/P1M,173,,,
E08000017,Home delivery,2023-05-01/P1M,194,,,
E08000017,Home delivery,2023-06-01/P1M,187,,,
E08000017,Home delivery,2023-07-01/P1M,164,,,
E08000017,Home delivery,2023-08-01/P1M,191,,,
E08000017,Home delivery,2023-09-01/P1M,164,,,
E08000017,Home delivery,2023-10-01/P1M,179,,,
E08000017,Home delivery,2023-11-01/P1M,189,,,
E08000017,Home delivery,2023-12-01/P1M,170,,,
E08000017,Home delivery,2024-01-01/P1M,183,,,
E08000017,Home delivery,2024-02-01/P1M,176,,,
E08000017,Home delivery,2024-03-01/P1M,174,,,
E06000059,Library,2023-04-01/P1M,32288,,,
E06000059,Library,2023-05-01/P1M,32357,,,
E06000059,Library,2023-06-01/P1M,34486,,,
E06000059,Library,2023-07-01/P1M,42270,,,
E06000059,Library,2023-08-01/P1M,44260,,,
E06000059,Library,2023-09-01/P1M,40854,,,
E06000059,Library,2023-10-01/P1M,41421,,,
E06000059,Library,2023-11-01/P1M,38877,,,
E06000059,Library,2023-12-01/P1M,31946,,,
E06000059,Library,2024-01-01/P1M,37904,,,
E06000059,Library,2024-02-01/P1M,39112,,,
E06000059,Library,2024-03-01/P1M,38940,,,
E06000059,Shared building,2023-04-01/P1M,36526,,,
E06000059,Shared building,2023-05-01/P1M,37876,,,
E06000059,Shared building,2023-06-01/P1M,41204,,,
E06000059,Shared building,2023-07-01/P1M,47678,,,
E06000059,Shared building,2023-08-01/P1M,48823,,,
E06000059,Shared building,2023-09-01/P1M,45033,,,
E06000059,Shared building,2023-10-01/P1M,46185,,,
E06000059,Shared building,2023-11-01/P1M,43868,,,
E06000059,Shared building,2023-12-01/P1M,34442,,,
E06000059,Shared building,2024-01-01/P1M,43572,,,
E06000059,Shared building,2024-02-01/P1M,44452,,,
E06000059,Shared building,2024-03-01/P1M,43557,,,
E06000059,Home delivery,2023-04-01/P1M,572,,,
E06000059,Home delivery,2023-05-01/P1M,572,,,
E06000059,Home delivery,2023-06-01/P1M,572,,,
E06000059,Home delivery,2023-07-01/P1M,572,,,
E06000059,Home delivery,2023-08-01/P1M,572,,,
E06000059,Home delivery,2023-09-01/P1M,572,,,
E06000059,Home delivery,2023-10-01/P1M,572,,,
E06000059,Home delivery,2023-11-01/P1M,572,,,
E06000059,Home delivery,2023-12-01/P1M,572,,,
E06000059,Home delivery,2024-01-01/P1M,572,,,
E06000059,Home delivery,2024-02-01/P1M,572,,,
E06000059,Home delivery,2024-03-01/P1M,572,,,
E08000027,Library,2023-04-01/P1M,544456,,,
E08000027,Library,2023-05-01/P1M,51759,,,
E08000027,Library,2023-06-01/P1M,53756,,,
E08000027,Library,2023-07-01/P1M,61877,,,
E08000027,Library,2023-08-01/P1M,62016,,,
E08000027,Library,2023-09-01/P1M,58075,,,
E08000027,Library,2023-10-01/P1M,61746,,,
E08000027,Library,2023-11-01/P1M,60593,,,
E08000027,Library,2023-12-01/P1M,45423,,,
E08000027,Library,2024-01-01/P1M,61836,,,
E08000027,Library,2024-02-01/P1M,63207,,,
E08000027,Library,2024-03-01/P1M,64335,,,
E10000011,Library,2023-04-01/P1M,60527,,,
E10000011,Library,2023-05-01/P1M,56434,,,
E10000011,Library,2023-06-01/P1M,61228,,,
E10000011,Library,2023-07-01/P1M,74413,,,
E10000011,Library,2023-08-01/P1M,79524,,,
E10000011,Library,2023-09-01/P1M,69123,,,
E10000011,Library,2023-10-01/P1M,68961,,,
E10000011,Library,2023-11-01/P1M,60949,,,
E10000011,Library,2023-12-01/P1M,53945,,,
E10000011,Library,2024-01-01/P1M,65312,,,
E10000011,Library,2024-02-01/P1M,67036,,,
E10000011,Library,2024-03-01/P1M,66653,,,
E10000011,Shared building,2023-04-01/P1M,4059,,,
E10000011,Shared building,2023-05-01/P1M,3679,,,
E10000011,Shared building,2023-06-01/P1M,3809,,,
E10000011,Shared building,2023-07-01/P1M,5380,,,
E10000011,Shared building,2023-08-01/P1M,5609,,,
E10000011,Shared building,2023-09-01/P1M,4502,,,
E10000011,Shared building,2023-10-01/P1M,4852,,,
E10000011,Shared building,2023-11-01/P1M,4308,,,
E10000011,Shared building,2023-12-01/P1M,3600,,,
E10000011,Shared building,2024-01-01/P1M,4678,,,
E10000011,Shared building,2024-02-01/P1M,4840,,,
E10000011,Shared building,2024-03-01/P1M,4336,,,
E10000011,Home delivery,2023-04-01/P3M,207,,,
E10000011,Home delivery,2023-07-01/P3M,194,,,
E10000011,Home delivery,2023-10-01/P3M,222,,,
E10000011,Home delivery,2024-01-01/P3M,288,,,
E06000014,Library,2023-04-01/P1M,73328,,,
E06000014,Library,2023-05-01/P1M,76810,,,
E06000014,Library,2023-06-01/P1M,78032,,,
E06000014,Library,2023-07-01/P1M,67398,,,
E06000014,Library,2023-08-01/P1M,67136,,,
E06000014,Library,2023-09-01/P1M,65205,,,
E06000014,Library,2023-10-01/P1M,66565,,,
E06000014,Library,2023-11-01/P1M,63545,,,
E06000014,Library,2023-12-01/P1M,49727,,,
E06000014,Library,2024-01-01/P1M,63424,,,
E06000014,Library,2024-02-01/P1M,65533,,,
E06000014,Library,2024-03-01/P1M,68033,,,
E06000014,Shared building,2023-04-01/P1M,4393,,,
E06000014,Shared building,2023-05-01/P1M,4080,,,
E06000014,Shared building,2023-06-01/P1M,4265,,,
E06000014,Shared building,2023-07-01/P1M,5835,,,
E06000014,Shared building,2023-08-01/P1M,5215,,,
E06000014,Shared building,2023-09-01/P1M,5592,,,
E06000014,Shared building,2023-10-01/P1M,6438,,,
E06000014,Shared building,2023-11-01/P1M,5443,,,
E06000014,Shared building,2023-12-01/P1M,4128,,,
E06000014,Shared building,2024-01-01/P1M,6299,,,
E06000014,Shared building,2024-02-01/P1M,6191,,,
E06000014,Shared building,2024-03-01/P1M,6182,,,
E08000037,Library,2023-04-01/P1M,22007,,,
E08000037,Library,2023-05-01/P1M,18756,,,
E08000037,Library,2023-06-01/P1M,22829,,,
E08000037,Library,2023-07-01/P1M,24895,,,
E08000037,Library,2023-08-01/P1M,24067,,,
E08000037,Library,2023-09-01/P1M,22591,,,
E08000037,Library,2023-10-01/P1M,23780,,,
E08000037,Library,2023-11-01/P1M,28515,,,
E08000037,Library,2023-12-01/P1M,21790,,,
E08000037,Library,2024-01-01/P1M,21381,,,
E08000037,Library,2024-02-01/P1M,18660,,,
E08000037,Library,2024-03-01/P1M,18338,,,
E08000037,Shared building,2023-04-01/P1M,7613,,,
E08000037,Shared building,2023-05-01/P1M,8148,,,
E08000037,Shared building,2023-06-01/P1M,8372,,,
E08000037,Shared building,2023-07-01/P1M,8920,,,
E08000037,Shared building,2023-08-01/P1M,8640,,,
E08000037,Shared building,2023-09-01/P1M,8606,,,
E08000037,Shared building,2023-10-01/P1M,9538,,,
E08000037,Shared building,2023-11-01/P1M,8627,,,
E08000037,Shared building,2023-12-01/P1M,7395,,,
E08000037,Shared building,2024-01-01/P1M,9117,,,
E08000037,Shared building,2024-02-01/P1M,10198,,,
E08000037,Shared building,2024-03-01/P1M,10629,,,
E08000037,Home delivery,2023-04-01/P1M,259,,,
E08000037,Home delivery,2023-05-01/P1M,268,,,
E08000037,Home delivery,2023-06-01/P1M,287,,,
E08000037,Home delivery,2023-07-01/P1M,267,,,
E08000037,Home delivery,2023-08-01/P1M,285,,,
E08000037,Home delivery,2023-09-01/P1M,277,,,
E08000037,Home delivery,2023-10-01/P1M,255,,,
E08000037,Home delivery,2023-11-01/P1M,260,,,
E08000037,Home delivery,2023-12-01/P1M,260,,,
E08000037,Home delivery,2024-01-01/P1M,260,,,
E08000037,Home delivery,2024-02-01/P1M,254,,,
E08000037,Home delivery,2024-03-01/P1M,261,,,
E09000011,Library,2023-04-01/P1M,12189,,,
E09000011,Library,2023-05-01/P1M,11958,,,
E09000011,Library,2023-06-01/P1M,12455,,,
E09000011,Library,2023-07-01/P1M,13207,,,
E09000011,Library,2023-08-01/P1M,11724,,,
E09000011,Library,2023-09-01/P1M,13476,,,
E09000011,Library,2023-10-01/P1M,13538,,,
E09000011,Library,2023-11-01/P1M,13140,,,
E09000011,Library,2023-12-01/P1M,10095,,,
E09000011,Library,2024-01-01/P1M,13212,,,
E09000011,Library,2024-02-01/P1M,13397,,,
E09000011,Library,2024-03-01/P1M,14076,,,
E09000011,Shared building,2023-04-01/P1M,146498,,,
E09000011,Shared building,2023-05-01/P1M,142353,,,
E09000011,Shared building,2023-06-01/P1M,146185,,,
E09000011,Shared building,2023-07-01/P1M,153445,,,
E09000011,Shared building,2023-08-01/P1M,174924,,,
E09000011,Shared building,2023-09-01/P1M,183632,,,
E09000011,Shared building,2023-10-01/P1M,190520,,,
E09000011,Shared building,2023-11-01/P1M,182563,,,
E09000011,Shared building,2023-12-01/P1M,137335,,,
E09000011,Shared building,2024-01-01/P1M,180719,,,
E09000011,Shared building,2024-02-01/P1M,182220,,,
E09000011,Shared building,2024-03-01/P1M,173621,,,
E09000011,Home delivery,2023-04-01/P1M,9997,,,
E09000011,Home delivery,2023-05-01/P1M,10557,,,
E09000011,Home delivery,2023-06-01/P1M,9851,,,
E09000011,Home delivery,2023-07-01/P1M,8652,,,
E09000011,Home delivery,2023-08-01/P1M,9773,,,
E09000011,Home delivery,2023-09-01/P1M,10091,,,
E09000011,Home delivery,2023-10-01/P1M,10712,,,
E09000011,Home delivery,2023-11-01/P1M,11302,,,
E09000011,Home delivery,2023-12-01/P1M,10438,,,
E09000011,Home delivery,2024-01-01/P1M,11753,,,
E09000011,Home delivery,2024-02-01/P1M,9116,,,
E09000011,Home delivery,2024-03-01/P1M,11290,,,
E09000012,Library,2023-04-01/P3M,133250,,,
E09000012,Library,2023-07-01/P3M,133250,,,
E09000012,Library,2023-10-01/P3M,133250,,,
E09000012,Library,2024-01-01/P3M,133250,,,
E09000012,Shared building,2023-04-01/P3M,50561,,,
E09000012,Shared building,2023-07-01/P3M,50561,,,
E09000012,Shared building,2023-10-01/P3M,50561,,,
E09000012,Shared building,2024-01-01/P3M,50561,,,
E09000012,Home delivery,2023-04-01/P1M,252,,,
E09000012,Home delivery,2023-05-01/P1M,260,,,
E09000012,Home delivery,2023-06-01/P1M,255,,,
E09000012,Home delivery,2023-07-01/P1M,248,,,
E09000012,Home delivery,2023-08-01/P1M,274,,,
E09000012,Home delivery,2023-09-01/P1M,281,,,
E09000012,Home delivery,2023-10-01/P1M,270,,,
E09000012,Home delivery,2023-11-01/P1M,266,,,
E09000012,Home delivery,2023-12-01/P1M,204,,,
E09000012,Home delivery,2024-01-01/P1M,273,,,
E09000012,Home delivery,2024-02-01/P1M,246,,,
E09000012,Home delivery,2024-03-01/P1M,199,,,
E06000006,Library,2023-04-01/P3M,76283,,,
E06000006,Library,2023-07-01/P3M,73564,,,
E06000006,Library,2023-10-01/P3M,76807,,,
E06000006,Library,2024-01-01/P3M,74802,,,
E06000006,Shared building,2023-04-01/P3M,6508,,,
E06000006,Shared building,2023-07-01/P3M,4738,,,
E06000006,Shared building,2023-10-01/P3M,4907,,,
E06000006,Shared building,2024-01-01/P3M,8797,,,
E06000006,Home delivery,2023-04-01/P1M,126,,,
E06000006,Home delivery,2023-05-01/P1M,124,,,
E06000006,Home delivery,2023-06-01/P1M,122,,,
E06000006,Home delivery,2023-07-01/P1M,126,,,
E06000006,Home delivery,2023-08-01/P1M,125,,,
E06000006,Home delivery,2023-09-01/P1M,124,,,
E06000006,Home delivery,2023-10-01/P1M,124,,,
E06000006,Home delivery,2023-11-01/P1M,124,,,
E06000006,Home delivery,2023-12-01/P1M,112,,,
E06000006,Home delivery,2024-01-01/P1M,120,,,
E06000006,Home delivery,2024-02-01/P1M,122,,,
E06000006,Home delivery,2024-03-01/P1M,126,,,
E09000013,Library,2023-04-01/P1M,16029,,,
E09000013,Library,2023-05-01/P1M,20256,,,
E09000013,Library,2023-06-01/P1M,19113,,,
E09000013,Library,2023-07-01/P1M,16121,,,
E09000013,Library,2023-08-01/P1M,14809,,,
E09000013,Library,2023-09-01/P1M,17800,,,
E09000013,Library,2023-10-01/P1M,22830,,,
E09000013,Library,2023-11-01/P1M,20645,,,
E09000013,Library,2023-12-01/P1M,15331,,,
E09000013,Library,2024-01-01/P1M,20892,,,
E09000013,Library,2024-02-01/P1M,18734,,,
E09000013,Library,2024-03-01/P1M,19720,,,
E09000013,Shared building,2023-04-01/P1M,39623,,,
E09000013,Shared building,2023-05-01/P1M,43853,,,
E09000013,Shared building,2023-06-01/P1M,40038,,,
E09000013,Shared building,2023-07-01/P1M,40646,,,
E09000013,Shared building,2023-08-01/P1M,39942,,,
E09000013,Shared building,2023-09-01/P1M,44099,,,
E09000013,Shared building,2023-10-01/P1M,44838,,,
E09000013,Shared building,2023-11-01/P1M,39300,,,
E09000013,Shared building,2023-12-01/P1M,27046,,,
E09000013,Shared building,2024-01-01/P1M,40233,,,
E09000013,Shared building,2024-02-01/P1M,47204,,,
E09000013,Shared building,2024-03-01/P1M,44444,,,
E09000013,Home delivery,2023-04-01/P1M,69,,,
E09000013,Home delivery,2023-05-01/P1M,88,,,
E09000013,Home delivery,2023-06-01/P1M,76,,,
E09000013,Home delivery,2023-07-01/P1M,78,,,
E09000013,Home delivery,2023-08-01/P1M,77,,,
E09000013,Home delivery,2023-09-01/P1M,72,,,
E09000013,Home delivery,2023-10-01/P1M,89,,,
E09000013,Home delivery,2023-11-01/P1M,86,,,
E09000013,Home delivery,2023-12-01/P1M,58,,,
E09000013,Home delivery,2024-01-01/P1M,87,,,
E09000013,Home delivery,2024-02-01/P1M,88,,,
E09000013,Home delivery,2024-03-01/P1M,79,,,
E10000014,Library,2023-04-01/P1M,183941,,,
E10000014,Library,2023-05-01/P1M,178003,,,
E10000014,Library,2023-06-01/P1M,188467,,,
E10000014,Library,2023-07-01/P1M,225178,,,
E10000014,Library,2023-08-01/P1M,236078,,,
E10000014,Library,2023-09-01/P1M,203240,,,
E10000014,Library,2023-10-01/P1M,214507,,,
E10000014,Library,2023-11-01/P1M,202924,,,
E10000014,Library,2023-12-01/P1M,177275,,,
E10000014,Library,2024-01-01/P1M,202366,,,
E10000014,Library,2024-02-01/P1M,206178,,,
E10000014,Library,2024-03-01/P1M,204224,,,
E10000014,Shared building,2023-04-01/P1M,74461,,,
E10000014,Shared building,2023-05-01/P1M,70695,,,
E10000014,Shared building,2023-06-01/P1M,69716,,,
E10000014,Shared building,2023-07-01/P1M,83633,,,
E10000014,Shared building,2023-08-01/P1M,86700,,,
E10000014,Shared building,2023-09-01/P1M,77191,,,
E10000014,Shared building,2023-10-01/P1M,79918,,,
E10000014,Shared building,2023-11-01/P1M,79087,,,
E10000014,Shared building,2023-12-01/P1M,74035,,,
E10000014,Shared building,2024-01-01/P1M,77256,,,
E10000014,Shared building,2024-02-01/P1M,86471,,,
E10000014,Shared building,2024-03-01/P1M,81100,,,
E10000014,Home delivery,2023-04-01/P1Y,461,,,
E09000014,Library,2023-04-01/P1M,31300,,,
E09000014,Library,2023-05-01/P1M,31275,,,
E09000014,Library,2023-06-01/P1M,28615,,,
E09000014,Library,2023-07-01/P1M,24990,,,
E09000014,Library,2023-08-01/P1M,20133,,,
E09000014,Library,2023-09-01/P1M,22058,,,
E09000014,Library,2023-10-01/P1M,25256,,,
E09000014,Library,2023-11-01/P1M,21330,,,
E09000014,Library,2023-12-01/P1M,27367,,,
E09000014,Library,2024-01-01/P1M,27749,,,
E09000014,Library,2024-02-01/P1M,34227,,,
E09000014,Library,2024-03-01/P1M,33669,,,
E09000014,Shared building,2023-04-01/P1M,31803,,,
E09000014,Shared building,2023-05-01/P1M,42315,,,
E09000014,Shared building,2023-06-01/P1M,41882,,,
E09000014,Shared building,2023-07-01/P1M,38527,,,
E09000014,Shared building,2023-08-01/P1M,35679,,,
E09000014,Shared building,2023-09-01/P1M,42554,,,
E09000014,Shared building,2023-10-01/P1M,45247,,,
E09000014,Shared building,2023-11-01/P1M,43058,,,
E09000014,Shared building,2023-12-01/P1M,34352,,,
E09000014,Shared building,2024-01-01/P1M,46006,,,
E09000014,Shared building,2024-02-01/P1M,45007,,,
E09000014,Shared building,2024-03-01/P1M,45338,,,
E09000014,Home delivery,2023-04-01/P1M,4527,,,
E09000014,Home delivery,2023-05-01/P1M,2579,,,
E09000014,Home delivery,2023-06-01/P1M,3583,,,
E09000014,Home delivery,2023-07-01/P1M,2480,,,
E09000014,Home delivery,2023-08-01/P1M,3499,,,
E09000014,Home delivery,2023-09-01/P1M,7157,,,
E09000014,Home delivery,2023-10-01/P1M,4987,,,
E09000014,Home delivery,2023-11-01/P1M,7873,,,
E09000014,Home delivery,2023-12-01/P1M,2573,,,
E09000014,Home delivery,2024-01-01/P1M,5484,,,
E09000014,Home delivery,2024-02-01/P1M,6612,,,
E09000014,Home delivery,2024-03-01/P1M,6943,,,
E09000015,Library,2023-04-01/P1M,39837,,,
E09000015,Library,2023-05-01/P1M,40731,,,
E09000015,Library,2023-06-01/P1M,36528,,,
E09000015,Library,2023-07-01/P1M,40632,,,
E09000015,Library,2023-08-01/P1M,42200,,,
E09000015,Library,2023-09-01/P1M,37389,,,
E09000015,Library,2023-10-01/P1M,37369,,,
E09000015,Library,2023-11-01/P1M,35907,,,
E09000015,Library,2023-12-01/P1M,30288,,,
E09000015,Library,2024-01-01/P1M,38696,,,
E09000015,Library,2024-02-01/P1M,38680,,,
E09000015,Library,2024-03-01/P1M,38959,,,
E09000015,Home delivery,2023-04-01/P1M,332,,,
E09000015,Home delivery,2023-05-01/P1M,312,,,
E09000015,Home delivery,2023-06-01/P1M,324,,,
E09000015,Home delivery,2023-07-01/P1M,323,,,
E09000015,Home delivery,2023-08-01/P1M,320,,,
E09000015,Home delivery,2023-09-01/P1M,314,,,
E09000015,Home delivery,2023-10-01/P1M,322,,,
E09000015,Home delivery,2023-11-01/P1M,331,,,
E09000015,Home delivery,2023-12-01/P1M,326,,,
E09000015,Home delivery,2024-01-01/P1M,325,,,
E09000015,Home delivery,2024-02-01/P1M,330,,,
E09000015,Home delivery,2024-03-01/P1M,326,,,
E06000001,Library,2023-04-01/P1M,1352,,,
E06000001,Library,2023-05-01/P1M,1343,,,
E06000001,Library,2023-06-01/P1M,1438,,,
E06000001,Library,2023-07-01/P1M,1536,,,
E06000001,Library,2023-08-01/P1M,1479,,,
E06000001,Library,2023-09-01/P1M,1501,,,
E06000001,Library,2023-10-01/P1M,1060,,,
E06000001,Library,2023-11-01/P1M,1876,,,
E06000001,Library,2023-12-01/P1M,1067,,,
E06000001,Library,2024-01-01/P1M,1754,,,
E06000001,Library,2024-02-01/P1M,1764,,,
E06000001,Library,2024-03-01/P1M,2751,,,
E06000001,Shared building,2023-04-01/P1M,1885,,,
E06000001,Shared building,2023-05-01/P1M,1963,,,
E06000001,Shared building,2023-06-01/P1M,2559,,,
E06000001,Shared building,2023-07-01/P1M,2671,,,
E06000001,Shared building,2023-08-01/P1M,2305,,,
E06000001,Shared building,2023-09-01/P1M,9522,,,
E06000001,Shared building,2023-10-01/P1M,23116,,,
E06000001,Shared building,2023-11-01/P1M,23995,,,
E06000001,Shared building,2023-12-01/P1M,16269,,,
E06000001,Shared building,2024-01-01/P1M,20713,,,
E06000001,Shared building,2024-02-01/P1M,211261,21126,replaced,February physical visits entered as 211261 (10x typo for 21126; other months range 20k-23k)
E06000001,Shared building,2024-03-01/P1M,20409,,,
E06000001,Home delivery,2023-04-01/P1M,365,,,
E06000001,Home delivery,2023-05-01/P1M,367,,,
E06000001,Home delivery,2023-06-01/P1M,368,,,
E06000001,Home delivery,2023-07-01/P1M,363,,,
E06000001,Home delivery,2023-08-01/P1M,358,,,
E06000001,Home delivery,2023-09-01/P1M,354,,,
E06000001,Home delivery,2023-10-01/P1M,349,,,
E06000001,Home delivery,2023-11-01/P1M,344,,,
E06000001,Home delivery,2023-12-01/P1M,343,,,
E06000001,Home delivery,2024-01-01/P1M,338,,,
E06000001,Home delivery,2024-02-01/P1M,339,,,
E06000001,Home delivery,2024-03-01/P1M,340,,,
E06000019,Library,2023-04-01/P1M,21780,,,
E06000019,Library,2023-05-01/P1M,21746,,,
E06000019,Library,2023-06-01/P1M,23478,,,
E06000019,Library,2023-07-01/P1M,21368,,,
E06000019,Library,2023-08-01/P1M,21085,,,
E06000019,Library,2023-09-01/P1M,19431,,,
E06000019,Library,2023-10-01/P1M,20052,,,
E06000019,Library,2023-11-01/P1M,18448,,,
E06000019,Library,2023-12-01/P1M,14588,,,
E06000019,Library,2024-01-01/P1M,18839,,,
E06000019,Library,2024-02-01/P1M,18548,,,
E06000019,Library,2024-03-01/P1M,18848,,,
E06000019,Shared building,2023-04-01/P1M,1116,,,
E06000019,Shared building,2023-05-01/P1M,1176,,,
E06000019,Shared building,2023-06-01/P1M,1196,,,
E06000019,Shared building,2023-07-01/P1M,1173,,,
E06000019,Shared building,2023-08-01/P1M,1177,,,
E06000019,Shared building,2023-09-01/P1M,1424,,,
E06000019,Shared building,2023-10-01/P1M,1492,,,
E06000019,Shared building,2023-11-01/P1M,1500,,,
E06000019,Shared building,2023-12-01/P1M,1169,,,
E06000019,Shared building,2024-01-01/P1M,1619,,,
E06000019,Shared building,2024-02-01/P1M,1571,,,
E06000019,Shared building,2024-03-01/P1M,1592,,,
E06000019,Home delivery,2023-04-01/P1M,65,,,
E06000019,Home delivery,2023-05-01/P1M,65,,,
E06000019,Home delivery,2023-06-01/P1M,65,,,
E06000019,Home delivery,2023-07-01/P1M,65,,,
E06000019,Home delivery,2023-08-01/P1M,65,,,
E06000019,Home delivery,2023-09-01/P1M,65,,,
E06000019,Home delivery,2023-10-01/P1M,65,,,
E06000019,Home delivery,2023-11-01/P1M,65,,,
E06000019,Home delivery,2023-12-01/P1M,50,,,
E06000019,Home delivery,2024-01-01/P1M,65,,,
E06000019,Home delivery,2024-02-01/P1M,65,,,
E06000019,Home delivery,2024-03-01/P1M,65,,,
E10000015,Library,2023-04-01/P1M,211830,,,
E10000015,Library,2023-05-01/P1M,210968,,,
E10000015,Library,2023-06-01/P1M,207242,,,
E10000015,Library,2023-07-01/P1M,253454,,,
E10000015,Library,2023-08-01/P1M,265740,,,
E10000015,Library,2023-09-01/P1M,231824,,,
E10000015,Library,2023-10-01/P1M,234954,,,
E10000015,Library,2023-11-01/P1M,223461,,,
E10000015,Library,2023-12-01/P1M,188681,,,
E10000015,Library,2024-01-01/P1M,225557,,,
E10000015,Library,2024-02-01/P1M,224730,,,
E10000015,Library,2024-03-01/P1M,228580,,,
E10000015,Home delivery,2023-04-01/P1M,125,,,
E10000015,Home delivery,2023-05-01/P1M,122,,,
E10000015,Home delivery,2023-06-01/P1M,123,,,
E10000015,Home delivery,2023-07-01/P1M,125,,,
E10000015,Home delivery,2023-08-01/P1M,131,,,
E10000015,Home delivery,2023-09-01/P1M,120,,,
E10000015,Home delivery,2023-10-01/P1M,135,,,
E10000015,Home delivery,2023-11-01/P1M,132,,,
E10000015,Home delivery,2023-12-01/P1M,131,,,
E10000015,Home delivery,2024-01-01/P1M,137,,,
E10000015,Home delivery,2024-02-01/P1M,141,,,
E10000015,Home delivery,2024-03-01/P1M,135,,,
E06000010,Library,2023-04-01/P1M,33306,,,
E06000010,Library,2023-05-01/P1M,31238,,,
E06000010,Library,2023-06-01/P1M,34573,,,
E06000010,Library,2023-07-01/P1M,42895,,,
E06000010,Library,2023-08-01/P1M,44162,,,
E06000010,Library,2023-09-01/P1M,42472,,,
E06000010,Library,2023-10-01/P1M,33601,,,
E06000010,Library,2023-11-01/P1M,34145,,,
E06000010,Library,2023-12-01/P1M,29456,,,
E06000010,Library,2024-01-01/P1M,35473,,,
E06000010,Library,2024-02-01/P1M,35277,,,
E06000010,Library,2024-03-01/P1M,38581,,,
E06000010,Shared building,2023-04-01/P1M,5460,,,
E06000010,Shared building,2023-05-01/P1M,6236,,,
E06000010,Shared building,2023-06-01/P1M,6244,,,
E06000010,Shared building,2023-07-01/P1M,6870,,,
E06000010,Shared building,2023-08-01/P1M,7124,,,
E06000010,Shared building,2023-09-01/P1M,6767,,,
E06000010,Shared building,2023-10-01/P1M,5836,,,
E06000010,Shared building,2023-11-01/P1M,6404,,,
E06000010,Shared building,2023-12-01/P1M,4615,,,
E06000010,Shared building,2024-01-01/P1M,6120,,,
E06000010,Shared building,2024-02-01/P1M,6715,,,
E06000010,Shared building,2024-03-01/P1M,7409,,,
E06000010,Home delivery,2023-04-01/P1M,107,,,
E06000010,Home delivery,2023-05-01/P1M,121,,,
E06000010,Home delivery,2023-06-01/P1M,101,,,
E06000010,Home delivery,2023-07-01/P1M,107,,,
E06000010,Home delivery,2023-08-01/P1M,142,,,
E06000010,Home delivery,2023-09-01/P1M,102,,,
E06000010,Home delivery,2023-10-01/P1M,138,,,
E06000010,Home delivery,2023-11-01/P1M,115,,,
E06000010,Home delivery,2023-12-01/P1M,90,,,
E06000010,Home delivery,2024-01-01/P1M,103,,,
E06000010,Home delivery,2024-02-01/P1M,127,,,
E06000010,Home delivery,2024-03-01/P1M,102,,,
E06000046,Library,2023-04-01/P1M,15293,,,
E06000046,Library,2023-05-01/P1M,15692,,,
E06000046,Library,2023-06-01/P1M,15967,,,
E06000046,Library,2023-07-01/P1M,17053,,,
E06000046,Library,2023-08-01/P1M,20154,,,
E06000046,Library,2023-09-01/P1M,19302,,,
E06000046,Library,2023-10-01/P1M,19540,,,
E06000046,Library,2023-11-01/P1M,19562,,,
E06000046,Library,2023-12-01/P1M,14595,,,
E06000046,Library,2024-01-01/P1M,19412,,,
E06000046,Library,2024-02-01/P1M,19834,,,
E06000046,Library,2024-03-01/P1M,20838,,,
E06000046,Shared building,2023-04-01/P1M,13604,,,
E06000046,Shared building,2023-05-01/P1M,14288,,,
E06000046,Shared building,2023-06-01/P1M,15152,,,
E06000046,Shared building,2023-07-01/P1M,16083,,,
E06000046,Shared building,2023-08-01/P1M,18097,,,
E06000046,Shared building,2023-09-01/P1M,16443,,,
E06000046,Shared building,2023-10-01/P1M,16217,,,
E06000046,Shared building,2023-11-01/P1M,15582,,,
E06000046,Shared building,2023-12-01/P1M,13158,,,
E06000046,Shared building,2024-01-01/P1M,14733,,,
E06000046,Shared building,2024-02-01/P1M,15023,,,
E06000046,Shared building,2024-03-01/P1M,15372,,,
E06000046,Home delivery,2023-04-01/P1M,62,,,
E06000046,Home delivery,2023-05-01/P1M,101,,,
E06000046,Home delivery,2023-06-01/P1M,102,,,
E06000046,Home delivery,2023-07-01/P1M,111,,,
E06000046,Home delivery,2023-08-01/P1M,124,,,
E06000046,Home delivery,2023-09-01/P1M,73,,,
E06000046,Home delivery,2023-10-01/P1M,103,,,
E06000046,Home delivery,2023-11-01/P1M,88,,,
E06000046,Home delivery,2023-12-01/P1M,120,,,
E06000046,Home delivery,2024-01-01/P1M,115,,,
E06000046,Home delivery,2024-02-01/P1M,7,,,
E06000046,Home delivery,2024-03-01/P1M,90,,,
E09000019,Library,2023-04-01/P1M,61170,,,
E09000019,Library,2023-05-01/P1M,70296,,,
E09000019,Library,2023-06-01/P1M,70928,,,
E09000019,Library,2023-07-01/P1M,72525,,,
E09000019,Library,2023-08-01/P1M,65142,,,
E09000019,Library,2023-09-01/P1M,72378,,,
E09000019,Library,2023-10-01/P1M,73900,,,
E09000019,Library,2023-11-01/P1M,73158,,,
E09000019,Library,2023-12-01/P1M,60704,,,
E09000019,Library,2024-01-01/P1M,72478,,,
E09000019,Library,2024-02-01/P1M,70081,,,
E09000019,Library,2024-03-01/P1M,72389,,,
E09000019,Home delivery,2023-04-01/P1Y,1800,,,
E09000020,Library,2023-04-01/P1M,49286,,,
E09000020,Library,2023-05-01/P1M,52229,,,
E09000020,Library,2023-06-01/P1M,51482,,,
E09000020,Library,2023-07-01/P1M,44151,,,
E09000020,Library,2023-08-01/P1M,40699,,,
E09000020,Library,2023-09-01/P1M,46762,,,
E09000020,Library,2023-10-01/P1M,50583,,,
E09000020,Library,2023-11-01/P1M,50002,,,
E09000020,Library,2023-12-01/P1M,55570,,,
E09000020,Library,2024-01-01/P1M,52529,,,
E09000020,Library,2024-02-01/P1M,50200,,,
E09000020,Library,2024-03-01/P1M,51336,,,
E10000016,Library,2023-04-01/P1M,171678,,,
E10000016,Library,2023-05-01/P1M,171150,,,
E10000016,Library,2023-06-01/P1M,186697,,,
E10000016,Library,2023-07-01/P1M,211377,,,
E10000016,Library,2023-08-01/P1M,210949,,,
E10000016,Library,2023-09-01/P1M,188704,,,
E10000016,Library,2023-10-01/P1M,192482,,,
E10000016,Library,2023-11-01/P1M,182306,,,
E10000016,Library,2023-12-01/P1M,146873,,,
E10000016,Library,2024-01-01/P1M,186824,,,
E10000016,Library,2024-02-01/P1M,187728,,,
E10000016,Library,2024-03-01/P1M,185676,,,
E10000016,Shared building,2023-04-01/P1M,63912,,,
E10000016,Shared building,2023-05-01/P1M,65813,,,
E10000016,Shared building,2023-06-01/P1M,69817,,,
E10000016,Shared building,2023-07-01/P1M,72915,,,
E10000016,Shared building,2023-08-01/P1M,76361,,,
E10000016,Shared building,2023-09-01/P1M,68739,,,
E10000016,Shared building,2023-10-01/P1M,71675,,,
E10000016,Shared building,2023-11-01/P1M,70812,,,
E10000016,Shared building,2023-12-01/P1M,68567,,,
E10000016,Shared building,2024-01-01/P1M,75233,,,
E10000016,Shared building,2024-02-01/P1M,70440,,,
E10000016,Shared building,2024-03-01/P1M,73196,,,
E10000016,Mobile library,2023-04-01/P1M,2144,,,
E10000016,Mobile library,2023-05-01/P1M,2871,,,
E10000016,Mobile library,2023-06-01/P1M,2448,,,
E10000016,Mobile library,2023-07-01/P1M,2530,,,
E10000016,Mobile library,2023-08-01/P1M,2748,,,
E10000016,Mobile library,2023-09-01/P1M,2674,,,
E10000016,Mobile library,2023-10-01/P1M,2628,,,
E10000016,Mobile library,2023-11-01/P1M,2948,,,
E10000016,Mobile library,2023-12-01/P1M,1895,,,
E10000016,Mobile library,2024-01-01/P1M,2470,,,
E10000016,Mobile library,2024-02-01/P1M,2641,,,
E10000016,Mobile library,2024-03-01/P1M,2547,,,
E09000021,Library,2023-04-01/P1M,2097,,,
E09000021,Library,2023-05-01/P1M,2395,,,
E09000021,Library,2023-06-01/P1M,2294,,,
E09000021,Library,2023-07-01/P1M,2607,,,
E09000021,Library,2023-08-01/P1M,2945,,,
E09000021,Library,2023-09-01/P1M,2374,,,
E09000021,Library,2023-10-01/P1M,2198,,,
E09000021,Library,2023-11-01/P1M,2894,,,
E09000021,Library,2023-12-01/P1M,1985,,,
E09000021,Library,2024-01-01/P1M,2039,,,
E09000021,Library,2024-02-01/P1M,1965,,,
E09000021,Library,2024-03-01/P1M,1467,,,
E09000021,Shared building,2023-04-01/P1M,23560,,,
E09000021,Shared building,2023-05-01/P1M,23773,,,
E09000021,Shared building,2023-06-01/P1M,24316,,,
E09000021,Shared building,2023-07-01/P1M,27523,,,
E09000021,Shared building,2023-08-01/P1M,26973,,,
E09000021,Shared building,2023-09-01/P1M,24965,,,
E09000021,Shared building,2023-10-01/P1M,26701,,,
E09000021,Shared building,2023-11-01/P1M,24153,,,
E09000021,Shared building,2023-12-01/P1M,19292,,,
E09000021,Shared building,2024-01-01/P1M,25394,,,
E09000021,Shared building,2024-02-01/P1M,25999,,,
E09000021,Shared building,2024-03-01/P1M,26195,,,
E09000021,Home delivery,2023-04-01/P1M,264,,,
E09000021,Home delivery,2023-05-01/P1M,265,,,
E09000021,Home delivery,2023-06-01/P1M,269,,,
E09000021,Home delivery,2023-07-01/P1M,272,,,
E09000021,Home delivery,2023-08-01/P1M,267,,,
E09000021,Home delivery,2023-09-01/P1M,269,,,
E09000021,Home delivery,2023-10-01/P1M,271,,,
E09000021,Home delivery,2023-11-01/P1M,275,,,
E09000021,Home delivery,2023-12-01/P1M,276,,,
E09000021,Home delivery,2024-01-01/P1M,282,,,
E09000021,Home delivery,2024-02-01/P1M,268,,,
E09000021,Home delivery,2024-03-01/P1M,262,,,
E08000034,Library,2023-04-01/P1M,33002,,,
E08000034,Library,2023-05-01/P1M,37308,,,
E08000034,Library,2023-06-01/P1M,37632,,,
E08000034,Library,2023-07-01/P1M,43927,,,
E08000034,Library,2023-08-01/P1M,44560,,,
E08000034,Library,2023-09-01/P1M,42562,,,
E08000034,Library,2023-10-01/P1M,44398,,,
E08000034,Library,2023-11-01/P1M,41485,,,
E08000034,Library,2023-12-01/P1M,33807,,,
E08000034,Library,2024-01-01/P1M,40537,,,
E08000034,Library,2024-02-01/P1M,41767,,,
E08000034,Library,2024-03-01/P1M,42988,,,
E08000034,Shared building,2023-04-01/P1M,27458,,,
E08000034,Shared building,2023-05-01/P1M,27398,,,
E08000034,Shared building,2023-06-01/P1M,27749,,,
E08000034,Shared building,2023-07-01/P1M,31460,,,
E08000034,Shared building,2023-08-01/P1M,32574,,,
E08000034,Shared building,2023-09-01/P1M,29912,,,
E08000034,Shared building,2023-10-01/P1M,29315,,,
E08000034,Shared building,2023-11-01/P1M,29666,,,
E08000034,Shared building,2023-12-01/P1M,23553,,,
E08000034,Shared building,2024-01-01/P1M,30635,,,
E08000034,Shared building,2024-02-01/P1M,30780,,,
E08000034,Shared building,2024-03-01/P1M,31095,,,
E08000034,Home delivery,2023-04-01/P1M,631,,,
E08000034,Home delivery,2023-05-01/P1M,638,,,
E08000034,Home delivery,2023-06-01/P1M,631,,,
E08000034,Home delivery,2023-07-01/P1M,615,,,
E08000034,Home delivery,2023-08-01/P1M,634,,,
E08000034,Home delivery,2023-09-01/P1M,638,,,
E08000034,Home delivery,2023-10-01/P1M,634,,,
E08000034,Home delivery,2023-11-01/P1M,627,,,
E08000034,Home delivery,2023-12-01/P1M,626,,,
E08000034,Home delivery,2024-01-01/P1M,630,,,
E08000034,Home delivery,2024-02-01/P1M,612,,,
E08000034,Home delivery,2024-03-01/P1M,652,,,
E08000011,Shared building,2023-04-01/P1M,11553,,,
E08000011,Shared building,2023-05-01/P1M,12093,,,
E08000011,Shared building,2023-06-01/P1M,12666,,,
E08000011,Shared building,2023-07-01/P1M,16106,,,
E08000011,Shared building,2023-08-01/P1M,18026,,,
E08000011,Shared building,2023-09-01/P1M,15354,,,
E08000011,Shared building,2023-10-01/P1M,16393,,,
E08000011,Shared building,2023-11-01/P1M,16603,,,
E08000011,Shared building,2023-12-01/P1M,12274,,,
E08000011,Shared building,2024-01-01/P1M,17426,,,
E08000011,Shared building,2024-02-01/P1M,19173,,,
E08000011,Shared building,2024-03-01/P1M,18537,,,
E08000011,Home delivery,2023-04-01/P1M,145,,,
E08000011,Home delivery,2023-05-01/P1M,146,,,
E08000011,Home delivery,2023-06-01/P1M,140,,,
E08000011,Home delivery,2023-07-01/P1M,142,,,
E08000011,Home delivery,2023-08-01/P1M,148,,,
E08000011,Home delivery,2023-09-01/P1M,141,,,
E08000011,Home delivery,2023-10-01/P1M,135,,,
E08000011,Home delivery,2023-11-01/P1M,140,,,
E08000011,Home delivery,2023-12-01/P1M,122,,,
E08000011,Home delivery,2024-01-01/P1M,149,,,
E08000011,Home delivery,2024-02-01/P1M,121,,,
E08000011,Home delivery,2024-03-01/P1M,127,,,
E10000017,Library,2023-04-01/P1M,167582,,,
E10000017,Library,2023-05-01/P1M,163844,,,
E10000017,Library,2023-06-01/P1M,167921,,,
E10000017,Library,2023-07-01/P1M,186866,,,
E10000017,Library,2023-08-01/P1M,191557,,,
E10000017,Library,2023-09-01/P1M,178985,,,
E10000017,Library,2023-10-01/P1M,197018,,,
E10000017,Library,2023-11-01/P1M,195239,,,
E10000017,Library,2023-12-01/P1M,155320,,,
E10000017,Library,2024-01-01/P1M,184896,,,
E10000017,Library,2024-02-01/P1M,192222,,,
E10000017,Library,2024-03-01/P1M,195253,,,
E10000017,Shared building,2023-04-01/P1M,32818,,,
E10000017,Shared building,2023-05-01/P1M,33539,,,
E10000017,Shared building,2023-06-01/P1M,34537,,,
E10000017,Shared building,2023-07-01/P1M,38249,,,
E10000017,Shared building,2023-08-01/P1M,38031,,,
E10000017,Shared building,2023-09-01/P1M,34755,,,
E10000017,Shared building,2023-10-01/P1M,36217,,,
E10000017,Shared building,2023-11-01/P1M,36605,,,
E10000017,Shared building,2023-12-01/P1M,28375,,,
E10000017,Shared building,2024-01-01/P1M,31991,,,
E10000017,Shared building,2024-02-01/P1M,35713,,,
E10000017,Shared building,2024-03-01/P1M,36881,,,
E10000017,Mobile library,2023-04-01/P1M,1802,,,
E10000017,Mobile library,2023-05-01/P1M,1711,,,
E10000017,Mobile library,2023-06-01/P1M,2001,,,
E10000017,Mobile library,2023-07-01/P1M,1842,,,
E10000017,Mobile library,2023-08-01/P1M,1566,,,
E10000017,Mobile library,2023-09-01/P1M,1840,,,
E10000017,Mobile library,2023-10-01/P1M,1973,,,
E10000017,Mobile library,2023-11-01/P1M,1643,,,
E10000017,Mobile library,2023-12-01/P1M,1337,,,
E10000017,Mobile library,2024-01-01/P1M,1861,,,
E10000017,Mobile library,2024-02-01/P1M,2056,,,
E10000017,Mobile library,2024-03-01/P1M,1911,,,
E10000017,Home delivery,2023-04-01/P1M,517,,,
E10000017,Home delivery,2023-05-01/P1M,521,,,
E10000017,Home delivery,2023-06-01/P1M,530,,,
E10000017,Home delivery,2023-07-01/P1M,522,,,
E10000017,Home delivery,2023-08-01/P1M,550,,,
E10000017,Home delivery,2023-09-01/P1M,553,,,
E10000017,Home delivery,2023-10-01/P1M,566,,,
E10000017,Home delivery,2023-11-01/P1M,570,,,
E10000017,Home delivery,2023-12-01/P1M,541,,,
E10000017,Home delivery,2024-01-01/P1M,565,,,
E10000017,Home delivery,2024-02-01/P1M,573,,,
E10000017,Home delivery,2024-03-01/P1M,598,,,
E06000016,Library,2023-04-01/P1M,46284,,,
E06000016,Library,2023-05-01/P1M,49884,,,
E06000016,Library,2023-06-01/P1M,50222,,,
E06000016,Library,2023-07-01/P1M,53711,,,
E06000016,Library,2023-08-01/P1M,56159,,,
E06000016,Library,2023-09-01/P1M,52089,,,
E06000016,Library,2023-10-01/P1M,54359,,,
E06000016,Library,2023-11-01/P1M,55072,,,
E06000016,Library,2023-12-01/P1M,42675,,,
E06000016,Library,2024-01-01/P1M,57845,,,
E06000016,Library,2024-02-01/P1M,55554,,,
E06000016,Library,2024-03-01/P1M,51253,,,
E06000016,Shared building,2023-04-01/P1M,37453,,,
E06000016,Shared building,2023-05-01/P1M,43724,,,
E06000016,Shared building,2023-06-01/P1M,45076,,,
E06000016,Shared building,2023-07-01/P1M,44203,,,
E06000016,Shared building,2023-08-01/P1M,42168,,,
E06000016,Shared building,2023-09-01/P1M,45702,,,
E06000016,Shared building,2023-10-01/P1M,41394,,,
E06000016,Shared building,2023-11-01/P1M,41469,,,
E06000016,Shared building,2023-12-01/P1M,32469,,,
E06000016,Shared building,2024-01-01/P1M,41632,,,
E06000016,Shared building,2024-02-01/P1M,41904,,,
E06000016,Shared building,2024-03-01/P1M,41904,,,
E06000016,Mobile library,2023-04-01/P1M,498,,,
E06000016,Mobile library,2023-05-01/P1M,642,,,
E06000016,Mobile library,2023-06-01/P1M,573,,,
E06000016,Mobile library,2023-07-01/P1M,653,,,
E06000016,Mobile library,2023-08-01/P1M,662,,,
E06000016,Mobile library,2023-09-01/P1M,943,,,
E06000016,Mobile library,2023-10-01/P1M,516,,,
E06000016,Mobile library,2023-12-01/P1M,198,,,
E06000016,Mobile library,2024-03-01/P1M,209,,,
E06000016,Home delivery,2023-04-01/P1M,400,,,
E06000016,Home delivery,2023-05-01/P1M,695,,,
E06000016,Home delivery,2023-06-01/P1M,385,,,
E06000016,Home delivery,2023-07-01/P1M,512,,,
E06000016,Home delivery,2023-08-01/P1M,362,,,
E06000016,Home delivery,2023-09-01/P1M,504,,,
E06000016,Home delivery,2023-10-01/P1M,757,,,
E06000016,Home delivery,2023-11-01/P1M,331,,,
E06000016,Home delivery,2023-12-01/P1M,176,,,
E06000016,Home delivery,2024-01-01/P1M,569,,,
E06000016,Home delivery,2024-02-01/P1M,286,,,
E06000016,Home delivery,2024-03-01/P1M,418,,,
E10000018,Library,2023-04-01/P1M,44488,,,
E10000018,Library,2023-05-01/P1M,43313,,,
E10000018,Library,2023-06-01/P1M,54753,,,
E10000018,Library,2023-07-01/P1M,53050,,,
E10000018,Library,2023-08-01/P1M,66381,,,
E10000018,Library,2023-09-01/P1M,47277,,,
E10000018,Library,2023-10-01/P1M,48604,,,
E10000018,Library,2023-11-01/P1M,58303,,,
E10000018,Library,2023-12-01/P1M,41219,,,
E10000018,Library,2024-01-01/P1M,46259,,,
E10000018,Library,2024-02-01/P1M,51872,,,
E10000018,Library,2024-03-01/P1M,59541,,,
E09000023,Library,2023-04-01/P1M,99009,,,
E09000023,Library,2023-05-01/P1M,105646,,,
E09000023,Library,2023-06-01/P1M,110841,,,
E09000023,Library,2023-07-01/P1M,107328,,,
E09000023,Library,2023-08-01/P1M,99569,,,
E09000023,Library,2023-09-01/P1M,100156,,,
E09000023,Library,2023-10-01/P1M,112898,,,
E09000023,Library,2023-11-01/P1M,104598,,,
E09000023,Library,2023-12-01/P1M,77106,,,
E09000023,Library,2024-01-01/P1M,92778,,,
E09000023,Library,2024-02-01/P1M,104206,,,
E09000023,Library,2024-03-01/P1M,101678,,,
E10000019,Library,2023-04-01/P1M,71919,,,
E10000019,Library,2023-05-01/P1M,71337,,,
E10000019,Library,2023-06-01/P1M,75665,,,
E10000019,Library,2023-07-01/P1M,83456,,,
E10000019,Library,2023-08-01/P1M,89418,,,
E10000019,Library,2023-09-01/P1M,82856,,,
E10000019,Library,2023-10-01/P1M,84402,,,
E10000019,Library,2023-11-01/P1M,84181,,,
E10000019,Library,2023-12-01/P1M,67283,,,
E10000019,Library,2024-01-01/P1M,82454,,,
E10000019,Library,2024-02-01/P1M,85599,,,
E10000019,Library,2024-03-01/P1M,87060,,,
E10000019,Mobile library,2023-04-01/P1M,4950,,,
E10000019,Mobile library,2023-05-01/P1M,5102,,,
E10000019,Mobile library,2023-06-01/P1M,5841,,,
E10000019,Mobile library,2023-07-01/P1M,5452,,,
E10000019,Mobile library,2023-08-01/P1M,4644,,,
E10000019,Mobile library,2023-09-01/P1M,5366,,,
E10000019,Mobile library,2023-10-01/P1M,6180,,,
E10000019,Mobile library,2023-11-01/P1M,5075,,,
E10000019,Mobile library,2023-12-01/P1M,3623,,,
E10000019,Mobile library,2024-01-01/P1M,4453,,,
E10000019,Mobile library,2024-02-01/P1M,5015,,,
E10000019,Mobile library,2024-03-01/P1M,5099,,,
E10000019,Home delivery,2023-04-01/P1M,474,,,
E10000019,Home delivery,2023-05-01/P1M,464,,,
E10000019,Home delivery,2023-06-01/P1M,517,,,
E10000019,Home delivery,2023-07-01/P1M,518,,,
E10000019,Home delivery,2023-08-01/P1M,539,,,
E10000019,Home delivery,2023-09-01/P1M,508,,,
E10000019,Home delivery,2023-10-01/P1M,618,,,
E10000019,Home delivery,2023-11-01/P1M,670,,,
E10000019,Home delivery,2023-12-01/P1M,454,,,
E10000019,Home delivery,2024-01-01/P1M,627,,,
E10000019,Home delivery,2024-02-01/P1M,571,,,
E10000019,Home delivery,2024-03-01/P1M,584,,,
E09000002,Library,2023-04-01/P1M,19610,,,
E09000002,Library,2023-05-01/P1M,33469,,,
E09000002,Library,2023-06-01/P1M,32479,,,
E09000002,Library,2023-07-01/P1M,31669,,,
E09000002,Library,2023-08-01/P1M,30488,,,
E09000002,Library,2023-09-01/P1M,29683,,,
E09000002,Library,2023-10-01/P1M,31087,,,
E09000002,Library,2023-11-01/P1M,27379,,,
E09000002,Library,2023-12-01/P1M,26628,,,
E09000002,Library,2024-01-01/P1M,33039,,,
E09000002,Library,2024-02-01/P1M,33963,,,
E09000002,Library,2024-03-01/P1M,40693,,,
E09000002,Shared building,2023-04-01/P1M,28816,,,
E09000002,Shared building,2023-05-01/P1M,35388,,,
E09000002,Shared building,2023-06-01/P1M,34518,,,
E09000002,Shared building,2023-07-01/P1M,31699,,,
E09000002,Shared building,2023-08-01/P1M,28185,,,
E09000002,Shared building,2023-09-01/P1M,34144,,,
E09000002,Shared building,2023-10-01/P1M,35017,,,
E09000002,Shared building,2023-11-01/P1M,36559,,,
E09000002,Shared building,2023-12-01/P1M,27856,,,
E09000002,Shared building,2024-01-01/P1M,33425,,,
E09000002,Shared building,2024-02-01/P1M,32994,,,
E09000002,Shared building,2024-03-01/P1M,34530,,,
E09000002,Home delivery,2023-04-01/P1M,1413,,,
E09000002,Home delivery,2023-05-01/P1M,2314,,,
E09000002,Home delivery,2023-06-01/P1M,1946,,,
E09000002,Home delivery,2023-07-01/P1M,1774,,,
E09000002,Home delivery,2023-08-01/P1M,1971,,,
E09000002,Home delivery,2023-09-01/P1M,1763,,,
E09000002,Home delivery,2023-10-01/P1M,2362,,,
E09000002,Home delivery,2023-11-01/P1M,1985,,,
E09000002,Home delivery,2023-12-01/P1M,1739,,,
E09000002,Home delivery,2024-01-01/P1M,2079,,,
E09000002,Home delivery,2024-02-01/P1M,1906,,,
E09000002,Home delivery,2024-03-01/P1M,1651,,,
E09000003,Library,2023-04-01/P1Y,178771,,,
E09000003,Shared building,2023-04-01/P1Y,644609,,,
E09000003,Mobile library,2023-04-01/P1Y,6348,,,
E09000003,Home delivery,2023-04-01/P1Y,4533,,,
E09000007,Library,2023-04-01/P1M,53174,,,
E09000007,Library,2023-05-01/P1M,59392,,,
E09000007,Library,2023-06-01/P1M,51823,,,
E09000007,Library,2023-07-01/P1M,56049,,,
E09000007,Library,2023-08-01/P1M,53053,,,
E09000007,Library,2023-09-01/P1M,55634,,,
E09000007,Library,2023-10-01/P1M,59883,,,
E09000007,Library,2023-11-01/P1M,63014,,,
E09000007,Library,2023-12-01/P1M,52385,,,
E09000007,Library,2024-01-01/P1M,63693,,,
E09000007,Library,2024-02-01/P1M,69214,,,
E09000007,Library,2024-03-01/P1M,62673,,,
E09000007,Home delivery,2023-04-01/P1M,281,,,
E09000007,Home delivery,2023-05-01/P1M,185,,,
E09000007,Home delivery,2023-06-01/P1M,296,,,
E09000007,Home delivery,2023-07-01/P1M,258,,,
E09000007,Home delivery,2023-08-01/P1M,277,,,
E09000007,Home delivery,2023-09-01/P1M,312,,,
E09000007,Home delivery,2023-10-01/P1M,210,,,
E09000007,Home delivery,2023-11-01/P1M,228,,,
E09000007,Home delivery,2023-12-01/P1M,196,,,
E09000007,Home delivery,2024-01-01/P1M,173,,,
E09000007,Home delivery,2024-02-01/P1M,337,,,
E09000007,Home delivery,2024-03-01/P1M,223,,,
E09000009,Library,2023-04-01/P1M,6344,,,
E09000009,Library,2023-05-01/P1M,7228,,,
E09000009,Library,2023-06-01/P1M,7317,,,
E09000009,Library,2023-07-01/P1M,6242,,,
E09000009,Library,2023-08-01/P1M,5349,,,
E09000009,Library,2023-09-01/P1M,7285,,,
E09000009,Library,2023-10-01/P1M,7899,,,
E09000009,Library,2023-11-01/P1M,7695,,,
E09000009,Library,2023-12-01/P1M,3380,,,
E09000009,Library,2024-01-01/P1M,8223,,,
E09000009,Library,2024-02-01/P1M,7575,,,
E09000009,Library,2024-03-01/P1M,7412,,,
E09000009,Shared building,2023-04-01/P1M,43378,,,
E09000009,Shared building,2023-05-01/P1M,43555,,,
E09000009,Shared building,2023-06-01/P1M,40722,,,
E09000009,Shared building,2023-07-01/P1M,40124,,,
E09000009,Shared building,2023-08-01/P1M,39717,,,
E09000009,Shared building,2023-09-01/P1M,40548,,,
E09000009,Shared building,2023-10-01/P1M,43059,,,
E09000009,Shared building,2023-11-01/P1M,38347,,,
E09000009,Shared building,2023-12-01/P1M,32224,,,
E09000009,Shared building,2024-01-01/P1M,47909,,,
E09000009,Shared building,2024-02-01/P1M,49395,,,
E09000009,Shared building,2024-03-01/P1M,48614,,,
E09000009,Home delivery,2023-04-01/P1M,535,,,
E09000009,Home delivery,2023-05-01/P1M,455,,,
E09000009,Home delivery,2023-06-01/P1M,606,,,
E09000009,Home delivery,2023-07-01/P1M,542,,,
E09000009,Home delivery,2023-08-01/P1M,547,,,
E09000009,Home delivery,2023-09-01/P1M,440,,,
E09000009,Home delivery,2023-10-01/P1M,850,,,
E09000009,Home delivery,2023-11-01/P1M,803,,,
E09000009,Home delivery,2023-12-01/P1M,241,,,
E09000009,Home delivery,2024-01-01/P1M,544,,,
E09000009,Home delivery,2024-02-01/P1M,790,,,
E09000009,Home delivery,2024-03-01/P1M,339,,,
E09000017,Library,2023-04-01/P1M,69428,,,
E09000017,Library,2023-05-01/P1M,74273,,,
E09000017,Library,2023-06-01/P1M,74225,,,
E09000017,Library,2023-07-01/P1M,75888,,,
E09000017,Library,2023-08-01/P1M,72284,,,
E09000017,Library,2023-09-01/P1M,73393,,,
E09000017,Library,2023-10-01/P1M,71595,,,
E09000017,Library,2023-11-01/P1M,68369,,,
E09000017,Library,2023-12-01/P1M,58365,,,
E09000017,Library,2024-01-01/P1M,69923,,,
E09000017,Library,2024-02-01/P1M,66330,,,
E09000017,Library,2024-03-01/P1M,66193,,,
E09000017,Shared building,2023-04-01/P1M,15130,,,
E09000017,Shared building,2023-05-01/P1M,15486,,,
E09000017,Shared building,2023-06-01/P1M,15599,,,
E09000017,Shared building,2023-07-01/P1M,15663,,,
E09000017,Shared building,2023-08-01/P1M,15835,,,
E09000017,Shared building,2023-09-01/P1M,16079,,,
E09000017,Shared building,2023-10-01/P1M,17934,,,
E09000017,Shared building,2023-11-01/P1M,16536,,,
E09000017,Shared building,2023-12-01/P1M,13913,,,
E09000017,Shared building,2024-01-01/P1M,17279,,,
E09000017,Shared building,2024-02-01/P1M,18661,,,
E09000017,Shared building,2024-03-01/P1M,18681,,,
E09000017,Mobile library,2023-04-01/P1M,1572,,,
E09000017,Mobile library,2023-05-01/P1M,2230,,,
E09000017,Mobile library,2023-06-01/P1M,2381,,,
E09000017,Mobile library,2023-07-01/P1M,1956,,,
E09000017,Mobile library,2023-08-01/P1M,1319,,,
E09000017,Mobile library,2023-09-01/P1M,1762,,,
E09000017,Mobile library,2023-10-01/P1M,1915,,,
E09000017,Mobile library,2023-11-01/P1M,2192,,,
E09000017,Mobile library,2023-12-01/P1M,2302,,,
E09000017,Mobile library,2024-01-01/P1M,2833,,,
E09000017,Mobile library,2024-02-01/P1M,2275,,,
E09000017,Mobile library,2024-03-01/P1M,2573,,,
E09000017,Home delivery,2023-04-01/P1M,1719,,,
E09000017,Home delivery,2023-05-01/P1M,1660,,,
E09000017,Home delivery,2023-06-01/P1M,1097,,,
E09000017,Home delivery,2023-07-01/P1M,2154,,,
E09000017,Home delivery,2023-08-01/P1M,1546,,,
E09000017,Home delivery,2023-09-01/P1M,1370,,,
E09000017,Home delivery,2023-10-01/P1M,1840,,,
E09000017,Home delivery,2023-11-01/P1M,1261,,,
E09000017,Home delivery,2023-12-01/P1M,1614,,,
E09000017,Home delivery,2024-01-01/P1M,1965,,,
E09000017,Home delivery,2024-02-01/P1M,1212,,,
E09000017,Home delivery,2024-03-01/P1M,1459,,,
E09000018,Library,2023-04-01/P1M,15482,,,
E09000018,Library,2023-05-01/P1M,16363,,,
E09000018,Library,2023-06-01/P1M,16944,,,
E09000018,Library,2023-07-01/P1M,17838,,,
E09000018,Library,2023-08-01/P1M,18227,,,
E09000018,Library,2023-09-01/P1M,19941,,,
E09000018,Library,2023-10-01/P1M,21612,,,
E09000018,Library,2023-11-01/P1M,20460,,,
E09000018,Library,2023-12-01/P1M,16082,,,
E09000018,Library,2024-01-01/P1M,22244,,,
E09000018,Library,2024-02-01/P1M,22476,,,
E09000018,Library,2024-03-01/P1M,21504,,,
E09000018,Shared building,2023-04-01/P1M,37687,,,
E09000018,Shared building,2023-05-01/P1M,39432,,,
E09000018,Shared building,2023-06-01/P1M,40756,,,
E09000018,Shared building,2023-07-01/P1M,34219,,,
E09000018,Shared building,2023-08-01/P1M,37696,,,
E09000018,Shared building,2023-09-01/P1M,40595,,,
E09000018,Shared building,2023-10-01/P1M,42239,,,
E09000018,Shared building,2023-11-01/P1M,41336,,,
E09000018,Shared building,2023-12-01/P1M,33046,,,
E09000018,Shared building,2024-01-01/P1M,49517,,,
E09000018,Shared building,2024-02-01/P1M,45577,,,
E09000018,Shared building,2024-03-01/P1M,43522,,,
E09000018,Home delivery,2023-04-01/P1M,15,,,
E09000018,Home delivery,2023-05-01/P1M,128,,,
E09000018,Home delivery,2023-06-01/P1M,146,,,
E09000018,Home delivery,2023-07-01/P1M,75,,,
E09000018,Home delivery,2023-08-01/P1M,134,,,
E09000018,Home delivery,2023-09-01/P1M,147,,,
E09000018,Home delivery,2023-10-01/P1M,130,,,
E09000018,Home delivery,2023-11-01/P1M,34,,,
E09000018,Home delivery,2024-01-01/P1M,59,,,
E09000018,Home delivery,2024-02-01/P1M,50,,,
E09000018,Home delivery,2024-03-01/P1M,90,,,
E09000027,Library,2023-04-01/P1M,72676,,,
E09000027,Library,2023-05-01/P1M,70837,,,
E09000027,Library,2023-06-01/P1M,68192,,,
E09000027,Library,2023-07-01/P1M,85805,,,
E09000027,Library,2023-08-01/P1M,78833,,,
E09000027,Library,2023-09-01/P1M,77269,,,
E09000027,Library,2023-10-01/P1M,76143,,,
E09000027,Library,2023-11-01/P1M,76738,,,
E09000027,Library,2023-12-01/P1M,65953,,,
E09000027,Library,2024-01-01/P1M,80328,,,
E09000027,Library,2024-02-01/P1M,76554,,,
E09000027,Library,2024-03-01/P1M,78808,,,
E09000027,Home delivery,2023-04-01/P1M,84,,,
E09000027,Home delivery,2023-05-01/P1M,84,,,
E09000027,Home delivery,2023-06-01/P1M,84,,,
E09000027,Home delivery,2023-07-01/P1M,84,,,
E09000027,Home delivery,2023-08-01/P1M,84,,,
E09000027,Home delivery,2023-09-01/P1M,84,,,
E09000027,Home delivery,2023-10-01/P1M,84,,,
E09000027,Home delivery,2023-11-01/P1M,84,,,
E09000027,Home delivery,2023-12-01/P1M,84,,,
E09000027,Home delivery,2024-01-01/P1M,84,,,
E09000027,Home delivery,2024-02-01/P1M,84,,,
E09000027,Home delivery,2024-03-01/P1M,84,,,
E09000029,Library,2023-04-01/P1M,514910,,suspicious,Reported visits appear inflated by an extra trailing zero in April-October
E09000029,Library,2023-05-01/P1M,564110,,suspicious,Reported visits appear inflated by an extra trailing zero in April-October
E09000029,Library,2023-06-01/P1M,531670,,suspicious,Reported visits appear inflated by an extra trailing zero in April-October
E09000029,Library,2023-07-01/P1M,476200,,suspicious,Reported visits appear inflated by an extra trailing zero in April-October
E09000029,Library,2023-08-01/P1M,484700,,suspicious,Reported visits appear inflated by an extra trailing zero in April-October
E09000029,Library,2023-09-01/P1M,507540,,suspicious,Reported visits appear inflated by an extra trailing zero in April-October
E09000029,Library,2023-10-01/P1M,533590,,suspicious,Reported visits appear inflated by an extra trailing zero in April-October
E09000029,Library,2023-11-01/P1M,53236,,suspicious,Reported visits appear inflated by an extra trailing zero in April-October
E09000029,Library,2023-12-01/P1M,40210,,suspicious,Reported visits appear inflated by an extra trailing zero in April-October
E09000029,Library,2024-01-01/P1M,56544,,suspicious,Reported visits appear inflated by an extra trailing zero in April-October
E09000029,Library,2024-02-01/P1M,55103,,suspicious,Reported visits appear inflated by an extra trailing zero in April-October
E09000029,Library,2024-03-01/P1M,55802,,suspicious,Reported visits appear inflated by an extra trailing zero in April-October
E09000029,Shared building,2023-04-01/P1M,185940,,suspicious,Reported visits appear inflated by an extra trailing zero in April-October
E09000029,Shared building,2023-05-01/P1M,206540,,suspicious,Reported visits appear inflated by an extra trailing zero in April-October
E09000029,Shared building,2023-06-01/P1M,195830,,suspicious,Reported visits appear inflated by an extra trailing zero in April-October
E09000029,Shared building,2023-07-01/P1M,20675,,suspicious,Reported visits appear inflated by an extra trailing zero in April-October
E09000029,Shared building,2023-08-01/P1M,184780,,suspicious,Reported visits appear inflated by an extra trailing zero in April-October
E09000029,Shared building,2023-09-01/P1M,197220,,suspicious,Reported visits appear inflated by an extra trailing zero in April-October
E09000029,Shared building,2023-10-01/P1M,215360,,suspicious,Reported visits appear inflated by an extra trailing zero in April-October
E09000029,Shared building,2023-11-01/P1M,20430,,suspicious,Reported visits appear inflated by an extra trailing zero in April-October
E09000029,Shared building,2023-12-01/P1M,16620,,suspicious,Reported visits appear inflated by an extra trailing zero in April-October
E09000029,Shared building,2024-01-01/P1M,22372,,suspicious,Reported visits appear inflated by an extra trailing zero in April-October
E09000029,Shared building,2024-02-01/P1M,23199,,suspicious,Reported visits appear inflated by an extra trailing zero in April-October
E09000029,Shared building,2024-03-01/P1M,21545,,suspicious,Reported visits appear inflated by an extra trailing zero in April-October
E06000032,Library,2023-04-01/P1M,7138,,,
E06000032,Library,2023-05-01/P1M,7294,,,
E06000032,Library,2023-06-01/P1M,7192,,,
E06000032,Library,2023-07-01/P1M,8962,,,
E06000032,Library,2023-08-01/P1M,9588,,,
E06000032,Library,2023-09-01/P1M,8549,,,
E06000032,Library,2023-10-01/P1M,8508,,,
E06000032,Library,2023-11-01/P1M,8190,,,
E06000032,Library,2023-12-01/P1M,7343,,,
E06000032,Library,2024-01-01/P1M,7464,,,
E06000032,Library,2024-02-01/P1M,7419,,,
E06000032,Library,2024-03-01/P1M,8200,,,
E06000032,Shared building,2023-04-01/P1M,17282,,,
E06000032,Shared building,2023-05-01/P1M,16395,,,
E06000032,Shared building,2023-06-01/P1M,17577,,,
E06000032,Shared building,2023-07-01/P1M,17438,,,
E06000032,Shared building,2023-08-01/P1M,19063,,,
E06000032,Shared building,2023-09-01/P1M,17274,,,
E06000032,Shared building,2023-10-01/P1M,22947,,,
E06000032,Shared building,2023-11-01/P1M,21213,,,
E06000032,Shared building,2023-12-01/P1M,21217,,,
E06000032,Shared building,2024-01-01/P1M,20117,,,
E06000032,Shared building,2024-02-01/P1M,20340,,,
E06000032,Shared building,2024-03-01/P1M,20195,,,
E08000003,Library,2023-04-01/P1M,148252,,,
E08000003,Library,2023-05-01/P1M,154029,,,
E08000003,Library,2023-06-01/P1M,139718,,,
E08000003,Library,2023-07-01/P1M,139789,,,
E08000003,Library,2023-08-01/P1M,144923,,,
E08000003,Library,2023-09-01/P1M,139836,,,
E08000003,Library,2023-10-01/P1M,160476,,,
E08000003,Library,2023-11-01/P1M,159445,,,
E08000003,Library,2023-12-01/P1M,125751,,,
E08000003,Library,2024-01-01/P1M,152664,,,
E08000003,Library,2024-02-01/P1M,163967,,,
E08000003,Library,2024-03-01/P1M,151504,,,
E08000003,Shared building,2023-04-01/P1M,68160,,,
E08000003,Shared building,2023-05-01/P1M,73004,,,
E08000003,Shared building,2023-06-01/P1M,72210,,,
E08000003,Shared building,2023-07-01/P1M,77614,,,
E08000003,Shared building,2023-08-01/P1M,77565,,,
E08000003,Shared building,2023-09-01/P1M,95039,,,
E08000003,Shared building,2023-10-01/P1M,101159,,,
E08000003,Shared building,2023-11-01/P1M,93478,,,
E08000003,Shared building,2023-12-01/P1M,80201,,,
E08000003,Shared building,2024-01-01/P1M,99734,,,
E08000003,Shared building,2024-02-01/P1M,103934,,,
E08000003,Shared building,2024-03-01/P1M,102627,,,
E08000003,Home delivery,2023-04-01/P1M,322,,,
E08000003,Home delivery,2023-05-01/P1M,354,,,
E08000003,Home delivery,2023-06-01/P1M,408,,,
E08000003,Home delivery,2023-07-01/P1M,353,,,
E08000003,Home delivery,2023-08-01/P1M,331,,,
E08000003,Home delivery,2023-09-01/P1M,344,,,
E08000003,Home delivery,2023-10-01/P1M,298,,,
E08000003,Home delivery,2023-11-01/P1M,342,,,
E08000003,Home delivery,2023-12-01/P1M,143,,,
E08000003,Home delivery,2024-01-01/P1M,398,,,
E08000003,Home delivery,2024-02-01/P1M,287,,,
E08000003,Home delivery,2024-03-01/P1M,417,,,
E09000024,Library,2023-04-01/P1M,69792,,,
E09000024,Library,2023-05-01/P1M,75287,,,
E09000024,Library,2023-06-01/P1M,76778,,,
E09000024,Library,2023-07-01/P1M,78787,,,
E09000024,Library,2023-08-01/P1M,69276,,,
E09000024,Library,2023-09-01/P1M,82372,,,
E09000024,Library,2023-10-01/P1M,83978,,,
E09000024,Library,2023-11-01/P1M,84349,,,
E09000024,Library,2023-12-01/P1M,65416,,,
E09000024,Library,2024-01-01/P1M,79348,,,
E09000024,Library,2024-02-01/P1M,81759,,,
E09000024,Library,2024-03-01/P1M,80575,,,
E09000024,Home delivery,2023-04-01/P1M,90,,,
E09000024,Home delivery,2023-05-01/P1M,90,,,
E09000024,Home delivery,2023-06-01/P1M,89,,,
E09000024,Home delivery,2023-07-01/P1M,89,,,
E09000024,Home delivery,2023-08-01/P1M,89,,,
E09000024,Home delivery,2023-09-01/P1M,101,,,
E09000024,Home delivery,2023-10-01/P1M,97,,,
E09000024,Home delivery,2023-11-01/P1M,98,,,
E09000024,Home delivery,2023-12-01/P1M,98,,,
E09000024,Home delivery,2024-01-01/P1M,91,,,
E09000024,Home delivery,2024-02-01/P1M,91,,,
E09000024,Home delivery,2024-03-01/P1M,91,,,
E08000021,Library,2023-04-01/P1M,38812,,,
E08000021,Library,2023-05-01/P1M,38858,,,
E08000021,Library,2023-06-01/P1M,38273,,,
E08000021,Library,2023-07-01/P1M,43146,,,
E08000021,Library,2023-08-01/P1M,52094,,,
E08000021,Library,2023-09-01/P1M,48286,,,
E08000021,Library,2023-10-01/P1M,49993,,,
E08000021,Library,2023-11-01/P1M,49922,,,
E08000021,Library,2023-12-01/P1M,41243,,,
E08000021,Library,2024-01-01/P1M,50155,,,
E08000021,Library,2024-02-01/P1M,50218,,,
E08000021,Library,2024-03-01/P1M,50234,,,
E08000021,Home delivery,2023-04-01/P1M,65,,,
E08000021,Home delivery,2023-05-01/P1M,63,,,
E08000021,Home delivery,2023-06-01/P1M,63,,,
E08000021,Home delivery,2023-07-01/P1M,71,,,
E08000021,Home delivery,2023-08-01/P1M,68,,,
E08000021,Home delivery,2023-09-01/P1M,66,,,
E08000021,Home delivery,2023-10-01/P1M,65,,,
E08000021,Home delivery,2023-11-01/P1M,66,,,
E08000021,Home delivery,2023-12-01/P1M,68,,,
E08000021,Home delivery,2024-01-01/P1M,67,,,
E08000021,Home delivery,2024-02-01/P1M,69,,,
E08000021,Home delivery,2024-03-01/P1M,72,,,
E09000025,Library,2023-04-01/P1M,95355,,,
E09000025,Library,2023-05-01/P1M,115756,,,
E09000025,Library,2023-06-01/P1M,103390,,,
E09000025,Library,2023-07-01/P1M,100499,,,
E09000025,Library,2023-08-01/P1M,95348,,,
E09000025,Library,2023-09-01/P1M,91134,,,
E09000025,Library,2023-10-01/P1M,114775,,,
E09000025,Library,2023-11-01/P1M,117086,,,
E09000025,Library,2023-12-01/P1M,96595,,,
E09000025,Library,2024-01-01/P1M,119111,,,
E09000025,Library,2024-02-01/P1M,123919,,,
E09000025,Library,2024-03-01/P1M,129977,,,
E10000020,Library,2023-04-01/P1M,161919,,,
E10000020,Library,2023-05-01/P1M,172535,,,
E10000020,Library,2023-06-01/P1M,167666,,,
E10000020,Library,2023-07-01/P1M,193924,,,
E10000020,Library,2023-08-01/P1M,195257,,,
E10000020,Library,2023-09-01/P1M,185347,,,
E10000020,Library,2023-10-01/P1M,203959,,,
E10000020,Library,2023-11-01/P1M,208232,,,
E10000020,Library,2023-12-01/P1M,169459,,,
E10000020,Library,2024-01-01/P1M,209100,,,
E10000020,Library,2024-02-01/P1M,208315,,,
E10000020,Library,2024-03-01/P1M,202840,,,
E06000012,Library,2023-04-01/P1M,9566,,,
E06000012,Library,2023-05-01/P1M,9824,,,
E06000012,Library,2023-06-01/P1M,10177,,,
E06000012,Library,2023-07-01/P1M,10536,,,
E06000012,Library,2023-08-01/P1M,12740,,,
E06000012,Library,2023-09-01/P1M,10937,,,
E06000012,Library,2023-10-01/P1M,10626,,,
E06000012,Library,2023-11-01/P1M,10947,,,
E06000012,Library,2023-12-01/P1M,6898,,,
E06000012,Library,2024-01-01/P1M,11085,,,
E06000012,Library,2024-02-01/P1M,10264,,,
E06000012,Library,2024-03-01/P1M,11717,,,
E06000012,Shared building,2023-04-01/P1M,1879,,,
E06000012,Shared building,2023-05-01/P1M,2148,,,
E06000012,Shared building,2023-06-01/P1M,1927,,,
E06000012,Shared building,2023-07-01/P1M,2082,,,
E06000012,Shared building,2023-08-01/P1M,2264,,,
E06000012,Shared building,2023-09-01/P1M,1957,,,
E06000012,Shared building,2023-10-01/P1M,1831,,,
E06000012,Shared building,2023-11-01/P1M,2040,,,
E06000012,Shared building,2023-12-01/P1M,1449,,,
E06000012,Shared building,2024-01-01/P1M,1001,,,
E06000012,Shared building,2024-02-01/P1M,1207,,,
E06000012,Shared building,2024-03-01/P1M,918,,,
E06000012,Home delivery,2023-04-01/P1M,91,,,
E06000012,Home delivery,2023-05-01/P1M,93,,,
E06000012,Home delivery,2023-06-01/P1M,91,,,
E06000012,Home delivery,2023-07-01/P1M,91,,,
E06000012,Home delivery,2023-08-01/P1M,89,,,
E06000012,Home delivery,2023-09-01/P1M,85,,,
E06000012,Home delivery,2023-10-01/P1M,82,,,
E06000012,Home delivery,2023-11-01/P1M,82,,,
E06000012,Home delivery,2023-12-01/P1M,81,,,
E06000012,Home delivery,2024-01-01/P1M,84,,,
E06000012,Home delivery,2024-02-01/P1M,88,,,
E06000012,Home delivery,2024-03-01/P1M,86,,,
E06000013,Library,2023-04-01/P1M,650,,,
E06000013,Library,2023-05-01/P1M,650,,,
E06000013,Library,2023-06-01/P1M,650,,,
E06000013,Library,2023-07-01/P1M,650,,,
E06000013,Library,2023-08-01/P1M,650,,,
E06000013,Library,2023-09-01/P1M,650,,,
E06000013,Library,2023-10-01/P1M,650,,,
E06000013,Library,2023-11-01/P1M,650,,,
E06000013,Library,2023-12-01/P1M,650,,,
E06000013,Library,2024-01-01/P1M,651,,,
E06000013,Library,2024-02-01/P1M,700,,,
E06000013,Library,2024-03-01/P1M,638,,,
E06000013,Shared building,2023-04-01/P1M,22710,,,
E06000013,Shared building,2023-05-01/P1M,23766,,,
E06000013,Shared building,2023-06-01/P1M,25244,,,
E06000013,Shared building,2023-07-01/P1M,28343,,,
E06000013,Shared building,2023-08-01/P1M,28386,,,
E06000013,Shared building,2023-09-01/P1M,24840,,,
E06000013,Shared building,2023-10-01/P1M,27608,,,
E06000013,Shared building,2023-11-01/P1M,28560,,,
E06000013,Shared building,2023-12-01/P1M,19473,,,
E06000013,Shared building,2024-01-01/P1M,27996,,,
E06000013,Shared building,2024-02-01/P1M,28525,,,
E06000013,Shared building,2024-03-01/P1M,28312,,,
E06000013,Mobile library,2023-04-01/P1M,634,,,
E06000013,Mobile library,2023-05-01/P1M,299,,,
E06000013,Mobile library,2023-06-01/P1M,872,,,
E06000013,Mobile library,2023-07-01/P1M,568,,,
E06000013,Mobile library,2023-08-01/P1M,400,,,
E06000013,Mobile library,2023-09-01/P1M,681,,,
E06000013,Mobile library,2023-10-01/P1M,621,,,
E06000013,Mobile library,2023-11-01/P1M,861,,,
E06000013,Mobile library,2023-12-01/P1M,129,,,
E06000013,Mobile library,2024-01-01/P1M,681,,,
E06000013,Mobile library,2024-02-01/P1M,668,,,
E06000013,Mobile library,2024-03-01/P1M,517,,,
E06000013,Home delivery,2023-04-01/P1M,128,,,
E06000013,Home delivery,2023-05-01/P1M,104,,,
E06000013,Home delivery,2023-06-01/P1M,105,,,
E06000013,Home delivery,2023-07-01/P1M,156,,,
E06000013,Home delivery,2023-08-01/P1M,84,,,
E06000013,Home delivery,2023-09-01/P1M,137,,,
E06000013,Home delivery,2023-10-01/P1M,196,,,
E06000013,Home delivery,2023-11-01/P1M,146,,,
E06000013,Home delivery,2023-12-01/P1M,99,,,
E06000013,Home delivery,2024-01-01/P1M,166,,,
E06000013,Home delivery,2024-02-01/P1M,154,,,
E06000013,Home delivery,2024-03-01/P1M,137,,,
E06000024,Library,2023-04-01/P1M,31818,,,
E06000024,Library,2023-05-01/P1M,30319,,,
E06000024,Library,2023-06-01/P1M,33214,,,
E06000024,Library,2023-07-01/P1M,38615,,,
E06000024,Library,2023-08-01/P1M,44707,,,
E06000024,Library,2023-09-01/P1M,36864,,,
E06000024,Library,2023-10-01/P1M,35783,,,
E06000024,Library,2023-11-01/P1M,36399,,,
E06000024,Library,2023-12-01/P1M,30193,,,
E06000024,Library,2024-01-01/P1M,39728,,,
E06000024,Library,2024-02-01/P1M,38349,,,
E06000024,Library,2024-03-01/P1M,38298,,,
E06000024,Home delivery,2023-04-01/P1M,67,,,
E06000024,Home delivery,2023-05-01/P1M,72,,,
E06000024,Home delivery,2023-06-01/P1M,73,,,
E06000024,Home delivery,2023-07-01/P1M,68,,,
E06000024,Home delivery,2023-08-01/P1M,71,,,
E06000024,Home delivery,2023-09-01/P1M,70,,,
E06000024,Home delivery,2023-10-01/P1M,71,,,
E06000024,Home delivery,2023-11-01/P1M,74,,,
E06000024,Home delivery,2023-12-01/P1M,63,,,
E06000024,Home delivery,2024-01-01/P1M,69,,,
E06000024,Home delivery,2024-02-01/P1M,78,,,
E06000024,Home delivery,2024-03-01/P1M,80,,,
E08000022,Library,2023-04-01/P1M,7587,,,
E08000022,Library,2023-05-01/P1M,8727,,,
E08000022,Library,2023-06-01/P1M,8764,,,
E08000022,Library,2023-07-01/P1M,7615,,,
E08000022,Library,2023-08-01/P1M,8436,,,
E08000022,Library,2023-09-01/P1M,7643,,,
E08000022,Library,2023-10-01/P1M,7652,,,
E08000022,Library,2023-11-01/P1M,6861,,,
E08000022,Library,2023-12-01/P1M,5158,,,
E08000022,Library,2024-01-01/P1M,8535,,,
E08000022,Library,2024-02-01/P1M,7827,,,
E08000022,Library,2024-03-01/P1M,7681,,,
E08000022,Shared building,2023-04-01/P1M,61919,,,
E08000022,Shared building,2023-05-01/P1M,63644,,,
E08000022,Shared building,2023-06-01/P1M,65188,,,
E08000022,Shared building,2023-07-01/P1M,67923,,,
E08000022,Shared building,2023-08-01/P1M,70861,,,
E08000022,Shared building,2023-09-01/P1M,66258,,,
E08000022,Shared building,2023-10-01/P1M,70841,,,
E08000022,Shared building,2023-11-01/P1M,69675,,,
E08000022,Shared building,2023-12-01/P1M,61602,,,
E08000022,Shared building,2024-01-01/P1M,74982,,,
E08000022,Shared building,2024-02-01/P1M,71055,,,
E08000022,Shared building,2024-03-01/P1M,70209,,,
E08000022,Mobile library,2023-04-01/P1M,225,,,
E08000022,Mobile library,2023-05-01/P1M,138,,,
E08000022,Mobile library,2023-06-01/P1M,139,,,
E08000022,Mobile library,2023-07-01/P1M,171,,,
E08000022,Mobile library,2023-08-01/P1M,264,,,
E08000022,Mobile library,2023-09-01/P1M,186,,,
E08000022,Mobile library,2023-10-01/P1M,183,,,
E08000022,Mobile library,2023-11-01/P1M,266,,,
E08000022,Mobile library,2023-12-01/P1M,189,,,
E08000022,Mobile library,2024-01-01/P1M,153,,,
E08000022,Mobile library,2024-02-01/P1M,186,,,
E08000022,Mobile library,2024-03-01/P1M,269,,,
E08000022,Home delivery,2023-04-01/P1M,105,,,
E08000022,Home delivery,2023-05-01/P1M,109,,,
E08000022,Home delivery,2023-06-01/P1M,110,,,
E08000022,Home delivery,2023-07-01/P1M,93,,,
E08000022,Home delivery,2023-08-01/P1M,94,,,
E08000022,Home delivery,2023-09-01/P1M,122,,,
E08000022,Home delivery,2023-10-01/P1M,100,,,
E08000022,Home delivery,2023-11-01/P1M,101,,,
E08000022,Home delivery,2023-12-01/P1M,78,,,
E08000022,Home delivery,2024-01-01/P1M,85,,,
E08000022,Home delivery,2024-02-01/P1M,94,,,
E08000022,Home delivery,2024-03-01/P1M,125,,,
E06000065,Library,2023-04-01/P1M,86957,,,
E06000065,Library,2023-05-01/P1M,89075,,,
E06000065,Library,2023-06-01/P1M,101417,,,
E06000065,Library,2023-07-01/P1M,119051,,,
E06000065,Library,2023-08-01/P1M,121018,,,
E06000065,Library,2023-09-01/P1M,107695,,,
E06000065,Library,2023-10-01/P1M,106695,,,
E06000065,Library,2023-11-01/P1M,109264,,,
E06000065,Library,2023-12-01/P1M,82124,,,
E06000065,Library,2024-01-01/P1M,102285,,,
E06000065,Library,2024-02-01/P1M,103587,,,
E06000065,Library,2024-03-01/P1M,104404,,,
E06000065,Shared building,2023-04-01/P1M,43111,,,
E06000065,Shared building,2023-05-01/P1M,40020,,,
E06000065,Shared building,2023-06-01/P1M,44039,,,
E06000065,Shared building,2023-07-01/P1M,45711,,,
E06000065,Shared building,2023-08-01/P1M,50418,,,
E06000065,Shared building,2023-09-01/P1M,44797,,,
E06000065,Shared building,2023-10-01/P1M,42883,,,
E06000065,Shared building,2023-11-01/P1M,41267,,,
E06000065,Shared building,2023-12-01/P1M,37064,,,
E06000065,Shared building,2024-01-01/P1M,38989,,,
E06000065,Shared building,2024-02-01/P1M,40431,,,
E06000065,Shared building,2024-03-01/P1M,42785,,,
E06000065,Mobile library,2023-04-01/P1M,624,,,
E06000065,Mobile library,2023-05-01/P1M,436,,,
E06000065,Mobile library,2023-06-01/P1M,417,,,
E06000065,Mobile library,2023-07-01/P1M,455,,,
E06000065,Mobile library,2023-08-01/P1M,338,,,
E06000065,Mobile library,2023-09-01/P1M,464,,,
E06000065,Mobile library,2023-10-01/P1M,371,,,
E06000065,Mobile library,2023-11-01/P1M,417,,,
E06000065,Mobile library,2023-12-01/P1M,363,,,
E06000065,Mobile library,2024-01-01/P1M,461,,,
E06000065,Mobile library,2024-02-01/P1M,479,,,
E06000065,Mobile library,2024-03-01/P1M,396,,,
E06000065,Home delivery,2023-04-01/P1M,888,,,
E06000065,Home delivery,2023-05-01/P1M,932,,,
E06000065,Home delivery,2023-06-01/P1M,974,,,
E06000065,Home delivery,2023-07-01/P1M,987,,,
E06000065,Home delivery,2023-08-01/P1M,987,,,
E06000065,Home delivery,2023-09-01/P1M,973,,,
E06000065,Home delivery,2023-10-01/P1M,978,,,
E06000065,Home delivery,2023-11-01/P1M,954,,,
E06000065,Home delivery,2023-12-01/P1M,958,,,
E06000065,Home delivery,2024-01-01/P1M,964,,,
E06000065,Home delivery,2024-02-01/P1M,967,,,
E06000065,Home delivery,2024-03-01/P1M,957,,,
E06000018,Library,2023-04-01/P1M,19052,,,
E06000018,Library,2023-05-01/P1M,18796,,,
E06000018,Library,2023-06-01/P1M,18627,,,
E06000018,Library,2023-07-01/P1M,19872,,,
E06000018,Library,2023-08-01/P1M,22507,,,
E06000018,Library,2023-09-01/P1M,22908,,,
E06000018,Library,2023-10-01/P1M,21083,,,
E06000018,Library,2023-11-01/P1M,27143,,,
E06000018,Library,2023-12-01/P1M,43204,,,
E06000018,Library,2024-01-01/P1M,49194,,,
E06000018,Library,2024-02-01/P1M,47381,,,
E06000018,Library,2024-03-01/P1M,46829,,,
E06000018,Shared building,2023-04-01/P1M,18808,,,
E06000018,Shared building,2023-05-01/P1M,16926,,,
E06000018,Shared building,2023-06-01/P1M,16804,,,
E06000018,Shared building,2023-07-01/P1M,17857,,,
E06000018,Shared building,2023-08-01/P1M,14595,,,
E06000018,Shared building,2023-09-01/P1M,16054,,,
E06000018,Shared building,2023-10-01/P1M,16181,,,
E06000018,Shared building,2023-11-01/P1M,15911,,,
E06000018,Shared building,2023-12-01/P1M,14314,,,
E06000018,Shared building,2024-01-01/P1M,14109,,,
E06000018,Shared building,2024-02-01/P1M,15714,,,
E06000018,Shared building,2024-03-01/P1M,16036,,,
E06000018,Home delivery,2023-04-01/P1M,91,,,
E06000018,Home delivery,2023-05-01/P1M,138,,,
E06000018,Home delivery,2023-06-01/P1M,92,,,
E06000018,Home delivery,2023-07-01/P1M,144,,,
E06000018,Home delivery,2023-08-01/P1M,92,,,
E06000018,Home delivery,2023-09-01/P1M,144,,,
E06000018,Home delivery,2023-10-01/P1M,92,,,
E06000018,Home delivery,2023-11-01/P1M,133,,,
E06000018,Home delivery,2023-12-01/P1M,103,,,
E06000018,Home delivery,2024-01-01/P1M,133,,,
E06000018,Home delivery,2024-02-01/P1M,94,,,
E06000018,Home delivery,2024-03-01/P1M,84,,,
E10000024,Library,2023-04-01/P1M,138133,,,
E10000024,Library,2023-05-01/P1M,138862,,,
E10000024,Library,2023-06-01/P1M,129510,,,
E10000024,Library,2023-07-01/P1M,159330,,,
E10000024,Library,2023-08-01/P1M,158660,,,
E10000024,Library,2023-09-01/P1M,141842,,,
E10000024,Library,2023-10-01/P1M,158256,,,
E10000024,Library,2023-11-01/P1M,160271,,,
E10000024,Library,2023-12-01/P1M,125672,,,
E10000024,Library,2024-01-01/P1M,152341,,,
E10000024,Library,2024-02-01/P1M,159329,,,
E10000024,Library,2024-03-01/P1M,152121,,,
E10000024,Mobile library,2023-04-01/P1M,2598,,,
E10000024,Mobile library,2023-05-01/P1M,2733,,,
E10000024,Mobile library,2023-06-01/P1M,2337,,,
E10000024,Mobile library,2023-07-01/P1M,2837,,,
E10000024,Mobile library,2023-08-01/P1M,2435,,,
E10000024,Mobile library,2023-09-01/P1M,2836,,,
E10000024,Mobile library,2023-10-01/P1M,2498,,,
E10000024,Mobile library,2023-11-01/P1M,2700,,,
E10000024,Mobile library,2023-12-01/P1M,2807,,,
E10000024,Mobile library,2024-01-01/P1M,3007,,,
E10000024,Mobile library,2024-02-01/P1M,2520,,,
E10000024,Mobile library,2024-03-01/P1M,2900,,,
E08000004,Library,2023-04-01/P1M,12042,,,
E08000004,Library,2023-05-01/P1M,14206,,,
E08000004,Library,2023-06-01/P1M,14423,,,
E08000004,Library,2023-07-01/P1M,15255,,,
E08000004,Library,2023-08-01/P1M,18594,,,
E08000004,Library,2023-09-01/P1M,13994,,,
E08000004,Library,2023-10-01/P1M,15049,,,
E08000004,Library,2023-11-01/P1M,14698,,,
E08000004,Library,2023-12-01/P1M,9853,,,
E08000004,Library,2024-01-01/P1M,13938,,,
E08000004,Library,2024-02-01/P1M,15075,,,
E08000004,Library,2024-03-01/P1M,14350,,,
E08000004,Shared building,2023-04-01/P1M,43491,,,
E08000004,Shared building,2023-05-01/P1M,49698,,,
E08000004,Shared building,2023-06-01/P1M,46982,,,
E08000004,Shared building,2023-07-01/P1M,46430,,,
E08000004,Shared building,2023-08-01/P1M,46453,,,
E08000004,Shared building,2023-09-01/P1M,47136,,,
E08000004,Shared building,2023-10-01/P1M,47869,,,
E08000004,Shared building,2023-11-01/P1M,54748,,,
E08000004,Shared building,2023-12-01/P1M,41748,,,
E08000004,Shared building,2024-01-01/P1M,57549,,,
E08000004,Shared building,2024-02-01/P1M,59565,,,
E08000004,Shared building,2024-03-01/P1M,53829,,,
E08000004,Home delivery,2023-04-01/P1M,3,,,
E08000004,Home delivery,2023-05-01/P1M,4,,,
E08000004,Home delivery,2023-06-01/P1M,4,,,
E08000004,Home delivery,2023-07-01/P1M,5,,,
E08000004,Home delivery,2023-08-01/P1M,3,,,
E08000004,Home delivery,2023-09-01/P1M,4,,,
E08000004,Home delivery,2023-10-01/P1M,7,,,
E08000004,Home delivery,2023-11-01/P1M,5,,,
E08000004,Home delivery,2023-12-01/P1M,5,,,
E08000004,Home delivery,2024-01-01/P1M,5,,,
E08000004,Home delivery,2024-02-01/P1M,4,,,
E08000004,Home delivery,2024-03-01/P1M,5,,,
E10000025,Library,2023-04-01/P1M,147797,,,
E10000025,Library,2023-05-01/P1M,150507,,,
E10000025,Library,2023-06-01/P1M,150352,,,
E10000025,Library,2023-07-01/P1M,176472,,,
E10000025,Library,2023-08-01/P1M,170349,,,
E10000025,Library,2023-09-01/P1M,159746,,,
E10000025,Library,2023-10-01/P1M,168313,,,
E10000025,Library,2023-11-01/P1M,161353,,,
E10000025,Library,2023-12-01/P1M,127968,,,
E10000025,Library,2024-01-01/P1M,164591,,,
E10000025,Library,2024-02-01/P1M,164539,,,
E10000025,Library,2024-03-01/P1M,167138,,,
E10000025,Home delivery,2023-04-01/P1M,1228,,,
E10000025,Home delivery,2023-05-01/P1M,1228,,,
E10000025,Home delivery,2023-06-01/P1M,1228,,,
E10000025,Home delivery,2023-07-01/P1M,1228,,,
E10000025,Home delivery,2023-08-01/P1M,1228,,,
E10000025,Home delivery,2023-09-01/P1M,1228,,,
E10000025,Home delivery,2023-10-01/P1M,1228,,,
E10000025,Home delivery,2023-11-01/P1M,1228,,,
E10000025,Home delivery,2023-12-01/P1M,1228,,,
E10000025,Home delivery,2024-01-01/P1M,1228,,,
E10000025,Home delivery,2024-02-01/P1M,1228,,,
E10000025,Home delivery,2024-03-01/P1M,1228,,,
E06000031,Library,2023-04-01/P1M,9446,,,
E06000031,Library,2023-05-01/P1M,9340,,,
E06000031,Library,2023-06-01/P1M,8297,,,
E06000031,Library,2023-07-01/P1M,10410,,,
E06000031,Library,2023-08-01/P1M,11526,,,
E06000031,Library,2023-09-01/P1M,9491,,,
E06000031,Library,2023-10-01/P1M,10862,,,
E06000031,Library,2023-11-01/P1M,10793,,,
E06000031,Library,2023-12-01/P1M,7628,,,
E06000031,Library,2024-01-01/P1M,9970,,,
E06000031,Library,2024-02-01/P1M,9663,,,
E06000031,Library,2024-03-01/P1M,12331,,,
E06000031,Shared building,2023-04-01/P1M,4149,,,
E06000031,Shared building,2023-05-01/P1M,5257,,,
E06000031,Shared building,2023-06-01/P1M,5336,,,
E06000031,Shared building,2023-07-01/P1M,4801,,,
E06000031,Shared building,2023-08-01/P1M,4743,,,
E06000031,Shared building,2023-09-01/P1M,5138,,,
E06000031,Shared building,2023-10-01/P1M,5110,,,
E06000031,Shared building,2023-11-01/P1M,5325,,,
E06000031,Shared building,2023-12-01/P1M,3816,,,
E06000031,Shared building,2024-01-01/P1M,5699,,,
E06000031,Shared building,2024-02-01/P1M,5979,,,
E06000031,Shared building,2024-03-01/P1M,5505,,,
E06000031,Mobile library,2023-04-01/P1M,918,,,
E06000031,Mobile library,2023-05-01/P1M,1095,,,
E06000031,Mobile library,2023-06-01/P1M,785,,,
E06000031,Mobile library,2023-07-01/P1M,965,,,
E06000031,Mobile library,2023-08-01/P1M,1171,,,
E06000031,Mobile library,2023-09-01/P1M,848,,,
E06000031,Mobile library,2023-10-01/P1M,1166,,,
E06000031,Mobile library,2023-11-01/P1M,1406,,,
E06000031,Mobile library,2023-12-01/P1M,719,,,
E06000031,Mobile library,2024-01-01/P1M,992,,,
E06000031,Mobile library,2024-02-01/P1M,1069,,,
E06000031,Mobile library,2024-03-01/P1M,1052,,,
E06000031,Home delivery,2023-04-01/P1M,242,,,
E06000031,Home delivery,2023-05-01/P1M,211,,,
E06000031,Home delivery,2023-06-01/P1M,198,,,
E06000031,Home delivery,2023-07-01/P1M,213,,,
E06000031,Home delivery,2023-08-01/P1M,306,,,
E06000031,Home delivery,2023-09-01/P1M,235,,,
E06000031,Home delivery,2023-10-01/P1M,307,,,
E06000031,Home delivery,2023-11-01/P1M,199,,,
E06000031,Home delivery,2023-12-01/P1M,170,,,
E06000031,Home delivery,2024-01-01/P1M,214,,,
E06000031,Home delivery,2024-02-01/P1M,237,,,
E06000031,Home delivery,2024-03-01/P1M,227,,,
E06000044,Library,2023-04-01/P1M,60126,,,
E06000044,Library,2023-05-01/P1M,52006,,,
E06000044,Library,2023-06-01/P1M,53200,,,
E06000044,Library,2023-07-01/P1M,67192,,,
E06000044,Library,2023-08-01/P1M,59071,,,
E06000044,Library,2023-09-01/P1M,57535,,,
E06000044,Library,2023-10-01/P1M,55744,,,
E06000044,Library,2023-11-01/P1M,55002,,,
E06000044,Library,2023-12-01/P1M,44756,,,
E06000044,Library,2024-01-01/P1M,46614,,,
E06000044,Library,2024-02-01/P1M,47519,,,
E06000044,Library,2024-03-01/P1M,44644,,,
E06000044,Mobile library,2023-04-01/P1M,351,,,
E06000044,Mobile library,2023-05-01/P1M,479,,,
E06000044,Mobile library,2023-06-01/P1M,744,,,
E06000044,Mobile library,2023-07-01/P1M,646,,,
E06000044,Mobile library,2023-08-01/P1M,491,,,
E06000044,Mobile library,2023-09-01/P1M,598,,,
E06000044,Mobile library,2023-10-01/P1M,479,,,
E06000044,Mobile library,2023-11-01/P1M,317,,,
E06000044,Mobile library,2023-12-01/P1M,374,,,
E06000044,Mobile library,2024-01-01/P1M,460,,,
E06000044,Mobile library,2024-02-01/P1M,483,,,
E06000044,Mobile library,2024-03-01/P1M,276,,,
E06000044,Home delivery,2023-04-01/P3M,1744,,,
E06000044,Home delivery,2023-07-01/P3M,1497,,,
E06000044,Home delivery,2023-10-01/P3M,2015,,,
E06000044,Home delivery,2024-01-01/P3M,1499,,,
E06000038,Library,2023-04-01/P1M,21400,,,
E06000038,Library,2023-05-01/P1M,22100,,,
E06000038,Library,2023-06-01/P1M,22800,,,
E06000038,Library,2023-07-01/P1M,23500,,,
E06000038,Library,2023-08-01/P1M,27100,,,
E06000038,Library,2023-09-01/P1M,24100,,,
E06000038,Library,2023-10-01/P1M,24200,,,
E06000038,Library,2023-11-01/P1M,22500,,,
E06000038,Library,2023-12-01/P1M,18400,,,
E06000038,Library,2024-01-01/P1M,26100,,,
E06000038,Library,2024-02-01/P1M,20800,,,
E06000038,Library,2024-03-01/P1M,23000,,,
E08000018,Library,2023-04-01/P1M,14865,,,
E08000018,Library,2023-05-01/P1M,13730,,,
E08000018,Library,2023-06-01/P1M,14138,,,
E08000018,Library,2023-07-01/P1M,15987,,,
E08000018,Library,2023-08-01/P1M,16101,,,
E08000018,Library,2023-09-01/P1M,15345,,,
E08000018,Library,2023-10-01/P1M,17489,,,
E08000018,Library,2023-11-01/P1M,15492,,,
E08000018,Library,2023-12-01/P1M,10812,,,
E08000018,Library,2024-01-01/P1M,14249,,,
E08000018,Library,2024-02-01/P1M,15843,,,
E08000018,Library,2024-03-01/P1M,15803,,,
E08000018,Shared building,2023-04-01/P1M,13441,,,
E08000018,Shared building,2023-05-01/P1M,13423,,,
E08000018,Shared building,2023-06-01/P1M,13224,,,
E08000018,Shared building,2023-07-01/P1M,16048,,,
E08000018,Shared building,2023-08-01/P1M,14998,,,
E08000018,Shared building,2023-09-01/P1M,15754,,,
E08000018,Shared building,2023-10-01/P1M,15272,,,
E08000018,Shared building,2023-11-01/P1M,14818,,,
E08000018,Shared building,2023-12-01/P1M,9184,,,
E08000018,Shared building,2024-01-01/P1M,15776,,,
E08000018,Shared building,2024-02-01/P1M,17414,,,
E08000018,Shared building,2024-03-01/P1M,17551,,,
E08000018,Home delivery,2023-04-01/P1M,178,,,
E08000018,Home delivery,2023-05-01/P1M,206,,,
E08000018,Home delivery,2023-06-01/P1M,199,,,
E08000018,Home delivery,2023-07-01/P1M,173,,,
E08000018,Home delivery,2023-08-01/P1M,203,,,
E08000018,Home delivery,2023-09-01/P1M,199,,,
E08000018,Home delivery,2023-10-01/P1M,191,,,
E08000018,Home delivery,2023-11-01/P1M,190,,,
E08000018,Home delivery,2023-12-01/P1M,101,,,
E08000018,Home delivery,2024-01-01/P1M,189,,,
E08000018,Home delivery,2024-02-01/P1M,185,,,
E08000018,Home delivery,2024-03-01/P1M,182,,,
E06000040,Library,2023-04-01/P1M,35717,,,
E06000040,Library,2023-05-01/P1M,36962,,,
E06000040,Library,2023-06-01/P1M,40093,,,
E06000040,Library,2023-07-01/P1M,45181,,,
E06000040,Library,2023-08-01/P1M,44981,,,
E06000040,Library,2023-09-01/P1M,45631,,,
E06000040,Library,2023-10-01/P1M,39369,,,
E06000040,Library,2023-11-01/P1M,25128,,,
E06000040,Library,2023-12-01/P1M,32910,,,
E06000040,Library,2024-01-01/P1M,40244,,,
E06000040,Library,2024-02-01/P1M,38966,,,
E06000040,Library,2024-03-01/P1M,43143,,,
E06000040,Home delivery,2023-04-01/P1M,220,,,
E06000040,Home delivery,2023-05-01/P1M,561,,,
E06000040,Home delivery,2023-06-01/P1M,826,,,
E06000040,Home delivery,2023-07-01/P1M,967,,,
E06000040,Home delivery,2023-08-01/P1M,758,,,
E06000040,Home delivery,2023-09-01/P1M,904,,,
E06000040,Home delivery,2023-10-01/P1M,903,,,
E06000040,Home delivery,2023-11-01/P1M,938,,,
E06000040,Home delivery,2023-12-01/P1M,707,,,
E06000040,Home delivery,2024-01-01/P1M,1071,,,
E06000040,Home delivery,2024-02-01/P1M,775,,,
E06000040,Home delivery,2024-03-01/P1M,890,,,
E06000017,Library,2023-04-01/P1M,7322,,,
E06000017,Library,2023-05-01/P1M,7537,,,
E06000017,Library,2023-06-01/P1M,5959,,,
E06000017,Library,2023-07-01/P1M,6141,,,
E06000017,Library,2023-08-01/P1M,8638,,,
E06000017,Library,2023-09-01/P1M,7625,,,
E06000017,Library,2023-10-01/P1M,7814,,,
E06000017,Library,2023-11-01/P1M,7669,,,
E06000017,Library,2023-12-01/P1M,6101,,,
E06000017,Library,2024-01-01/P1M,8095,,,
E06000017,Library,2024-02-01/P1M,7679,,,
E06000017,Library,2024-03-01/P1M,7483,,,
E06000017,Home delivery,2023-04-01/P1M,179,,,
E06000017,Home delivery,2023-05-01/P1M,210,,,
E06000017,Home delivery,2023-06-01/P1M,225,,,
E06000017,Home delivery,2023-07-01/P1M,187,,,
E06000017,Home delivery,2023-08-01/P1M,199,,,
E06000017,Home delivery,2023-09-01/P1M,185,,,
E06000017,Home delivery,2023-10-01/P1M,226,,,
E06000017,Home delivery,2023-11-01/P1M,238,,,
E06000017,Home delivery,2023-12-01/P1M,183,,,
E06000017,Home delivery,2024-01-01/P1M,208,,,
E06000017,Home delivery,2024-02-01/P1M,225,,,
E06000017,Home delivery,2024-03-01/P1M,266,,,
E08000006,Library,2023-04-01/P1M,5662,,,
E08000006,Library,2023-05-01/P1M,5064,,,
E08000006,Library,2023-06-01/P1M,6256,,,
E08000006,Library,2023-07-01/P1M,6984,,,
E08000006,Library,2023-08-01/P1M,5081,,,
E08000006,Library,2023-09-01/P1M,5823,,,
E08000006,Library,2023-10-01/P1M,6252,,,
E08000006,Library,2023-11-01/P1M,6304,,,
E08000006,Library,2023-12-01/P1M,4817,,,
E08000006,Library,2024-01-01/P1M,3921,,,
E08000006,Library,2024-02-01/P1M,6791,,,
E08000006,Library,2024-03-01/P1M,6165,,,
E08000006,Shared building,2023-04-01/P1M,56092,,,
E08000006,Shared building,2023-05-01/P1M,58194,,,
E08000006,Shared building,2023-06-01/P1M,53964,,,
E08000006,Shared building,2023-07-01/P1M,59021,,,
E08000006,Shared building,2023-08-01/P1M,82755,,,
E08000006,Shared building,2023-09-01/P1M,55519,,,
E08000006,Shared building,2023-10-01/P1M,62596,,,
E08000006,Shared building,2023-11-01/P1M,58137,,,
E08000006,Shared building,2023-12-01/P1M,53704,,,
E08000006,Shared building,2024-01-01/P1M,59137,,,
E08000006,Shared building,2024-02-01/P1M,55669,,,
E08000006,Shared building,2024-03-01/P1M,61123,,,
E08000028,Library,2023-04-01/P1M,26085,,,
E08000028,Library,2023-05-01/P1M,27384,,,
E08000028,Library,2023-06-01/P1M,29812,,,
E08000028,Library,2023-07-01/P1M,31340,,,
E08000028,Library,2023-08-01/P1M,27681,,,
E08000028,Library,2023-09-01/P1M,27165,,,
E08000028,Library,2023-10-01/P1M,30126,,,
E08000028,Library,2023-11-01/P1M,27984,,,
E08000028,Library,2023-12-01/P1M,21449,,,
E08000028,Library,2024-01-01/P1M,28143,,,
E08000028,Library,2024-02-01/P1M,30274,,,
E08000028,Library,2024-03-01/P1M,33849,,,
E08000028,Shared building,2023-04-01/P1M,23099,,,
E08000028,Shared building,2023-05-01/P1M,24287,,,
E08000028,Shared building,2023-06-01/P1M,27291,,,
E08000028,Shared building,2023-07-01/P1M,27401,,,
E08000028,Shared building,2023-08-01/P1M,26245,,,
E08000028,Shared building,2023-09-01/P1M,24325,,,
E08000028,Shared building,2023-10-01/P1M,25287,,,
E08000028,Shared building,2023-11-01/P1M,26455,,,
E08000028,Shared building,2023-12-01/P1M,22299,,,
E08000028,Shared building,2024-01-01/P1M,28082,,,
E08000028,Shared building,2024-02-01/P1M,31590,,,
E08000028,Shared building,2024-03-01/P1M,32946,,,
E08000014,Library,2023-04-01/P3M,45374,,,
E08000014,Library,2023-07-01/P3M,57373,,,
E08000014,Library,2023-10-01/P3M,55586,,,
E08000014,Library,2024-01-01/P3M,49152,,,
E08000014,Shared building,2023-04-01/P3M,68846,,,
E08000014,Shared building,2023-07-01/P3M,87747,,,
E08000014,Shared building,2023-10-01/P3M,66832,,,
E08000014,Shared building,2024-01-01/P3M,84417,,,
E08000014,Home delivery,2023-04-01/P3M,124,,,
E08000014,Home delivery,2023-07-01/P3M,151,,,
E08000014,Home delivery,2023-10-01/P3M,211,,,
E08000014,Home delivery,2024-01-01/P3M,184,,,
E08000019,Library,2023-04-01/P1M,46792,,,
E08000019,Library,2023-05-01/P1M,51555,,,
E08000019,Library,2023-06-01/P1M,50150,,,
E08000019,Library,2023-07-01/P1M,58239,,,
E08000019,Library,2023-08-01/P1M,56972,,,
E08000019,Library,2023-09-01/P1M,48924,,,
E08000019,Library,2023-10-01/P1M,51340,,,
E08000019,Library,2023-11-01/P1M,53753,,,
E08000019,Library,2023-12-01/P1M,38411,,,
E08000019,Library,2024-01-01/P1M,65646,,,
E08000019,Library,2024-02-01/P1M,56092,,,
E08000019,Library,2024-03-01/P1M,62084,,,
E08000019,Shared building,2023-04-01/P1M,16714,,,
E08000019,Shared building,2023-05-01/P1M,18828,,,
E08000019,Shared building,2023-06-01/P1M,18754,,,
E08000019,Shared building,2023-07-01/P1M,20181,,,
E08000019,Shared building,2023-08-01/P1M,20614,,,
E08000019,Shared building,2023-09-01/P1M,21047,,,
E08000019,Shared building,2023-10-01/P1M,21000,,,
E08000019,Shared building,2023-11-01/P1M,18796,,,
E08000019,Shared building,2023-12-01/P1M,15301,,,
E08000019,Shared building,2024-01-01/P1M,24507,,,
E08000019,Shared building,2024-02-01/P1M,22359,,,
E08000019,Shared building,2024-03-01/P1M,20145,,,
E06000051,Library,2023-04-01/P1M,22559,,,
E06000051,Library,2023-05-01/P1M,19445,,,
E06000051,Library,2023-06-01/P1M,21869,,,
E06000051,Library,2023-07-01/P1M,23248,,,
E06000051,Library,2023-08-01/P1M,26390,,,
E06000051,Library,2023-09-01/P1M,24801,,,
E06000051,Library,2023-10-01/P1M,23280,,,
E06000051,Library,2023-11-01/P1M,22131,,,
E06000051,Library,2023-12-01/P1M,14973,,,
E06000051,Library,2024-01-01/P1M,17448,,,
E06000051,Library,2024-02-01/P1M,22712,,,
E06000051,Library,2024-03-01/P1M,23927,,,
E06000051,Shared building,2023-04-01/P1M,27957,,,
E06000051,Shared building,2023-05-01/P1M,28404,,,
E06000051,Shared building,2023-06-01/P1M,31561,,,
E06000051,Shared building,2023-07-01/P1M,32450,,,
E06000051,Shared building,2023-08-01/P1M,34520,,,
E06000051,Shared building,2023-09-01/P1M,31874,,,
E06000051,Shared building,2023-10-01/P1M,28836,,,
E06000051,Shared building,2023-11-01/P1M,28047,,,
E06000051,Shared building,2023-12-01/P1M,20227,,,
E06000051,Shared building,2024-01-01/P1M,29553,,,
E06000051,Shared building,2024-02-01/P1M,28925,,,
E06000051,Shared building,2024-03-01/P1M,28972,,,
E06000051,Mobile library,2023-04-01/P1Y,1899,,,
E06000051,Home delivery,2023-04-01/P1Y,82,,,
E08000029,Library,2023-04-01/P1M,14330,,,
E08000029,Library,2023-05-01/P1M,15318,,,
E08000029,Library,2023-06-01/P1M,16896,,,
E08000029,Library,2023-07-01/P1M,20645,,,
E08000029,Library,2023-08-01/P1M,21941,,,
E08000029,Library,2023-09-01/P1M,18575,,,
E08000029,Library,2023-10-01/P1M,19669,,,
E08000029,Library,2023-11-01/P1M,16968,,,
E08000029,Library,2023-12-01/P1M,12157,,,
E08000029,Library,2024-01-01/P1M,15460,,,
E08000029,Library,2024-02-01/P1M,19244,,,
E08000029,Library,2024-03-01/P1M,18930,,,
E08000029,Shared building,2023-04-01/P1M,11257,,,
E08000029,Shared building,2023-05-01/P1M,11044,,,
E08000029,Shared building,2023-06-01/P1M,11095,,,
E08000029,Shared building,2023-07-01/P1M,11496,,,
E08000029,Shared building,2023-08-01/P1M,12525,,,
E08000029,Shared building,2023-09-01/P1M,8645,,,
E08000029,Shared building,2023-10-01/P1M,9784,,,
E08000029,Shared building,2023-11-01/P1M,1862,,,
E08000029,Shared building,2023-12-01/P1M,8758,,,
E08000029,Shared building,2024-01-01/P1M,10296,,,
E08000029,Shared building,2024-02-01/P1M,8341,,,
E08000029,Shared building,2024-03-01/P1M,9393,,,
E08000029,Home delivery,2023-04-01/P1M,145,,,
E08000029,Home delivery,2023-05-01/P1M,145,,,
E08000029,Home delivery,2023-06-01/P1M,152,,,
E08000029,Home delivery,2023-07-01/P1M,158,,,
E08000029,Home delivery,2023-08-01/P1M,143,,,
E08000029,Home delivery,2023-09-01/P1M,146,,,
E08000029,Home delivery,2023-10-01/P1M,147,,,
E08000029,Home delivery,2023-11-01/P1M,147,,,
E08000029,Home delivery,2023-12-01/P1M,147,,,
E08000029,Home delivery,2024-01-01/P1M,146,,,
E08000029,Home delivery,2024-02-01/P1M,147,,,
E08000029,Home delivery,2024-03-01/P1M,145,,,
E06000066,Library,2023-04-01/P1M,47454,,,
E06000066,Library,2023-05-01/P1M,45508,,,
E06000066,Library,2023-06-01/P1M,48512,,,
E06000066,Library,2023-07-01/P1M,56243,,,
E06000066,Library,2023-08-01/P1M,59288,,,
E06000066,Library,2023-09-01/P1M,49027,,,
E06000066,Library,2023-10-01/P1M,49068,,,
E06000066,Library,2023-11-01/P1M,46723,,,
E06000066,Library,2023-12-01/P1M,40357,,,
E06000066,Library,2024-01-01/P1M,47136,,,
E06000066,Library,2024-02-01/P1M,48278,,,
E06000066,Library,2024-03-01/P1M,48084,,,
E06000066,Shared building,2023-04-01/P1M,20768,,,
E06000066,Shared building,2023-05-01/P1M,19665,,,
E06000066,Shared building,2023-06-01/P1M,22083,,,
E06000066,Shared building,2023-07-01/P1M,28617,,,
E06000066,Shared building,2023-08-01/P1M,34024,,,
E06000066,Shared building,2023-09-01/P1M,29517,,,
E06000066,Shared building,2023-10-01/P1M,30540,,,
E06000066,Shared building,2023-11-01/P1M,27906,,,
E06000066,Shared building,2023-12-01/P1M,22988,,,
E06000066,Shared building,2024-01-01/P1M,28375,,,
E06000066,Shared building,2024-02-01/P1M,27921,,,
E06000066,Shared building,2024-03-01/P1M,26975,,,
E06000025,Library,2023-04-01/P1M,47099,,,
E06000025,Library,2023-05-01/P1M,46289,,,
E06000025,Library,2023-06-01/P1M,47640,,,
E06000025,Library,2023-07-01/P1M,58531,,,
E06000025,Library,2023-08-01/P1M,59472,,,
E06000025,Library,2023-09-01/P1M,50773,,,
E06000025,Library,2023-10-01/P1M,52968,,,
E06000025,Library,2023-11-01/P1M,50416,,,
E06000025,Library,2023-12-01/P1M,41300,,,
E06000025,Library,2024-01-01/P1M,50876,,,
E06000025,Library,2024-02-01/P1M,52650,,,
E06000025,Library,2024-03-01/P1M,51170,,,
E06000025,Mobile library,2023-04-01/P1M,21,,,
E06000025,Mobile library,2023-05-01/P1M,20,,,
E06000025,Mobile library,2023-06-01/P1M,19,,,
E06000025,Mobile library,2023-07-01/P1M,20,,,
E06000025,Mobile library,2023-08-01/P1M,21,,,
E06000025,Mobile library,2023-09-01/P1M,21,,,
E06000025,Home delivery,2023-04-01/P1Y,352,,,
E08000023,Home delivery,2023-04-01/P1M,1578,,,
E08000023,Home delivery,2023-05-01/P1M,1162,,,
E08000023,Home delivery,2023-06-01/P1M,1307,,,
E08000023,Home delivery,2023-07-01/P1M,1100,,,
E08000023,Home delivery,2023-08-01/P1M,759,,,
E08000023,Home delivery,2023-09-01/P1M,1176,,,
E08000023,Home delivery,2023-10-01/P1M,1411,,,
E08000023,Home delivery,2023-11-01/P1M,1516,,,
E08000023,Home delivery,2023-12-01/P1M,684,,,
E08000023,Home delivery,2024-01-01/P1M,1567,,,
E08000023,Home delivery,2024-02-01/P1M,1496,,,
E08000023,Home delivery,2024-03-01/P1M,1372,,,
E09000028,Library,2023-04-01/P1M,76718,,,
E09000028,Library,2023-05-01/P1M,83072,,,
E09000028,Library,2023-06-01/P1M,78879,,,
E09000028,Library,2023-07-01/P1M,86405,,,
E09000028,Library,2023-08-01/P1M,84028,,,
E09000028,Library,2023-09-01/P1M,96301,,,
E09000028,Library,2023-10-01/P1M,104242,,,
E09000028,Library,2023-11-01/P1M,118462,,,
E09000028,Library,2023-12-01/P1M,105640,,,
E09000028,Library,2024-01-01/P1M,111970,,,
E09000028,Library,2024-02-01/P1M,116343,,,
E09000028,Library,2024-03-01/P1M,115307,,,
E09000028,Shared building,2023-04-01/P1M,26274,,,
E09000028,Shared building,2023-05-01/P1M,25924,,,
E09000028,Shared building,2023-06-01/P1M,26258,,,
E09000028,Shared building,2023-07-01/P1M,25309,,,
E09000028,Shared building,2023-08-01/P1M,24157,,,
E09000028,Shared building,2023-09-01/P1M,26685,,,
E09000028,Shared building,2023-10-01/P1M,28915,,,
E09000028,Shared building,2023-11-01/P1M,29384,,,
E09000028,Shared building,2023-12-01/P1M,23477,,,
E09000028,Shared building,2024-01-01/P1M,29301,,,
E09000028,Shared building,2024-02-01/P1M,28447,,,
E09000028,Shared building,2024-03-01/P1M,28273,,,
E09000028,Home delivery,2023-04-01/P1M,137,,,
E09000028,Home delivery,2023-05-01/P1M,156,,,
E09000028,Home delivery,2023-06-01/P1M,180,,,
E09000028,Home delivery,2023-07-01/P1M,90,,,
E09000028,Home delivery,2023-08-01/P1M,170,,,
E09000028,Home delivery,2023-09-01/P1M,168,,,
E09000028,Home delivery,2023-10-01/P1M,177,,,
E09000028,Home delivery,2023-11-01/P1M,172,,,
E09000028,Home delivery,2023-12-01/P1M,148,,,
E09000028,Home delivery,2024-01-01/P1M,172,,,
E09000028,Home delivery,2024-02-01/P1M,167,,,
E09000028,Home delivery,2024-03-01/P1M,146,,,
E08000013,Library,2023-04-01/P1M,14505,,,
E08000013,Library,2023-05-01/P1M,14256,,,
E08000013,Library,2023-06-01/P1M,17054,,,
E08000013,Library,2023-07-01/P1M,20998,,,
E08000013,Library,2023-08-01/P1M,21427,,,
E08000013,Library,2023-09-01/P1M,19275,,,
E08000013,Library,2023-10-01/P1M,18359,,,
E08000013,Library,2023-11-01/P1M,16950,,,
E08000013,Library,2023-12-01/P1M,12084,,,
E08000013,Library,2024-01-01/P1M,14237,,,
E08000013,Library,2024-02-01/P1M,13054,,,
E08000013,Library,2024-03-01/P1M,13014,,,
E08000013,Shared building,2023-04-01/P1M,4790,,,
E08000013,Shared building,2023-05-01/P1M,4227,,,
E08000013,Shared building,2023-06-01/P1M,4457,,,
E08000013,Shared building,2023-07-01/P1M,5733,,,
E08000013,Shared building,2023-08-01/P1M,6407,,,
E08000013,Shared building,2023-09-01/P1M,5359,,,
E08000013,Shared building,2023-10-01/P1M,5832,,,
E08000013,Shared building,2023-11-01/P1M,4949,,,
E08000013,Shared building,2023-12-01/P1M,4059,,,
E08000013,Shared building,2024-01-01/P1M,5047,,,
E08000013,Shared building,2024-02-01/P1M,6371,,,
E08000013,Shared building,2024-03-01/P1M,5652,,,
E08000013,Home delivery,2023-04-01/P1M,1018,,,
E08000013,Home delivery,2023-05-01/P1M,876,,,
E08000013,Home delivery,2023-06-01/P1M,938,,,
E08000013,Home delivery,2023-07-01/P1M,1143,,,
E08000013,Home delivery,2023-08-01/P1M,1030,,,
E08000013,Home delivery,2023-09-01/P1M,1066,,,
E08000013,Home delivery,2023-10-01/P1M,686,,,
E08000013,Home delivery,2023-11-01/P1M,939,,,
E08000013,Home delivery,2023-12-01/P1M,1165,,,
E08000013,Home delivery,2024-01-01/P1M,1663,,,
E08000013,Home delivery,2024-02-01/P1M,1415,,,
E08000013,Home delivery,2024-03-01/P1M,1129,,,
E10000028,Library,2023-04-01/P1M,81975,,,
E10000028,Library,2023-05-01/P1M,83187,,,
E10000028,Library,2023-06-01/P1M,93759,,,
E10000028,Library,2023-07-01/P1M,114212,,,
E10000028,Library,2023-08-01/P1M,112988,,,
E10000028,Library,2023-09-01/P1M,107996,,,
E10000028,Library,2023-10-01/P1M,111523,,,
E10000028,Library,2023-11-01/P1M,109290,,,
E10000028,Library,2023-12-01/P1M,88996,,,
E10000028,Library,2024-01-01/P1M,104778,,,
E10000028,Library,2024-02-01/P1M,106735,,,
E10000028,Library,2024-03-01/P1M,110793,,,
E10000028,Shared building,2023-04-01/P1M,53421,,,
E10000028,Shared building,2023-05-01/P1M,53721,,,
E10000028,Shared building,2023-06-01/P1M,57402,,,
E10000028,Shared building,2023-07-01/P1M,63611,,,
E10000028,Shared building,2023-08-01/P1M,72829,,,
E10000028,Shared building,2023-09-01/P1M,59098,,,
E10000028,Shared building,2023-10-01/P1M,61658,,,
E10000028,Shared building,2023-11-01/P1M,61094,,,
E10000028,Shared building,2023-12-01/P1M,49742,,,
E10000028,Shared building,2024-01-01/P1M,60434,,,
E10000028,Shared building,2024-02-01/P1M,58888,,,
E10000028,Shared building,2024-03-01/P1M,62119,,,
E10000028,Mobile library,2023-04-01/P1M,149,,,
E10000028,Mobile library,2023-05-01/P1M,136,,,
E10000028,Mobile library,2023-06-01/P1M,186,,,
E10000028,Mobile library,2023-07-01/P1M,177,,,
E10000028,Mobile library,2023-08-01/P1M,184,,,
E10000028,Mobile library,2023-09-01/P1M,178,,,
E10000028,Mobile library,2023-10-01/P1M,184,,,
E10000028,Mobile library,2023-11-01/P1M,174,,,
E10000028,Mobile library,2023-12-01/P1M,158,,,
E10000028,Mobile library,2024-01-01/P1M,160,,,
E10000028,Mobile library,2024-02-01/P1M,168,,,
E10000028,Mobile library,2024-03-01/P1M,164,,,
E10000028,Home delivery,2023-04-01/P1M,103,,,
E10000028,Home delivery,2023-05-01/P1M,102,,,
E10000028,Home delivery,2023-06-01/P1M,104,,,
E10000028,Home delivery,2023-07-01/P1M,94,,,
E10000028,Home delivery,2023-08-01/P1M,88,,,
E10000028,Home delivery,2023-09-01/P1M,92,,,
E10000028,Home delivery,2023-10-01/P1M,110,,,
E10000028,Home delivery,2023-11-01/P1M,113,,,
E10000028,Home delivery,2023-12-01/P1M,103,,,
E10000028,Home delivery,2024-01-01/P1M,101,,,
E10000028,Home delivery,2024-02-01/P1M,104,,,
E10000028,Home delivery,2024-03-01/P1M,104,,,
E08000007,Library,2023-04-01/P1M,42522,,,
E08000007,Library,2023-05-01/P1M,51058,,,
E08000007,Library,2023-06-01/P1M,40112,,,
E08000007,Library,2023-07-01/P1M,40763,,,
E08000007,Library,2023-08-01/P1M,50438,,,
E08000007,Library,2023-09-01/P1M,38427,,,
E08000007,Library,2023-10-01/P1M,40044,,,
E08000007,Library,2023-11-01/P1M,48189,,,
E08000007,Library,2023-12-01/P1M,30475,,,
E08000007,Library,2024-01-01/P1M,49655,,,
E08000007,Library,2024-02-01/P1M,43643,,,
E08000007,Library,2024-03-01/P1M,39159,,,
E08000007,Shared building,2023-04-01/P1M,3910,,,
E08000007,Shared building,2023-05-01/P1M,4203,,,
E08000007,Shared building,2023-06-01/P1M,3272,,,
E08000007,Shared building,2023-07-01/P1M,4034,,,
E08000007,Shared building,2023-08-01/P1M,4373,,,
E08000007,Shared building,2023-09-01/P1M,3492,,,
E08000007,Shared building,2023-10-01/P1M,3539,,,
E08000007,Shared building,2023-11-01/P1M,3702,,,
E08000007,Shared building,2023-12-01/P1M,2241,,,
E08000007,Shared building,2024-01-01/P1M,3743,,,
E08000007,Shared building,2024-02-01/P1M,4620,,,
E08000007,Shared building,2024-03-01/P1M,4309,,,
E08000007,Home delivery,2023-04-01/P1M,2726,,,
E08000007,Home delivery,2023-05-01/P1M,2130,,,
E08000007,Home delivery,2023-06-01/P1M,2474,,,
E08000007,Home delivery,2023-07-01/P1M,1716,,,
E08000007,Home delivery,2023-08-01/P1M,3011,,,
E08000007,Home delivery,2023-09-01/P1M,1853,,,
E08000007,Home delivery,2023-10-01/P1M,2516,,,
E08000007,Home delivery,2023-11-01/P1M,2505,,,
E08000007,Home delivery,2023-12-01/P1M,2168,,,
E08000007,Home delivery,2024-01-01/P1M,2280,,,
E08000007,Home delivery,2024-02-01/P1M,2856,,,
E08000007,Home delivery,2024-03-01/P1M,2261,,,
E06000004,Library,2023-04-01/P1M,2420,,,
E06000004,Library,2023-05-01/P1M,2560,,,
E06000004,Library,2023-06-01/P1M,2301,,,
E06000004,Library,2023-07-01/P1M,2512,,,
E06000004,Library,2023-08-01/P1M,2321,,,
E06000004,Library,2023-09-01/P1M,2430,,,
E06000004,Library,2023-10-01/P1M,2405,,,
E06000004,Library,2023-11-01/P1M,2117,,,
E06000004,Library,2023-12-01/P1M,1872,,,
E06000004,Library,2024-01-01/P1M,2333,,,
E06000004,Library,2024-02-01/P1M,2440,,,
E06000004,Library,2024-03-01/P1M,2172,,,
E06000004,Shared building,2023-04-01/P1M,33097,,,
E06000004,Shared building,2023-05-01/P1M,29345,,,
E06000004,Shared building,2023-06-01/P1M,29218,,,
E06000004,Shared building,2023-07-01/P1M,37886,,,
E06000004,Shared building,2023-08-01/P1M,28030,,,
E06000004,Shared building,2023-09-01/P1M,30551,,,
E06000004,Shared building,2023-10-01/P1M,30718,,,
E06000004,Shared building,2023-11-01/P1M,28146,,,
E06000004,Shared building,2023-12-01/P1M,22256,,,
E06000004,Shared building,2024-01-01/P1M,23664,,,
E06000004,Shared building,2024-02-01/P1M,29871,,,
E06000004,Shared building,2024-03-01/P1M,30065,,,
E06000004,Mobile library,2023-04-01/P1M,1164,,,
E06000004,Mobile library,2023-05-01/P1M,619,,,
E06000004,Mobile library,2023-06-01/P1M,1049,,,
E06000004,Mobile library,2023-07-01/P1M,899,,,
E06000004,Mobile library,2023-08-01/P1M,314,,,
E06000004,Mobile library,2023-09-01/P1M,1023,,,
E06000004,Mobile library,2023-10-01/P1M,1189,,,
E06000004,Mobile library,2023-11-01/P1M,980,,,
E06000004,Mobile library,2023-12-01/P1M,269,,,
E06000004,Mobile library,2024-01-01/P1M,977,,,
E06000004,Mobile library,2024-02-01/P1M,912,,,
E06000004,Mobile library,2024-03-01/P1M,799,,,
E06000004,Home delivery,2023-04-01/P1M,292,,,
E06000004,Home delivery,2023-05-01/P1M,360,,,
E06000004,Home delivery,2023-06-01/P1M,299,,,
E06000004,Home delivery,2023-07-01/P1M,367,,,
E06000004,Home delivery,2023-08-01/P1M,295,,,
E06000004,Home delivery,2023-09-01/P1M,294,,,
E06000004,Home delivery,2023-10-01/P1M,382,,,
E06000004,Home delivery,2023-11-01/P1M,276,,,
E06000004,Home delivery,2023-12-01/P1M,210,,,
E06000004,Home delivery,2024-01-01/P1M,362,,,
E06000004,Home delivery,2024-02-01/P1M,308,,,
E06000004,Home delivery,2024-03-01/P1M,301,,,
E06000021,Library,2023-04-01/P1M,20231,,,
E06000021,Library,2023-05-01/P1M,19382,,,
E06000021,Library,2023-06-01/P1M,21081,,,
E06000021,Library,2023-07-01/P1M,21532,,,
E06000021,Library,2023-08-01/P1M,20115,,,
E06000021,Library,2023-09-01/P1M,18990,,,
E06000021,Library,2023-10-01/P1M,21247,,,
E06000021,Library,2023-11-01/P1M,22716,,,
E06000021,Library,2023-12-01/P1M,14966,,,
E06000021,Library,2024-01-01/P1M,22996,,,
E06000021,Library,2024-02-01/P1M,23096,,,
E06000021,Library,2024-03-01/P1M,21924,,,
E06000021,Home delivery,2023-04-01/P1M,90,,,
E06000021,Home delivery,2023-05-01/P1M,106,,,
E06000021,Home delivery,2023-06-01/P1M,119,,,
E06000021,Home delivery,2023-07-01/P1M,117,,,
E06000021,Home delivery,2023-08-01/P1M,118,,,
E06000021,Home delivery,2023-09-01/P1M,108,,,
E06000021,Home delivery,2023-10-01/P1M,109,,,
E06000021,Home delivery,2023-11-01/P1M,120,,,
E06000021,Home delivery,2023-12-01/P1M,83,,,
E06000021,Home delivery,2024-01-01/P1M,43,,,
E06000021,Home delivery,2024-02-01/P1M,115,,,
E06000021,Home delivery,2024-03-01/P1M,99,,,
E10000029,Library,2023-04-01/P3M,430090,,,
E10000029,Library,2023-07-01/P3M,488740,,,
E10000029,Library,2023-10-01/P3M,448371,,,
E10000029,Library,2024-01-01/P3M,450564,,,
E08000024,Library,2023-04-01/P1Y,2703,,,
E08000024,Shared building,2023-04-01/P1Y,2885,,,
E08000024,Home delivery,2023-04-01/P1M,135,,,
E08000024,Home delivery,2023-05-01/P1M,110,,,
E08000024,Home delivery,2023-06-01/P1M,55,,,
E08000024,Home delivery,2023-07-01/P1M,119,,,
E08000024,Home delivery,2023-08-01/P1M,138,,,
E08000024,Home delivery,2023-09-01/P1M,124,,,
E08000024,Home delivery,2023-10-01/P1M,152,,,
E08000024,Home delivery,2023-11-01/P1M,81,,,
E08000024,Home delivery,2023-12-01/P1M,109,,,
E08000024,Home delivery,2024-01-01/P1M,102,,,
E08000024,Home delivery,2024-02-01/P1M,138,,,
E08000024,Home delivery,2024-03-01/P1M,159,,,
E10000030,Library,2023-04-01/P1M,108081,,,
E10000030,Library,2023-05-01/P1M,122920,,,
E10000030,Library,2023-06-01/P1M,115142,,,
E10000030,Library,2023-07-01/P1M,130806,,,
E10000030,Library,2023-08-01/P1M,150911,,,
E10000030,Library,2023-09-01/P1M,127428,,,
E10000030,Library,2023-10-01/P1M,118074,,,
E10000030,Library,2023-11-01/P1M,117860,,,
E10000030,Library,2023-12-01/P1M,99819,,,
E10000030,Library,2024-01-01/P1M,116395,,,
E10000030,Library,2024-02-01/P1M,122359,,,
E10000030,Library,2024-03-01/P1M,126831,,,
E10000030,Shared building,2023-04-01/P1M,86488,,,
E10000030,Shared building,2023-05-01/P1M,93206,,,
E10000030,Shared building,2023-06-01/P1M,82732,,,
E10000030,Shared building,2023-07-01/P1M,99747,,,
E10000030,Shared building,2023-08-01/P1M,114806,,,
E10000030,Shared building,2023-09-01/P1M,101591,,,
E10000030,Shared building,2023-10-01/P1M,100433,,,
E10000030,Shared building,2023-11-01/P1M,94612,,,
E10000030,Shared building,2023-12-01/P1M,77375,,,
E10000030,Shared building,2024-01-01/P1M,94494,,,
E10000030,Shared building,2024-02-01/P1M,89600,,,
E10000030,Shared building,2024-03-01/P1M,89992,,,
E10000030,Home delivery,2023-04-01/P1M,144,,,
E10000030,Home delivery,2023-05-01/P1M,147,,,
E10000030,Home delivery,2023-06-01/P1M,145,,,
E10000030,Home delivery,2023-07-01/P1M,142,,,
E10000030,Home delivery,2023-08-01/P1M,143,,,
E10000030,Home delivery,2023-09-01/P1M,136,,,
E10000030,Home delivery,2023-10-01/P1M,137,,,
E10000030,Home delivery,2023-11-01/P1M,139,,,
E10000030,Home delivery,2023-12-01/P1M,137,,,
E10000030,Home delivery,2024-01-01/P1M,140,,,
E10000030,Home delivery,2024-02-01/P1M,137,,,
E10000030,Home delivery,2024-03-01/P1M,140,,,
E06000030,Library,2023-04-01/P1M,18262,,,
E06000030,Library,2023-05-01/P1M,19545,,,
E06000030,Library,2023-06-01/P1M,22858,,,
E06000030,Library,2023-07-01/P1M,27422,,,
E06000030,Library,2023-08-01/P1M,30317,,,
E06000030,Library,2023-09-01/P1M,23831,,,
E06000030,Library,2023-10-01/P1M,21660,,,
E06000030,Library,2023-11-01/P1M,23239,,,
E06000030,Library,2023-12-01/P1M,20920,,,
E06000030,Library,2024-01-01/P1M,22062,,,
E06000030,Library,2024-02-01/P1M,19815,,,
E06000030,Library,2024-03-01/P1M,20073,,,
E06000030,Home delivery,2023-04-01/P1M,40,,,
E06000030,Home delivery,2023-05-01/P1M,40,,,
E06000030,Home delivery,2023-06-01/P1M,50,,,
E06000030,Home delivery,2023-07-01/P1M,45,,,
E06000030,Home delivery,2023-08-01/P1M,51,,,
E06000030,Home delivery,2023-09-01/P1M,52,,,
E06000030,Home delivery,2023-10-01/P1M,27,,,
E06000030,Home delivery,2023-11-01/P1M,32,,,
E06000030,Home delivery,2023-12-01/P1M,40,,,
E06000030,Home delivery,2024-01-01/P1M,26,,,
E06000030,Home delivery,2024-02-01/P1M,35,,,
E06000030,Home delivery,2024-03-01/P1M,47,,,
E08000008,Library,2023-04-01/P1M,4661,,,
E08000008,Library,2023-05-01/P1M,4716,,,
E08000008,Library,2023-06-01/P1M,4105,,,
E08000008,Library,2023-07-01/P1M,4831,,,
E08000008,Library,2023-08-01/P1M,5367,,,
E08000008,Library,2023-09-01/P1M,4799,,,
E08000008,Library,2023-10-01/P1M,5421,,,
E08000008,Library,2023-11-01/P1M,49433,4943,replaced,November physical visits entered as 49433 (10x typo for 4943; other months range 3.2k-5.4k)
E08000008,Library,2023-12-01/P1M,3217,,,
E08000008,Library,2024-01-01/P1M,4869,,,
E08000008,Library,2024-02-01/P1M,4761,,,
E08000008,Library,2024-03-01/P1M,4309,,,
E08000008,Shared building,2023-04-01/P1M,26429,,,
E08000008,Shared building,2023-05-01/P1M,28164,,,
E08000008,Shared building,2023-06-01/P1M,28354,,,
E08000008,Shared building,2023-07-01/P1M,30028,,,
E08000008,Shared building,2023-08-01/P1M,32069,,,
E08000008,Shared building,2023-09-01/P1M,30199,,,
E08000008,Shared building,2023-10-01/P1M,29034,,,
E08000008,Shared building,2023-11-01/P1M,29484,,,
E08000008,Shared building,2023-12-01/P1M,19421,,,
E08000008,Shared building,2024-01-01/P1M,27128,,,
E08000008,Shared building,2024-02-01/P1M,26993,,,
E08000008,Shared building,2024-03-01/P1M,26998,,,
E08000008,Home delivery,2023-04-01/P1M,155,,,
E08000008,Home delivery,2023-05-01/P1M,185,,,
E08000008,Home delivery,2023-06-01/P1M,180,,,
E08000008,Home delivery,2023-07-01/P1M,169,,,
E08000008,Home delivery,2023-08-01/P1M,194,,,
E08000008,Home delivery,2023-09-01/P1M,139,,,
E08000008,Home delivery,2023-10-01/P1M,173,,,
E08000008,Home delivery,2023-11-01/P1M,193,,,
E08000008,Home delivery,2023-12-01/P1M,127,,,
E08000008,Home delivery,2024-01-01/P1M,207,,,
E08000008,Home delivery,2024-02-01/P1M,201,,,
E08000008,Home delivery,2024-03-01/P1M,168,,,
E06000034,Library,2023-04-01/P1M,19874,,,
E06000034,Library,2023-05-01/P1M,24262,,,
E06000034,Library,2023-06-01/P1M,23338,,,
E06000034,Library,2023-07-01/P1M,25891,,,
E06000034,Library,2023-08-01/P1M,31521,,,
E06000034,Library,2023-09-01/P1M,24406,,,
E06000034,Library,2023-10-01/P1M,24365,,,
E06000034,Library,2023-11-01/P1M,21933,,,
E06000034,Library,2023-12-01/P1M,20274,,,
E06000034,Library,2024-01-01/P1M,21616,,,
E06000034,Library,2024-02-01/P1M,21859,,,
E06000034,Library,2024-03-01/P1M,21243,,,
E06000034,Shared building,2023-04-01/P1M,25571,,,
E06000034,Shared building,2023-05-01/P1M,16855,,,
E06000034,Shared building,2023-06-01/P1M,18593,,,
E06000034,Shared building,2023-07-01/P1M,17942,,,
E06000034,Shared building,2023-08-01/P1M,17027,,,
E06000034,Shared building,2023-09-01/P1M,14173,,,
E06000034,Shared building,2023-10-01/P1M,18304,,,
E06000034,Shared building,2023-11-01/P1M,21212,,,
E06000034,Shared building,2023-12-01/P1M,28795,,,
E06000034,Shared building,2024-01-01/P1M,20176,,,
E06000034,Shared building,2024-02-01/P1M,20901,,,
E06000034,Shared building,2024-03-01/P1M,23970,,,
E06000034,Home delivery,2023-04-01/P1M,115,,,
E06000034,Home delivery,2023-05-01/P1M,115,,,
E06000034,Home delivery,2023-06-01/P1M,115,,,
E06000034,Home delivery,2023-07-01/P1M,115,,,
E06000034,Home delivery,2023-08-01/P1M,115,,,
E06000034,Home delivery,2023-09-01/P1M,115,,,
E06000034,Home delivery,2023-10-01/P1M,115,,,
E06000034,Home delivery,2023-11-01/P1M,115,,,
E06000034,Home delivery,2023-12-01/P1M,115,,,
E06000034,Home delivery,2024-01-01/P1M,115,,,
E06000034,Home delivery,2024-02-01/P1M,115,,,
E06000034,Home delivery,2024-03-01/P1M,115,,,
E06000027,Library,2023-04-01/P1M,12670,,,
E06000027,Library,2023-05-01/P1M,13418,,,
E06000027,Library,2023-06-01/P1M,13370,,,
E06000027,Library,2023-07-01/P1M,15716,,,
E06000027,Library,2023-08-01/P1M,15953,,,
E06000027,Library,2023-09-01/P1M,13820,,,
E06000027,Library,2023-10-01/P1M,14789,,,
E06000027,Library,2023-11-01/P1M,14232,,,
E06000027,Library,2023-12-01/P1M,11329,,,
E06000027,Library,2024-01-01/P1M,13502,,,
E06000027,Library,2024-02-01/P1M,13677,,,
E06000027,Library,2024-03-01/P1M,13841,,,
E06000027,Shared building,2023-04-01/P1M,12334,,,
E06000027,Shared building,2023-05-01/P1M,12294,,,
E06000027,Shared building,2023-06-01/P1M,14187,,,
E06000027,Shared building,2023-07-01/P1M,14341,,,
E06000027,Shared building,2023-08-01/P1M,15335,,,
E06000027,Shared building,2023-09-01/P1M,12515,,,
E06000027,Shared building,2023-10-01/P1M,14293,,,
E06000027,Shared building,2023-11-01/P1M,13926,,,
E06000027,Shared building,2023-12-01/P1M,9966,,,
E06000027,Shared building,2024-01-01/P1M,13267,,,
E06000027,Shared building,2024-02-01/P1M,12720,,,
E06000027,Shared building,2024-03-01/P1M,13137,,,
E06000027,Home delivery,2023-04-01/P1M,69,,,
E06000027,Home delivery,2023-05-01/P1M,62,,,
E06000027,Home delivery,2023-06-01/P1M,89,,,
E06000027,Home delivery,2023-07-01/P1M,82,,,
E06000027,Home delivery,2023-08-01/P1M,79,,,
E06000027,Home delivery,2023-09-01/P1M,83,,,
E06000027,Home delivery,2023-10-01/P1M,66,,,
E06000027,Home delivery,2023-11-01/P1M,67,,,
E06000027,Home delivery,2023-12-01/P1M,57,,,
E06000027,Home delivery,2024-01-01/P1M,73,,,
E06000027,Home delivery,2024-02-01/P1M,70,,,
E06000027,Home delivery,2024-03-01/P1M,77,,,
E09000030,Library,2023-04-01/P1M,10207,,,
E09000030,Library,2023-05-01/P1M,9724,,,
E09000030,Library,2023-06-01/P1M,8490,,,
E09000030,Library,2023-07-01/P1M,11212,,,
E09000030,Library,2023-08-01/P1M,12065,,,
E09000030,Library,2023-09-01/P1M,10726,,,
E09000030,Library,2023-10-01/P1M,11382,,,
E09000030,Library,2023-11-01/P1M,9989,,,
E09000030,Library,2023-12-01/P1M,7214,,,
E09000030,Library,2024-01-01/P1M,11127,,,
E09000030,Library,2024-02-01/P1M,9321,,,
E09000030,Library,2024-03-01/P1M,10009,,,
E09000030,Shared building,2023-04-01/P1M,94772,,,
E09000030,Shared building,2023-05-01/P1M,106048,,,
E09000030,Shared building,2023-06-01/P1M,104226,,,
E09000030,Shared building,2023-07-01/P1M,101935,,,
E09000030,Shared building,2023-08-01/P1M,103684,,,
E09000030,Shared building,2023-09-01/P1M,104906,,,
E09000030,Shared building,2023-10-01/P1M,111563,,,
E09000030,Shared building,2023-11-01/P1M,87993,,,
E09000030,Shared building,2023-12-01/P1M,86596,,,
E09000030,Shared building,2024-01-01/P1M,113119,,,
E09000030,Shared building,2024-02-01/P1M,108673,,,
E09000030,Shared building,2024-03-01/P1M,104128,,,
E09000026,Library,2023-04-01/P1M,39759,,,
E09000026,Library,2023-05-01/P1M,38492,,,
E09000026,Library,2023-06-01/P1M,40350,,,
E09000026,Library,2023-07-01/P1M,40373,,,
E09000026,Library,2023-08-01/P1M,40282,,,
E09000026,Library,2023-09-01/P1M,42485,,,
E09000026,Library,2023-10-01/P1M,45811,,,
E09000026,Library,2023-11-01/P1M,46627,,,
E09000026,Library,2023-12-01/P1M,40635,,,
E09000026,Library,2024-01-01/P1M,49899,,,
E09000026,Library,2024-02-01/P1M,51583,,,
E09000026,Library,2024-03-01/P1M,53881,,,
E09000026,Shared building,2023-04-01/P1M,51948,,,
E09000026,Shared building,2023-05-01/P1M,59374,,,
E09000026,Shared building,2023-06-01/P1M,54800,,,
E09000026,Shared building,2023-07-01/P1M,46448,,,
E09000026,Shared building,2023-08-01/P1M,51079,,,
E09000026,Shared building,2023-09-01/P1M,48062,,,
E09000026,Shared building,2023-10-01/P1M,53069,,,
E09000026,Shared building,2023-11-01/P1M,50927,,,
E09000026,Shared building,2023-12-01/P1M,42374,,,
E09000026,Shared building,2024-01-01/P1M,50712,,,
E09000026,Shared building,2024-02-01/P1M,53870,,,
E09000026,Shared building,2024-03-01/P1M,52546,,,
E09000026,Home delivery,2023-04-01/P1M,32,,,
E09000026,Home delivery,2023-05-01/P1M,30,,,
E09000026,Home delivery,2023-06-01/P1M,37,,,
E09000026,Home delivery,2023-07-01/P1M,40,,,
E09000026,Home delivery,2023-08-01/P1M,33,,,
E09000026,Home delivery,2023-09-01/P1M,21,,,
E09000026,Home delivery,2023-10-01/P1M,25,,,
E09000026,Home delivery,2023-11-01/P1M,43,,,
E09000026,Home delivery,2023-12-01/P1M,45,,,
E09000026,Home delivery,2024-01-01/P1M,32,,,
E09000026,Home delivery,2024-02-01/P1M,28,,,
E09000026,Home delivery,2024-03-01/P1M,28,,,
E08000036,Library,2023-04-01/P1M,61849,,,
E08000036,Library,2023-05-01/P1M,56714,,,
E08000036,Library,2023-06-01/P1M,59939,,,
E08000036,Library,2023-07-01/P1M,64434,,,
E08000036,Library,2023-08-01/P1M,69863,,,
E08000036,Library,2023-09-01/P1M,60113,,,
E08000036,Library,2023-10-01/P1M,64295,,,
E08000036,Library,2023-11-01/P1M,68360,,,
E08000036,Library,2023-12-01/P1M,47530,,,
E08000036,Library,2024-01-01/P1M,67867,,,
E08000036,Library,2024-02-01/P1M,67605,,,
E08000036,Library,2024-03-01/P1M,69405,,,
E08000036,Mobile library,2023-04-01/P1M,81,,,
E08000036,Mobile library,2023-05-01/P1M,257,,,
E08000036,Mobile library,2023-06-01/P1M,114,,,
E08000036,Mobile library,2023-07-01/P1M,72,,,
E08000036,Mobile library,2023-08-01/P1M,123,,,
E08000036,Mobile library,2023-09-01/P1M,76,,,
E08000036,Mobile library,2023-10-01/P1M,65,,,
E08000036,Mobile library,2023-11-01/P1M,92,,,
E08000036,Mobile library,2023-12-01/P1M,41,,,
E08000036,Mobile library,2024-01-01/P1M,103,,,
E08000036,Mobile library,2024-02-01/P1M,73,,,
E08000036,Mobile library,2024-03-01/P1M,86,,,
E08000036,Home delivery,2023-04-01/P1M,94,,,
E08000036,Home delivery,2023-05-01/P1M,99,,,
E08000036,Home delivery,2023-06-01/P1M,123,,,
E08000036,Home delivery,2023-07-01/P1M,93,,,
E08000036,Home delivery,2023-08-01/P1M,130,,,
E08000036,Home delivery,2023-09-01/P1M,105,,,
E08000036,Home delivery,2023-10-01/P1M,90,,,
E08000036,Home delivery,2023-11-01/P1M,126,,,
E08000036,Home delivery,2023-12-01/P1M,61,,,
E08000036,Home delivery,2024-01-01/P1M,124,,,
E08000036,Home delivery,2024-02-01/P1M,96,,,
E08000036,Home delivery,2024-03-01/P1M,113,,,
E08000030,Library,2023-04-01/P1M,22140,,,
E08000030,Library,2023-05-01/P1M,23820,,,
E08000030,Library,2023-06-01/P1M,22322,,,
E08000030,Library,2023-07-01/P1M,24386,,,
E08000030,Library,2023-08-01/P1M,29232,,,
E08000030,Library,2023-09-01/P1M,25310,,,
E08000030,Library,2023-10-01/P1M,27032,,,
E08000030,Library,2023-11-01/P1M,26565,,,
E08000030,Library,2023-12-01/P1M,21376,,,
E08000030,Library,2024-01-01/P1M,25500,,,
E08000030,Library,2024-02-01/P1M,20810,,,
E08000030,Library,2024-03-01/P1M,23146,,,
E08000030,Shared building,2023-04-01/P1M,2514,,,
E08000030,Shared building,2023-05-01/P1M,4102,,,
E08000030,Shared building,2023-06-01/P1M,4330,,,
E08000030,Shared building,2023-07-01/P1M,4702,,,
E08000030,Shared building,2023-08-01/P1M,5773,,,
E08000030,Shared building,2023-09-01/P1M,4671,,,
E08000030,Shared building,2023-10-01/P1M,4648,,,
E08000030,Shared building,2023-11-01/P1M,5275,,,
E08000030,Shared building,2023-12-01/P1M,3629,,,
E08000030,Shared building,2024-01-01/P1M,4625,,,
E08000030,Shared building,2024-02-01/P1M,4057,,,
E08000030,Shared building,2024-03-01/P1M,4853,,,
E08000030,Mobile library,2023-04-01/P1M,828,,,
E08000030,Mobile library,2023-05-01/P1M,1265,,,
E08000030,Mobile library,2023-06-01/P1M,1106,,,
E08000030,Mobile library,2023-07-01/P1M,553,,,
E08000030,Mobile library,2023-08-01/P1M,306,,,
E08000030,Mobile library,2023-09-01/P1M,849,,,
E08000030,Mobile library,2023-10-01/P1M,1043,,,
E08000030,Mobile library,2023-11-01/P1M,1092,,,
E08000030,Mobile library,2023-12-01/P1M,757,,,
E08000030,Mobile library,2024-01-01/P1M,1288,,,
E08000030,Mobile library,2024-02-01/P1M,1228,,,
E08000030,Mobile library,2024-03-01/P1M,999,,,
E08000030,Home delivery,2023-04-01/P1M,555,,,
E08000030,Home delivery,2023-05-01/P1M,633,,,
E08000030,Home delivery,2023-06-01/P1M,598,,,
E08000030,Home delivery,2023-07-01/P1M,590,,,
E08000030,Home delivery,2023-08-01/P1M,667,,,
E08000030,Home delivery,2023-09-01/P1M,598,,,
E08000030,Home delivery,2023-10-01/P1M,656,,,
E08000030,Home delivery,2023-11-01/P1M,606,,,
E08000030,Home delivery,2023-12-01/P1M,454,,,
E08000030,Home delivery,2024-01-01/P1M,660,,,
E08000030,Home delivery,2024-02-01/P1M,612,,,
E08000030,Home delivery,2024-03-01/P1M,593,,,
E09000032,Library,2023-04-01/P1M,87905,,,
E09000032,Library,2023-05-01/P1M,77210,,,
E09000032,Library,2023-06-01/P1M,84184,,,
E09000032,Library,2023-07-01/P1M,80363,,,
E09000032,Library,2023-08-01/P1M,85435,,,
E09000032,Library,2023-09-01/P1M,90286,,,
E09000032,Library,2023-10-01/P1M,100941,,,
E09000032,Library,2023-11-01/P1M,102999,,,
E09000032,Library,2023-12-01/P1M,87625,,,
E09000032,Library,2024-01-01/P1M,105607,,,
E09000032,Library,2024-02-01/P1M,104948,,,
E09000032,Library,2024-03-01/P1M,110104,,,
E09000032,Home delivery,2023-04-01/P1M,3281,,,
E09000032,Home delivery,2023-05-01/P1M,3478,,,
E09000032,Home delivery,2023-06-01/P1M,3711,,,
E09000032,Home delivery,2023-07-01/P1M,2477,,,
E09000032,Home delivery,2023-08-01/P1M,3445,,,
E09000032,Home delivery,2023-09-01/P1M,3074,,,
E09000032,Home delivery,2023-10-01/P1M,3172,,,
E09000032,Home delivery,2023-11-01/P1M,3611,,,
E09000032,Home delivery,2023-12-01/P1M,2633,,,
E09000032,Home delivery,2024-01-01/P1M,3842,,,
E09000032,Home delivery,2024-02-01/P1M,3171,,,
E09000032,Home delivery,2024-03-01/P1M,3401,,,
E06000007,Library,2023-04-01/P3M,44561,,,
E06000007,Library,2023-07-01/P3M,57652,,,
E06000007,Library,2023-10-01/P3M,54828,,,
E06000007,Library,2024-01-01/P3M,59483,,,
E06000007,Shared building,2023-04-01/P3M,53529,,,
E06000007,Shared building,2023-07-01/P3M,60408,,,
E06000007,Shared building,2023-10-01/P3M,64624,,,
E06000007,Shared building,2024-01-01/P3M,72510,,,
E10000031,Library,2023-04-01/P1M,35862,,,
E10000031,Library,2023-05-01/P1M,33517,,,
E10000031,Library,2023-06-01/P1M,34996,,,
E10000031,Library,2023-07-01/P1M,37891,,,
E10000031,Library,2023-08-01/P1M,39706,,,
E10000031,Library,2023-09-01/P1M,36213,,,
E10000031,Library,2023-10-01/P1M,35214,,,
E10000031,Library,2023-11-01/P1M,35536,,,
E10000031,Library,2023-12-01/P1M,28700,,,
E10000031,Library,2024-01-01/P1M,35560,,,
E10000031,Library,2024-02-01/P1M,36220,,,
E10000031,Library,2024-03-01/P1M,36845,,,
E10000031,Shared building,2023-04-01/P1M,47114,,,
E10000031,Shared building,2023-05-01/P1M,45737,,,
E10000031,Shared building,2023-06-01/P1M,51572,,,
E10000031,Shared building,2023-07-01/P1M,57942,,,
E10000031,Shared building,2023-08-01/P1M,59701,,,
E10000031,Shared building,2023-09-01/P1M,55298,,,
E10000031,Shared building,2023-10-01/P1M,56788,,,
E10000031,Shared building,2023-11-01/P1M,57984,,,
E10000031,Shared building,2023-12-01/P1M,45921,,,
E10000031,Shared building,2024-01-01/P1M,61944,,,
E10000031,Shared building,2024-02-01/P1M,60435,,,
E10000031,Shared building,2024-03-01/P1M,59979,,,
E10000031,Mobile library,2023-04-01/P1M,1329,,,
E10000031,Mobile library,2023-05-01/P1M,1612,,,
E10000031,Mobile library,2023-06-01/P1M,1685,,,
E10000031,Mobile library,2023-07-01/P1M,1554,,,
E10000031,Mobile library,2023-08-01/P1M,1368,,,
E10000031,Mobile library,2023-09-01/P1M,1425,,,
E10000031,Mobile library,2023-10-01/P1M,1086,,,
E10000031,Mobile library,2023-11-01/P1M,1333,,,
E10000031,Mobile library,2023-12-01/P1M,896,,,
E10000031,Mobile library,2024-01-01/P1M,1279,,,
E10000031,Mobile library,2024-02-01/P1M,1262,,,
E10000031,Mobile library,2024-03-01/P1M,1163,,,
E06000037,Library,2023-04-01/P1M,22736,,,
E06000037,Library,2023-05-01/P1M,23255,,,
E06000037,Library,2023-06-01/P1M,22941,,,
E06000037,Library,2023-07-01/P1M,29960,,,
E06000037,Library,2023-08-01/P1M,31693,,,
E06000037,Library,2023-09-01/P1M,28500,,,
E06000037,Library,2023-10-01/P1M,25599,,,
E06000037,Library,2023-11-01/P1M,24649,,,
E06000037,Library,2023-12-01/P1M,19687,,,
E06000037,Library,2024-01-01/P1M,25005,,,
E06000037,Library,2024-02-01/P1M,24661,,,
E06000037,Library,2024-03-01/P1M,25628,,,
E06000037,Mobile library,2023-04-01/P1M,442,,,
E06000037,Mobile library,2023-05-01/P1M,590,,,
E06000037,Mobile library,2023-06-01/P1M,557,,,
E06000037,Mobile library,2023-07-01/P1M,522,,,
E06000037,Mobile library,2023-08-01/P1M,507,,,
E06000037,Mobile library,2023-09-01/P1M,566,,,
E06000037,Mobile library,2023-10-01/P1M,530,,,
E06000037,Mobile library,2023-11-01/P1M,636,,,
E06000037,Mobile library,2023-12-01/P1M,60,,,
E06000037,Mobile library,2024-01-01/P1M,557,,,
E06000037,Mobile library,2024-02-01/P1M,475,,,
E06000037,Mobile library,2024-03-01/P1M,542,,,
E06000037,Home delivery,2023-04-01/P1M,86,,,
E06000037,Home delivery,2023-05-01/P1M,69,,,
E06000037,Home delivery,2023-06-01/P1M,84,,,
E06000037,Home delivery,2023-07-01/P1M,75,,,
E06000037,Home delivery,2023-08-01/P1M,73,,,
E06000037,Home delivery,2023-09-01/P1M,76,,,
E06000037,Home delivery,2023-10-01/P1M,67,,,
E06000037,Home delivery,2023-11-01/P1M,92,,,
E06000037,Home delivery,2023-12-01/P1M,60,,,
E06000037,Home delivery,2024-01-01/P1M,81,,,
E06000037,Home delivery,2024-02-01/P1M,58,,,
E06000037,Home delivery,2024-03-01/P1M,83,,,
E10000032,Library,2023-04-01/P1M,133423,,,
E10000032,Library,2023-05-01/P1M,132126,,,
E10000032,Library,2023-06-01/P1M,135325,,,
E10000032,Library,2023-07-01/P1M,157473,,,
E10000032,Library,2023-08-01/P1M,166860,,,
E10000032,Library,2023-09-01/P1M,147602,,,
E10000032,Library,2023-10-01/P1M,148040,,,
E10000032,Library,2023-11-01/P1M,136548,,,
E10000032,Library,2023-12-01/P1M,119317,,,
E10000032,Library,2024-01-01/P1M,138834,,,
E10000032,Library,2024-02-01/P1M,137603,,,
E10000032,Library,2024-03-01/P1M,140198,,,
E10000032,Shared building,2023-04-01/P1M,34367,,,
E10000032,Shared building,2023-05-01/P1M,36733,,,
E10000032,Shared building,2023-06-01/P1M,35815,,,
E10000032,Shared building,2023-07-01/P1M,39923,,,
E10000032,Shared building,2023-08-01/P1M,41230,,,
E10000032,Shared building,2023-09-01/P1M,37794,,,
E10000032,Shared building,2023-10-01/P1M,37787,,,
E10000032,Shared building,2023-11-01/P1M,37223,,,
E10000032,Shared building,2023-12-01/P1M,30912,,,
E10000032,Shared building,2024-01-01/P1M,36271,,,
E10000032,Shared building,2024-02-01/P1M,31812,,,
E10000032,Shared building,2024-03-01/P1M,39600,,,
E09000033,Library,2023-04-01/P1M,105768,,,
E09000033,Library,2023-05-01/P1M,115200,,,
E09000033,Library,2023-06-01/P1M,113751,,,
E09000033,Library,2023-07-01/P1M,109392,,,
E09000033,Library,2023-08-01/P1M,108146,,,
E09000033,Library,2023-09-01/P1M,111447,,,
E09000033,Library,2023-10-01/P1M,138421,,,
E09000033,Library,2023-11-01/P1M,143056,,,
E09000033,Library,2023-12-01/P1M,112722,,,
E09000033,Library,2024-01-01/P1M,134284,,,
E09000033,Library,2024-02-01/P1M,133155,,,
E09000033,Library,2024-03-01/P1M,129938,,,
E06000064,Library,2023-04-01/P1M,19196,,,
E06000064,Library,2023-05-01/P1M,19030,,,
E06000064,Library,2023-06-01/P1M,20895,,,
E06000064,Library,2023-07-01/P1M,25934,,,
E06000064,Library,2023-08-01/P1M,25827,,,
E06000064,Library,2023-09-01/P1M,26257,,,
E06000064,Library,2023-10-01/P1M,30340,,,
E06000064,Library,2023-11-01/P1M,31670,,,
E06000064,Library,2023-12-01/P1M,26333,,,
E06000064,Library,2024-01-01/P1M,32629,,,
E06000064,Library,2024-02-01/P1M,33051,,,
E06000064,Library,2024-03-01/P1M,35471,,,
E06000064,Home delivery,2023-04-01/P1M,57,,,
E06000064,Home delivery,2023-05-01/P1M,59,,,
E06000064,Home delivery,2023-06-01/P1M,60,,,
E06000064,Home delivery,2023-07-01/P1M,60,,,
E06000064,Home delivery,2023-08-01/P1M,60,,,
E06000064,Home delivery,2023-09-01/P1M,59,,,
E06000064,Home delivery,2023-10-01/P1M,59,,,
E06000064,Home delivery,2023-11-01/P1M,59,,,
E06000064,Home delivery,2023-12-01/P1M,62,,,
E06000064,Home delivery,2024-01-01/P1M,64,,,
E06000064,Home delivery,2024-02-01/P1M,63,,,
E06000064,Home delivery,2024-03-01/P1M,64,,,
E08000010,Library,2023-04-01/P1M,18855,,,
E08000010,Library,2023-05-01/P1M,19074,,,
E08000010,Library,2023-06-01/P1M,19925,,,
E08000010,Library,2023-07-01/P1M,23283,,,
E08000010,Library,2023-08-01/P1M,22836,,,
E08000010,Library,2023-09-01/P1M,20833,,,
E08000010,Library,2023-10-01/P1M,22517,,,
E08000010,Library,2023-11-01/P1M,24321,,,
E08000010,Library,2023-12-01/P1M,17746,,,
E08000010,Library,2024-01-01/P1M,21997,,,
E08000010,Library,2024-02-01/P1M,23272,,,
E08000010,Library,2024-03-01/P1M,16425,,,
E08000010,Shared building,2023-04-01/P1M,11830,,,
E08000010,Shared building,2023-05-01/P1M,11931,,,
E08000010,Shared building,2023-06-01/P1M,13361,,,
E08000010,Shared building,2023-07-01/P1M,13244,,,
E08000010,Shared building,2023-08-01/P1M,14534,,,
E08000010,Shared building,2023-09-01/P1M,13791,,,
E08000010,Shared building,2023-10-01/P1M,15340,,,
E08000010,Shared building,2023-11-01/P1M,15987,,,
E08000010,Shared building,2023-12-01/P1M,9641,,,
E08000010,Shared building,2024-01-01/P1M,15313,,,
E08000010,Shared building,2024-02-01/P1M,14439,,,
E08000010,Shared building,2024-03-01/P1M,14493,,,
E06000054,Library,2023-04-01/P1M,34940,,,
E06000054,Library,2023-05-01/P1M,33578,,,
E06000054,Library,2023-06-01/P1M,34486,,,
E06000054,Library,2023-07-01/P1M,40497,,,
E06000054,Library,2023-08-01/P1M,47157,,,
E06000054,Library,2023-09-01/P1M,41906,,,
E06000054,Library,2023-10-01/P1M,42688,,,
E06000054,Library,2023-11-01/P1M,41604,,,
E06000054,Library,2023-12-01/P1M,34117,,,
E06000054,Library,2024-01-01/P1M,41770,,,
E06000054,Library,2024-02-01/P1M,45415,,,
E06000054,Library,2024-03-01/P1M,42051,,,
E06000054,Shared building,2023-04-01/P1M,59860,,,
E06000054,Shared building,2023-05-01/P1M,57037,,,
E06000054,Shared building,2023-06-01/P1M,57981,,,
E06000054,Shared building,2023-07-01/P1M,69823,,,
E06000054,Shared building,2023-08-01/P1M,76727,,,
E06000054,Shared building,2023-09-01/P1M,68914,,,
E06000054,Shared building,2023-10-01/P1M,68783,,,
E06000054,Shared building,2023-11-01/P1M,66223,,,
E06000054,Shared building,2023-12-01/P1M,56001,,,
E06000054,Shared building,2024-01-01/P1M,70171,,,
E06000054,Shared building,2024-02-01/P1M,70960,,,
E06000054,Shared building,2024-03-01/P1M,72354,,,
E06000054,Mobile library,2023-04-01/P1M,1401,,,
E06000054,Mobile library,2023-05-01/P1M,1622,,,
E06000054,Mobile library,2023-06-01/P1M,1684,,,
E06000054,Mobile library,2023-07-01/P1M,1469,,,
E06000054,Mobile library,2023-08-01/P1M,1122,,,
E06000054,Mobile library,2023-09-01/P1M,1802,,,
E06000054,Mobile library,2023-10-01/P1M,1812,,,
E06000054,Mobile library,2023-11-01/P1M,1906,,,
E06000054,Mobile library,2023-12-01/P1M,1176,,,
E06000054,Mobile library,2024-01-01/P1M,1683,,,
E06000054,Mobile library,2024-02-01/P1M,1806,,,
E06000054,Mobile library,2024-03-01/P1M,1796,,,
E06000054,Home delivery,2023-04-01/P1M,129,,,
E06000054,Home delivery,2023-05-01/P1M,132,,,
E06000054,Home delivery,2023-06-01/P1M,145,,,
E06000054,Home delivery,2023-07-01/P1M,148,,,
E06000054,Home delivery,2023-08-01/P1M,149,,,
E06000054,Home delivery,2023-09-01/P1M,152,,,
E06000054,Home delivery,2023-10-01/P1M,147,,,
E06000054,Home delivery,2023-11-01/P1M,147,,,
E06000054,Home delivery,2023-12-01/P1M,145,,,
E06000054,Home delivery,2024-01-01/P1M,146,,,
E06000054,Home delivery,2024-02-01/P1M,148,,,
E06000054,Home delivery,2024-03-01/P1M,140,,,
E08000015,Library,2023-04-01/P1M,19039,,,
E08000015,Library,2023-05-01/P1M,18893,,,
E08000015,Library,2023-06-01/P1M,23102,,,
E08000015,Library,2023-07-01/P1M,22824,,,
E08000015,Library,2023-08-01/P1M,26117,,,
E08000015,Library,2023-09-01/P1M,24443,,,
E08000015,Library,2023-10-01/P1M,25473,,,
E08000015,Library,2023-11-01/P1M,21571,,,
E08000015,Library,2023-12-01/P1M,15523,,,
E08000015,Library,2024-01-01/P1M,23336,,,
E08000015,Library,2024-02-01/P1M,24572,,,
E08000015,Library,2024-03-01/P1M,22701,,,
E08000015,Shared building,2023-04-01/P1M,18970,,,
E08000015,Shared building,2023-05-01/P1M,18520,,,
E08000015,Shared building,2023-06-01/P1M,7219,,,
E08000015,Shared building,2023-07-01/P1M,9666,,,
E08000015,Shared building,2023-08-01/P1M,11664,,,
E08000015,Shared building,2023-09-01/P1M,10457,,,
E08000015,Shared building,2023-10-01/P1M,11191,,,
E08000015,Shared building,2023-11-01/P1M,11191,,,
E08000015,Shared building,2023-12-01/P1M,9003,,,
E08000015,Shared building,2024-01-01/P1M,10411,,,
E08000015,Shared building,2024-02-01/P1M,9648,,,
E08000015,Shared building,2024-03-01/P1M,9882,,,
E08000015,Home delivery,2023-04-01/P1M,228,,,
E08000015,Home delivery,2023-05-01/P1M,270,,,
E08000015,Home delivery,2023-06-01/P1M,238,,,
E08000015,Home delivery,2023-07-01/P1M,267,,,
E08000015,Home delivery,2023-08-01/P1M,269,,,
E08000015,Home delivery,2023-09-01/P1M,242,,,
E08000015,Home delivery,2023-10-01/P1M,265,,,
E08000015,Home delivery,2023-11-01/P1M,263,,,
E08000015,Home delivery,2023-12-01/P1M,170,,,
E08000015,Home delivery,2024-01-01/P1M,256,,,
E08000015,Home delivery,2024-02-01/P1M,275,,,
E08000015,Home delivery,2024-03-01/P1M,216,,,
E08000031,Library,2023-04-01/P1Y,439225,,,
E10000034,Library,2023-04-01/P1M,22884,,,
E10000034,Library,2023-05-01/P1M,21542,,,
E10000034,Library,2023-06-01/P1M,24260,,,
E10000034,Library,2023-07-01/P1M,26331,,,
E10000034,Library,2023-08-01/P1M,27985,,,
E10000034,Library,2023-09-01/P1M,27255,,,
E10000034,Library,2023-10-01/P1M,26346,,,
E10000034,Library,2023-11-01/P1M,27673,,,
E10000034,Library,2023-12-01/P1M,21246,,,
E10000034,Library,2024-01-01/P1M,25954,,,
E10000034,Library,2024-02-01/P1M,27096,,,
E10000034,Library,2024-03-01/P1M,24927,,,
E10000034,Shared building,2023-04-01/P1M,119741,,,
E10000034,Shared building,2023-05-01/P1M,117646,,,
E10000034,Shared building,2023-06-01/P1M,114382,,,
E10000034,Shared building,2023-07-01/P1M,122898,,,
E10000034,Shared building,2023-08-01/P1M,127729,,,
E10000034,Shared building,2023-09-01/P1M,124738,,,
E10000034,Shared building,2023-10-01/P1M,131550,,,
E10000034,Shared building,2023-11-01/P1M,127048,,,
E10000034,Shared building,2023-12-01/P1M,99994,,,
E10000034,Shared building,2024-01-01/P1M,127868,,,
E10000034,Shared building,2024-02-01/P1M,128202,,,
E10000034,Shared building,2024-03-01/P1M,127040,,,
E10000034,Mobile library,2023-04-01/P1M,186,,,
E10000034,Mobile library,2023-05-01/P1M,207,,,
E10000034,Mobile library,2023-06-01/P1M,249,,,
E10000034,Mobile library,2023-07-01/P1M,240,,,
E10000034,Mobile library,2023-08-01/P1M,192,,,
E10000034,Mobile library,2023-09-01/P1M,205,,,
E10000034,Mobile library,2023-10-01/P1M,479,,,
E10000034,Mobile library,2023-11-01/P1M,498,,,
E10000034,Mobile library,2023-12-01/P1M,9,,,
E10000034,Mobile library,2024-01-01/P1M,103,,,
E10000034,Mobile library,2024-02-01/P1M,230,,,
E10000034,Mobile library,2024-03-01/P1M,274,,,
E10000034,Home delivery,2023-04-01/P1M,126,,,
E10000034,Home delivery,2023-05-01/P1M,165,,,
E10000034,Home delivery,2023-06-01/P1M,140,,,
E10000034,Home delivery,2023-07-01/P1M,269,,,
E10000034,Home delivery,2023-08-01/P1M,168,,,
E10000034,Home delivery,2023-09-01/P1M,331,,,
E10000034,Home delivery,2023-10-01/P1M,168,,,
E10000034,Home delivery,2023-11-01/P1M,173,,,
E10000034,Home delivery,2023-12-01/P1M,170,,,
E10000034,Home delivery,2024-01-01/P1M,165,,,
E10000034,Home delivery,2024-02-01/P1M,185,,,
E10000034,Home delivery,2024-03-01/P1M,169,,,
E09000003,Library,2024-04-01/P1M,17653,,,
E09000003,Library,2024-05-01/P1M,19743,,,
E09000003,Library,2024-06-01/P1M,15052,,,
E09000003,Library,2024-07-01/P1M,14965,,,
E09000003,Library,2024-08-01/P1M,14361,,,
E09000003,Library,2024-09-01/P1M,15885,,,
E09000003,Library,2024-10-01/P1M,16899,,,
E09000003,Library,2024-11-01/P1M,15642,,,
E09000003,Library,2024-12-01/P1M,12489,,,
E09000003,Library,2025-01-01/P1M,16269,,,
E09000003,Library,2025-02-01/P1M,15229,,,
E09000003,Library,2025-03-01/P1M,16960,,,
E09000003,Shared building,2024-04-01/P1M,62442,,,
E09000003,Shared building,2024-05-01/P1M,67129,,,
E09000003,Shared building,2024-06-01/P1M,52677,,,
E09000003,Shared building,2024-07-01/P1M,52644,,,
E09000003,Shared building,2024-08-01/P1M,51649,,,
E09000003,Shared building,2024-09-01/P1M,54900,,,
E09000003,Shared building,2024-10-01/P1M,55571,,,
E09000003,Shared building,2024-11-01/P1M,55387,,,
E09000003,Shared building,2024-12-01/P1M,40554,,,
E09000003,Shared building,2025-01-01/P1M,54814,,,
E09000003,Shared building,2025-02-01/P1M,57217,,,
E09000003,Shared building,2025-03-01/P1M,65093,,,
E09000003,Mobile library,2024-04-01/P1M,559,,,
E09000003,Mobile library,2024-05-01/P1M,323,,,
E09000003,Mobile library,2024-06-01/P1M,118,,,
E09000003,Mobile library,2024-07-01/P1M,377,,,
E09000003,Mobile library,2024-08-01/P1M,555,,,
E09000003,Mobile library,2024-09-01/P1M,692,,,
E09000003,Mobile library,2024-10-01/P1M,848,,,
E09000003,Mobile library,2024-11-01/P1M,800,,,
E09000003,Mobile library,2024-12-01/P1M,439,,,
E09000003,Mobile library,2025-01-01/P1M,536,,,
E09000003,Mobile library,2025-02-01/P1M,607,,,
E09000003,Mobile library,2025-03-01/P1M,698,,,
E09000003,Home delivery,2024-04-01/P1M,377,,,
E09000003,Home delivery,2024-05-01/P1M,427,,,
E09000003,Home delivery,2024-06-01/P1M,369,,,
E09000003,Home delivery,2024-07-01/P1M,437,,,
E09000003,Home delivery,2024-08-01/P1M,402,,,
E09000003,Home delivery,2024-09-01/P1M,369,,,
E09000003,Home delivery,2024-10-01/P1M,456,,,
E09000003,Home delivery,2024-11-01/P1M,387,,,
E09000003,Home delivery,2024-12-01/P1M,282,,,
E09000003,Home delivery,2025-01-01/P1M,425,,,
E09000003,Home delivery,2025-02-01/P1M,369,,,
E09000003,Home delivery,2025-03-01/P1M,369,,,
E08000016,Library,2024-04-01/P1M,30231,,,
E08000016,Library,2024-05-01/P1M,27526,,,
E08000016,Library,2024-06-01/P1M,27941,,,
E08000016,Library,2024-07-01/P1M,32395,,,
E08000016,Library,2024-08-01/P1M,31735,,,
E08000016,Library,2024-09-01/P1M,30971,,,
E08000016,Library,2024-10-01/P1M,28176,,,
E08000016,Library,2024-11-01/P1M,29589,,,
E08000016,Library,2024-12-01/P1M,21769,,,
E08000016,Library,2025-01-01/P1M,25097,,,
E08000016,Library,2025-02-01/P1M,30361,,,
E08000016,Library,2025-03-01/P1M,31472,,,
E08000016,Shared building,2024-04-01/P1M,19647,,,
E08000016,Shared building,2024-05-01/P1M,18583,,,
E08000016,Shared building,2024-06-01/P1M,17720,,,
E08000016,Shared building,2024-07-01/P1M,25302,,,
E08000016,Shared building,2024-08-01/P1M,22984,,,
E08000016,Shared building,2024-09-01/P1M,21739,,,
E08000016,Shared building,2024-10-01/P1M,24759,,,
E08000016,Shared building,2024-11-01/P1M,23232,,,
E08000016,Shared building,2024-12-01/P1M,16711,,,
E08000016,Shared building,2025-01-01/P1M,20434,,,
E08000016,Shared building,2025-02-01/P1M,21530,,,
E08000016,Shared building,2025-03-01/P1M,23509,,,
E08000016,Mobile library,2024-04-01/P1Y,0,,,
E08000016,Home delivery,2024-04-01/P1M,220,,,
E08000016,Home delivery,2024-05-01/P1M,245,,,
E08000016,Home delivery,2024-06-01/P1M,193,,,
E08000016,Home delivery,2024-07-01/P1M,199,,,
E08000016,Home delivery,2024-08-01/P1M,206,,,
E08000016,Home delivery,2024-09-01/P1M,190,,,
E08000016,Home delivery,2024-10-01/P1M,225,,,
E08000016,Home delivery,2024-11-01/P1M,188,,,
E08000016,Home delivery,2024-12-01/P1M,207,,,
E08000016,Home delivery,2025-01-01/P1M,193,,,
E08000016,Home delivery,2025-02-01/P1M,185,,,
E08000016,Home delivery,2025-03-01/P1M,189,,,
E06000022,Library,2024-04-01/P1M,24488,,,
E06000022,Library,2024-05-01/P1M,22994,,,
E06000022,Library,2024-06-01/P1M,16649,,,
E06000022,Library,2024-07-01/P1M,19059,,,
E06000022,Library,2024-08-01/P1M,19050,,,
E06000022,Library,2024-09-01/P1M,18537,,,
E06000022,Library,2024-10-01/P1M,20305,,,
E06000022,Library,2024-11-01/P1M,20272,,,
E06000022,Library,2024-12-01/P1M,16707,,,
E06000022,Library,2025-01-01/P1M,22101,,,
E06000022,Library,2025-02-01/P1M,21343,,,
E06000022,Library,2025-03-01/P1M,19636,,,
E06000022,Shared building,2024-04-01/P1M,15996,,,
E06000022,Shared building,2024-05-01/P1M,18063,,,
E06000022,Shared building,2024-06-01/P1M,16861,,,
E06000022,Shared building,2024-07-01/P1M,20706,,,
E06000022,Shared building,2024-08-01/P1M,19915,,,
E06000022,Shared building,2024-09-01/P1M,18260,,,
E06000022,Shared building,2024-10-01/P1M,19482,,,
E06000022,Shared building,2024-11-01/P1M,22559,,,
E06000022,Shared building,2024-12-01/P1M,15439,,,
E06000022,Shared building,2025-01-01/P1M,19367,,,
E06000022,Shared building,2025-02-01/P1M,18455,,,
E06000022,Shared building,2025-03-01/P1M,19104,,,
E06000022,Mobile library,2024-04-01/P1M,458,,,
E06000022,Mobile library,2024-05-01/P1M,522,,,
E06000022,Mobile library,2024-06-01/P1M,466,,,
E06000022,Mobile library,2024-07-01/P1M,532,,,
E06000022,Mobile library,2024-08-01/P1M,414,,,
E06000022,Mobile library,2024-09-01/P1M,463,,,
E06000022,Mobile library,2024-10-01/P1M,532,,,
E06000022,Mobile library,2024-11-01/P1M,539,,,
E06000022,Mobile library,2024-12-01/P1M,266,,,
E06000022,Mobile library,2025-01-01/P1M,566,,,
E06000022,Mobile library,2025-02-01/P1M,320,,,
E06000022,Mobile library,2025-03-01/P1M,428,,,
E06000022,Home delivery,2024-04-01/P1M,62,,,
E06000022,Home delivery,2024-05-01/P1M,61,,,
E06000022,Home delivery,2024-06-01/P1M,57,,,
E06000022,Home delivery,2024-07-01/P1M,52,,,
E06000022,Home delivery,2024-08-01/P1M,52,,,
E06000022,Home delivery,2024-09-01/P1M,54,,,
E06000022,Home delivery,2024-10-01/P1M,54,,,
E06000022,Home delivery,2024-11-01/P1M,53,,,
E06000022,Home delivery,2024-12-01/P1M,54,,,
E06000022,Home delivery,2025-01-01/P1M,53,,,
E06000022,Home delivery,2025-02-01/P1M,52,,,
E06000022,Home delivery,2025-03-01/P1M,55,,,
E08000025,Library,2024-04-01/P1M,190784,,,
E08000025,Library,2024-05-01/P1M,197114,,,
E08000025,Library,2024-06-01/P1M,184805,,,
E08000025,Library,2024-07-01/P1M,195016,,,
E08000025,Library,2024-08-01/P1M,174409,,,
E08000025,Library,2024-09-01/P1M,169686,,,
E08000025,Library,2024-10-01/P1M,197183,,,
E08000025,Library,2024-11-01/P1M,186350,,,
E08000025,Library,2024-12-01/P1M,162879,,,
E08000025,Library,2025-01-01/P1M,162188,,,
E08000025,Library,2025-02-01/P1M,170817,,,
E08000025,Library,2025-03-01/P1M,168605,,,
E08000025,Shared building,2024-04-01/P1Y,0,,,
E08000025,Mobile library,2024-04-01/P1M,260,,,
E08000025,Mobile library,2024-05-01/P1M,261,,,
E08000025,Mobile library,2024-06-01/P1M,259,,,
E08000025,Mobile library,2024-07-01/P1M,243,,,
E08000025,Mobile library,2024-08-01/P1M,282,,,
E08000025,Mobile library,2024-09-01/P1M,281,,,
E08000025,Mobile library,2024-10-01/P1M,275,,,
E08000025,Mobile library,2024-11-01/P1M,226,,,
E08000025,Mobile library,2024-12-01/P1M,242,,,
E08000025,Mobile library,2025-01-01/P1M,288,,,
E08000025,Mobile library,2025-02-01/P1M,272,,,
E08000025,Mobile library,2025-03-01/P1M,283,,,
E08000025,Home delivery,2024-04-01/P1M,310,,,
E08000025,Home delivery,2024-05-01/P1M,329,,,
E08000025,Home delivery,2024-06-01/P1M,248,,,
E08000025,Home delivery,2024-07-01/P1M,316,,,
E08000025,Home delivery,2024-08-01/P1M,202,,,
E08000025,Home delivery,2024-09-01/P1M,327,,,
E08000025,Home delivery,2024-10-01/P1M,339,,,
E08000025,Home delivery,2024-11-01/P1M,230,,,
E08000025,Home delivery,2024-12-01/P1M,203,,,
E08000025,Home delivery,2025-01-01/P1M,330,,,
E08000025,Home delivery,2025-02-01/P1M,310,,,
E08000025,Home delivery,2025-03-01/P1M,283,,,
E06000008,Library,2024-04-01/P3M,48350,,,
E06000008,Library,2024-07-01/P3M,52363,,,
E06000008,Library,2024-10-01/P3M,55031,,,
E06000008,Library,2025-01-01/P3M,61981,,,
E06000008,Shared building,2024-04-01/P1Y,0,,,
E06000008,Mobile library,2024-04-01/P1Y,0,,,
E06000008,Home delivery,2024-04-01/P1M,147,,,
E06000008,Home delivery,2024-05-01/P1M,76,,,
E06000008,Home delivery,2024-06-01/P1M,152,,,
E06000008,Home delivery,2024-07-01/P1M,132,,,
E06000008,Home delivery,2024-08-01/P1M,194,,,
E06000008,Home delivery,2024-09-01/P1M,125,,,
E06000008,Home delivery,2024-10-01/P1M,153,,,
E06000008,Home delivery,2024-11-01/P1M,135,,,
E06000008,Home delivery,2024-12-01/P1M,86,,,
E06000008,Home delivery,2025-01-01/P1M,101,,,
E06000008,Home delivery,2025-02-01/P1M,121,,,
E06000008,Home delivery,2025-03-01/P1M,100,,,
E06000009,Library,2024-04-01/P1M,14652,,,
E06000009,Library,2024-05-01/P1M,14533,,,
E06000009,Library,2024-06-01/P1M,14517,,,
E06000009,Library,2024-07-01/P1M,15894,,,
E06000009,Library,2024-08-01/P1M,15751,,,
E06000009,Library,2024-09-01/P1M,15646,,,
E06000009,Library,2024-10-01/P1M,16552,,,
E06000009,Library,2024-11-01/P1M,17147,,,
E06000009,Library,2024-12-01/P1M,12484,,,
E06000009,Library,2025-01-01/P1M,15392,,,
E06000009,Library,2025-02-01/P1M,14551,,,
E06000009,Library,2025-03-01/P1M,15400,,,
E06000009,Shared building,2024-04-01/P1M,16506,,,
E06000009,Shared building,2024-05-01/P1M,15518,,,
E06000009,Shared building,2024-06-01/P1M,16700,,,
E06000009,Shared building,2024-07-01/P1M,18628,,,
E06000009,Shared building,2024-08-01/P1M,14945,,,
E06000009,Shared building,2024-09-01/P1M,17904,,,
E06000009,Shared building,2024-10-01/P1M,17881,,,
E06000009,Shared building,2024-11-01/P1M,17685,,,
E06000009,Shared building,2024-12-01/P1M,14989,,,
E06000009,Shared building,2025-01-01/P1M,17602,,,
E06000009,Shared building,2025-02-01/P1M,16356,,,
E06000009,Shared building,2025-03-01/P1M,17684,,,
E06000009,Mobile library,2024-04-01/P1Y,0,,,
E06000009,Home delivery,2024-04-01/P1M,48,,,
E06000009,Home delivery,2024-05-01/P1M,4,,,
E06000009,Home delivery,2024-06-01/P1M,44,,,
E06000009,Home delivery,2024-07-01/P1M,34,,,
E06000009,Home delivery,2024-08-01/P1M,49,,,
E06000009,Home delivery,2024-09-01/P1M,47,,,
E06000009,Home delivery,2024-10-01/P1M,41,,,
E06000009,Home delivery,2024-11-01/P1M,44,,,
E06000009,Home delivery,2024-12-01/P1M,41,,,
E06000009,Home delivery,2025-01-01/P1M,41,,,
E06000009,Home delivery,2025-02-01/P1M,41,,,
E06000009,Home delivery,2025-03-01/P1M,41,,,
E08000001,Library,2024-04-01/P1M,64048,,,
E08000001,Library,2024-05-01/P1M,60640,,,
E08000001,Library,2024-06-01/P1M,57170,,,
E08000001,Library,2024-07-01/P1M,62591,,,
E08000001,Library,2024-08-01/P1M,65982,,,
E08000001,Library,2024-09-01/P1M,54786,,,
E08000001,Library,2024-10-01/P1M,65597,,,
E08000001,Library,2024-11-01/P1M,57934,,,
E08000001,Library,2024-12-01/P1M,58556,,,
E08000001,Library,2025-01-01/P1M,57042,,,
E08000001,Library,2025-02-01/P1M,62484,,,
E08000001,Library,2025-03-01/P1M,60501,,,
E08000001,Shared building,2024-04-01/P1M,5683,,,
E08000001,Shared building,2024-05-01/P1M,5637,,,
E08000001,Shared building,2024-06-01/P1M,5119,,,
E08000001,Shared building,2024-07-01/P1M,5900,,,
E08000001,Shared building,2024-08-01/P1M,6251,,,
E08000001,Shared building,2024-09-01/P1M,6268,,,
E08000001,Shared building,2024-10-01/P1M,6868,,,
E08000001,Shared building,2024-11-01/P1M,6248,,,
E08000001,Shared building,2024-12-01/P1M,5990,,,
E08000001,Shared building,2025-01-01/P1M,6321,,,
E08000001,Shared building,2025-02-01/P1M,6315,,,
E08000001,Shared building,2025-03-01/P1M,6951,,,
E08000001,Mobile library,2024-04-01/P1Y,0,,,
E08000001,Home delivery,2024-04-01/P1M,206,,,
E08000001,Home delivery,2024-05-01/P1M,206,,,
E08000001,Home delivery,2024-06-01/P1M,206,,,
E08000001,Home delivery,2024-07-01/P1M,206,,,
E08000001,Home delivery,2024-08-01/P1M,206,,,
E08000001,Home delivery,2024-09-01/P1M,206,,,
E08000001,Home delivery,2024-10-01/P1M,206,,,
E08000001,Home delivery,2024-11-01/P1M,206,,,
E08000001,Home delivery,2024-12-01/P1M,206,,,
E08000001,Home delivery,2025-01-01/P1M,206,,,
E08000001,Home delivery,2025-02-01/P1M,206,,,
E08000001,Home delivery,2025-03-01/P1M,206,,,
E06000058,Library,2024-04-01/P1M,56774,,,
E06000058,Library,2024-05-01/P1M,54941,,,
E06000058,Library,2024-06-01/P1M,54968,,,
E06000058,Library,2024-07-01/P1M,69060,,,
E06000058,Library,2024-08-01/P1M,52653,,,
E06000058,Library,2024-09-01/P1M,48529,,,
E06000058,Library,2024-10-01/P1M,51753,,,
E06000058,Library,2024-11-01/P1M,48130,,,
E06000058,Library,2024-12-01/P1M,40462,,,
E06000058,Library,2025-01-01/P1M,48818,,,
E06000058,Library,2025-02-01/P1M,45786,,,
E06000058,Library,2025-03-01/P1M,50980,,,
E06000058,Shared building,2024-04-01/P1M,34415,,,
E06000058,Shared building,2024-05-01/P1M,35478,,,
E06000058,Shared building,2024-06-01/P1M,33409,,,
E06000058,Shared building,2024-07-01/P1M,35797,,,
E06000058,Shared building,2024-08-01/P1M,36545,,,
E06000058,Shared building,2024-09-01/P1M,37741,,,
E06000058,Shared building,2024-10-01/P1M,40750,,,
E06000058,Shared building,2024-11-01/P1M,39089,,,
E06000058,Shared building,2024-12-01/P1M,32827,,,
E06000058,Shared building,2025-01-01/P1M,37880,,,
E06000058,Shared building,2025-02-01/P1M,33356,,,
E06000058,Shared building,2025-03-01/P1M,36597,,,
E06000058,Mobile library,2024-04-01/P1Y,0,,,
E06000058,Home delivery,2024-04-01/P1M,396,,,
E06000058,Home delivery,2024-05-01/P1M,390,,,
E06000058,Home delivery,2024-06-01/P1M,407,,,
E06000058,Home delivery,2024-07-01/P1M,374,,,
E06000058,Home delivery,2024-08-01/P1M,380,,,
E06000058,Home delivery,2024-09-01/P1M,372,,,
E06000058,Home delivery,2024-10-01/P1M,401,,,
E06000058,Home delivery,2024-11-01/P1M,380,,,
E06000058,Home delivery,2024-12-01/P1M,364,,,
E06000058,Home delivery,2025-01-01/P1M,401,,,
E06000058,Home delivery,2025-02-01/P1M,411,,,
E06000058,Home delivery,2025-03-01/P1M,401,,,
E08000032,Library,2024-04-01/P1M,22714,,,
E08000032,Library,2024-05-01/P1M,25553,,,
E08000032,Library,2024-06-01/P1M,24828,,,
E08000032,Library,2024-07-01/P1M,30386,,,
E08000032,Library,2024-08-01/P1M,32543,,,
E08000032,Library,2024-09-01/P1M,26404,,,
E08000032,Library,2024-10-01/P1M,23902,,,
E08000032,Library,2024-11-01/P1M,21574,,,
E08000032,Library,2024-12-01/P1M,17813,,,
E08000032,Library,2025-01-01/P1M,25825,,,
E08000032,Library,2025-02-01/P1M,25635,,,
E08000032,Library,2025-03-01/P1M,26149,,,
E08000032,Shared building,2024-04-01/P1M,40684,,,
E08000032,Shared building,2024-05-01/P1M,39472,,,
E08000032,Shared building,2024-06-01/P1M,36181,,,
E08000032,Shared building,2024-07-01/P1M,43500,,,
E08000032,Shared building,2024-08-01/P1M,39681,,,
E08000032,Shared building,2024-09-01/P1M,36059,,,
E08000032,Shared building,2024-10-01/P1M,42165,,,
E08000032,Shared building,2024-11-01/P1M,41918,,,
E08000032,Shared building,2024-12-01/P1M,32375,,,
E08000032,Shared building,2025-01-01/P1M,34137,,,
E08000032,Shared building,2025-02-01/P1M,39815,,,
E08000032,Shared building,2025-03-01/P1M,34638,,,
E08000032,Mobile library,2024-04-01/P1Y,0,,,
E08000032,Home delivery,2024-04-01/P1M,117,,,
E08000032,Home delivery,2024-05-01/P1M,97,,,
E08000032,Home delivery,2024-06-01/P1M,113,,,
E08000032,Home delivery,2024-07-01/P1M,132,,,
E08000032,Home delivery,2024-08-01/P1M,124,,,
E08000032,Home delivery,2024-09-01/P1M,16,,,
E08000032,Home delivery,2024-10-01/P1M,74,,,
E08000032,Home delivery,2024-11-01/P1M,90,,,
E08000032,Home delivery,2024-12-01/P1M,72,,,
E08000032,Home delivery,2025-01-01/P1M,83,,,
E08000032,Home delivery,2025-02-01/P1M,75,,,
E08000032,Home delivery,2025-03-01/P1M,98,,,
E09000005,Library,2024-04-01/P1M,27913,,,
E09000005,Library,2024-05-01/P1M,29209,,,
E09000005,Library,2024-06-01/P1M,26874,,,
E09000005,Library,2024-07-01/P1M,30461,,,
E09000005,Library,2024-08-01/P1M,26849,,,
E09000005,Library,2024-09-01/P1M,26843,,,
E09000005,Library,2024-10-01/P1M,30433,,,
E09000005,Library,2024-11-01/P1M,29550,,,
E09000005,Library,2024-12-01/P1M,24288,,,
E09000005,Library,2025-01-01/P1M,27748,,,
E09000005,Library,2025-02-01/P1M,28429,,,
E09000005,Library,2025-03-01/P1M,29150,,,
E09000005,Shared building,2024-04-01/P1M,86172,,,
E09000005,Shared building,2024-05-01/P1M,31810,,,
E09000005,Shared building,2024-06-01/P1M,26276,,,
E09000005,Shared building,2024-07-01/P1M,22444,,,
E09000005,Shared building,2024-08-01/P1M,20254,,,
E09000005,Shared building,2024-09-01/P1M,24917,,,
E09000005,Shared building,2024-10-01/P1M,29393,,,
E09000005,Shared building,2024-11-01/P1M,65856,,,
E09000005,Shared building,2024-12-01/P1M,59950,,,
E09000005,Shared building,2025-01-01/P1M,75067,,,
E09000005,Shared building,2025-02-01/P1M,75244,,,
E09000005,Shared building,2025-03-01/P1M,84331,,,
E09000005,Mobile library,2024-04-01/P1Y,0,,,
E09000005,Home delivery,2024-04-01/P1M,532,,,
E09000005,Home delivery,2024-05-01/P1M,532,,,
E09000005,Home delivery,2024-06-01/P1M,533,,,
E09000005,Home delivery,2024-07-01/P1M,543,,,
E09000005,Home delivery,2024-08-01/P1M,554,,,
E09000005,Home delivery,2024-09-01/P1M,558,,,
E09000005,Home delivery,2024-10-01/P1M,571,,,
E09000005,Home delivery,2024-11-01/P1M,576,,,
E09000005,Home delivery,2024-12-01/P1M,576,,,
E09000005,Home delivery,2025-01-01/P1M,576,,,
E09000005,Home delivery,2025-02-01/P1M,567,,,
E09000005,Home delivery,2025-03-01/P1M,567,,,
E06000023,Library,2024-04-01/P1M,82914,,,
E06000023,Library,2024-05-01/P1M,80035,,,
E06000023,Library,2024-06-01/P1M,68843,,,
E06000023,Library,2024-07-01/P1M,77892,,,
E06000023,Library,2024-08-01/P1M,78648,,,
E06000023,Library,2024-09-01/P1M,80747,,,
E06000023,Library,2024-10-01/P1M,91031,,,
E06000023,Library,2024-11-01/P1M,87026,,,
E06000023,Library,2024-12-01/P1M,65225,,,
E06000023,Library,2025-01-01/P1M,86931,,,
E06000023,Library,2025-02-01/P1M,80869,,,
E06000023,Library,2025-03-01/P1M,86288,,,
E06000023,Shared building,2024-04-01/P1M,6133,,,
E06000023,Shared building,2024-05-01/P1M,5490,,,
E06000023,Shared building,2024-06-01/P1M,6011,,,
E06000023,Shared building,2024-07-01/P1M,6668,,,
E06000023,Shared building,2024-08-01/P1M,6103,,,
E06000023,Shared building,2024-09-01/P1M,6514,,,
E06000023,Shared building,2024-10-01/P1M,7457,,,
E06000023,Shared building,2024-11-01/P1M,6709,,,
E06000023,Shared building,2024-12-01/P1M,4810,,,
E06000023,Shared building,2025-01-01/P1M,6551,,,
E06000023,Shared building,2025-02-01/P1M,6219,,,
E06000023,Shared building,2025-03-01/P1M,6631,,,
E06000023,Mobile library,2024-04-01/P1Y,0,,,
E06000023,Home delivery,2024-04-01/P1M,112,,,
E06000023,Home delivery,2024-05-01/P1M,63,,,
E06000023,Home delivery,2024-06-01/P1M,46,,,
E06000023,Home delivery,2024-07-01/P1M,50,,,
E06000023,Home delivery,2024-08-01/P1M,52,,,
E06000023,Home delivery,2024-09-01/P1M,45,,,
E06000023,Home delivery,2024-10-01/P1M,44,,,
E06000023,Home delivery,2024-11-01/P1M,55,,,
E06000023,Home delivery,2024-12-01/P1M,38,,,
E06000023,Home delivery,2025-01-01/P1M,31,,,
E06000023,Home delivery,2025-02-01/P1M,58,,,
E06000023,Home delivery,2025-03-01/P1M,42,,,
E09000006,Library,2024-04-01/P1M,48465,,,
E09000006,Library,2024-05-01/P1M,46563,,,
E09000006,Library,2024-06-01/P1M,38540,,,
E09000006,Library,2024-07-01/P1M,46363,,,
E09000006,Library,2024-08-01/P1M,48786,,,
E09000006,Library,2024-09-01/P1M,4356,,,
E09000006,Library,2024-10-01/P1M,46428,,,
E09000006,Library,2024-11-01/P1M,41087,,,
E09000006,Library,2024-12-01/P1M,32664,,,
E09000006,Library,2025-01-01/P1M,35982,,,
E09000006,Library,2025-02-01/P1M,3324,,,
E09000006,Library,2025-03-01/P1M,43040,,,
E09000006,Shared building,2024-04-01/P1M,58634,,,
E09000006,Shared building,2024-05-01/P1M,61966,,,
E09000006,Shared building,2024-06-01/P1M,50464,,,
E09000006,Shared building,2024-07-01/P1M,48073,,,
E09000006,Shared building,2024-08-01/P1M,47001,,,
E09000006,Shared building,2024-09-01/P1M,47814,,,
E09000006,Shared building,2024-10-01/P1M,53528,,,
E09000006,Shared building,2024-11-01/P1M,50104,,,
E09000006,Shared building,2024-12-01/P1M,41543,,,
E09000006,Shared building,2025-01-01/P1M,56562,,,
E09000006,Shared building,2025-02-01/P1M,56255,,,
E09000006,Shared building,2025-03-01/P1M,57926,,,
E09000006,Mobile library,2024-04-01/P1Y,0,,,
E09000006,Home delivery,2024-04-01/P1M,180,,,
E09000006,Home delivery,2024-05-01/P1M,182,,,
E09000006,Home delivery,2024-06-01/P1M,186,,,
E09000006,Home delivery,2024-07-01/P1M,191,,,
E09000006,Home delivery,2024-08-01/P1M,188,,,
E09000006,Home delivery,2024-09-01/P1M,207,,,
E09000006,Home delivery,2024-10-01/P1M,182,,,
E09000006,Home delivery,2024-11-01/P1M,184,,,
E09000006,Home delivery,2024-12-01/P1M,178,,,
E09000006,Home delivery,2025-01-01/P1M,185,,,
E09000006,Home delivery,2025-02-01/P1M,185,,,
E09000006,Home delivery,2025-03-01/P1M,184,,,
E08000033,Library,2024-04-01/P1Y,433500,,,
E08000033,Shared building,2024-04-01/P1Y,61450,,,
E08000033,Mobile library,2024-04-01/P1Y,0,,,
E08000033,Home delivery,2024-04-01/P1M,1589,,,
E08000033,Home delivery,2024-05-01/P1M,1551,,,
E08000033,Home delivery,2024-06-01/P1M,1335,,,
E08000033,Home delivery,2024-07-01/P1M,1391,,,
E08000033,Home delivery,2024-08-01/P1M,1227,,,
E08000033,Home delivery,2024-09-01/P1M,1332,,,
E08000033,Home delivery,2024-10-01/P1M,1381,,,
E08000033,Home delivery,2024-11-01/P1M,1211,,,
E08000033,Home delivery,2024-12-01/P1M,1313,,,
E08000033,Home delivery,2025-01-01/P1M,1312,,,
E08000033,Home delivery,2025-02-01/P1M,1168,,,
E08000033,Home delivery,2025-03-01/P1M,1632,,,
E10000003,Library,2024-04-01/P1M,141263,,,
E10000003,Library,2024-05-01/P1M,129698,,,
E10000003,Library,2024-06-01/P1M,120645,,,
E10000003,Library,2024-07-01/P1M,140790,,,
E10000003,Library,2024-08-01/P1M,135232,,,
E10000003,Library,2024-09-01/P1M,129719,,,
E10000003,Library,2024-10-01/P1M,142353,,,
E10000003,Library,2024-11-01/P1M,137922,,,
E10000003,Library,2024-12-01/P1M,108521,,,
E10000003,Library,2025-01-01/P1M,139603,,,
E10000003,Library,2025-02-01/P1M,136512,,,
E10000003,Library,2025-03-01/P1M,142484,,,
E10000003,Shared building,2024-04-01/P1Y,0,,,
E10000003,Mobile library,2024-04-01/P1M,559,,,
E10000003,Mobile library,2024-05-01/P1M,618,,,
E10000003,Mobile library,2024-06-01/P1M,725,,,
E10000003,Mobile library,2024-07-01/P1M,636,,,
E10000003,Mobile library,2024-08-01/P1M,650,,,
E10000003,Mobile library,2024-09-01/P1M,652,,,
E10000003,Mobile library,2024-10-01/P1M,611,,,
E10000003,Mobile library,2024-11-01/P1M,645,,,
E10000003,Mobile library,2024-12-01/P1M,481,,,
E10000003,Mobile library,2025-01-01/P1M,584,,,
E10000003,Mobile library,2025-02-01/P1M,1000,,,
E10000003,Mobile library,2025-03-01/P1M,1313,,,
E10000003,Home delivery,2024-04-01/P1M,169,,,
E10000003,Home delivery,2024-05-01/P1M,169,,,
E10000003,Home delivery,2024-06-01/P1M,169,,,
E10000003,Home delivery,2024-07-01/P1M,169,,,
E10000003,Home delivery,2024-08-01/P1M,169,,,
E10000003,Home delivery,2024-09-01/P1M,169,,,
E10000003,Home delivery,2024-10-01/P1M,169,,,
E10000003,Home delivery,2024-11-01/P1M,169,,,
E10000003,Home delivery,2024-12-01/P1M,169,,,
E10000003,Home delivery,2025-01-01/P1M,169,,,
E10000003,Home delivery,2025-02-01/P1M,169,,,
E10000003,Home delivery,2025-03-01/P1M,169,,,
E06000049,Library,2024-04-01/P1M,95859,,,
E06000049,Library,2024-05-01/P1M,89163,,,
E06000049,Library,2024-06-01/P1M,82506,,,
E06000049,Library,2024-07-01/P1M,101249,,,
E06000049,Library,2024-08-01/P1M,100029,,,
E06000049,Library,2024-09-01/P1M,87945,,,
E06000049,Library,2024-10-01/P1M,97421,,,
E06000049,Library,2024-11-01/P1M,92048,,,
E06000049,Library,2024-12-01/P1M,69972,,,
E06000049,Library,2025-01-01/P1M,87650,,,
E06000049,Library,2025-02-01/P1M,88210,,,
E06000049,Library,2025-03-01/P1M,92795,,,
E06000049,Shared building,2024-04-01/P1Y,0,,,
E06000049,Mobile library,2024-04-01/P1Y,0,,,
E06000049,Home delivery,2024-04-01/P1Y,0,,,
E06000050,Library,2024-04-01/P3M,154600,,,
E06000050,Library,2024-07-01/P3M,189925,,,
E06000050,Library,2024-10-01/P3M,142525,,,
E06000050,Library,2025-01-01/P3M,162163,,,
E06000050,Shared building,2024-04-01/P3M,256425,,,
E06000050,Shared building,2024-07-01/P3M,264325,,,
E06000050,Shared building,2024-10-01/P3M,259150,,,
E06000050,Shared building,2025-01-01/P3M,260963,,,
E06000050,Mobile library,2024-04-01/P1Y,0,,,
E06000050,Home delivery,2024-04-01/P1Y,0,,,
E09000001,Library,2024-04-01/P1Y,0,,,
E09000001,Shared building,2024-04-01/P3M,93470,,,
E09000001,Shared building,2024-07-01/P3M,94070,,,
E09000001,Shared building,2024-10-01/P3M,107510,,,
E09000001,Shared building,2025-01-01/P3M,111749,,,
E09000001,Mobile library,2024-04-01/P1Y,0,,,
E09000001,Home delivery,2024-04-01/P1M,2,,,
E09000001,Home delivery,2024-05-01/P1M,2,,,
E09000001,Home delivery,2024-06-01/P1M,2,,,
E09000001,Home delivery,2024-07-01/P1M,2,,,
E09000001,Home delivery,2024-08-01/P1M,2,,,
E09000001,Home delivery,2024-09-01/P1M,2,,,
E09000001,Home delivery,2024-10-01/P1M,5,,,
E09000001,Home delivery,2024-11-01/P1M,6,,,
E09000001,Home delivery,2024-12-01/P1M,6,,,
E09000001,Home delivery,2025-01-01/P1M,5,,,
E09000001,Home delivery,2025-02-01/P1M,6,,,
E09000001,Home delivery,2025-03-01/P1M,5,,,
E06000052,Library,2024-04-01/P1Y,0,,,
E06000052,Shared building,2024-04-01/P1Y,0,,,
E06000052,Mobile library,2024-04-01/P1M,3645,,,
E06000052,Mobile library,2024-05-01/P1M,4060,,,
E06000052,Mobile library,2024-06-01/P1M,3436,,,
E06000052,Mobile library,2024-07-01/P1M,3959,,,
E06000052,Mobile library,2024-08-01/P1M,4042,,,
E06000052,Mobile library,2024-09-01/P1M,3450,,,
E06000052,Mobile library,2024-10-01/P1M,4028,,,
E06000052,Mobile library,2024-11-01/P1M,3988,,,
E06000052,Mobile library,2024-12-01/P1M,2926,,,
E06000052,Mobile library,2025-01-01/P1M,3615,,,
E06000052,Mobile library,2025-02-01/P1M,3411,,,
E06000052,Mobile library,2025-03-01/P1M,3620,,,
E06000052,Home delivery,2024-04-01/P1M,3347,,,
E06000052,Home delivery,2024-05-01/P1M,3383,,,
E06000052,Home delivery,2024-06-01/P1M,3148,,,
E06000052,Home delivery,2024-07-01/P1M,3673,,,
E06000052,Home delivery,2024-08-01/P1M,3720,,,
E06000052,Home delivery,2024-09-01/P1M,3557,,,
E06000052,Home delivery,2024-10-01/P1M,3462,,,
E06000052,Home delivery,2024-11-01/P1M,3097,,,
E06000052,Home delivery,2024-12-01/P1M,2446,,,
E06000052,Home delivery,2025-01-01/P1M,3203,,,
E06000052,Home delivery,2025-02-01/P1M,2616,,,
E06000052,Home delivery,2025-03-01/P1M,2964,,,
E08000026,Library,2024-04-01/P1M,56378,,,
E08000026,Library,2024-05-01/P1M,55867,,,
E08000026,Library,2024-06-01/P1M,53810,,,
E08000026,Library,2024-07-01/P1M,59479,,,
E08000026,Library,2024-08-01/P1M,57946,,,
E08000026,Library,2024-09-01/P1M,58381,,,
E08000026,Library,2024-10-01/P1M,62756,,,
E08000026,Library,2024-11-01/P1M,56419,,,
E08000026,Library,2024-12-01/P1M,34806,,,
E08000026,Library,2025-01-01/P1M,57303,,,
E08000026,Library,2025-02-01/P1M,56341,,,
E08000026,Library,2025-03-01/P1M,57714,,,
E08000026,Shared building,2024-04-01/P1M,11799,,,
E08000026,Shared building,2024-05-01/P1M,11171,,,
E08000026,Shared building,2024-06-01/P1M,11436,,,
E08000026,Shared building,2024-07-01/P1M,13751,,,
E08000026,Shared building,2024-08-01/P1M,12434,,,
E08000026,Shared building,2024-09-01/P1M,13837,,,
E08000026,Shared building,2024-10-01/P1M,13567,,,
E08000026,Shared building,2024-11-01/P1M,12836,,,
E08000026,Shared building,2024-12-01/P1M,7434,,,
E08000026,Shared building,2025-01-01/P1M,11230,,,
E08000026,Shared building,2025-02-01/P1M,11906,,,
E08000026,Shared building,2025-03-01/P1M,12504,,,
E08000026,Mobile library,2024-04-01/P1Y,0,,,
E08000026,Home delivery,2024-04-01/P1M,60,,,
E08000026,Home delivery,2024-05-01/P1M,60,,,
E08000026,Home delivery,2024-06-01/P1M,60,,,
E08000026,Home delivery,2024-07-01/P1M,60,,,
E08000026,Home delivery,2024-08-01/P1M,60,,,
E08000026,Home delivery,2024-09-01/P1M,60,,,
E08000026,Home delivery,2024-10-01/P1M,60,,,
E08000026,Home delivery,2024-11-01/P1M,60,,,
E08000026,Home delivery,2024-12-01/P1M,60,,,
E08000026,Home delivery,2025-01-01/P1M,60,,,
E08000026,Home delivery,2025-02-01/P1M,60,,,
E08000026,Home delivery,2025-03-01/P1M,60,,,
E09000008,Library,2024-04-01/P1M,29635,,,
E09000008,Library,2024-05-01/P1M,30205,,,
E09000008,Library,2024-06-01/P1M,30083,,,
E09000008,Library,2024-07-01/P1M,30003,,,
E09000008,Library,2024-08-01/P1M,30046,,,
E09000008,Library,2024-09-01/P1M,27734,,,
E09000008,Library,2024-10-01/P1M,30002,,,
E09000008,Library,2024-11-01/P1M,25754,,,
E09000008,Library,2024-12-01/P1M,20523,,,
E09000008,Library,2025-01-01/P1M,26646,,,
E09000008,Library,2025-02-01/P1M,28695,,,
E09000008,Library,2025-03-01/P1M,29750,,,
E09000008,Shared building,2024-04-01/P1M,33567,,,
E09000008,Shared building,2024-05-01/P1M,29676,,,
E09000008,Shared building,2024-06-01/P1M,33953,,,
E09000008,Shared building,2024-07-01/P1M,34353,,,
E09000008,Shared building,2024-08-01/P1M,31136,,,
E09000008,Shared building,2024-09-01/P1M,29302,,,
E09000008,Shared building,2024-10-01/P1M,34993,,,
E09000008,Shared building,2024-11-01/P1M,29643,,,
E09000008,Shared building,2024-12-01/P1M,20360,,,
E09000008,Shared building,2025-01-01/P1M,22199,,,
E09000008,Shared building,2025-02-01/P1M,25039,,,
E09000008,Shared building,2025-03-01/P1M,25049,,,
E09000008,Mobile library,2024-04-01/P1Y,0,,,
E09000008,Home delivery,2024-04-01/P1M,91,,,
E09000008,Home delivery,2024-05-01/P1M,70,,,
E09000008,Home delivery,2024-06-01/P1M,60,,,
E09000008,Home delivery,2024-07-01/P1M,52,,,
E09000008,Home delivery,2024-08-01/P1M,65,,,
E09000008,Home delivery,2024-09-01/P1M,66,,,
E09000008,Home delivery,2024-10-01/P1M,84,,,
E09000008,Home delivery,2024-11-01/P1M,79,,,
E09000008,Home delivery,2024-12-01/P1M,53,,,
E09000008,Home delivery,2025-01-01/P1M,47,,,
E09000008,Home delivery,2025-02-01/P1M,79,,,
E09000008,Home delivery,2025-03-01/P1M,58,,,
E06000063,Library,2024-04-01/P1M,42249,,,
E06000063,Library,2024-05-01/P1M,40837,,,
E06000063,Library,2024-06-01/P1M,34409,,,
E06000063,Library,2024-07-01/P1M,40177,,,
E06000063,Library,2024-08-01/P1M,43935,,,
E06000063,Library,2024-09-01/P1M,40439,,,
E06000063,Library,2024-10-01/P1M,45174,,,
E06000063,Library,2024-11-01/P1M,40547,,,
E06000063,Library,2024-12-01/P1M,35090,,,
E06000063,Library,2025-01-01/P1M,41291,,,
E06000063,Library,2025-02-01/P1M,30009,,,
E06000063,Library,2025-03-01/P1M,32149,,,
E06000063,Shared building,2024-04-01/P1Y,0,,,
E06000063,Mobile library,2024-04-01/P1Y,0,,,
E06000063,Home delivery,2024-04-01/P1M,97,,,
E06000063,Home delivery,2024-05-01/P1M,99,,,
E06000063,Home delivery,2024-06-01/P1M,133,,,
E06000063,Home delivery,2024-07-01/P1M,156,,,
E06000063,Home delivery,2024-08-01/P1M,94,,,
E06000063,Home delivery,2024-09-01/P1M,106,,,
E06000063,Home delivery,2024-10-01/P1M,104,,,
E06000063,Home delivery,2024-11-01/P1M,104,,,
E06000063,Home delivery,2024-12-01/P1M,124,,,
E06000063,Home delivery,2025-01-01/P1M,42,,,
E06000063,Home delivery,2025-02-01/P1M,31,,,
E06000063,Home delivery,2025-03-01/P1M,64,,,
E06000005,Library,2024-04-01/P1M,24294,,,
E06000005,Library,2024-05-01/P1M,17985,,,
E06000005,Library,2024-06-01/P1M,16340,,,
E06000005,Library,2024-07-01/P1M,18283,,,
E06000005,Library,2024-08-01/P1M,18504,,,
E06000005,Library,2024-09-01/P1M,17664,,,
E06000005,Library,2024-10-01/P1M,18411,,,
E06000005,Library,2024-11-01/P1M,16737,,,
E06000005,Library,2024-12-01/P1M,14882,,,
E06000005,Library,2025-01-01/P1M,20539,,,
E06000005,Library,2025-02-01/P1M,21676,,,
E06000005,Library,2025-03-01/P1M,21218,,,
E06000005,Shared building,2024-04-01/P1Y,0,,,
E06000005,Mobile library,2024-04-01/P1Y,0,,,
E06000005,Home delivery,2024-04-01/P1M,143,,,
E06000005,Home delivery,2024-05-01/P1M,143,,,
E06000005,Home delivery,2024-06-01/P1M,143,,,
E06000005,Home delivery,2024-07-01/P1M,143,,,
E06000005,Home delivery,2024-08-01/P1M,143,,,
E06000005,Home delivery,2024-09-01/P1M,143,,,
E06000005,Home delivery,2024-10-01/P1M,143,,,
E06000005,Home delivery,2024-11-01/P1M,143,,,
E06000005,Home delivery,2024-12-01/P1M,143,,,
E06000005,Home delivery,2025-01-01/P1M,143,,,
E06000005,Home delivery,2025-02-01/P1M,143,,,
E06000005,Home delivery,2025-03-01/P1M,143,,,
E10000007,Library,2024-04-01/P1M,76073,,,
E10000007,Library,2024-05-01/P1M,74000,,,
E10000007,Library,2024-06-01/P1M,69734,,,
E10000007,Library,2024-07-01/P1M,79076,,,
E10000007,Library,2024-08-01/P1M,79866,,,
E10000007,Library,2024-09-01/P1M,72417,,,
E10000007,Library,2024-10-01/P1M,82235,,,
E10000007,Library,2024-11-01/P1M,74669,,,
E10000007,Library,2024-12-01/P1M,67363,,,
E10000007,Library,2025-01-01/P1M,73591,,,
E10000007,Library,2025-02-01/P1M,71316,,,
E10000007,Library,2025-03-01/P1M,75208,,,
E10000007,Shared building,2024-04-01/P1M,36223,,,
E10000007,Shared building,2024-05-01/P1M,32546,,,
E10000007,Shared building,2024-06-01/P1M,31561,,,
E10000007,Shared building,2024-07-01/P1M,37172,,,
E10000007,Shared building,2024-08-01/P1M,37886,,,
E10000007,Shared building,2024-09-01/P1M,34984,,,
E10000007,Shared building,2024-10-01/P1M,35874,,,
E10000007,Shared building,2024-11-01/P1M,35373,,,
E10000007,Shared building,2024-12-01/P1M,30660,,,
E10000007,Shared building,2025-01-01/P1M,34930,,,
E10000007,Shared building,2025-02-01/P1M,32558,,,
E10000007,Shared building,2025-03-01/P1M,34135,,,
E10000007,Mobile library,2024-04-01/P1Y,0,,,
E10000007,Home delivery,2024-04-01/P1Y,0,,,
E10000008,Library,2024-04-01/P1M,189407,,,
E10000008,Library,2024-05-01/P1M,186349,,,
E10000008,Library,2024-06-01/P1M,171632,,,
E10000008,Library,2024-07-01/P1M,199138,,,
E10000008,Library,2024-08-01/P1M,202000,,,
E10000008,Library,2024-09-01/P1M,193624,,,
E10000008,Library,2024-10-01/P1M,201650,,,
E10000008,Library,2024-11-01/P1M,188082,,,
E10000008,Library,2024-12-01/P1M,142646,,,
E10000008,Library,2025-01-01/P1M,189584,,,
E10000008,Library,2025-02-01/P1M,164948,,,
E10000008,Library,2025-03-01/P1M,186615,,,
E10000008,Shared building,2024-04-01/P1Y,0,,,
E10000008,Mobile library,2024-04-01/P1Y,0,,,
E10000008,Home delivery,2024-04-01/P1Y,0,,,
E08000017,Library,2024-04-01/P1M,15689,,,
E08000017,Library,2024-05-01/P1M,16554,,,
E08000017,Library,2024-06-01/P1M,16495,,,
E08000017,Library,2024-07-01/P1M,16811,,,
E08000017,Library,2024-08-01/P1M,18816,,,
E08000017,Library,2024-09-01/P1M,20983,,,
E08000017,Library,2024-10-01/P1M,19748,,,
E08000017,Library,2024-11-01/P1M,14103,,,
E08000017,Library,2024-12-01/P1M,9230,,,
E08000017,Library,2025-01-01/P1M,15844,,,
E08000017,Library,2025-02-01/P1M,15680,,,
E08000017,Library,2025-03-01/P1M,19156,,,
E08000017,Shared building,2024-04-01/P1M,25653,,,
E08000017,Shared building,2024-05-01/P1M,27288,,,
E08000017,Shared building,2024-06-01/P1M,23009,,,
E08000017,Shared building,2024-07-01/P1M,25654,,,
E08000017,Shared building,2024-08-01/P1M,19775,,,
E08000017,Shared building,2024-09-01/P1M,21044,,,
E08000017,Shared building,2024-10-01/P1M,24737,,,
E08000017,Shared building,2024-11-01/P1M,22035,,,
E08000017,Shared building,2024-12-01/P1M,14642,,,
E08000017,Shared building,2025-01-01/P1M,22172,,,
E08000017,Shared building,2025-02-01/P1M,24053,,,
E08000017,Shared building,2025-03-01/P1M,24139,,,
E08000017,Mobile library,2024-04-01/P1Y,0,,,
E08000017,Home delivery,2024-04-01/P1M,159,,,
E08000017,Home delivery,2024-05-01/P1M,191,,,
E08000017,Home delivery,2024-06-01/P1M,159,,,
E08000017,Home delivery,2024-07-01/P1M,177,,,
E08000017,Home delivery,2024-08-01/P1M,180,,,
E08000017,Home delivery,2024-09-01/P1M,159,,,
E08000017,Home delivery,2024-10-01/P1M,159,,,
E08000017,Home delivery,2024-11-01/P1M,159,,,
E08000017,Home delivery,2024-12-01/P1M,142,,,
E08000017,Home delivery,2025-01-01/P1M,168,,,
E08000017,Home delivery,2025-02-01/P1M,159,,,
E08000017,Home delivery,2025-03-01/P1M,159,,,
E06000059,Library,2024-04-01/P1M,81568,,,
E06000059,Library,2024-05-01/P1M,72939,,,
E06000059,Library,2024-06-01/P1M,60952,,,
E06000059,Library,2024-07-01/P1M,80344,,,
E06000059,Library,2024-08-01/P1M,82300,,,
E06000059,Library,2024-09-01/P1M,82709,,,
E06000059,Library,2024-10-01/P1M,82067,,,
E06000059,Library,2024-11-01/P1M,80866,,,
E06000059,Library,2024-12-01/P1M,70488,,,
E06000059,Library,2025-01-01/P1M,80171,,,
E06000059,Library,2025-02-01/P1M,79658,,,
E06000059,Library,2025-03-01/P1M,85327,,,
E06000059,Shared building,2024-04-01/P1Y,0,,,
E06000059,Mobile library,2024-04-01/P1Y,0,,,
E06000059,Home delivery,2024-04-01/P1M,176,,,
E06000059,Home delivery,2024-05-01/P1M,176,,,
E06000059,Home delivery,2024-06-01/P1M,176,,,
E06000059,Home delivery,2024-07-01/P1M,176,,,
E06000059,Home delivery,2024-08-01/P1M,176,,,
E06000059,Home delivery,2024-09-01/P1M,176,,,
E06000059,Home delivery,2024-10-01/P1M,176,,,
E06000059,Home delivery,2024-11-01/P1M,176,,,
E06000059,Home delivery,2024-12-01/P1M,176,,,
E06000059,Home delivery,2025-01-01/P1M,176,,,
E06000059,Home delivery,2025-02-01/P1M,176,,,
E06000059,Home delivery,2025-03-01/P1M,176,,,
E08000027,Library,2024-04-01/P1M,45404,,,
E08000027,Library,2024-05-01/P1M,45145,,,
E08000027,Library,2024-06-01/P1M,42368,,,
E08000027,Library,2024-07-01/P1M,48515,,,
E08000027,Library,2024-08-01/P1M,48429,,,
E08000027,Library,2024-09-01/P1M,44699,,,
E08000027,Library,2024-10-01/P1M,48183,,,
E08000027,Library,2024-11-01/P1M,45090,,,
E08000027,Library,2024-12-01/P1M,30991,,,
E08000027,Library,2025-01-01/P1M,42814,,,
E08000027,Library,2025-02-01/P1M,43967,,,
E08000027,Library,2025-03-01/P1M,45848,,,
E08000027,Shared building,2024-04-01/P1M,155914,,,
E08000027,Shared building,2024-05-01/P1M,14392,,,
E08000027,Shared building,2024-06-01/P1M,13208,,,
E08000027,Shared building,2024-07-01/P1M,13889,,,
E08000027,Shared building,2024-08-01/P1M,13316,,,
E08000027,Shared building,2024-09-01/P1M,15389,,,
E08000027,Shared building,2024-10-01/P1M,16696,,,
E08000027,Shared building,2024-11-01/P1M,16619,,,
E08000027,Shared building,2024-12-01/P1M,11694,,,
E08000027,Shared building,2025-01-01/P1M,18308,,,
E08000027,Shared building,2025-02-01/P1M,17130,,,
E08000027,Shared building,2025-03-01/P1M,17091,,,
E08000027,Mobile library,2024-04-01/P1Y,0,,,
E08000027,Home delivery,2024-04-01/P1M,374,,,
E08000027,Home delivery,2024-05-01/P1M,400,,,
E08000027,Home delivery,2024-06-01/P1M,304,,,
E08000027,Home delivery,2024-07-01/P1M,455,,,
E08000027,Home delivery,2024-08-01/P1M,339,,,
E08000027,Home delivery,2024-09-01/P1M,425,,,
E08000027,Home delivery,2024-10-01/P1M,468,,,
E08000027,Home delivery,2024-11-01/P1M,463,,,
E08000027,Home delivery,2024-12-01/P1M,291,,,
E08000027,Home delivery,2025-01-01/P1M,448,,,
E08000027,Home delivery,2025-02-01/P1M,425,,,
E08000027,Home delivery,2025-03-01/P1M,447,,,
E09000009,Library,2024-04-01/P1M,7120,,,
E09000009,Library,2024-05-01/P1M,8543,,,
E09000009,Library,2024-06-01/P1M,6038,,,
E09000009,Library,2024-07-01/P1M,7768,,,
E09000009,Library,2024-08-01/P1M,5850,,,
E09000009,Library,2024-09-01/P1M,6796,,,
E09000009,Library,2024-10-01/P1M,8068,,,
E09000009,Library,2024-11-01/P1M,2986,,,
E09000009,Library,2024-12-01/P1M,2729,,,
E09000009,Library,2025-01-01/P1M,6750,,,
E09000009,Library,2025-02-01/P1M,7052,,,
E09000009,Library,2025-03-01/P1M,3464,,,
E09000009,Shared building,2024-04-01/P1M,49676,,,
E09000009,Shared building,2024-05-01/P1M,53325,,,
E09000009,Shared building,2024-06-01/P1M,37724,,,
E09000009,Shared building,2024-07-01/P1M,47355,,,
E09000009,Shared building,2024-08-01/P1M,38931,,,
E09000009,Shared building,2024-09-01/P1M,40218,,,
E09000009,Shared building,2024-10-01/P1M,47916,,,
E09000009,Shared building,2024-11-01/P1M,41735,,,
E09000009,Shared building,2024-12-01/P1M,29334,,,
E09000009,Shared building,2025-01-01/P1M,12027,,,
E09000009,Shared building,2025-02-01/P1M,31989,,,
E09000009,Shared building,2025-03-01/P1M,29875,,,
E09000009,Mobile library,2024-04-01/P1Y,0,,,
E09000009,Home delivery,2024-04-01/P1M,105,,,
E09000009,Home delivery,2024-05-01/P1M,105,,,
E09000009,Home delivery,2024-06-01/P1M,105,,,
E09000009,Home delivery,2024-07-01/P1M,105,,,
E09000009,Home delivery,2024-08-01/P1M,105,,,
E09000009,Home delivery,2024-09-01/P1M,105,,,
E09000009,Home delivery,2024-10-01/P1M,105,,,
E09000009,Home delivery,2024-11-01/P1M,105,,,
E09000009,Home delivery,2024-12-01/P1M,105,,,
E09000009,Home delivery,2025-01-01/P1M,105,,,
E09000009,Home delivery,2025-02-01/P1M,105,,,
E09000009,Home delivery,2025-03-01/P1M,105,,,
E06000011,Library,2024-04-01/P1Y,0,,,
E06000011,Shared building,2024-04-01/P1Y,0,,,
E06000011,Mobile library,2024-04-01/P1Y,0,,,
E06000011,Home delivery,2024-04-01/P1Y,0,,,
E10000011,Library,2024-04-01/P1M,69717,,,
E10000011,Library,2024-05-01/P1M,64203,,,
E10000011,Library,2024-06-01/P1M,61717,,,
E10000011,Library,2024-07-01/P1M,76476,,,
E10000011,Library,2024-08-01/P1M,81750,,,
E10000011,Library,2024-09-01/P1M,63258,,,
E10000011,Library,2024-10-01/P1M,66561,,,
E10000011,Library,2024-11-01/P1M,62527,,,
E10000011,Library,2024-12-01/P1M,52519,,,
E10000011,Library,2025-01-01/P1M,68110,,,
E10000011,Library,2025-02-01/P1M,66507,,,
E10000011,Library,2025-03-01/P1M,66974,,,
E10000011,Shared building,2024-04-01/P1M,4468,,,
E10000011,Shared building,2024-05-01/P1M,4093,,,
E10000011,Shared building,2024-06-01/P1M,3761,,,
E10000011,Shared building,2024-07-01/P1M,5247,,,
E10000011,Shared building,2024-08-01/P1M,5608,,,
E10000011,Shared building,2024-09-01/P1M,4213,,,
E10000011,Shared building,2024-10-01/P1M,4661,,,
E10000011,Shared building,2024-11-01/P1M,3951,,,
E10000011,Shared building,2024-12-01/P1M,3072,,,
E10000011,Shared building,2025-01-01/P1M,3739,,,
E10000011,Shared building,2025-02-01/P1M,3691,,,
E10000011,Shared building,2025-03-01/P1M,3803,,,
E10000011,Mobile library,2024-04-01/P1Y,0,,,
E10000011,Home delivery,2024-04-01/P1M,81,,,
E10000011,Home delivery,2024-05-01/P1M,76,,,
E10000011,Home delivery,2024-06-01/P1M,58,,,
E10000011,Home delivery,2024-07-01/P1M,57,,,
E10000011,Home delivery,2024-08-01/P1M,78,,,
E10000011,Home delivery,2024-09-01/P1M,67,,,
E10000011,Home delivery,2024-10-01/P1M,64,,,
E10000011,Home delivery,2024-11-01/P1M,77,,,
E10000011,Home delivery,2024-12-01/P1M,57,,,
E10000011,Home delivery,2025-01-01/P1M,58,,,
E10000011,Home delivery,2025-02-01/P1M,65,,,
E10000011,Home delivery,2025-03-01/P1M,54,,,
E09000010,Library,2024-04-01/P1M,12365,,,
E09000010,Library,2024-05-01/P1M,13485,,,
E09000010,Library,2024-06-01/P1M,12155,,,
E09000010,Library,2024-07-01/P1M,13129,,,
E09000010,Library,2024-08-01/P1M,11661,,,
E09000010,Library,2024-09-01/P1M,11959,,,
E09000010,Library,2024-10-01/P1M,12688,,,
E09000010,Library,2024-11-01/P1M,12767,,,
E09000010,Library,2024-12-01/P1M,9787,,,
E09000010,Library,2025-01-01/P1M,11723,,,
E09000010,Library,2025-02-01/P1M,12078,,,
E09000010,Library,2025-03-01/P1M,13392,,,
E09000010,Shared building,2024-04-01/P1M,108979,,,
E09000010,Shared building,2024-05-01/P1M,116601,,,
E09000010,Shared building,2024-06-01/P1M,91186,,,
E09000010,Shared building,2024-07-01/P1M,94951,,,
E09000010,Shared building,2024-08-01/P1M,75527,,,
E09000010,Shared building,2024-09-01/P1M,91560,,,
E09000010,Shared building,2024-10-01/P1M,99329,,,
E09000010,Shared building,2024-11-01/P1M,93918,,,
E09000010,Shared building,2024-12-01/P1M,75843,,,
E09000010,Shared building,2025-01-01/P1M,93928,,,
E09000010,Shared building,2025-02-01/P1M,93444,,,
E09000010,Shared building,2025-03-01/P1M,96591,,,
E09000010,Mobile library,2024-04-01/P1Y,0,,,
E09000010,Home delivery,2024-04-01/P1M,152,,,
E09000010,Home delivery,2024-05-01/P1M,163,,,
E09000010,Home delivery,2024-06-01/P1M,150,,,
E09000010,Home delivery,2024-07-01/P1M,162,,,
E09000010,Home delivery,2024-08-01/P1M,144,,,
E09000010,Home delivery,2024-09-01/P1M,130,,,
E09000010,Home delivery,2024-10-01/P1M,146,,,
E09000010,Home delivery,2024-11-01/P1M,120,,,
E09000010,Home delivery,2024-12-01/P1M,117,,,
E09000010,Home delivery,2025-01-01/P1M,112,,,
E09000010,Home delivery,2025-02-01/P1M,126,,,
E09000010,Home delivery,2025-03-01/P1M,120,,,
E10000012,Library,2024-04-01/P1M,114580,,,
E10000012,Library,2024-05-01/P1M,116889,,,
E10000012,Library,2024-06-01/P1M,115772,,,
E10000012,Library,2024-07-01/P1M,128414,,,
E10000012,Library,2024-08-01/P1M,134960,,,
E10000012,Library,2024-09-01/P1M,121693,,,
E10000012,Library,2024-10-01/P1M,130868,,,
E10000012,Library,2024-11-01/P1M,125528,,,
E10000012,Library,2024-12-01/P1M,105516,,,
E10000012,Library,2025-01-01/P1M,126269,,,
E10000012,Library,2025-02-01/P1M,124000,,,
E10000012,Library,2025-03-01/P1M,140083,,,
E10000012,Shared building,2024-04-01/P1M,151026,,,
E10000012,Shared building,2024-05-01/P1M,148383,,,
E10000012,Shared building,2024-06-01/P1M,136580,,,
E10000012,Shared building,2024-07-01/P1M,162453,,,
E10000012,Shared building,2024-08-01/P1M,150894,,,
E10000012,Shared building,2024-09-01/P1M,132171,,,
E10000012,Shared building,2024-10-01/P1M,127252,,,
E10000012,Shared building,2024-11-01/P1M,125524,,,
E10000012,Shared building,2024-12-01/P1M,102064,,,
E10000012,Shared building,2025-01-01/P1M,128925,,,
E10000012,Shared building,2025-02-01/P1M,132532,,,
E10000012,Shared building,2025-03-01/P1M,130725,,,
E10000012,Mobile library,2024-04-01/P1M,419,,,
E10000012,Mobile library,2024-05-01/P1M,464,,,
E10000012,Mobile library,2024-06-01/P1M,600,,,
E10000012,Mobile library,2024-07-01/P1M,540,,,
E10000012,Mobile library,2024-08-01/P1M,445,,,
E10000012,Mobile library,2024-09-01/P1M,630,,,
E10000012,Mobile library,2024-10-01/P1M,677,,,
E10000012,Mobile library,2024-11-01/P1M,643,,,
E10000012,Mobile library,2024-12-01/P1M,561,,,
E10000012,Mobile library,2025-01-01/P1M,645,,,
E10000012,Mobile library,2025-02-01/P1M,551,,,
E10000012,Mobile library,2025-03-01/P1M,648,,,
E10000012,Home delivery,2024-04-01/P1M,330,,,
E10000012,Home delivery,2024-05-01/P1M,339,,,
E10000012,Home delivery,2024-06-01/P1M,289,,,
E10000012,Home delivery,2024-07-01/P1M,250,,,
E10000012,Home delivery,2024-08-01/P1M,330,,,
E10000012,Home delivery,2024-09-01/P1M,276,,,
E10000012,Home delivery,2024-10-01/P1M,304,,,
E10000012,Home delivery,2024-11-01/P1M,307,,,
E10000012,Home delivery,2024-12-01/P1M,271,,,
E10000012,Home delivery,2025-01-01/P1M,297,,,
E10000012,Home delivery,2025-02-01/P1M,258,,,
E10000012,Home delivery,2025-03-01/P1M,300,,,
E08000037,Library,2024-04-01/P1M,2505,,,
E08000037,Library,2024-05-01/P1M,4413,,,
E08000037,Library,2024-06-01/P1M,4267,,,
E08000037,Library,2024-07-01/P1M,5201,,,
E08000037,Library,2024-08-01/P1M,8376,,,
E08000037,Library,2024-09-01/P1M,24516,,,
E08000037,Library,2024-10-01/P1M,25166,,,
E08000037,Library,2024-11-01/P1M,25200,,,
E08000037,Library,2024-12-01/P1M,18132,,,
E08000037,Library,2025-01-01/P1M,26720,,,
E08000037,Library,2025-02-01/P1M,29092,,,
E08000037,Library,2025-03-01/P1M,27974,,,
E08000037,Shared building,2024-04-01/P1M,12213,,,
E08000037,Shared building,2024-05-01/P1M,12219,,,
E08000037,Shared building,2024-06-01/P1M,11638,,,
E08000037,Shared building,2024-07-01/P1M,12063,,,
E08000037,Shared building,2024-08-01/P1M,10701,,,
E08000037,Shared building,2024-09-01/P1M,11468,,,
E08000037,Shared building,2024-10-01/P1M,12316,,,
E08000037,Shared building,2024-11-01/P1M,11116,,,
E08000037,Shared building,2024-12-01/P1M,8441,,,
E08000037,Shared building,2025-01-01/P1M,10869,,,
E08000037,Shared building,2025-02-01/P1M,9409,,,
E08000037,Shared building,2025-03-01/P1M,5998,,,
E08000037,Mobile library,2024-04-01/P1Y,0,,,
E08000037,Home delivery,2024-04-01/P1M,3531,,,
E08000037,Home delivery,2024-05-01/P1M,3007,,,
E08000037,Home delivery,2024-06-01/P1M,2884,,,
E08000037,Home delivery,2024-07-01/P1M,3381,,,
E08000037,Home delivery,2024-08-01/P1M,2922,,,
E08000037,Home delivery,2024-09-01/P1M,3066,,,
E08000037,Home delivery,2024-10-01/P1M,3321,,,
E08000037,Home delivery,2024-11-01/P1M,3084,,,
E08000037,Home delivery,2024-12-01/P1M,2953,,,
E08000037,Home delivery,2025-01-01/P1M,3353,,,
E08000037,Home delivery,2025-02-01/P1M,3112,,,
E08000037,Home delivery,2025-03-01/P1M,2790,,,
E10000013,Library,2024-04-01/P1M,59049,,,
E10000013,Library,2024-05-01/P1M,57446,,,
E10000013,Library,2024-06-01/P1M,54269,,,
E10000013,Library,2024-07-01/P1M,63300,,,
E10000013,Library,2024-08-01/P1M,61425,,,
E10000013,Library,2024-09-01/P1M,57037,,,
E10000013,Library,2024-10-01/P1M,65144,,,
E10000013,Library,2024-11-01/P1M,60367,,,
E10000013,Library,2024-12-01/P1M,47580,,,
E10000013,Library,2025-01-01/P1M,61672,,,
E10000013,Library,2025-02-01/P1M,54592,,,
E10000013,Library,2025-03-01/P1M,55576,,,
E10000013,Shared building,2024-04-01/P1M,72006,,,
E10000013,Shared building,2024-05-01/P1M,69096,,,
E10000013,Shared building,2024-06-01/P1M,64011,,,
E10000013,Shared building,2024-07-01/P1M,75862,,,
E10000013,Shared building,2024-08-01/P1M,81445,,,
E10000013,Shared building,2024-09-01/P1M,68138,,,
E10000013,Shared building,2024-10-01/P1M,74920,,,
E10000013,Shared building,2024-11-01/P1M,67475,,,
E10000013,Shared building,2024-12-01/P1M,54960,,,
E10000013,Shared building,2025-01-01/P1M,69243,,,
E10000013,Shared building,2025-02-01/P1M,65349,,,
E10000013,Shared building,2025-03-01/P1M,71861,,,
E10000013,Mobile library,2024-04-01/P1Y,0,,,
E10000013,Home delivery,2024-04-01/P1M,22,,,
E10000013,Home delivery,2024-05-01/P1M,25,,,
E10000013,Home delivery,2024-06-01/P1M,18,,,
E10000013,Home delivery,2024-07-01/P1M,22,,,
E10000013,Home delivery,2024-08-01/P1M,30,,,
E10000013,Home delivery,2024-09-01/P1M,35,,,
E10000013,Home delivery,2024-10-01/P1M,36,,,
E10000013,Home delivery,2024-11-01/P1M,22,,,
E10000013,Home delivery,2024-12-01/P1M,11,,,
E10000013,Home delivery,2025-01-01/P1M,21,,,
E10000013,Home delivery,2025-02-01/P1M,19,,,
E10000013,Home delivery,2025-03-01/P1M,23,,,
E09000011,Library,2024-04-01/P1M,161482,,,
E09000011,Library,2024-05-01/P1M,151966,,,
E09000011,Library,2024-06-01/P1M,139348,,,
E09000011,Library,2024-07-01/P1M,155642,,,
E09000011,Library,2024-08-01/P1M,154795,,,
E09000011,Library,2024-09-01/P1M,152824,,,
E09000011,Library,2024-10-01/P1M,165914,,,
E09000011,Library,2024-11-01/P1M,153276,,,
E09000011,Library,2024-12-01/P1M,123806,,,
E09000011,Library,2025-01-01/P1M,156913,,,
E09000011,Library,2025-02-01/P1M,156502,,,
E09000011,Library,2025-03-01/P1M,161426,,,
E09000011,Shared building,2024-04-01/P1M,13640,,,
E09000011,Shared building,2024-05-01/P1M,13769,,,
E09000011,Shared building,2024-06-01/P1M,13110,,,
E09000011,Shared building,2024-07-01/P1M,13708,,,
E09000011,Shared building,2024-08-01/P1M,12368,,,
E09000011,Shared building,2024-09-01/P1M,13055,,,
E09000011,Shared building,2024-10-01/P1M,15378,,,
E09000011,Shared building,2024-11-01/P1M,14171,,,
E09000011,Shared building,2024-12-01/P1M,10805,,,
E09000011,Shared building,2025-01-01/P1M,14036,,,
E09000011,Shared building,2025-02-01/P1M,13488,,,
E09000011,Shared building,2025-03-01/P1M,15858,,,
E09000011,Mobile library,2024-04-01/P1Y,0,,,
E09000011,Home delivery,2024-04-01/P1Y,0,,,
E09000012,Library,2024-04-01/P1M,65362,,,
E09000012,Library,2024-05-01/P1M,69197,,,
E09000012,Library,2024-06-01/P1M,61708,,,
E09000012,Library,2024-07-01/P1M,54733,,,
E09000012,Library,2024-08-01/P1M,53475,,,
E09000012,Library,2024-09-01/P1M,62431,,,
E09000012,Library,2024-10-01/P1M,64646,,,
E09000012,Library,2024-11-01/P1M,57347,,,
E09000012,Library,2024-12-01/P1M,45756,,,
E09000012,Library,2025-01-01/P1M,61768,,,
E09000012,Library,2025-02-01/P1M,58457,,,
E09000012,Library,2025-03-01/P1M,64894,,,
E09000012,Shared building,2024-04-01/P1Y,0,,,
E09000012,Mobile library,2024-04-01/P1Y,0,,,
E09000012,Home delivery,2024-04-01/P1M,311,,,
E09000012,Home delivery,2024-05-01/P1M,104,,,
E09000012,Home delivery,2024-06-01/P1M,268,,,
E09000012,Home delivery,2024-07-01/P1M,337,,,
E09000012,Home delivery,2024-08-01/P1M,287,,,
E09000012,Home delivery,2024-09-01/P1M,300,,,
E09000012,Home delivery,2024-10-01/P1M,326,,,
E09000012,Home delivery,2024-11-01/P1M,296,,,
E09000012,Home delivery,2024-12-01/P1M,296,,,
E09000012,Home delivery,2025-01-01/P1M,336,,,
E09000012,Home delivery,2025-02-01/P1M,287,,,
E09000012,Home delivery,2025-03-01/P1M,284,,,
E10000014,Library,2024-04-01/P1M,208131,,,
E10000014,Library,2024-05-01/P1M,201967,,,
E10000014,Library,2024-06-01/P1M,188061,,,
E10000014,Library,2024-07-01/P1M,226489,,,
E10000014,Library,2024-08-01/P1M,232002,,,
E10000014,Library,2024-09-01/P1M,202088,,,
E10000014,Library,2024-10-01/P1M,220768,,,
E10000014,Library,2024-11-01/P1M,203262,,,
E10000014,Library,2024-12-01/P1M,168515,,,
E10000014,Library,2025-01-01/P1M,199500,,,
E10000014,Library,2025-02-01/P1M,190215,,,
E10000014,Library,2025-03-01/P1M,199468,,,
E10000014,Shared building,2024-04-01/P1M,84902,,,
E10000014,Shared building,2024-05-01/P1M,80856,,,
E10000014,Shared building,2024-06-01/P1M,74523,,,
E10000014,Shared building,2024-07-01/P1M,91513,,,
E10000014,Shared building,2024-08-01/P1M,90098,,,
E10000014,Shared building,2024-09-01/P1M,81164,,,
E10000014,Shared building,2024-10-01/P1M,87273,,,
E10000014,Shared building,2024-11-01/P1M,86077,,,
E10000014,Shared building,2024-12-01/P1M,68995,,,
E10000014,Shared building,2025-01-01/P1M,82017,,,
E10000014,Shared building,2025-02-01/P1M,82694,,,
E10000014,Shared building,2025-03-01/P1M,81181,,,
E10000014,Mobile library,2024-04-01/P1Y,0,,,
E10000014,Home delivery,2024-04-01/P1M,295,,,
E10000014,Home delivery,2024-05-01/P1M,292,,,
E10000014,Home delivery,2024-06-01/P1M,274,,,
E10000014,Home delivery,2024-07-01/P1M,308,,,
E10000014,Home delivery,2024-08-01/P1M,305,,,
E10000014,Home delivery,2024-09-01/P1M,301,,,
E10000014,Home delivery,2024-10-01/P1M,293,,,
E10000014,Home delivery,2024-11-01/P1M,312,,,
E10000014,Home delivery,2024-12-01/P1M,281,,,
E10000014,Home delivery,2025-01-01/P1M,328,,,
E10000014,Home delivery,2025-02-01/P1M,289,,,
E10000014,Home delivery,2025-03-01/P1M,304,,,
E09000015,Library,2024-04-01/P1M,43298,,,
E09000015,Library,2024-05-01/P1M,42598,,,
E09000015,Library,2024-06-01/P1M,36737,,,
E09000015,Library,2024-07-01/P1M,40235,,,
E09000015,Library,2024-08-01/P1M,40952,,,
E09000015,Library,2024-09-01/P1M,37968,,,
E09000015,Library,2024-10-01/P1M,43316,,,
E09000015,Library,2024-11-01/P1M,40199,,,
E09000015,Library,2024-12-01/P1M,37358,,,
E09000015,Library,2025-01-01/P1M,37129,,,
E09000015,Library,2025-02-01/P1M,39423,,,
E09000015,Library,2025-03-01/P1M,41480,,,
E09000015,Shared building,2024-04-01/P1Y,0,,,
E09000015,Mobile library,2024-04-01/P1Y,0,,,
E09000015,Home delivery,2024-04-01/P1M,331,,,
E09000015,Home delivery,2024-05-01/P1M,322,,,
E09000015,Home delivery,2024-06-01/P1M,323,,,
E09000015,Home delivery,2024-07-01/P1M,317,,,
E09000015,Home delivery,2024-08-01/P1M,328,,,
E09000015,Home delivery,2024-09-01/P1M,320,,,
E09000015,Home delivery,2024-10-01/P1M,312,,,
E09000015,Home delivery,2024-11-01/P1M,319,,,
E09000015,Home delivery,2024-12-01/P1M,318,,,
E09000015,Home delivery,2025-01-01/P1M,311,,,
E09000015,Home delivery,2025-02-01/P1M,320,,,
E09000015,Home delivery,2025-03-01/P1M,331,,,
E06000001,Library,2024-04-01/P1M,21066,,,
E06000001,Library,2024-05-01/P1M,22982,,,
E06000001,Library,2024-06-01/P1M,19192,,,
E06000001,Library,2024-07-01/P1M,22821,,,
E06000001,Library,2024-08-01/P1M,18036,,,
E06000001,Library,2024-09-01/P1M,23456,,,
E06000001,Library,2024-10-01/P1M,27424,,,
E06000001,Library,2024-11-01/P1M,23635,,,
E06000001,Library,2024-12-01/P1M,19934,,,
E06000001,Library,2025-01-01/P1M,20363,,,
E06000001,Library,2025-02-01/P1M,20910,,,
E06000001,Library,2025-03-01/P1M,23729,,,
E06000001,Shared building,2024-04-01/P1Y,0,,,
E06000001,Mobile library,2024-04-01/P1Y,0,,,
E06000001,Home delivery,2024-04-01/P1M,334,,,
E06000001,Home delivery,2024-05-01/P1M,335,,,
E06000001,Home delivery,2024-06-01/P1M,334,,,
E06000001,Home delivery,2024-07-01/P1M,336,,,
E06000001,Home delivery,2024-08-01/P1M,335,,,
E06000001,Home delivery,2024-09-01/P1M,332,,,
E06000001,Home delivery,2024-10-01/P1M,319,,,
E06000001,Home delivery,2024-11-01/P1M,330,,,
E06000001,Home delivery,2024-12-01/P1M,330,,,
E06000001,Home delivery,2025-01-01/P1M,328,,,
E06000001,Home delivery,2025-02-01/P1M,317,,,
E06000001,Home delivery,2025-03-01/P1M,321,,,
E09000016,Library,2024-04-01/P1M,91448,,,
E09000016,Library,2024-05-01/P1M,89615,,,
E09000016,Library,2024-06-01/P1M,82529,,,
E09000016,Library,2024-07-01/P1M,91837,,,
E09000016,Library,2024-08-01/P1M,87215,,,
E09000016,Library,2024-09-01/P1M,80568,,,
E09000016,Library,2024-10-01/P1M,85791,,,
E09000016,Library,2024-11-01/P1M,84397,,,
E09000016,Library,2024-12-01/P1M,66493,,,
E09000016,Library,2025-01-01/P1M,86368,,,
E09000016,Library,2025-02-01/P1M,80397,,,
E09000016,Library,2025-03-01/P1M,88815,,,
E09000016,Shared building,2024-04-01/P1Y,0,,,
E09000016,Mobile library,2024-04-01/P1Y,0,,,
E09000016,Home delivery,2024-04-01/P1M,21,,,
E09000016,Home delivery,2024-05-01/P1M,21,,,
E09000016,Home delivery,2024-06-01/P1M,21,,,
E09000016,Home delivery,2024-07-01/P1M,21,,,
E09000016,Home delivery,2024-08-01/P1M,21,,,
E09000016,Home delivery,2024-09-01/P1M,21,,,
E09000016,Home delivery,2024-10-01/P1M,21,,,
E09000016,Home delivery,2024-11-01/P1M,21,,,
E09000016,Home delivery,2024-12-01/P1M,21,,,
E09000016,Home delivery,2025-01-01/P1M,21,,,
E09000016,Home delivery,2025-02-01/P1M,21,,,
E09000016,Home delivery,2025-03-01/P1M,21,,,
E06000019,Library,2024-04-01/P1M,20963,,,
E06000019,Library,2024-05-01/P1M,19974,,,
E06000019,Library,2024-06-01/P1M,19250,,,
E06000019,Library,2024-07-01/P1M,21334,,,
E06000019,Library,2024-08-01/P1M,20989,,,
E06000019,Library,2024-09-01/P1M,23941,,,
E06000019,Library,2024-10-01/P1M,21951,,,
E06000019,Library,2024-11-01/P1M,21528,,,
E06000019,Library,2024-12-01/P1M,20066,,,
E06000019,Library,2025-01-01/P1M,23968,,,
E06000019,Library,2025-02-01/P1M,22912,,,
E06000019,Library,2025-03-01/P1M,22513,,,
E06000019,Shared building,2024-04-01/P1Y,0,,,
E06000019,Mobile library,2024-04-01/P1Y,0,,,
E06000019,Home delivery,2024-04-01/P1M,36,,,
E06000019,Home delivery,2024-05-01/P1M,72,,,
E06000019,Home delivery,2024-06-01/P1M,51,,,
E06000019,Home delivery,2024-07-01/P1M,67,,,
E06000019,Home delivery,2024-08-01/P1M,70,,,
E06000019,Home delivery,2024-09-01/P1M,75,,,
E06000019,Home delivery,2024-10-01/P1M,64,,,
E06000019,Home delivery,2024-11-01/P1M,60,,,
E06000019,Home delivery,2024-12-01/P1M,60,,,
E06000019,Home delivery,2025-01-01/P1M,42,,,
E06000019,Home delivery,2025-02-01/P1M,63,,,
E06000019,Home delivery,2025-03-01/P1M,63,,,
E09000017,Library,2024-04-01/P1M,69772,,,
E09000017,Library,2024-05-01/P1M,70992,,,
E09000017,Library,2024-06-01/P1M,64964,,,
E09000017,Library,2024-07-01/P1M,74966,,,
E09000017,Library,2024-08-01/P1M,71636,,,
E09000017,Library,2024-09-01/P1M,70949,,,
E09000017,Library,2024-10-01/P1M,78311,,,
E09000017,Library,2024-11-01/P1M,75092,,,
E09000017,Library,2024-12-01/P1M,61118,,,
E09000017,Library,2025-01-01/P1M,74150,,,
E09000017,Library,2025-02-01/P1M,70277,,,
E09000017,Library,2025-03-01/P1M,75048,,,
E09000017,Shared building,2024-04-01/P1M,17954,,,
E09000017,Shared building,2024-05-01/P1M,18249,,,
E09000017,Shared building,2024-06-01/P1M,18124,,,
E09000017,Shared building,2024-07-01/P1M,19595,,,
E09000017,Shared building,2024-08-01/P1M,18497,,,
E09000017,Shared building,2024-09-01/P1M,18608,,,
E09000017,Shared building,2024-10-01/P1M,20437,,,
E09000017,Shared building,2024-11-01/P1M,19600,,,
E09000017,Shared building,2024-12-01/P1M,14823,,,
E09000017,Shared building,2025-01-01/P1M,19616,,,
E09000017,Shared building,2025-02-01/P1M,18013,,,
E09000017,Shared building,2025-03-01/P1M,19264,,,
E09000017,Mobile library,2024-04-01/P1M,412,,,
E09000017,Mobile library,2024-05-01/P1M,764,,,
E09000017,Mobile library,2024-06-01/P1M,1072,,,
E09000017,Mobile library,2024-07-01/P1M,860,,,
E09000017,Mobile library,2024-08-01/P1M,221,,,
E09000017,Mobile library,2024-09-01/P1M,961,,,
E09000017,Mobile library,2024-10-01/P1M,882,,,
E09000017,Mobile library,2024-11-01/P1M,1009,,,
E09000017,Mobile library,2024-12-01/P1M,744,,,
E09000017,Mobile library,2025-01-01/P1M,918,,,
E09000017,Mobile library,2025-02-01/P1M,755,,,
E09000017,Mobile library,2025-03-01/P1M,1047,,,
E09000017,Home delivery,2024-04-01/P1M,89,,,
E09000017,Home delivery,2024-05-01/P1M,68,,,
E09000017,Home delivery,2024-06-01/P1M,91,,,
E09000017,Home delivery,2024-07-01/P1M,94,,,
E09000017,Home delivery,2024-08-01/P1M,81,,,
E09000017,Home delivery,2024-09-01/P1M,96,,,
E09000017,Home delivery,2024-10-01/P1M,92,,,
E09000017,Home delivery,2024-11-01/P1M,76,,,
E09000017,Home delivery,2024-12-01/P1M,62,,,
E09000017,Home delivery,2025-01-01/P1M,66,,,
E09000017,Home delivery,2025-02-01/P1M,85,,,
E09000017,Home delivery,2025-03-01/P1M,88,,,
E06000046,Library,2024-04-01/P1M,20004,,,
E06000046,Library,2024-05-01/P1M,20749,,,
E06000046,Library,2024-06-01/P1M,19593,,,
E06000046,Library,2024-07-01/P1M,17776,,,
E06000046,Library,2024-08-01/P1M,21076,,,
E06000046,Library,2024-09-01/P1M,18816,,,
E06000046,Library,2024-10-01/P1M,16388,,,
E06000046,Library,2024-11-01/P1M,17540,,,
E06000046,Library,2024-12-01/P1M,12000,,,
E06000046,Library,2025-01-01/P1M,16177,,,
E06000046,Library,2025-02-01/P1M,16157,,,
E06000046,Library,2025-03-01/P1M,17490,,,
E06000046,Shared building,2024-04-01/P1M,13768,,,
E06000046,Shared building,2024-05-01/P1M,15457,,,
E06000046,Shared building,2024-06-01/P1M,15411,,,
E06000046,Shared building,2024-07-01/P1M,16310,,,
E06000046,Shared building,2024-08-01/P1M,19818,,,
E06000046,Shared building,2024-09-01/P1M,16106,,,
E06000046,Shared building,2024-10-01/P1M,17703,,,
E06000046,Shared building,2024-11-01/P1M,18720,,,
E06000046,Shared building,2024-12-01/P1M,13443,,,
E06000046,Shared building,2025-01-01/P1M,16750,,,
E06000046,Shared building,2025-02-01/P1M,14556,,,
E06000046,Shared building,2025-03-01/P1M,12512,,,
E06000046,Mobile library,2024-04-01/P1Y,0,,,
E06000046,Home delivery,2024-04-01/P1M,99,,,
E06000046,Home delivery,2024-05-01/P1M,78,,,
E06000046,Home delivery,2024-06-01/P1M,98,,,
E06000046,Home delivery,2024-07-01/P1M,85,,,
E06000046,Home delivery,2024-08-01/P1M,67,,,
E06000046,Home delivery,2024-09-01/P1M,84,,,
E06000046,Home delivery,2024-10-01/P1M,0,,,
E06000046,Home delivery,2024-11-01/P1M,28,,,
E06000046,Home delivery,2024-12-01/P1M,38,,,
E06000046,Home delivery,2025-01-01/P1M,74,,,
E06000046,Home delivery,2025-02-01/P1M,95,,,
E06000046,Home delivery,2025-03-01/P1M,96,,,
E10000016,Library,2024-04-01/P1M,149907,,,
E10000016,Library,2024-05-01/P1M,145103,,,
E10000016,Library,2024-06-01/P1M,136419,,,
E10000016,Library,2024-07-01/P1M,162816,,,
E10000016,Library,2024-08-01/P1M,164623,,,
E10000016,Library,2024-09-01/P1M,144639,,,
E10000016,Library,2024-10-01/P1M,158722,,,
E10000016,Library,2024-11-01/P1M,147006,,,
E10000016,Library,2024-12-01/P1M,115221,,,
E10000016,Library,2025-01-01/P1M,146239,,,
E10000016,Library,2025-02-01/P1M,139079,,,
E10000016,Library,2025-03-01/P1M,149747,,,
E10000016,Shared building,2024-04-01/P1M,116441,,,
E10000016,Shared building,2024-05-01/P1M,117827,,,
E10000016,Shared building,2024-06-01/P1M,107642,,,
E10000016,Shared building,2024-07-01/P1M,135805,,,
E10000016,Shared building,2024-08-01/P1M,132354,,,
E10000016,Shared building,2024-09-01/P1M,114188,,,
E10000016,Shared building,2024-10-01/P1M,123808,,,
E10000016,Shared building,2024-11-01/P1M,119932,,,
E10000016,Shared building,2024-12-01/P1M,99327,,,
E10000016,Shared building,2025-01-01/P1M,116938,,,
E10000016,Shared building,2025-02-01/P1M,115307,,,
E10000016,Shared building,2025-03-01/P1M,121753,,,
E10000016,Mobile library,2024-04-01/P1M,2593,,,
E10000016,Mobile library,2024-05-01/P1M,2896,,,
E10000016,Mobile library,2024-06-01/P1M,2487,,,
E10000016,Mobile library,2024-07-01/P1M,2620,,,
E10000016,Mobile library,2024-08-01/P1M,2615,,,
E10000016,Mobile library,2024-09-01/P1M,2137,,,
E10000016,Mobile library,2024-10-01/P1M,3013,,,
E10000016,Mobile library,2024-11-01/P1M,3082,,,
E10000016,Mobile library,2024-12-01/P1M,1877,,,
E10000016,Mobile library,2025-01-01/P1M,2979,,,
E10000016,Mobile library,2025-02-01/P1M,2270,,,
E10000016,Mobile library,2025-03-01/P1M,2226,,,
E10000016,Home delivery,2024-04-01/P1Y,0,,,
E06000010,Library,2024-04-01/P1M,33306,,,
E06000010,Library,2024-05-01/P1M,31238,,,
E06000010,Library,2024-06-01/P1M,34573,,,
E06000010,Library,2024-07-01/P1M,42895,,,
E06000010,Library,2024-08-01/P1M,44162,,,
E06000010,Library,2024-09-01/P1M,42472,,,
E06000010,Library,2024-10-01/P1M,33601,,,
E06000010,Library,2024-11-01/P1M,34145,,,
E06000010,Library,2024-12-01/P1M,29456,,,
E06000010,Library,2025-01-01/P1M,35473,,,
E06000010,Library,2025-02-01/P1M,35277,,,
E06000010,Library,2025-03-01/P1M,38581,,,
E06000010,Shared building,2024-04-01/P1M,5460,,,
E06000010,Shared building,2024-05-01/P1M,6236,,,
E06000010,Shared building,2024-06-01/P1M,6244,,,
E06000010,Shared building,2024-07-01/P1M,6870,,,
E06000010,Shared building,2024-08-01/P1M,7124,,,
E06000010,Shared building,2024-09-01/P1M,6767,,,
E06000010,Shared building,2024-10-01/P1M,5836,,,
E06000010,Shared building,2024-11-01/P1M,6404,,,
E06000010,Shared building,2024-12-01/P1M,4615,,,
E06000010,Shared building,2025-01-01/P1M,6120,,,
E06000010,Shared building,2025-02-01/P1M,6715,,,
E06000010,Shared building,2025-03-01/P1M,7409,,,
E06000010,Mobile library,2024-04-01/P1Y,0,,,
E06000010,Home delivery,2024-04-01/P1M,107,,,
E06000010,Home delivery,2024-05-01/P1M,121,,,
E06000010,Home delivery,2024-06-01/P1M,101,,,
E06000010,Home delivery,2024-07-01/P1M,107,,,
E06000010,Home delivery,2024-08-01/P1M,142,,,
E06000010,Home delivery,2024-09-01/P1M,102,,,
E06000010,Home delivery,2024-10-01/P1M,138,,,
E06000010,Home delivery,2024-11-01/P1M,115,,,
E06000010,Home delivery,2024-12-01/P1M,90,,,
E06000010,Home delivery,2025-01-01/P1M,103,,,
E06000010,Home delivery,2025-02-01/P1M,127,,,
E06000010,Home delivery,2025-03-01/P1M,102,,,
E09000021,Library,2024-04-01/P1M,23605,,,
E09000021,Library,2024-05-01/P1M,23285,,,
E09000021,Library,2024-06-01/P1M,25261,,,
E09000021,Library,2024-07-01/P1M,26397,,,
E09000021,Library,2024-08-01/P1M,26104,,,
E09000021,Library,2024-09-01/P1M,20428,,,
E09000021,Library,2024-10-01/P1M,23482,,,
E09000021,Library,2024-11-01/P1M,22712,,,
E09000021,Library,2024-12-01/P1M,19139,,,
E09000021,Library,2025-01-01/P1M,22029,,,
E09000021,Library,2025-02-01/P1M,21526,,,
E09000021,Library,2025-03-01/P1M,22980,,,
E09000021,Shared building,2024-04-01/P1Y,0,,,
E09000021,Mobile library,2024-04-01/P1Y,0,,,
E09000021,Home delivery,2024-04-01/P1M,271,,,
E09000021,Home delivery,2024-05-01/P1M,279,,,
E09000021,Home delivery,2024-06-01/P1M,326,,,
E09000021,Home delivery,2024-07-01/P1M,334,,,
E09000021,Home delivery,2024-08-01/P1M,340,,,
E09000021,Home delivery,2024-09-01/P1M,343,,,
E09000021,Home delivery,2024-10-01/P1M,232,,,
E09000021,Home delivery,2024-11-01/P1M,242,,,
E09000021,Home delivery,2024-12-01/P1M,244,,,
E09000021,Home delivery,2025-01-01/P1M,257,,,
E09000021,Home delivery,2025-02-01/P1M,257,,,
E09000021,Home delivery,2025-03-01/P1M,247,,,
E08000034,Library,2024-04-01/P1M,40826,,,
E08000034,Library,2024-05-01/P1M,44110,,,
E08000034,Library,2024-06-01/P1M,40757,,,
E08000034,Library,2024-07-01/P1M,46434,,,
E08000034,Library,2024-08-01/P1M,44377,,,
E08000034,Library,2024-09-01/P1M,45665,,,
E08000034,Library,2024-10-01/P1M,46307,,,
E08000034,Library,2024-11-01/P1M,45064,,,
E08000034,Library,2024-12-01/P1M,34307,,,
E08000034,Library,2025-01-01/P1M,38992,,,
E08000034,Library,2025-02-01/P1M,39667,,,
E08000034,Library,2025-03-01/P1M,43741,,,
E08000034,Shared building,2024-04-01/P1M,30987,,,
E08000034,Shared building,2024-05-01/P1M,32716,,,
E08000034,Shared building,2024-06-01/P1M,30332,,,
E08000034,Shared building,2024-07-01/P1M,34257,,,
E08000034,Shared building,2024-08-01/P1M,35517,,,
E08000034,Shared building,2024-09-01/P1M,34518,,,
E08000034,Shared building,2024-10-01/P1M,37978,,,
E08000034,Shared building,2024-11-01/P1M,34580,,,
E08000034,Shared building,2024-12-01/P1M,29035,,,
E08000034,Shared building,2025-01-01/P1M,34373,,,
E08000034,Shared building,2025-02-01/P1M,33070,,,
E08000034,Shared building,2025-03-01/P1M,34477,,,
E08000034,Mobile library,2024-04-01/P1Y,0,,,
E08000034,Home delivery,2024-04-01/P1M,667,,,
E08000034,Home delivery,2024-05-01/P1M,684,,,
E08000034,Home delivery,2024-06-01/P1M,686,,,
E08000034,Home delivery,2024-07-01/P1M,694,,,
E08000034,Home delivery,2024-08-01/P1M,693,,,
E08000034,Home delivery,2024-09-01/P1M,707,,,
E08000034,Home delivery,2024-10-01/P1M,716,,,
E08000034,Home delivery,2024-11-01/P1M,716,,,
E08000034,Home delivery,2024-12-01/P1M,713,,,
E08000034,Home delivery,2025-01-01/P1M,723,,,
E08000034,Home delivery,2025-02-01/P1M,740,,,
E08000034,Home delivery,2025-03-01/P1M,799,,,
E08000011,Library,2024-04-01/P1Y,0,,,
E08000011,Shared building,2024-04-01/P1M,18632,,,
E08000011,Shared building,2024-05-01/P1M,18790,,,
E08000011,Shared building,2024-06-01/P1M,15832,,,
E08000011,Shared building,2024-07-01/P1M,19602,,,
E08000011,Shared building,2024-08-01/P1M,23150,,,
E08000011,Shared building,2024-09-01/P1M,16740,,,
E08000011,Shared building,2024-10-01/P1M,20466,,,
E08000011,Shared building,2024-11-01/P1M,18066,,,
E08000011,Shared building,2024-12-01/P1M,17227,,,
E08000011,Shared building,2025-01-01/P1M,19916,,,
E08000011,Shared building,2025-02-01/P1M,17703,,,
E08000011,Shared building,2025-03-01/P1M,18038,,,
E08000011,Mobile library,2024-04-01/P1Y,0,,,
E08000011,Home delivery,2024-04-01/P1M,827,,,
E08000011,Home delivery,2024-05-01/P1M,671,,,
E08000011,Home delivery,2024-06-01/P1M,689,,,
E08000011,Home delivery,2024-07-01/P1M,681,,,
E08000011,Home delivery,2024-08-01/P1M,767,,,
E08000011,Home delivery,2024-09-01/P1M,550,,,
E08000011,Home delivery,2024-10-01/P1M,756,,,
E08000011,Home delivery,2024-11-01/P1M,737,,,
E08000011,Home delivery,2024-12-01/P1M,714,,,
E08000011,Home delivery,2025-01-01/P1M,691,,,
E08000011,Home delivery,2025-02-01/P1M,626,,,
E08000011,Home delivery,2025-03-01/P1M,685,,,
E06000016,Library,2024-04-01/P1M,8537,,,
E06000016,Library,2024-05-01/P1M,9197,,,
E06000016,Library,2024-06-01/P1M,8297,,,
E06000016,Library,2024-07-01/P1M,10004,,,
E06000016,Library,2024-08-01/P1M,9339,,,
E06000016,Library,2024-09-01/P1M,9850,,,
E06000016,Library,2024-10-01/P1M,9149,,,
E06000016,Library,2024-11-01/P1M,9117,,,
E06000016,Library,2024-12-01/P1M,6221,,,
E06000016,Library,2025-01-01/P1M,8068,,,
E06000016,Library,2025-02-01/P1M,9190,,,
E06000016,Library,2025-03-01/P1M,8327,,,
E06000016,Shared building,2024-04-01/P1M,85701,,,
E06000016,Shared building,2024-05-01/P1M,88543,,,
E06000016,Shared building,2024-06-01/P1M,81949,,,
E06000016,Shared building,2024-07-01/P1M,104111,,,
E06000016,Shared building,2024-08-01/P1M,87046,,,
E06000016,Shared building,2024-09-01/P1M,79086,,,
E06000016,Shared building,2024-10-01/P1M,84736,,,
E06000016,Shared building,2024-11-01/P1M,83079,,,
E06000016,Shared building,2024-12-01/P1M,67452,,,
E06000016,Shared building,2025-01-01/P1M,88711,,,
E06000016,Shared building,2025-02-01/P1M,82122,,,
E06000016,Shared building,2025-03-01/P1M,91904,,,
E06000016,Mobile library,2024-04-01/P1M,0,,,
E06000016,Mobile library,2024-05-01/P1M,406,,,
E06000016,Mobile library,2024-06-01/P1M,1279,,,
E06000016,Mobile library,2024-07-01/P1M,220,,,
E06000016,Mobile library,2024-08-01/P1M,964,,,
E06000016,Mobile library,2024-09-01/P1M,473,,,
E06000016,Mobile library,2024-10-01/P1M,942,,,
E06000016,Mobile library,2024-11-01/P1M,845,,,
E06000016,Mobile library,2024-12-01/P1M,475,,,
E06000016,Mobile library,2025-01-01/P1M,1251,,,
E06000016,Mobile library,2025-02-01/P1M,0,,,
E06000016,Mobile library,2025-03-01/P1M,0,,,
E06000016,Home delivery,2024-04-01/P1M,655,,,
E06000016,Home delivery,2024-05-01/P1M,374,,,
E06000016,Home delivery,2024-06-01/P1M,468,,,
E06000016,Home delivery,2024-07-01/P1M,689,,,
E06000016,Home delivery,2024-08-01/P1M,348,,,
E06000016,Home delivery,2024-09-01/P1M,54,,,
E06000016,Home delivery,2024-10-01/P1M,267,,,
E06000016,Home delivery,2024-11-01/P1M,1161,,,
E06000016,Home delivery,2024-12-01/P1M,167,,,
E06000016,Home delivery,2025-01-01/P1M,351,,,
E06000016,Home delivery,2025-02-01/P1M,382,,,
E06000016,Home delivery,2025-03-01/P1M,631,,,
E09000023,Library,2024-04-01/P1M,72905,,,
E09000023,Library,2024-05-01/P1M,79145,,,
E09000023,Library,2024-06-01/P1M,84577,,,
E09000023,Library,2024-07-01/P1M,88630,,,
E09000023,Library,2024-08-01/P1M,81478,,,
E09000023,Library,2024-09-01/P1M,90228,,,
E09000023,Library,2024-10-01/P1M,96768,,,
E09000023,Library,2024-11-01/P1M,97291,,,
E09000023,Library,2024-12-01/P1M,67898,,,
E09000023,Library,2025-01-01/P1M,100246,,,
E09000023,Library,2025-02-01/P1M,90558,,,
E09000023,Library,2025-03-01/P1M,94440,,,
E09000023,Shared building,2024-04-01/P1M,22693,,,
E09000023,Shared building,2024-05-01/P1M,24776,,,
E09000023,Shared building,2024-06-01/P1M,21991,,,
E09000023,Shared building,2024-07-01/P1M,23153,,,
E09000023,Shared building,2024-08-01/P1M,23153,,,
E09000023,Shared building,2024-09-01/P1M,19035,,,
E09000023,Shared building,2024-10-01/P1M,23062,,,
E09000023,Shared building,2024-11-01/P1M,25673,,,
E09000023,Shared building,2024-12-01/P1M,16723,,,
E09000023,Shared building,2025-01-01/P1M,23714,,,
E09000023,Shared building,2025-02-01/P1M,23030,,,
E09000023,Shared building,2025-03-01/P1M,27082,,,
E09000023,Mobile library,2024-04-01/P1Y,0,,,
E09000023,Home delivery,2024-04-01/P1Y,0,,,
E10000019,Library,2024-04-01/P1M,89123,,,
E10000019,Library,2024-05-01/P1M,83887,,,
E10000019,Library,2024-06-01/P1M,79551,,,
E10000019,Library,2024-07-01/P1M,89981,,,
E10000019,Library,2024-08-01/P1M,92872,,,
E10000019,Library,2024-09-01/P1M,85939,,,
E10000019,Library,2024-10-01/P1M,94137,,,
E10000019,Library,2024-11-01/P1M,86936,,,
E10000019,Library,2024-12-01/P1M,73564,,,
E10000019,Library,2025-01-01/P1M,88638,,,
E10000019,Library,2025-02-01/P1M,86394,,,
E10000019,Library,2025-03-01/P1M,89887,,,
E10000019,Shared building,2024-04-01/P1Y,0,,,
E10000019,Mobile library,2024-04-01/P1M,5576,,,
E10000019,Mobile library,2024-05-01/P1M,6311,,,
E10000019,Mobile library,2024-06-01/P1M,4865,,,
E10000019,Mobile library,2024-07-01/P1M,5049,,,
E10000019,Mobile library,2024-08-01/P1M,5028,,,
E10000019,Mobile library,2024-09-01/P1M,4448,,,
E10000019,Mobile library,2024-10-01/P1M,7091,,,
E10000019,Mobile library,2024-11-01/P1M,5201,,,
E10000019,Mobile library,2024-12-01/P1M,4524,,,
E10000019,Mobile library,2025-01-01/P1M,6221,,,
E10000019,Mobile library,2025-02-01/P1M,4862,,,
E10000019,Mobile library,2025-03-01/P1M,5434,,,
E10000019,Home delivery,2024-04-01/P1M,571,,,
E10000019,Home delivery,2024-05-01/P1M,547,,,
E10000019,Home delivery,2024-06-01/P1M,539,,,
E10000019,Home delivery,2024-07-01/P1M,584,,,
E10000019,Home delivery,2024-08-01/P1M,565,,,
E10000019,Home delivery,2024-09-01/P1M,516,,,
E10000019,Home delivery,2024-10-01/P1M,577,,,
E10000019,Home delivery,2024-11-01/P1M,575,,,
E10000019,Home delivery,2024-12-01/P1M,502,,,
E10000019,Home delivery,2025-01-01/P1M,549,,,
E10000019,Home delivery,2025-02-01/P1M,535,,,
E10000019,Home delivery,2025-03-01/P1M,543,,,
E08000012,Library,2024-04-01/P1M,104653,,,
E08000012,Library,2024-05-01/P1M,100616,,,
E08000012,Library,2024-06-01/P1M,91618,,,
E08000012,Library,2024-07-01/P1M,104594,,,
E08000012,Library,2024-08-01/P1M,89948,,,
E08000012,Library,2024-09-01/P1M,86657,,,
E08000012,Library,2024-10-01/P1M,40319,,,
E08000012,Library,2024-11-01/P1M,37253,,,
E08000012,Library,2024-12-01/P1M,32826,,,
E08000012,Library,2025-01-01/P1M,42912,,,
E08000012,Library,2025-02-01/P1M,43209,,,
E08000012,Library,2025-03-01/P1M,38565,,,
E08000012,Shared building,2024-04-01/P1Y,0,,,
E08000012,Mobile library,2024-04-01/P1Y,0,,,
E08000012,Home delivery,2024-04-01/P1Y,0,,,
E06000032,Library,2024-04-01/P1M,8751,,,
E06000032,Library,2024-05-01/P1M,8232,,,
E06000032,Library,2024-06-01/P1M,7921,,,
E06000032,Library,2024-07-01/P1M,8130,,,
E06000032,Library,2024-08-01/P1M,9131,,,
E06000032,Library,2024-09-01/P1M,9144,,,
E06000032,Library,2024-10-01/P1M,10389,,,
E06000032,Library,2024-11-01/P1M,9821,,,
E06000032,Library,2024-12-01/P1M,8790,,,
E06000032,Library,2025-01-01/P1M,9859,,,
E06000032,Library,2025-02-01/P1M,8535,,,
E06000032,Library,2025-03-01/P1M,9825,,,
E06000032,Shared building,2024-04-01/P1M,9482,,,
E06000032,Shared building,2024-05-01/P1M,14799,,,
E06000032,Shared building,2024-06-01/P1M,21249,,,
E06000032,Shared building,2024-07-01/P1M,21331,,,
E06000032,Shared building,2024-08-01/P1M,18237,,,
E06000032,Shared building,2024-09-01/P1M,18289,,,
E06000032,Shared building,2024-10-01/P1M,18394,,,
E06000032,Shared building,2024-11-01/P1M,18408,,,
E06000032,Shared building,2024-12-01/P1M,17969,,,
E06000032,Shared building,2025-01-01/P1M,18306,,,
E06000032,Shared building,2025-02-01/P1M,15957,,,
E06000032,Shared building,2025-03-01/P1M,16863,,,
E06000032,Mobile library,2024-04-01/P1Y,0,,,
E06000032,Home delivery,2024-04-01/P1Y,0,,,
E08000003,Library,2024-04-01/P1M,171477,,,
E08000003,Library,2024-05-01/P1M,167164,,,
E08000003,Library,2024-06-01/P1M,142108,,,
E08000003,Library,2024-07-01/P1M,155082,,,
E08000003,Library,2024-08-01/P1M,140085,,,
E08000003,Library,2024-09-01/P1M,146568,,,
E08000003,Library,2024-10-01/P1M,164010,,,
E08000003,Library,2024-11-01/P1M,143195,,,
E08000003,Library,2024-12-01/P1M,116684,,,
E08000003,Library,2025-01-01/P1M,150491,,,
E08000003,Library,2025-02-01/P1M,143421,,,
E08000003,Library,2025-03-01/P1M,143789,,,
E08000003,Shared building,2024-04-01/P1M,95622,,,
E08000003,Shared building,2024-05-01/P1M,98722,,,
E08000003,Shared building,2024-06-01/P1M,97301,,,
E08000003,Shared building,2024-07-01/P1M,104997,,,
E08000003,Shared building,2024-08-01/P1M,90255,,,
E08000003,Shared building,2024-09-01/P1M,99703,,,
E08000003,Shared building,2024-10-01/P1M,114220,,,
E08000003,Shared building,2024-11-01/P1M,106450,,,
E08000003,Shared building,2024-12-01/P1M,85234,,,
E08000003,Shared building,2025-01-01/P1M,102321,,,
E08000003,Shared building,2025-02-01/P1M,113794,,,
E08000003,Shared building,2025-03-01/P1M,103738,,,
E08000003,Mobile library,2024-04-01/P1Y,0,,,
E08000003,Home delivery,2024-04-01/P1M,415,,,
E08000003,Home delivery,2024-05-01/P1M,429,,,
E08000003,Home delivery,2024-06-01/P1M,218,,,
E08000003,Home delivery,2024-07-01/P1M,289,,,
E08000003,Home delivery,2024-08-01/P1M,459,,,
E08000003,Home delivery,2024-09-01/P1M,466,,,
E08000003,Home delivery,2024-10-01/P1M,439,,,
E08000003,Home delivery,2024-11-01/P1M,491,,,
E08000003,Home delivery,2024-12-01/P1M,280,,,
E08000003,Home delivery,2025-01-01/P1M,434,,,
E08000003,Home delivery,2025-02-01/P1M,412,,,
E08000003,Home delivery,2025-03-01/P1M,443,,,
E09000024,Library,2024-04-01/P1M,79507,,,
E09000024,Library,2024-05-01/P1M,80726,,,
E09000024,Library,2024-06-01/P1M,78044,,,
E09000024,Library,2024-07-01/P1M,85926,,,
E09000024,Library,2024-08-01/P1M,70768,,,
E09000024,Library,2024-09-01/P1M,79670,,,
E09000024,Library,2024-10-01/P1M,81929,,,
E09000024,Library,2024-11-01/P1M,79552,,,
E09000024,Library,2024-12-01/P1M,64179,,,
E09000024,Library,2025-01-01/P1M,78103,,,
E09000024,Library,2025-02-01/P1M,76733,,,
E09000024,Library,2025-03-01/P1M,84198,,,
E09000024,Shared building,2024-04-01/P1Y,0,,,
E09000024,Mobile library,2024-04-01/P1Y,0,,,
E09000024,Home delivery,2024-04-01/P1M,242,,,
E09000024,Home delivery,2024-05-01/P1M,232,,,
E09000024,Home delivery,2024-06-01/P1M,228,,,
E09000024,Home delivery,2024-07-01/P1M,165,,,
E09000024,Home delivery,2024-08-01/P1M,381,,,
E09000024,Home delivery,2024-09-01/P1M,1307,,,
E09000024,Home delivery,2024-10-01/P1M,976,,,
E09000024,Home delivery,2024-11-01/P1M,217,,,
E09000024,Home delivery,2024-12-01/P1M,220,,,
E09000024,Home delivery,2025-01-01/P1M,340,,,
E09000024,Home delivery,2025-02-01/P1M,278,,,
E09000024,Home delivery,2025-03-01/P1M,193,,,
E06000042,Library,2024-04-01/P1M,42842,,,
E06000042,Library,2024-05-01/P1M,46363,,,
E06000042,Library,2024-06-01/P1M,36487,,,
E06000042,Library,2024-07-01/P1M,40460,,,
E06000042,Library,2024-08-01/P1M,42688,,,
E06000042,Library,2024-09-01/P1M,37872,,,
E06000042,Library,2024-10-01/P1M,43045,,,
E06000042,Library,2024-11-01/P1M,38999,,,
E06000042,Library,2024-12-01/P1M,28668,,,
E06000042,Library,2025-01-01/P1M,40332,,,
E06000042,Library,2025-02-01/P1M,38631,,,
E06000042,Library,2025-03-01/P1M,38722,,,
E06000042,Shared building,2024-04-01/P1M,1591,,,
E06000042,Shared building,2024-05-01/P1M,1615,,,
E06000042,Shared building,2024-06-01/P1M,1513,,,
E06000042,Shared building,2024-07-01/P1M,1521,,,
E06000042,Shared building,2024-08-01/P1M,1672,,,
E06000042,Shared building,2024-09-01/P1M,1745,,,
E06000042,Shared building,2024-10-01/P1M,1674,,,
E06000042,Shared building,2024-11-01/P1M,1597,,,
E06000042,Shared building,2024-12-01/P1M,1121,,,
E06000042,Shared building,2025-01-01/P1M,1737,,,
E06000042,Shared building,2025-02-01/P1M,1660,,,
E06000042,Shared building,2025-03-01/P1M,1793,,,
E06000042,Mobile library,2024-04-01/P1Y,0,,,
E06000042,Home delivery,2024-04-01/P1M,59,,,
E06000042,Home delivery,2024-05-01/P1M,55,,,
E06000042,Home delivery,2024-06-01/P1M,57,,,
E06000042,Home delivery,2024-07-01/P1M,60,,,
E06000042,Home delivery,2024-08-01/P1M,58,,,
E06000042,Home delivery,2024-09-01/P1M,57,,,
E06000042,Home delivery,2024-10-01/P1M,65,,,
E06000042,Home delivery,2024-11-01/P1M,63,,,
E06000042,Home delivery,2024-12-01/P1M,54,,,
E06000042,Home delivery,2025-01-01/P1M,63,,,
E06000042,Home delivery,2025-02-01/P1M,60,,,
E06000042,Home delivery,2025-03-01/P1M,66,,,
E08000021,Library,2024-04-01/P1M,49525,,,
E08000021,Library,2024-05-01/P1M,47101,,,
E08000021,Library,2024-06-01/P1M,43612,,,
E08000021,Library,2024-07-01/P1M,50895,,,
E08000021,Library,2024-08-01/P1M,47312,,,
E08000021,Library,2024-09-01/P1M,46209,,,
E08000021,Library,2024-10-01/P1M,53407,,,
E08000021,Library,2024-11-01/P1M,50973,,,
E08000021,Library,2024-12-01/P1M,40299,,,
E08000021,Library,2025-01-01/P1M,53816,,,
E08000021,Library,2025-02-01/P1M,49081,,,
E08000021,Library,2025-03-01/P1M,66876,,,
E08000021,Shared building,2024-04-01/P1Y,0,,,
E08000021,Mobile library,2024-04-01/P1Y,0,,,
E08000021,Home delivery,2024-04-01/P1Y,0,,,
E06000012,Library,2024-04-01/P1M,11864,,,
E06000012,Library,2024-05-01/P1M,13303,,,
E06000012,Library,2024-06-01/P1M,12251,,,
E06000012,Library,2024-07-01/P1M,14255,,,
E06000012,Library,2024-08-01/P1M,14034,,,
E06000012,Library,2024-09-01/P1M,12337,,,
E06000012,Library,2024-10-01/P1M,14450,,,
E06000012,Library,2024-11-01/P1M,12196,,,
E06000012,Library,2024-12-01/P1M,8419,,,
E06000012,Library,2025-01-01/P1M,12741,,,
E06000012,Library,2025-02-01/P1M,12079,,,
E06000012,Library,2025-03-01/P1M,12724,,,
E06000012,Shared building,2024-04-01/P1Y,0,,,
E06000012,Mobile library,2024-04-01/P1Y,0,,,
E06000012,Home delivery,2024-04-01/P1M,1468,,,
E06000012,Home delivery,2024-05-01/P1M,1028,,,
E06000012,Home delivery,2024-06-01/P1M,1014,,,
E06000012,Home delivery,2024-07-01/P1M,1477,,,
E06000012,Home delivery,2024-08-01/P1M,775,,,
E06000012,Home delivery,2024-09-01/P1M,1513,,,
E06000012,Home delivery,2024-10-01/P1M,1279,,,
E06000012,Home delivery,2024-11-01/P1M,1249,,,
E06000012,Home delivery,2024-12-01/P1M,652,,,
E06000012,Home delivery,2025-01-01/P1M,1199,,,
E06000012,Home delivery,2025-02-01/P1M,1279,,,
E06000012,Home delivery,2025-03-01/P1M,1401,,,
E06000013,Library,2024-04-01/P1M,1587,,,
E06000013,Library,2024-05-01/P1M,1951,,,
E06000013,Library,2024-06-01/P1M,1733,,,
E06000013,Library,2024-07-01/P1M,1809,,,
E06000013,Library,2024-08-01/P1M,1925,,,
E06000013,Library,2024-09-01/P1M,2316,,,
E06000013,Library,2024-10-01/P1M,1976,,,
E06000013,Library,2024-11-01/P1M,2403,,,
E06000013,Library,2024-12-01/P1M,1313,,,
E06000013,Library,2025-01-01/P1M,2231,,,
E06000013,Library,2025-02-01/P1M,1622,,,
E06000013,Library,2025-03-01/P1M,1813,,,
E06000013,Shared building,2024-04-01/P1M,32132,,,
E06000013,Shared building,2024-05-01/P1M,29822,,,
E06000013,Shared building,2024-06-01/P1M,27562,,,
E06000013,Shared building,2024-07-01/P1M,29244,,,
E06000013,Shared building,2024-08-01/P1M,38820,,,
E06000013,Shared building,2024-09-01/P1M,39681,,,
E06000013,Shared building,2024-10-01/P1M,43531,,,
E06000013,Shared building,2024-11-01/P1M,40546,,,
E06000013,Shared building,2024-12-01/P1M,30436,,,
E06000013,Shared building,2025-01-01/P1M,42317,,,
E06000013,Shared building,2025-02-01/P1M,39091,,,
E06000013,Shared building,2025-03-01/P1M,39533,,,
E06000013,Mobile library,2024-04-01/P1M,676,,,
E06000013,Mobile library,2024-05-01/P1M,802,,,
E06000013,Mobile library,2024-06-01/P1M,803,,,
E06000013,Mobile library,2024-07-01/P1M,460,,,
E06000013,Mobile library,2024-08-01/P1M,471,,,
E06000013,Mobile library,2024-09-01/P1M,1190,,,
E06000013,Mobile library,2024-10-01/P1M,733,,,
E06000013,Mobile library,2024-11-01/P1M,864,,,
E06000013,Mobile library,2024-12-01/P1M,558,,,
E06000013,Mobile library,2025-01-01/P1M,876,,,
E06000013,Mobile library,2025-02-01/P1M,482,,,
E06000013,Mobile library,2025-03-01/P1M,529,,,
E06000013,Home delivery,2024-04-01/P1M,134,,,
E06000013,Home delivery,2024-05-01/P1M,97,,,
E06000013,Home delivery,2024-06-01/P1M,101,,,
E06000013,Home delivery,2024-07-01/P1M,114,,,
E06000013,Home delivery,2024-08-01/P1M,139,,,
E06000013,Home delivery,2024-09-01/P1M,173,,,
E06000013,Home delivery,2024-10-01/P1M,126,,,
E06000013,Home delivery,2024-11-01/P1M,125,,,
E06000013,Home delivery,2024-12-01/P1M,82,,,
E06000013,Home delivery,2025-01-01/P1M,129,,,
E06000013,Home delivery,2025-02-01/P1M,62,,,
E06000013,Home delivery,2025-03-01/P1M,120,,,
E06000061,Library,2024-04-01/P1M,27562,,,
E06000061,Library,2024-05-01/P1M,24696,,,
E06000061,Library,2024-06-01/P1M,23776,,,
E06000061,Library,2024-07-01/P1M,39895,,,
E06000061,Library,2024-08-01/P1M,23419,,,
E06000061,Library,2024-09-01/P1M,27509,,,
E06000061,Library,2024-10-01/P1M,31021,,,
E06000061,Library,2024-11-01/P1M,24306,,,
E06000061,Library,2024-12-01/P1M,28359,,,
E06000061,Library,2025-01-01/P1M,24760,,,
E06000061,Library,2025-02-01/P1M,26226,,,
E06000061,Library,2025-03-01/P1M,28149,,,
E06000061,Shared building,2024-04-01/P1M,26694,,,
E06000061,Shared building,2024-05-01/P1M,24430,,,
E06000061,Shared building,2024-06-01/P1M,24429,,,
E06000061,Shared building,2024-07-01/P1M,26885,,,
E06000061,Shared building,2024-08-01/P1M,25799,,,
E06000061,Shared building,2024-09-01/P1M,22788,,,
E06000061,Shared building,2024-10-01/P1M,28803,,,
E06000061,Shared building,2024-11-01/P1M,26642,,,
E06000061,Shared building,2024-12-01/P1M,21418,,,
E06000061,Shared building,2025-01-01/P1M,26734,,,
E06000061,Shared building,2025-02-01/P1M,26160,,,
E06000061,Shared building,2025-03-01/P1M,27528,,,
E06000061,Mobile library,2024-04-01/P1Y,0,,,
E06000061,Home delivery,2024-04-01/P1M,187,,,
E06000061,Home delivery,2024-05-01/P1M,187,,,
E06000061,Home delivery,2024-06-01/P1M,187,,,
E06000061,Home delivery,2024-07-01/P1M,187,,,
E06000061,Home delivery,2024-08-01/P1M,187,,,
E06000061,Home delivery,2024-09-01/P1M,187,,,
E06000061,Home delivery,2024-10-01/P1M,187,,,
E06000061,Home delivery,2024-11-01/P1M,187,,,
E06000061,Home delivery,2024-12-01/P1M,187,,,
E06000061,Home delivery,2025-01-01/P1M,187,,,
E06000061,Home delivery,2025-02-01/P1M,187,,,
E06000061,Home delivery,2025-03-01/P1M,187,,,
E06000024,Library,2024-04-01/P1M,19551,,,
E06000024,Library,2024-05-01/P1M,16707,,,
E06000024,Library,2024-06-01/P1M,15803,,,
E06000024,Library,2024-07-01/P1M,22172,,,
E06000024,Library,2024-08-01/P1M,20486,,,
E06000024,Library,2024-09-01/P1M,18857,,,
E06000024,Library,2024-10-01/P1M,20043,,,
E06000024,Library,2024-11-01/P1M,18473,,,
E06000024,Library,2024-12-01/P1M,13321,,,
E06000024,Library,2025-01-01/P1M,18672,,,
E06000024,Library,2025-02-01/P1M,18093,,,
E06000024,Library,2025-03-01/P1M,17530,,,
E06000024,Shared building,2024-04-01/P1M,16896,,,
E06000024,Shared building,2024-05-01/P1M,15263,,,
E06000024,Shared building,2024-06-01/P1M,15274,,,
E06000024,Shared building,2024-07-01/P1M,18200,,,
E06000024,Shared building,2024-08-01/P1M,17931,,,
E06000024,Shared building,2024-09-01/P1M,17244,,,
E06000024,Shared building,2024-10-01/P1M,16725,,,
E06000024,Shared building,2024-11-01/P1M,15111,,,
E06000024,Shared building,2024-12-01/P1M,14292,,,
E06000024,Shared building,2025-01-01/P1M,14583,,,
E06000024,Shared building,2025-02-01/P1M,15673,,,
E06000024,Shared building,2025-03-01/P1M,15941,,,
E06000024,Mobile library,2024-04-01/P1M,524,,,
E06000024,Mobile library,2024-05-01/P1M,553,,,
E06000024,Mobile library,2024-06-01/P1M,345,,,
E06000024,Mobile library,2024-07-01/P1M,164,,,
E06000024,Mobile library,2024-08-01/P1M,413,,,
E06000024,Mobile library,2024-09-01/P1M,449,,,
E06000024,Mobile library,2024-10-01/P1M,457,,,
E06000024,Mobile library,2024-11-01/P1M,359,,,
E06000024,Mobile library,2024-12-01/P1M,263,,,
E06000024,Mobile library,2025-01-01/P1M,329,,,
E06000024,Mobile library,2025-02-01/P1M,297,,,
E06000024,Mobile library,2025-03-01/P1M,210,,,
E06000024,Home delivery,2024-04-01/P1M,61,,,
E06000024,Home delivery,2024-05-01/P1M,114,,,
E06000024,Home delivery,2024-06-01/P1M,74,,,
E06000024,Home delivery,2024-07-01/P1M,79,,,
E06000024,Home delivery,2024-08-01/P1M,90,,,
E06000024,Home delivery,2024-09-01/P1M,115,,,
E06000024,Home delivery,2024-10-01/P1M,114,,,
E06000024,Home delivery,2024-11-01/P1M,115,,,
E06000024,Home delivery,2024-12-01/P1M,131,,,
E06000024,Home delivery,2025-01-01/P1M,123,,,
E06000024,Home delivery,2025-02-01/P1M,144,,,
E06000024,Home delivery,2025-03-01/P1M,134,,,
E08000022,Library,2024-04-01/P1M,7784,,,
E08000022,Library,2024-05-01/P1M,7572,,,
E08000022,Library,2024-06-01/P1M,7695,,,
E08000022,Library,2024-07-01/P1M,7954,,,
E08000022,Library,2024-08-01/P1M,8548,,,
E08000022,Library,2024-09-01/P1M,6812,,,
E08000022,Library,2024-10-01/P1M,8471,,,
E08000022,Library,2024-11-01/P1M,8284,,,
E08000022,Library,2024-12-01/P1M,5513,,,
E08000022,Library,2025-01-01/P1M,8363,,,
E08000022,Library,2025-02-01/P1M,7995,,,
E08000022,Library,2025-03-01/P1M,8686,,,
E08000022,Shared building,2024-04-01/P1M,92018,,,
E08000022,Shared building,2024-05-01/P1M,90035,,,
E08000022,Shared building,2024-06-01/P1M,86391,,,
E08000022,Shared building,2024-07-01/P1M,102346,,,
E08000022,Shared building,2024-08-01/P1M,8994,,,
E08000022,Shared building,2024-09-01/P1M,100976,,,
E08000022,Shared building,2024-10-01/P1M,95612,,,
E08000022,Shared building,2024-11-01/P1M,79746,,,
E08000022,Shared building,2024-12-01/P1M,97109,,,
E08000022,Shared building,2025-01-01/P1M,93626,,,
E08000022,Shared building,2025-02-01/P1M,94800,,,
E08000022,Shared building,2025-03-01/P1M,0,,,
E08000022,Mobile library,2024-04-01/P1M,1022,,,
E08000022,Mobile library,2024-05-01/P1M,1033,,,
E08000022,Mobile library,2024-06-01/P1M,828,,,
E08000022,Mobile library,2024-07-01/P1M,1041,,,
E08000022,Mobile library,2024-08-01/P1M,873,,,
E08000022,Mobile library,2024-09-01/P1M,377,,,
E08000022,Mobile library,2024-10-01/P1M,1317,,,
E08000022,Mobile library,2024-11-01/P1M,828,,,
E08000022,Mobile library,2024-12-01/P1M,831,,,
E08000022,Mobile library,2025-01-01/P1M,1314,,,
E08000022,Mobile library,2025-02-01/P1M,802,,,
E08000022,Mobile library,2025-03-01/P1M,1175,,,
E08000022,Home delivery,2024-04-01/P1M,919,,,
E08000022,Home delivery,2024-05-01/P1M,858,,,
E08000022,Home delivery,2024-06-01/P1M,984,,,
E08000022,Home delivery,2024-07-01/P1M,1252,,,
E08000022,Home delivery,2024-08-01/P1M,914,,,
E08000022,Home delivery,2024-09-01/P1M,736,,,
E08000022,Home delivery,2024-10-01/P1M,1281,,,
E08000022,Home delivery,2024-11-01/P1M,1084,,,
E08000022,Home delivery,2024-12-01/P1M,832,,,
E08000022,Home delivery,2025-01-01/P1M,876,,,
E08000022,Home delivery,2025-02-01/P1M,647,,,
E08000022,Home delivery,2025-03-01/P1M,845,,,
E06000065,Library,2024-04-01/P1M,143536,,,
E06000065,Library,2024-05-01/P1M,151168,,,
E06000065,Library,2024-06-01/P1M,143431,,,
E06000065,Library,2024-07-01/P1M,166973,,,
E06000065,Library,2024-08-01/P1M,170749,,,
E06000065,Library,2024-09-01/P1M,144184,,,
E06000065,Library,2024-10-01/P1M,159532,,,
E06000065,Library,2024-11-01/P1M,150945,,,
E06000065,Library,2024-12-01/P1M,120635,,,
E06000065,Library,2025-01-01/P1M,148238,,,
E06000065,Library,2025-02-01/P1M,146622,,,
E06000065,Library,2025-03-01/P1M,151319,,,
E06000065,Shared building,2024-04-01/P1Y,0,,,
E06000065,Mobile library,2024-04-01/P1M,387,,,
E06000065,Mobile library,2024-05-01/P1M,534,,,
E06000065,Mobile library,2024-06-01/P1M,430,,,
E06000065,Mobile library,2024-07-01/P1M,488,,,
E06000065,Mobile library,2024-08-01/P1M,274,,,
E06000065,Mobile library,2024-09-01/P1M,474,,,
E06000065,Mobile library,2024-10-01/P1M,390,,,
E06000065,Mobile library,2024-11-01/P1M,320,,,
E06000065,Mobile library,2024-12-01/P1M,469,,,
E06000065,Mobile library,2025-01-01/P1M,528,,,
E06000065,Mobile library,2025-02-01/P1M,429,,,
E06000065,Mobile library,2025-03-01/P1M,574,,,
E06000065,Home delivery,2024-04-01/P1Y,0,,,
E06000057,Library,2024-04-01/P1Y,0,,,
E06000057,Shared building,2024-04-01/P1Y,0,,,
E06000057,Mobile library,2024-04-01/P1Y,0,,,
E06000057,Home delivery,2024-04-01/P1Y,0,,,
E06000018,Library,2024-04-01/P1M,50435,,,
E06000018,Library,2024-05-01/P1M,47345,,,
E06000018,Library,2024-06-01/P1M,41967,,,
E06000018,Library,2024-07-01/P1M,43301,,,
E06000018,Library,2024-08-01/P1M,42538,,,
E06000018,Library,2024-09-01/P1M,43829,,,
E06000018,Library,2024-10-01/P1M,51044,,,
E06000018,Library,2024-11-01/P1M,42988,,,
E06000018,Library,2024-12-01/P1M,34669,,,
E06000018,Library,2025-01-01/P1M,41487,,,
E06000018,Library,2025-02-01/P1M,45876,,,
E06000018,Library,2025-03-01/P1M,45290,,,
E06000018,Shared building,2024-04-01/P1M,13659,,,
E06000018,Shared building,2024-05-01/P1M,14937,,,
E06000018,Shared building,2024-06-01/P1M,14149,,,
E06000018,Shared building,2024-07-01/P1M,14006,,,
E06000018,Shared building,2024-08-01/P1M,14825,,,
E06000018,Shared building,2024-09-01/P1M,14144,,,
E06000018,Shared building,2024-10-01/P1M,18405,,,
E06000018,Shared building,2024-11-01/P1M,13943,,,
E06000018,Shared building,2024-12-01/P1M,15679,,,
E06000018,Shared building,2025-01-01/P1M,15148,,,
E06000018,Shared building,2025-02-01/P1M,16240,,,
E06000018,Shared building,2025-03-01/P1M,13312,,,
E06000018,Mobile library,2024-04-01/P1Y,0,,,
E06000018,Home delivery,2024-04-01/P1Y,0,,,
E10000024,Library,2024-04-01/P1M,152214,,,
E10000024,Library,2024-05-01/P1M,150395,,,
E10000024,Library,2024-06-01/P1M,140044,,,
E10000024,Library,2024-07-01/P1M,152922,,,
E10000024,Library,2024-08-01/P1M,162848,,,
E10000024,Library,2024-09-01/P1M,155746,,,
E10000024,Library,2024-10-01/P1M,166676,,,
E10000024,Library,2024-11-01/P1M,163711,,,
E10000024,Library,2024-12-01/P1M,120583,,,
E10000024,Library,2025-01-01/P1M,163874,,,
E10000024,Library,2025-02-01/P1M,155005,,,
E10000024,Library,2025-03-01/P1M,157414,,,
E10000024,Shared building,2024-04-01/P1Y,0,,,
E10000024,Mobile library,2024-04-01/P1M,2441,,,
E10000024,Mobile library,2024-05-01/P1M,2524,,,
E10000024,Mobile library,2024-06-01/P1M,2398,,,
E10000024,Mobile library,2024-07-01/P1M,2647,,,
E10000024,Mobile library,2024-08-01/P1M,2727,,,
E10000024,Mobile library,2024-09-01/P1M,2583,,,
E10000024,Mobile library,2024-10-01/P1M,2110,,,
E10000024,Mobile library,2024-11-01/P1M,2396,,,
E10000024,Mobile library,2024-12-01/P1M,2273,,,
E10000024,Mobile library,2025-01-01/P1M,2516,,,
E10000024,Mobile library,2025-02-01/P1M,1570,,,
E10000024,Mobile library,2025-03-01/P1M,2389,,,
E10000024,Home delivery,2024-04-01/P1Y,0,,,
E08000004,Library,2024-04-01/P1M,15713,,,
E08000004,Library,2024-05-01/P1M,14873,,,
E08000004,Library,2024-06-01/P1M,13429,,,
E08000004,Library,2024-07-01/P1M,18214,,,
E08000004,Library,2024-08-01/P1M,16659,,,
E08000004,Library,2024-09-01/P1M,14032,,,
E08000004,Library,2024-10-01/P1M,15454,,,
E08000004,Library,2024-11-01/P1M,14057,,,
E08000004,Library,2024-12-01/P1M,10256,,,
E08000004,Library,2025-01-01/P1M,13974,,,
E08000004,Library,2025-02-01/P1M,14714,,,
E08000004,Library,2025-03-01/P1M,14872,,,
E08000004,Shared building,2024-04-01/P1M,54372,,,
E08000004,Shared building,2024-05-01/P1M,59639,,,
E08000004,Shared building,2024-06-01/P1M,52581,,,
E08000004,Shared building,2024-07-01/P1M,52576,,,
E08000004,Shared building,2024-08-01/P1M,45991,,,
E08000004,Shared building,2024-09-01/P1M,51541,,,
E08000004,Shared building,2024-10-01/P1M,61353,,,
E08000004,Shared building,2024-11-01/P1M,60335,,,
E08000004,Shared building,2024-12-01/P1M,46736,,,
E08000004,Shared building,2025-01-01/P1M,59666,,,
E08000004,Shared building,2025-02-01/P1M,60115,,,
E08000004,Shared building,2025-03-01/P1M,58548,,,
E08000004,Mobile library,2024-04-01/P1Y,0,,,
E08000004,Home delivery,2024-04-01/P1M,6,,,
E08000004,Home delivery,2024-05-01/P1M,9,,,
E08000004,Home delivery,2024-06-01/P1M,6,,,
E08000004,Home delivery,2024-07-01/P1M,6,,,
E08000004,Home delivery,2024-08-01/P1M,7,,,
E08000004,Home delivery,2024-09-01/P1M,8,,,
E08000004,Home delivery,2024-10-01/P1M,5,,,
E08000004,Home delivery,2024-11-01/P1M,3,,,
E08000004,Home delivery,2024-12-01/P1M,4,,,
E08000004,Home delivery,2025-01-01/P1M,4,,,
E08000004,Home delivery,2025-02-01/P1M,6,,,
E08000004,Home delivery,2025-03-01/P1M,3,,,
E10000025,Library,2024-04-01/P1M,174059,,,
E10000025,Library,2024-05-01/P1M,169442,,,
E10000025,Library,2024-06-01/P1M,157298,,,
E10000025,Library,2024-07-01/P1M,186400,,,
E10000025,Library,2024-08-01/P1M,174932,,,
E10000025,Library,2024-09-01/P1M,162910,,,
E10000025,Library,2024-10-01/P1M,181617,,,
E10000025,Library,2024-11-01/P1M,175342,,,
E10000025,Library,2024-12-01/P1M,137047,,,
E10000025,Library,2025-01-01/P1M,172761,,,
E10000025,Library,2025-02-01/P1M,165456,,,
E10000025,Library,2025-03-01/P1M,164677,,,
E10000025,Shared building,2024-04-01/P1Y,0,,,
E10000025,Mobile library,2024-04-01/P1Y,0,,,
E10000025,Home delivery,2024-04-01/P1M,1228,,,
E10000025,Home delivery,2024-05-01/P1M,1228,,,
E10000025,Home delivery,2024-06-01/P1M,1228,,,
E10000025,Home delivery,2024-07-01/P1M,1228,,,
E10000025,Home delivery,2024-08-01/P1M,1228,,,
E10000025,Home delivery,2024-09-01/P1M,1228,,,
E10000025,Home delivery,2024-10-01/P1M,1228,,,
E10000025,Home delivery,2024-11-01/P1M,1228,,,
E10000025,Home delivery,2024-12-01/P1M,1228,,,
E10000025,Home delivery,2025-01-01/P1M,1228,,,
E10000025,Home delivery,2025-02-01/P1M,1228,,,
E10000025,Home delivery,2025-03-01/P1M,1228,,,
E06000031,Library,2024-04-01/P1M,12339,,,
E06000031,Library,2024-05-01/P1M,12506,,,
E06000031,Library,2024-06-01/P1M,12845,,,
E06000031,Library,2024-07-01/P1M,13353,,,
E06000031,Library,2024-08-01/P1M,12349,,,
E06000031,Library,2024-09-01/P1M,12337,,,
E06000031,Library,2024-10-01/P1M,14255,,,
E06000031,Library,2024-11-01/P1M,12604,,,
E06000031,Library,2024-12-01/P1M,9695,,,
E06000031,Library,2025-01-01/P1M,11915,,,
E06000031,Library,2025-02-01/P1M,12711,,,
E06000031,Library,2025-03-01/P1M,0,,,
E06000031,Shared building,2024-04-01/P1M,3168,,,
E06000031,Shared building,2024-05-01/P1M,3311,,,
E06000031,Shared building,2024-06-01/P1M,1999,,,
E06000031,Shared building,2024-07-01/P1M,2364,,,
E06000031,Shared building,2024-08-01/P1M,2325,,,
E06000031,Shared building,2024-09-01/P1M,2250,,,
E06000031,Shared building,2024-10-01/P1M,2419,,,
E06000031,Shared building,2024-11-01/P1M,2307,,,
E06000031,Shared building,2024-12-01/P1M,1634,,,
E06000031,Shared building,2025-01-01/P1M,2240,,,
E06000031,Shared building,2025-02-01/P1M,2235,,,
E06000031,Shared building,2025-03-01/P1M,0,,,
E06000031,Mobile library,2024-04-01/P1M,333,,,
E06000031,Mobile library,2024-05-01/P1M,292,,,
E06000031,Mobile library,2024-06-01/P1M,289,,,
E06000031,Mobile library,2024-07-01/P1M,267,,,
E06000031,Mobile library,2024-08-01/P1M,145,,,
E06000031,Mobile library,2024-09-01/P1M,305,,,
E06000031,Mobile library,2024-10-01/P1M,387,,,
E06000031,Mobile library,2024-11-01/P1M,293,,,
E06000031,Mobile library,2024-12-01/P1M,177,,,
E06000031,Mobile library,2025-01-01/P1M,0,,,
E06000031,Mobile library,2025-02-01/P1M,0,,,
E06000031,Mobile library,2025-03-01/P1M,321,,,
E06000031,Home delivery,2024-04-01/P1Y,0,,,
E06000038,Library,2024-04-01/P1M,24280,,,
E06000038,Library,2024-05-01/P1M,24964,,,
E06000038,Library,2024-06-01/P1M,21628,,,
E06000038,Library,2024-07-01/P1M,23555,,,
E06000038,Library,2024-08-01/P1M,27114,,,
E06000038,Library,2024-09-01/P1M,23929,,,
E06000038,Library,2024-10-01/P1M,26251,,,
E06000038,Library,2024-11-01/P1M,24462,,,
E06000038,Library,2024-12-01/P1M,16648,,,
E06000038,Library,2025-01-01/P1M,19734,,,
E06000038,Library,2025-02-01/P1M,24520,,,
E06000038,Library,2025-03-01/P1M,25770,,,
E06000038,Shared building,2024-04-01/P1M,1793,,,
E06000038,Shared building,2024-05-01/P1M,2129,,,
E06000038,Shared building,2024-06-01/P1M,2113,,,
E06000038,Shared building,2024-07-01/P1M,2525,,,
E06000038,Shared building,2024-08-01/P1M,2205,,,
E06000038,Shared building,2024-09-01/P1M,2098,,,
E06000038,Shared building,2024-10-01/P1M,2465,,,
E06000038,Shared building,2024-11-01/P1M,2288,,,
E06000038,Shared building,2024-12-01/P1M,1760,,,
E06000038,Shared building,2025-01-01/P1M,2101,,,
E06000038,Shared building,2025-02-01/P1M,2112,,,
E06000038,Shared building,2025-03-01/P1M,2709,,,
E06000038,Mobile library,2024-04-01/P1Y,0,,,
E06000038,Home delivery,2024-04-01/P1M,224,,,
E06000038,Home delivery,2024-05-01/P1M,238,,,
E06000038,Home delivery,2024-06-01/P1M,232,,,
E06000038,Home delivery,2024-07-01/P1M,250,,,
E06000038,Home delivery,2024-08-01/P1M,262,,,
E06000038,Home delivery,2024-09-01/P1M,194,,,
E06000038,Home delivery,2024-10-01/P1M,276,,,
E06000038,Home delivery,2024-11-01/P1M,212,,,
E06000038,Home delivery,2024-12-01/P1M,248,,,
E06000038,Home delivery,2025-01-01/P1M,242,,,
E06000038,Home delivery,2025-02-01/P1M,224,,,
E06000038,Home delivery,2025-03-01/P1M,254,,,
E09000026,Library,2024-04-01/P1M,51894,,,
E09000026,Library,2024-05-01/P1M,34991,,,
E09000026,Library,2024-06-01/P1M,32655,,,
E09000026,Library,2024-07-01/P1M,34912,,,
E09000026,Library,2024-08-01/P1M,36712,,,
E09000026,Library,2024-09-01/P1M,42182,,,
E09000026,Library,2024-10-01/P1M,43410,,,
E09000026,Library,2024-11-01/P1M,47524,,,
E09000026,Library,2024-12-01/P1M,40976,,,
E09000026,Library,2025-01-01/P1M,49429,,,
E09000026,Library,2025-02-01/P1M,50932,,,
E09000026,Library,2025-03-01/P1M,58113,,,
E09000026,Shared building,2024-04-01/P1M,58554,,,
E09000026,Shared building,2024-05-01/P1M,64232,,,
E09000026,Shared building,2024-06-01/P1M,57177,,,
E09000026,Shared building,2024-07-01/P1M,54920,,,
E09000026,Shared building,2024-08-01/P1M,54987,,,
E09000026,Shared building,2024-09-01/P1M,46698,,,
E09000026,Shared building,2024-10-01/P1M,55229,,,
E09000026,Shared building,2024-11-01/P1M,55948,,,
E09000026,Shared building,2024-12-01/P1M,44929,,,
E09000026,Shared building,2025-01-01/P1M,57380,,,
E09000026,Shared building,2025-02-01/P1M,56961,,,
E09000026,Shared building,2025-03-01/P1M,55415,,,
E09000026,Mobile library,2024-04-01/P1Y,0,,,
E09000026,Home delivery,2024-04-01/P1M,15,,,
E09000026,Home delivery,2024-05-01/P1M,17,,,
E09000026,Home delivery,2024-06-01/P1M,16,,,
E09000026,Home delivery,2024-07-01/P1M,21,,,
E09000026,Home delivery,2024-08-01/P1M,14,,,
E09000026,Home delivery,2024-09-01/P1M,26,,,
E09000026,Home delivery,2024-10-01/P1M,32,,,
E09000026,Home delivery,2024-11-01/P1M,17,,,
E09000026,Home delivery,2024-12-01/P1M,18,,,
E09000026,Home delivery,2025-01-01/P1M,12,,,
E09000026,Home delivery,2025-02-01/P1M,16,,,
E09000026,Home delivery,2025-03-01/P1M,13,,,
E06000003,Library,2024-04-01/P1M,24331,,,
E06000003,Library,2024-05-01/P1M,22075,,,
E06000003,Library,2024-06-01/P1M,15373,,,
E06000003,Library,2024-07-01/P1M,22519,,,
E06000003,Library,2024-08-01/P1M,20510,,,
E06000003,Library,2024-09-01/P1M,19717,,,
E06000003,Library,2024-10-01/P1M,23245,,,
E06000003,Library,2024-11-01/P1M,20178,,,
E06000003,Library,2024-12-01/P1M,15769,,,
E06000003,Library,2025-01-01/P1M,19197,,,
E06000003,Library,2025-02-01/P1M,19036,,,
E06000003,Library,2025-03-01/P1M,20674,,,
E06000003,Shared building,2024-04-01/P1Y,0,,,
E06000003,Mobile library,2024-04-01/P1Y,0,,,
E06000003,Home delivery,2024-04-01/P1M,104,,,
E06000003,Home delivery,2024-05-01/P1M,80,,,
E06000003,Home delivery,2024-06-01/P1M,85,,,
E06000003,Home delivery,2024-07-01/P1M,85,,,
E06000003,Home delivery,2024-08-01/P1M,95,,,
E06000003,Home delivery,2024-09-01/P1M,104,,,
E06000003,Home delivery,2024-10-01/P1M,113,,,
E06000003,Home delivery,2024-11-01/P1M,98,,,
E06000003,Home delivery,2024-12-01/P1M,87,,,
E06000003,Home delivery,2025-01-01/P1M,94,,,
E06000003,Home delivery,2025-02-01/P1M,76,,,
E06000003,Home delivery,2025-03-01/P1M,54,,,
E09000027,Library,2024-04-01/P1M,84018,,,
E09000027,Library,2024-05-01/P1M,82611,,,
E09000027,Library,2024-06-01/P1M,73324,,,
E09000027,Library,2024-07-01/P1M,77414,,,
E09000027,Library,2024-08-01/P1M,76112,,,
E09000027,Library,2024-09-01/P1M,76164,,,
E09000027,Library,2024-10-01/P1M,83641,,,
E09000027,Library,2024-11-01/P1M,77328,,,
E09000027,Library,2024-12-01/P1M,68217,,,
E09000027,Library,2025-01-01/P1M,82923,,,
E09000027,Library,2025-02-01/P1M,78131,,,
E09000027,Library,2025-03-01/P1M,82283,,,
E09000027,Shared building,2024-04-01/P1Y,0,,,
E09000027,Mobile library,2024-04-01/P1Y,0,,,
E09000027,Home delivery,2024-04-01/P1M,78,,,
E09000027,Home delivery,2024-05-01/P1M,78,,,
E09000027,Home delivery,2024-06-01/P1M,78,,,
E09000027,Home delivery,2024-07-01/P1M,78,,,
E09000027,Home delivery,2024-08-01/P1M,78,,,
E09000027,Home delivery,2024-09-01/P1M,78,,,
E09000027,Home delivery,2024-10-01/P1M,78,,,
E09000027,Home delivery,2024-11-01/P1M,78,,,
E09000027,Home delivery,2024-12-01/P1M,78,,,
E09000027,Home delivery,2025-01-01/P1M,78,,,
E09000027,Home delivery,2025-02-01/P1M,78,,,
E09000027,Home delivery,2025-03-01/P1M,78,,,
E08000005,Library,2024-04-01/P1M,20156,,,
E08000005,Library,2024-05-01/P1M,22137,,,
E08000005,Library,2024-06-01/P1M,12731,,,
E08000005,Library,2024-07-01/P1M,12493,,,
E08000005,Library,2024-08-01/P1M,12067,,,
E08000005,Library,2024-09-01/P1M,12414,,,
E08000005,Library,2024-10-01/P1M,15254,,,
E08000005,Library,2024-11-01/P1M,13124,,,
E08000005,Library,2024-12-01/P1M,11941,,,
E08000005,Library,2025-01-01/P1M,21256,,,
E08000005,Library,2025-02-01/P1M,22508,,,
E08000005,Library,2025-03-01/P1M,28180,,,
E08000005,Shared building,2024-04-01/P1Y,0,,,
E08000005,Mobile library,2024-04-01/P1M,90,,,
E08000005,Mobile library,2024-05-01/P1M,92,,,
E08000005,Mobile library,2024-06-01/P1M,89,,,
E08000005,Mobile library,2024-07-01/P1M,90,,,
E08000005,Mobile library,2024-08-01/P1M,85,,,
E08000005,Mobile library,2024-09-01/P1M,88,,,
E08000005,Mobile library,2024-10-01/P1M,86,,,
E08000005,Mobile library,2024-11-01/P1M,87,,,
E08000005,Mobile library,2024-12-01/P1M,90,,,
E08000005,Mobile library,2025-01-01/P1M,92,,,
E08000005,Mobile library,2025-02-01/P1M,90,,,
E08000005,Mobile library,2025-03-01/P1M,89,,,
E08000005,Home delivery,2024-04-01/P1Y,0,,,
E08000018,Library,2024-04-01/P1M,33194,,,
E08000018,Library,2024-05-01/P1M,32680,,,
E08000018,Library,2024-06-01/P1M,30094,,,
E08000018,Library,2024-07-01/P1M,33263,,,
E08000018,Library,2024-08-01/P1M,32878,,,
E08000018,Library,2024-09-01/P1M,32779,,,
E08000018,Library,2024-10-01/P1M,35896,,,
E08000018,Library,2024-11-01/P1M,34865,,,
E08000018,Library,2024-12-01/P1M,23673,,,
E08000018,Library,2025-01-01/P1M,32399,,,
E08000018,Library,2025-02-01/P1M,34804,,,
E08000018,Library,2025-03-01/P1M,37723,,,
E08000018,Shared building,2024-04-01/P1M,19975,,,
E08000018,Shared building,2024-05-01/P1M,17855,,,
E08000018,Shared building,2024-06-01/P1M,17722,,,
E08000018,Shared building,2024-07-01/P1M,19726,,,
E08000018,Shared building,2024-08-01/P1M,19545,,,
E08000018,Shared building,2024-09-01/P1M,19632,,,
E08000018,Shared building,2024-10-01/P1M,21456,,,
E08000018,Shared building,2024-11-01/P1M,20070,,,
E08000018,Shared building,2024-12-01/P1M,13795,,,
E08000018,Shared building,2025-01-01/P1M,19128,,,
E08000018,Shared building,2025-02-01/P1M,20587,,,
E08000018,Shared building,2025-03-01/P1M,21474,,,
E08000018,Mobile library,2024-04-01/P1Y,0,,,
E08000018,Home delivery,2024-04-01/P1M,185,,,
E08000018,Home delivery,2024-05-01/P1M,178,,,
E08000018,Home delivery,2024-06-01/P1M,197,,,
E08000018,Home delivery,2024-07-01/P1M,186,,,
E08000018,Home delivery,2024-08-01/P1M,164,,,
E08000018,Home delivery,2024-09-01/P1M,177,,,
E08000018,Home delivery,2024-10-01/P1M,185,,,
E08000018,Home delivery,2024-11-01/P1M,131,,,
E08000018,Home delivery,2024-12-01/P1M,129,,,
E08000018,Home delivery,2025-01-01/P1M,178,,,
E08000018,Home delivery,2025-02-01/P1M,172,,,
E08000018,Home delivery,2025-03-01/P1M,180,,,
E06000017,Library,2024-04-01/P1M,8854,,,
E06000017,Library,2024-05-01/P1M,7774,,,
E06000017,Library,2024-06-01/P1M,7079,,,
E06000017,Library,2024-07-01/P1M,8107,,,
E06000017,Library,2024-08-01/P1M,8445,,,
E06000017,Library,2024-09-01/P1M,7225,,,
E06000017,Library,2024-10-01/P1M,7970,,,
E06000017,Library,2024-11-01/P1M,7136,,,
E06000017,Library,2024-12-01/P1M,4855,,,
E06000017,Library,2025-01-01/P1M,7619,,,
E06000017,Library,2025-02-01/P1M,6669,,,
E06000017,Library,2025-03-01/P1M,7189,,,
E06000017,Shared building,2024-04-01/P1Y,0,,,
E06000017,Mobile library,2024-04-01/P1Y,0,,,
E06000017,Home delivery,2024-04-01/P1M,196,,,
E06000017,Home delivery,2024-05-01/P1M,192,,,
E06000017,Home delivery,2024-06-01/P1M,170,,,
E06000017,Home delivery,2024-07-01/P1M,206,,,
E06000017,Home delivery,2024-08-01/P1M,196,,,
E06000017,Home delivery,2024-09-01/P1M,146,,,
E06000017,Home delivery,2024-10-01/P1M,225,,,
E06000017,Home delivery,2024-11-01/P1M,5,,,
E06000017,Home delivery,2024-12-01/P1M,4,,,
E06000017,Home delivery,2025-01-01/P1M,11,,,
E06000017,Home delivery,2025-02-01/P1M,7,,,
E06000017,Home delivery,2025-03-01/P1M,12,,,
E08000006,Library,2024-04-01/P1M,6442,,,
E08000006,Library,2024-05-01/P1M,6507,,,
E08000006,Library,2024-06-01/P1M,6550,,,
E08000006,Library,2024-07-01/P1M,6808,,,
E08000006,Library,2024-08-01/P1M,6138,,,
E08000006,Library,2024-09-01/P1M,7295,,,
E08000006,Library,2024-10-01/P1M,6945,,,
E08000006,Library,2024-11-01/P1M,7335,,,
E08000006,Library,2024-12-01/P1M,6311,,,
E08000006,Library,2025-01-01/P1M,6286,,,
E08000006,Library,2025-02-01/P1M,6631,,,
E08000006,Library,2025-03-01/P1M,6190,,,
E08000006,Shared building,2024-04-01/P1M,59230,,,
E08000006,Shared building,2024-05-01/P1M,61300,,,
E08000006,Shared building,2024-06-01/P1M,60418,,,
E08000006,Shared building,2024-07-01/P1M,56039,,,
E08000006,Shared building,2024-08-01/P1M,58350,,,
E08000006,Shared building,2024-09-01/P1M,60200,,,
E08000006,Shared building,2024-10-01/P1M,61469,,,
E08000006,Shared building,2024-11-01/P1M,60673,,,
E08000006,Shared building,2024-12-01/P1M,48452,,,
E08000006,Shared building,2025-01-01/P1M,59449,,,
E08000006,Shared building,2025-02-01/P1M,63599,,,
E08000006,Shared building,2025-03-01/P1M,715224,66045,replaced,"March shared visits entered as cumulative annual total 715,224 instead of monthly increment; estimated as 66,045 (715,224 less Apr-Feb sum 649,179)"
E08000006,Mobile library,2024-04-01/P1Y,0,,,
E08000006,Home delivery,2024-04-01/P1M,230,,,
E08000006,Home delivery,2024-05-01/P1M,133,,,
E08000006,Home delivery,2024-06-01/P1M,227,,,
E08000006,Home delivery,2024-07-01/P1M,184,,,
E08000006,Home delivery,2024-08-01/P1M,115,,,
E08000006,Home delivery,2024-09-01/P1M,222,,,
E08000006,Home delivery,2024-10-01/P1M,210,,,
E08000006,Home delivery,2024-11-01/P1M,187,,,
E08000006,Home delivery,2024-12-01/P1M,176,,,
E08000006,Home delivery,2025-01-01/P1M,198,,,
E08000006,Home delivery,2025-02-01/P1M,177,,,
E08000006,Home delivery,2025-03-01/P1M,178,,,
E08000028,Library,2024-04-01/P1M,45102,,,
E08000028,Library,2024-05-01/P1M,45140,,,
E08000028,Library,2024-06-01/P1M,46523,,,
E08000028,Library,2024-07-01/P1M,60087,,,
E08000028,Library,2024-08-01/P1M,49891,,,
E08000028,Library,2024-09-01/P1M,47056,,,
E08000028,Library,2024-10-01/P1M,52980,,,
E08000028,Library,2024-11-01/P1M,47671,,,
E08000028,Library,2024-12-01/P1M,41055,,,
E08000028,Library,2025-01-01/P1M,48166,,,
E08000028,Library,2025-02-01/P1M,51011,,,
E08000028,Library,2025-03-01/P1M,54484,,,
E08000028,Shared building,2024-04-01/P1M,13510,,,
E08000028,Shared building,2024-05-01/P1M,12802,,,
E08000028,Shared building,2024-06-01/P1M,12649,,,
E08000028,Shared building,2024-07-01/P1M,13460,,,
E08000028,Shared building,2024-08-01/P1M,12826,,,
E08000028,Shared building,2024-09-01/P1M,12695,,,
E08000028,Shared building,2024-10-01/P1M,13148,,,
E08000028,Shared building,2024-11-01/P1M,9831,,,
E08000028,Shared building,2024-12-01/P1M,8553,,,
E08000028,Shared building,2025-01-01/P1M,10605,,,
E08000028,Shared building,2025-02-01/P1M,10668,,,
E08000028,Shared building,2025-03-01/P1M,10375,,,
E08000028,Mobile library,2024-04-01/P1Y,0,,,
E08000028,Home delivery,2024-04-01/P1Y,0,,,
E08000014,Library,2024-04-01/P3M,508530,50853,replaced,"Q1 visits entered as 508530 (10x typo for 50853; subsequent quarters are 58k, 53k, 48k)"
E08000014,Library,2024-07-01/P3M,58854,,,
E08000014,Library,2024-10-01/P3M,53081,,,
E08000014,Library,2025-01-01/P3M,48253,,,
E08000014,Shared building,2024-04-01/P3M,56221,,,
E08000014,Shared building,2024-07-01/P3M,93250,,,
E08000014,Shared building,2024-10-01/P3M,87956,,,
E08000014,Shared building,2025-01-01/P3M,7444,,,
E08000014,Mobile library,2024-04-01/P1Y,0,,,
E08000014,Home delivery,2024-04-01/P1Y,0,,,
E08000019,Library,2024-04-01/P1M,19893,,,
E08000019,Library,2024-05-01/P1M,20294,,,
E08000019,Library,2024-06-01/P1M,21655,,,
E08000019,Library,2024-07-01/P1M,23762,,,
E08000019,Library,2024-08-01/P1M,22190,,,
E08000019,Library,2024-09-01/P1M,27225,,,
E08000019,Library,2024-10-01/P1M,31175,,,
E08000019,Library,2024-11-01/P1M,28157,,,
E08000019,Library,2024-12-01/P1M,22132,,,
E08000019,Library,2025-01-01/P1M,27177,,,
E08000019,Library,2025-02-01/P1M,26759,,,
E08000019,Library,2025-03-01/P1M,29887,,,
E08000019,Shared building,2024-04-01/P1M,49691,,,
E08000019,Shared building,2024-05-01/P1M,56370,,,
E08000019,Shared building,2024-06-01/P1M,50818,,,
E08000019,Shared building,2024-07-01/P1M,58809,,,
E08000019,Shared building,2024-08-01/P1M,62701,,,
E08000019,Shared building,2024-09-01/P1M,56311,,,
E08000019,Shared building,2024-10-01/P1M,64025,,,
E08000019,Shared building,2024-11-01/P1M,53764,,,
E08000019,Shared building,2024-12-01/P1M,47053,,,
E08000019,Shared building,2025-01-01/P1M,49936,,,
E08000019,Shared building,2025-02-01/P1M,54936,,,
E08000019,Shared building,2025-03-01/P1M,55607,,,
E08000019,Mobile library,2024-04-01/P1Y,0,,,
E08000019,Home delivery,2024-04-01/P1M,1951,,,
E08000019,Home delivery,2024-05-01/P1M,1704,,,
E08000019,Home delivery,2024-06-01/P1M,1615,,,
E08000019,Home delivery,2024-07-01/P1M,1806,,,
E08000019,Home delivery,2024-08-01/P1M,1720,,,
E08000019,Home delivery,2024-09-01/P1M,1703,,,
E08000019,Home delivery,2024-10-01/P1M,1752,,,
E08000019,Home delivery,2024-11-01/P1M,1752,,,
E08000019,Home delivery,2024-12-01/P1M,1343,,,
E08000019,Home delivery,2025-01-01/P1M,1475,,,
E08000019,Home delivery,2025-02-01/P1M,1727,,,
E08000019,Home delivery,2025-03-01/P1M,1744,,,
E06000051,Library,2024-04-01/P1M,38806,,,
E06000051,Library,2024-05-01/P1M,36055,,,
E06000051,Library,2024-06-01/P1M,32518,,,
E06000051,Library,2024-07-01/P1M,42892,,,
E06000051,Library,2024-08-01/P1M,42213,,,
E06000051,Library,2024-09-01/P1M,37402,,,
E06000051,Library,2024-10-01/P1M,41881,,,
E06000051,Library,2024-11-01/P1M,36063,,,
E06000051,Library,2024-12-01/P1M,24482,,,
E06000051,Library,2025-01-01/P1M,40885,,,
E06000051,Library,2025-02-01/P1M,38453,,,
E06000051,Library,2025-03-01/P1M,39863,,,
E06000051,Shared building,2024-04-01/P1M,14134,,,
E06000051,Shared building,2024-05-01/P1M,14410,,,
E06000051,Shared building,2024-06-01/P1M,14766,,,
E06000051,Shared building,2024-07-01/P1M,16089,,,
E06000051,Shared building,2024-08-01/P1M,16492,,,
E06000051,Shared building,2024-09-01/P1M,14695,,,
E06000051,Shared building,2024-10-01/P1M,16445,,,
E06000051,Shared building,2024-11-01/P1M,15073,,,
E06000051,Shared building,2024-12-01/P1M,12145,,,
E06000051,Shared building,2025-01-01/P1M,13801,,,
E06000051,Shared building,2025-02-01/P1M,13952,,,
E06000051,Shared building,2025-03-01/P1M,15002,,,
E06000051,Mobile library,2024-04-01/P1M,1924,,,
E06000051,Mobile library,2024-05-01/P1M,1924,,,
E06000051,Mobile library,2024-06-01/P1M,1924,,,
E06000051,Mobile library,2024-07-01/P1M,1924,,,
E06000051,Mobile library,2024-08-01/P1M,1924,,,
E06000051,Mobile library,2024-09-01/P1M,1924,,,
E06000051,Mobile library,2024-10-01/P1M,1924,,,
E06000051,Mobile library,2024-11-01/P1M,1924,,,
E06000051,Mobile library,2024-12-01/P1M,1924,,,
E06000051,Mobile library,2025-01-01/P1M,1924,,,
E06000051,Mobile library,2025-02-01/P1M,1924,,,
E06000051,Mobile library,2025-03-01/P1M,1924,,,
E06000051,Home delivery,2024-04-01/P1M,118,,,
E06000051,Home delivery,2024-05-01/P1M,118,,,
E06000051,Home delivery,2024-06-01/P1M,118,,,
E06000051,Home delivery,2024-07-01/P1M,118,,,
E06000051,Home delivery,2024-08-01/P1M,118,,,
E06000051,Home delivery,2024-09-01/P1M,118,,,
E06000051,Home delivery,2024-10-01/P1M,118,,,
E06000051,Home delivery,2024-11-01/P1M,118,,,
E06000051,Home delivery,2024-12-01/P1M,118,,,
E06000051,Home delivery,2025-01-01/P1M,118,,,
E06000051,Home delivery,2025-02-01/P1M,118,,,
E06000051,Home delivery,2025-03-01/P1M,118,,,
E06000025,Library,2024-04-01/P1M,53548,,,
E06000025,Library,2024-05-01/P1M,47115,,,
E06000025,Library,2024-06-01/P1M,41619,,,
E06000025,Library,2024-07-01/P1M,59197,,,
E06000025,Library,2024-08-01/P1M,59835,,,
E06000025,Library,2024-09-01/P1M,49556,,,
E06000025,Library,2024-10-01/P1M,53947,,,
E06000025,Library,2024-11-01/P1M,46591,,,
E06000025,Library,2024-12-01/P1M,35692,,,
E06000025,Library,2025-01-01/P1M,47261,,,
E06000025,Library,2025-02-01/P1M,45686,,,
E06000025,Library,2025-03-01/P1M,48479,,,
E06000025,Shared building,2024-04-01/P1Y,0,,,
E06000025,Mobile library,2024-04-01/P1Y,0,,,
E06000025,Home delivery,2024-04-01/P1Y,1308,,,
E08000023,Library,2024-04-01/P1M,28000,,,
E08000023,Library,2024-05-01/P1M,30000,,,
E08000023,Library,2024-06-01/P1M,22000,,,
E08000023,Library,2024-07-01/P1M,30000,,,
E08000023,Library,2024-08-01/P1M,33012,,,
E08000023,Library,2024-09-01/P1M,19748,,,
E08000023,Library,2024-10-01/P1M,23381,,,
E08000023,Library,2024-11-01/P1M,22464,,,
E08000023,Library,2024-12-01/P1M,18767,,,
E08000023,Library,2025-01-01/P1M,20629,,,
E08000023,Library,2025-02-01/P1M,23014,,,
E08000023,Library,2025-03-01/P1M,22260,,,
E08000023,Shared building,2024-04-01/P1Y,0,,,
E08000023,Mobile library,2024-04-01/P1Y,0,,,
E08000023,Home delivery,2024-04-01/P1M,131,,,
E08000023,Home delivery,2024-05-01/P1M,128,,,
E08000023,Home delivery,2024-06-01/P1M,128,,,
E08000023,Home delivery,2024-07-01/P1M,132,,,
E08000023,Home delivery,2024-08-01/P1M,134,,,
E08000023,Home delivery,2024-09-01/P1M,135,,,
E08000023,Home delivery,2024-10-01/P1M,134,,,
E08000023,Home delivery,2024-11-01/P1M,130,,,
E08000023,Home delivery,2024-12-01/P1M,131,,,
E08000023,Home delivery,2025-01-01/P1M,128,,,
E08000023,Home delivery,2025-02-01/P1M,132,,,
E08000023,Home delivery,2025-03-01/P1M,134,,,
E09000028,Library,2024-04-01/P1M,120043,,,
E09000028,Library,2024-05-01/P1M,112011,,,
E09000028,Library,2024-06-01/P1M,101497,,,
E09000028,Library,2024-07-01/P1M,102351,,,
E09000028,Library,2024-08-01/P1M,98195,,,
E09000028,Library,2024-09-01/P1M,103486,,,
E09000028,Library,2024-10-01/P1M,116346,,,
E09000028,Library,2024-11-01/P1M,107280,,,
E09000028,Library,2024-12-01/P1M,85641,,,
E09000028,Library,2025-01-01/P1M,109515,,,
E09000028,Library,2025-02-01/P1M,106251,,,
E09000028,Library,2025-03-01/P1M,118359,,,
E09000028,Shared building,2024-04-01/P1M,28580,,,
E09000028,Shared building,2024-05-01/P1M,28761,,,
E09000028,Shared building,2024-06-01/P1M,27022,,,
E09000028,Shared building,2024-07-01/P1M,28841,,,
E09000028,Shared building,2024-08-01/P1M,24084,,,
E09000028,Shared building,2024-09-01/P1M,26531,,,
E09000028,Shared building,2024-10-01/P1M,29647,,,
E09000028,Shared building,2024-11-01/P1M,26853,,,
E09000028,Shared building,2024-12-01/P1M,21267,,,
E09000028,Shared building,2025-01-01/P1M,28259,,,
E09000028,Shared building,2025-02-01/P1M,26720,,,
E09000028,Shared building,2025-03-01/P1M,28784,,,
E09000028,Mobile library,2024-04-01/P1Y,0,,,
E09000028,Home delivery,2024-04-01/P1M,147,,,
E09000028,Home delivery,2024-05-01/P1M,155,,,
E09000028,Home delivery,2024-06-01/P1M,161,,,
E09000028,Home delivery,2024-07-01/P1M,105,,,
E09000028,Home delivery,2024-08-01/P1M,163,,,
E09000028,Home delivery,2024-09-01/P1M,155,,,
E09000028,Home delivery,2024-10-01/P1M,162,,,
E09000028,Home delivery,2024-11-01/P1M,170,,,
E09000028,Home delivery,2024-12-01/P1M,155,,,
E09000028,Home delivery,2025-01-01/P1M,178,,,
E09000028,Home delivery,2025-02-01/P1M,163,,,
E09000028,Home delivery,2025-03-01/P1M,172,,,
E08000013,Library,2024-04-01/P1M,12883,,,
E08000013,Library,2024-05-01/P1M,11698,,,
E08000013,Library,2024-06-01/P1M,11404,,,
E08000013,Library,2024-07-01/P1M,14557,,,
E08000013,Library,2024-08-01/P1M,14990,,,
E08000013,Library,2024-09-01/P1M,15032,,,
E08000013,Library,2024-10-01/P1M,14854,,,
E08000013,Library,2024-11-01/P1M,13372,,,
E08000013,Library,2024-12-01/P1M,10293,,,
E08000013,Library,2025-01-01/P1M,12269,,,
E08000013,Library,2025-02-01/P1M,13347,,,
E08000013,Library,2025-03-01/P1M,13461,,,
E08000013,Shared building,2024-04-01/P1M,6135,,,
E08000013,Shared building,2024-05-01/P1M,5903,,,
E08000013,Shared building,2024-06-01/P1M,6073,,,
E08000013,Shared building,2024-07-01/P1M,6362,,,
E08000013,Shared building,2024-08-01/P1M,9026,,,
E08000013,Shared building,2024-09-01/P1M,5948,,,
E08000013,Shared building,2024-10-01/P1M,6426,,,
E08000013,Shared building,2024-11-01/P1M,5164,,,
E08000013,Shared building,2024-12-01/P1M,4813,,,
E08000013,Shared building,2025-01-01/P1M,4940,,,
E08000013,Shared building,2025-02-01/P1M,5695,,,
E08000013,Shared building,2025-03-01/P1M,6167,,,
E08000013,Mobile library,2024-04-01/P1Y,0,,,
E08000013,Home delivery,2024-04-01/P1M,1090,,,
E08000013,Home delivery,2024-05-01/P1M,849,,,
E08000013,Home delivery,2024-06-01/P1M,837,,,
E08000013,Home delivery,2024-07-01/P1M,1307,,,
E08000013,Home delivery,2024-08-01/P1M,2186,,,
E08000013,Home delivery,2024-09-01/P1M,665,,,
E08000013,Home delivery,2024-10-01/P1M,2090,,,
E08000013,Home delivery,2024-11-01/P1M,2092,,,
E08000013,Home delivery,2024-12-01/P1M,1566,,,
E08000013,Home delivery,2025-01-01/P1M,1741,,,
E08000013,Home delivery,2025-02-01/P1M,1722,,,
E08000013,Home delivery,2025-03-01/P1M,2090,,,
E10000028,Library,2024-04-01/P1M,63542,,,
E10000028,Library,2024-05-01/P1M,62203,,,
E10000028,Library,2024-06-01/P1M,57010,,,
E10000028,Library,2024-07-01/P1M,72371,,,
E10000028,Library,2024-08-01/P1M,69938,,,
E10000028,Library,2024-09-01/P1M,58339,,,
E10000028,Library,2024-10-01/P1M,66988,,,
E10000028,Library,2024-11-01/P1M,60700,,,
E10000028,Library,2024-12-01/P1M,48165,,,
E10000028,Library,2025-01-01/P1M,59817,,,
E10000028,Library,2025-02-01/P1M,61406,,,
E10000028,Library,2025-03-01/P1M,63437,,,
E10000028,Shared building,2024-04-01/P1M,105348,,,
E10000028,Shared building,2024-05-01/P1M,97372,,,
E10000028,Shared building,2024-06-01/P1M,95698,,,
E10000028,Shared building,2024-07-01/P1M,110999,,,
E10000028,Shared building,2024-08-01/P1M,106543,,,
E10000028,Shared building,2024-09-01/P1M,95751,,,
E10000028,Shared building,2024-10-01/P1M,95272,,,
E10000028,Shared building,2024-11-01/P1M,94822,,,
E10000028,Shared building,2024-12-01/P1M,80897,,,
E10000028,Shared building,2025-01-01/P1M,97620,,,
E10000028,Shared building,2025-02-01/P1M,95760,,,
E10000028,Shared building,2025-03-01/P1M,98787,,,
E10000028,Mobile library,2024-04-01/P1M,724,,,
E10000028,Mobile library,2024-05-01/P1M,697,,,
E10000028,Mobile library,2024-06-01/P1M,599,,,
E10000028,Mobile library,2024-07-01/P1M,689,,,
E10000028,Mobile library,2024-08-01/P1M,568,,,
E10000028,Mobile library,2024-09-01/P1M,603,,,
E10000028,Mobile library,2024-10-01/P1M,651,,,
E10000028,Mobile library,2024-11-01/P1M,588,,,
E10000028,Mobile library,2024-12-01/P1M,542,,,
E10000028,Mobile library,2025-01-01/P1M,715,,,
E10000028,Mobile library,2025-02-01/P1M,649,,,
E10000028,Mobile library,2025-03-01/P1M,702,,,
E10000028,Home delivery,2024-04-01/P1M,72,,,
E10000028,Home delivery,2024-05-01/P1M,73,,,
E10000028,Home delivery,2024-06-01/P1M,74,,,
E10000028,Home delivery,2024-07-01/P1M,74,,,
E10000028,Home delivery,2024-08-01/P1M,73,,,
E10000028,Home delivery,2024-09-01/P1M,74,,,
E10000028,Home delivery,2024-10-01/P1M,74,,,
E10000028,Home delivery,2024-11-01/P1M,74,,,
E10000028,Home delivery,2024-12-01/P1M,73,,,
E10000028,Home delivery,2025-01-01/P1M,74,,,
E10000028,Home delivery,2025-02-01/P1M,74,,,
E10000028,Home delivery,2025-03-01/P1M,75,,,
E06000004,Library,2024-04-01/P1M,3055,,,
E06000004,Library,2024-05-01/P1M,2447,,,
E06000004,Library,2024-06-01/P1M,2258,,,
E06000004,Library,2024-07-01/P1M,2682,,,
E06000004,Library,2024-08-01/P1M,2655,,,
E06000004,Library,2024-09-01/P1M,2267,,,
E06000004,Library,2024-10-01/P1M,2287,,,
E06000004,Library,2024-11-01/P1M,2587,,,
E06000004,Library,2024-12-01/P1M,2028,,,
E06000004,Library,2025-01-01/P1M,2055,,,
E06000004,Library,2025-02-01/P1M,2396,,,
E06000004,Library,2025-03-01/P1M,2538,,,
E06000004,Shared building,2024-04-01/P1M,34009,,,
E06000004,Shared building,2024-05-01/P1M,33585,,,
E06000004,Shared building,2024-06-01/P1M,31057,,,
E06000004,Shared building,2024-07-01/P1M,38019,,,
E06000004,Shared building,2024-08-01/P1M,36246,,,
E06000004,Shared building,2024-09-01/P1M,36371,,,
E06000004,Shared building,2024-10-01/P1M,27995,,,
E06000004,Shared building,2024-11-01/P1M,31225,,,
E06000004,Shared building,2024-12-01/P1M,25455,,,
E06000004,Shared building,2025-01-01/P1M,27949,,,
E06000004,Shared building,2025-02-01/P1M,30877,,,
E06000004,Shared building,2025-03-01/P1M,33142,,,
E06000004,Mobile library,2024-04-01/P1M,1024,,,
E06000004,Mobile library,2024-05-01/P1M,584,,,
E06000004,Mobile library,2024-06-01/P1M,863,,,
E06000004,Mobile library,2024-07-01/P1M,454,,,
E06000004,Mobile library,2024-08-01/P1M,775,,,
E06000004,Mobile library,2024-09-01/P1M,1231,,,
E06000004,Mobile library,2024-10-01/P1M,452,,,
E06000004,Mobile library,2024-11-01/P1M,232,,,
E06000004,Mobile library,2024-12-01/P1M,438,,,
E06000004,Mobile library,2025-01-01/P1M,1091,,,
E06000004,Mobile library,2025-02-01/P1M,545,,,
E06000004,Mobile library,2025-03-01/P1M,1710,,,
E06000004,Home delivery,2024-04-01/P1M,307,,,
E06000004,Home delivery,2024-05-01/P1M,377,,,
E06000004,Home delivery,2024-06-01/P1M,324,,,
E06000004,Home delivery,2024-07-01/P1M,373,,,
E06000004,Home delivery,2024-08-01/P1M,214,,,
E06000004,Home delivery,2024-09-01/P1M,409,,,
E06000004,Home delivery,2024-10-01/P1M,322,,,
E06000004,Home delivery,2024-11-01/P1M,358,,,
E06000004,Home delivery,2024-12-01/P1M,255,,,
E06000004,Home delivery,2025-01-01/P1M,360,,,
E06000004,Home delivery,2025-02-01/P1M,344,,,
E06000004,Home delivery,2025-03-01/P1M,386,,,
E06000021,Library,2024-04-01/P1M,20451,,,
E06000021,Library,2024-05-01/P1M,20159,,,
E06000021,Library,2024-06-01/P1M,23576,,,
E06000021,Library,2024-07-01/P1M,22693,,,
E06000021,Library,2024-08-01/P1M,22378,,,
E06000021,Library,2024-09-01/P1M,20338,,,
E06000021,Library,2024-10-01/P1M,22311,,,
E06000021,Library,2024-11-01/P1M,2270,,,
E06000021,Library,2024-12-01/P1M,14134,,,
E06000021,Library,2025-01-01/P1M,15368,,,
E06000021,Library,2025-02-01/P1M,14787,,,
E06000021,Library,2025-03-01/P1M,16082,,,
E06000021,Shared building,2024-04-01/P1M,0,,,
E06000021,Shared building,2024-05-01/P1M,0,,,
E06000021,Shared building,2024-06-01/P1M,0,,,
E06000021,Shared building,2024-07-01/P1M,0,,,
E06000021,Shared building,2024-08-01/P1M,0,,,
E06000021,Shared building,2024-09-01/P1M,0,,,
E06000021,Shared building,2024-10-01/P1M,0,,,
E06000021,Shared building,2024-11-01/P1M,0,,,
E06000021,Shared building,2024-12-01/P1M,0,,,
E06000021,Shared building,2025-01-01/P1M,5981,,,
E06000021,Shared building,2025-02-01/P1M,6139,,,
E06000021,Shared building,2025-03-01/P1M,6865,,,
E06000021,Mobile library,2024-04-01/P1Y,0,,,
E06000021,Home delivery,2024-04-01/P1M,134,,,
E06000021,Home delivery,2024-05-01/P1M,116,,,
E06000021,Home delivery,2024-06-01/P1M,105,,,
E06000021,Home delivery,2024-07-01/P1M,110,,,
E06000021,Home delivery,2024-08-01/P1M,72,,,
E06000021,Home delivery,2024-09-01/P1M,103,,,
E06000021,Home delivery,2024-10-01/P1M,88,,,
E06000021,Home delivery,2024-11-01/P1M,108,,,
E06000021,Home delivery,2024-12-01/P1M,71,,,
E06000021,Home delivery,2025-01-01/P1M,104,,,
E06000021,Home delivery,2025-02-01/P1M,98,,,
E06000021,Home delivery,2025-03-01/P1M,104,,,
E08000024,Library,2024-04-01/P1Y,0,,,
E08000024,Shared building,2024-04-01/P1Y,0,,,
E08000024,Mobile library,2024-04-01/P1Y,0,,,
E08000024,Home delivery,2024-04-01/P1M,201,,,
E08000024,Home delivery,2024-05-01/P1M,189,,,
E08000024,Home delivery,2024-06-01/P1M,170,,,
E08000024,Home delivery,2024-07-01/P1M,111,,,
E08000024,Home delivery,2024-08-01/P1M,118,,,
E08000024,Home delivery,2024-09-01/P1M,126,,,
E08000024,Home delivery,2024-10-01/P1M,133,,,
E08000024,Home delivery,2024-11-01/P1M,99,,,
E08000024,Home delivery,2024-12-01/P1M,105,,,
E08000024,Home delivery,2025-01-01/P1M,111,,,
E08000024,Home delivery,2025-02-01/P1M,96,,,
E08000024,Home delivery,2025-03-01/P1M,107,,,
E10000030,Library,2024-04-01/P1M,220894,,,
E10000030,Library,2024-05-01/P1M,197990,,,
E10000030,Library,2024-06-01/P1M,194702,,,
E10000030,Library,2024-07-01/P1M,189664,,,
E10000030,Library,2024-08-01/P1M,234470,,,
E10000030,Library,2024-09-01/P1M,189796,,,
E10000030,Library,2024-10-01/P1M,201506,,,
E10000030,Library,2024-11-01/P1M,178521,,,
E10000030,Library,2024-12-01/P1M,146720,,,
E10000030,Library,2025-01-01/P1M,200130,,,
E10000030,Library,2025-02-01/P1M,197684,,,
E10000030,Library,2025-03-01/P1M,212012,,,
E10000030,Shared building,2024-04-01/P1M,4479,,,
E10000030,Shared building,2024-05-01/P1M,4652,,,
E10000030,Shared building,2024-06-01/P1M,4416,,,
E10000030,Shared building,2024-07-01/P1M,6637,,,
E10000030,Shared building,2024-08-01/P1M,5441,,,
E10000030,Shared building,2024-09-01/P1M,4205,,,
E10000030,Shared building,2024-10-01/P1M,5110,,,
E10000030,Shared building,2024-11-01/P1M,4342,,,
E10000030,Shared building,2024-12-01/P1M,3100,,,
E10000030,Shared building,2025-01-01/P1M,3996,,,
E10000030,Shared building,2025-02-01/P1M,4083,,,
E10000030,Shared building,2025-03-01/P1M,4896,,,
E10000030,Mobile library,2024-04-01/P1Y,0,,,
E10000030,Home delivery,2024-04-01/P1M,148,,,
E10000030,Home delivery,2024-05-01/P1M,144,,,
E10000030,Home delivery,2024-06-01/P1M,142,,,
E10000030,Home delivery,2024-07-01/P1M,141,,,
E10000030,Home delivery,2024-08-01/P1M,148,,,
E10000030,Home delivery,2024-09-01/P1M,154,,,
E10000030,Home delivery,2024-10-01/P1M,158,,,
E10000030,Home delivery,2024-11-01/P1M,152,,,
E10000030,Home delivery,2024-12-01/P1M,156,,,
E10000030,Home delivery,2025-01-01/P1M,153,,,
E10000030,Home delivery,2025-02-01/P1M,154,,,
E10000030,Home delivery,2025-03-01/P1M,162,,,
E09000029,Library,2024-04-01/P1M,58208,,,
E09000029,Library,2024-05-01/P1M,62298,,,
E09000029,Library,2024-06-01/P1M,54057,,,
E09000029,Library,2024-07-01/P1M,49396,,,
E09000029,Library,2024-08-01/P1M,46286,,,
E09000029,Library,2024-09-01/P1M,47380,,,
E09000029,Library,2024-10-01/P1M,56740,,,
E09000029,Library,2024-11-01/P1M,53978,,,
E09000029,Library,2024-12-01/P1M,43730,,,
E09000029,Library,2025-01-01/P1M,59455,,,
E09000029,Library,2025-02-01/P1M,55795,,,
E09000029,Library,2025-03-01/P1M,61452,,,
E09000029,Shared building,2024-04-01/P1M,23907,,,
E09000029,Shared building,2024-05-01/P1M,23865,,,
E09000029,Shared building,2024-06-01/P1M,20807,,,
E09000029,Shared building,2024-07-01/P1M,22742,,,
E09000029,Shared building,2024-08-01/P1M,18492,,,
E09000029,Shared building,2024-09-01/P1M,21868,,,
E09000029,Shared building,2024-10-01/P1M,21581,,,
E09000029,Shared building,2024-11-01/P1M,21109,,,
E09000029,Shared building,2024-12-01/P1M,16949,,,
E09000029,Shared building,2025-01-01/P1M,20548,,,
E09000029,Shared building,2025-02-01/P1M,21385,,,
E09000029,Shared building,2025-03-01/P1M,22001,,,
E09000029,Mobile library,2024-04-01/P1Y,0,,,
E09000029,Home delivery,2024-04-01/P1M,28,,,
E09000029,Home delivery,2024-05-01/P1M,28,,,
E09000029,Home delivery,2024-06-01/P1M,28,,,
E09000029,Home delivery,2024-07-01/P1M,28,,,
E09000029,Home delivery,2024-08-01/P1M,28,,,
E09000029,Home delivery,2024-09-01/P1M,28,,,
E09000029,Home delivery,2024-10-01/P1M,28,,,
E09000029,Home delivery,2024-11-01/P1M,28,,,
E09000029,Home delivery,2024-12-01/P1M,28,,,
E09000029,Home delivery,2025-01-01/P1M,28,,,
E09000029,Home delivery,2025-02-01/P1M,28,,,
E09000029,Home delivery,2025-03-01/P1M,28,,,
E08000008,Library,2024-04-01/P1M,4263,,,
E08000008,Library,2024-05-01/P1M,4939,,,
E08000008,Library,2024-06-01/P1M,4552,,,
E08000008,Library,2024-07-01/P1M,5884,,,
E08000008,Library,2024-08-01/P1M,5547,,,
E08000008,Library,2024-09-01/P1M,5068,,,
E08000008,Library,2024-10-01/P1M,5529,,,
E08000008,Library,2024-11-01/P1M,4872,,,
E08000008,Library,2024-12-01/P1M,3569,,,
E08000008,Library,2025-01-01/P1M,4767,,,
E08000008,Library,2025-02-01/P1M,4491,,,
E08000008,Library,2025-03-01/P1M,5059,,,
E08000008,Shared building,2024-04-01/P1M,28012,,,
E08000008,Shared building,2024-05-01/P1M,26507,,,
E08000008,Shared building,2024-06-01/P1M,24256,,,
E08000008,Shared building,2024-07-01/P1M,28099,,,
E08000008,Shared building,2024-08-01/P1M,29665,,,
E08000008,Shared building,2024-09-01/P1M,26738,,,
E08000008,Shared building,2024-10-01/P1M,29057,,,
E08000008,Shared building,2024-11-01/P1M,26086,,,
E08000008,Shared building,2024-12-01/P1M,18085,,,
E08000008,Shared building,2025-01-01/P1M,27000,,,
E08000008,Shared building,2025-02-01/P1M,26030,,,
E08000008,Shared building,2025-03-01/P1M,27990,,,
E08000008,Mobile library,2024-04-01/P1Y,0,,,
E08000008,Home delivery,2024-04-01/P1M,187,,,
E08000008,Home delivery,2024-05-01/P1M,189,,,
E08000008,Home delivery,2024-06-01/P1M,174,,,
E08000008,Home delivery,2024-07-01/P1M,211,,,
E08000008,Home delivery,2024-08-01/P1M,191,,,
E08000008,Home delivery,2024-09-01/P1M,188,,,
E08000008,Home delivery,2024-10-01/P1M,178,,,
E08000008,Home delivery,2024-11-01/P1M,197,,,
E08000008,Home delivery,2024-12-01/P1M,143,,,
E08000008,Home delivery,2025-01-01/P1M,206,,,
E08000008,Home delivery,2025-02-01/P1M,184,,,
E08000008,Home delivery,2025-03-01/P1M,186,,,
E06000020,Library,2024-04-01/P1Y,0,,,
E06000020,Shared building,2024-04-01/P1Y,0,,,
E06000020,Mobile library,2024-04-01/P1Y,0,,,
E06000020,Home delivery,2024-04-01/P1M,80,,,
E06000020,Home delivery,2024-05-01/P1M,40,,,
E06000020,Home delivery,2024-06-01/P1M,80,,,
E06000020,Home delivery,2024-07-01/P1M,40,,,
E06000020,Home delivery,2024-08-01/P1M,78,,,
E06000020,Home delivery,2024-09-01/P1M,39,,,
E06000020,Home delivery,2024-10-01/P1M,78,,,
E06000020,Home delivery,2024-11-01/P1M,39,,,
E06000020,Home delivery,2024-12-01/P1M,39,,,
E06000020,Home delivery,2025-01-01/P1M,39,,,
E06000020,Home delivery,2025-02-01/P1M,39,,,
E06000020,Home delivery,2025-03-01/P1M,39,,,
E06000034,Library,2024-04-01/P1M,23277,,,
E06000034,Library,2024-05-01/P1M,24905,,,
E06000034,Library,2024-06-01/P1M,21487,,,
E06000034,Library,2024-07-01/P1M,31076,,,
E06000034,Library,2024-08-01/P1M,30508,,,
E06000034,Library,2024-09-01/P1M,24763,,,
E06000034,Library,2024-10-01/P1M,26183,,,
E06000034,Library,2024-11-01/P1M,22020,,,
E06000034,Library,2024-12-01/P1M,19325,,,
E06000034,Library,2025-01-01/P1M,22770,,,
E06000034,Library,2025-02-01/P1M,23463,,,
E06000034,Library,2025-03-01/P1M,25413,,,
E06000034,Shared building,2024-04-01/P1M,23236,,,
E06000034,Shared building,2024-05-01/P1M,22291,,,
E06000034,Shared building,2024-06-01/P1M,22653,,,
E06000034,Shared building,2024-07-01/P1M,23465,,,
E06000034,Shared building,2024-08-01/P1M,16921,,,
E06000034,Shared building,2024-09-01/P1M,20096,,,
E06000034,Shared building,2024-10-01/P1M,22145,,,
E06000034,Shared building,2024-11-01/P1M,20154,,,
E06000034,Shared building,2024-12-01/P1M,28523,,,
E06000034,Shared building,2025-01-01/P1M,22193,,,
E06000034,Shared building,2025-02-01/P1M,22543,,,
E06000034,Shared building,2025-03-01/P1M,26329,,,
E06000034,Mobile library,2024-04-01/P1Y,0,,,
E06000034,Home delivery,2024-04-01/P1M,73,,,
E06000034,Home delivery,2024-05-01/P1M,73,,,
E06000034,Home delivery,2024-06-01/P1M,73,,,
E06000034,Home delivery,2024-07-01/P1M,73,,,
E06000034,Home delivery,2024-08-01/P1M,73,,,
E06000034,Home delivery,2024-09-01/P1M,73,,,
E06000034,Home delivery,2024-10-01/P1M,73,,,
E06000034,Home delivery,2024-11-01/P1M,73,,,
E06000034,Home delivery,2024-12-01/P1M,73,,,
E06000034,Home delivery,2025-01-01/P1M,73,,,
E06000034,Home delivery,2025-02-01/P1M,73,,,
E06000034,Home delivery,2025-03-01/P1M,73,,,
E06000027,Library,2024-04-01/P1M,189407,,,
E06000027,Library,2024-05-01/P1M,186349,,,
E06000027,Library,2024-06-01/P1M,171632,,,
E06000027,Library,2024-07-01/P1M,199138,,,
E06000027,Library,2024-08-01/P1M,202000,,,
E06000027,Library,2024-09-01/P1M,193624,,,
E06000027,Library,2024-10-01/P1M,201650,,,
E06000027,Library,2024-11-01/P1M,188082,,,
E06000027,Library,2024-12-01/P1M,142646,,,
E06000027,Library,2025-01-01/P1M,189584,,,
E06000027,Library,2025-02-01/P1M,164948,,,
E06000027,Library,2025-03-01/P1M,186615,,,
E06000027,Shared building,2024-04-01/P1Y,0,,,
E06000027,Mobile library,2024-04-01/P1Y,0,,,
E06000027,Home delivery,2024-04-01/P1Y,0,,,
E09000030,Library,2024-04-01/P1M,10451,,,
E09000030,Library,2024-05-01/P1M,10573,,,
E09000030,Library,2024-06-01/P1M,9253,,,
E09000030,Library,2024-07-01/P1M,10361,,,
E09000030,Library,2024-08-01/P1M,9808,,,
E09000030,Library,2024-09-01/P1M,10468,,,
E09000030,Library,2024-10-01/P1M,11593,,,
E09000030,Library,2024-11-01/P1M,10877,,,
E09000030,Library,2024-12-01/P1M,7748,,,
E09000030,Library,2025-01-01/P1M,11471,,,
E09000030,Library,2025-02-01/P1M,12583,,,
E09000030,Library,2025-03-01/P1M,11857,,,
E09000030,Shared building,2024-04-01/P1M,116069,,,
E09000030,Shared building,2024-05-01/P1M,124459,,,
E09000030,Shared building,2024-06-01/P1M,109318,,,
E09000030,Shared building,2024-07-01/P1M,116241,,,
E09000030,Shared building,2024-08-01/P1M,108878,,,
E09000030,Shared building,2024-09-01/P1M,110875,,,
E09000030,Shared building,2024-10-01/P1M,123212,,,
E09000030,Shared building,2024-11-01/P1M,115153,,,
E09000030,Shared building,2024-12-01/P1M,92356,,,
E09000030,Shared building,2025-01-01/P1M,117848,,,
E09000030,Shared building,2025-02-01/P1M,115030,,,
E09000030,Shared building,2025-03-01/P1M,110556,,,
E09000030,Mobile library,2024-04-01/P1Y,0,,,
E09000030,Home delivery,2024-04-01/P1Y,0,,,
E08000009,Library,2024-04-01/P1M,46763,,,
E08000009,Library,2024-05-01/P1M,48656,,,
E08000009,Library,2024-06-01/P1M,46729,,,
E08000009,Library,2024-07-01/P1M,51963,,,
E08000009,Library,2024-08-01/P1M,44999,,,
E08000009,Library,2024-09-01/P1M,44418,,,
E08000009,Library,2024-10-01/P1M,50210,,,
E08000009,Library,2024-11-01/P1M,52438,,,
E08000009,Library,2024-12-01/P1M,40109,,,
E08000009,Library,2025-01-01/P1M,47624,,,
E08000009,Library,2025-02-01/P1M,48650,,,
E08000009,Library,2025-03-01/P1M,49696,,,
E08000009,Shared building,2024-04-01/P1Y,0,,,
E08000009,Mobile library,2024-04-01/P1Y,0,,,
E08000009,Home delivery,2024-04-01/P1M,82,,,
E08000009,Home delivery,2024-05-01/P1M,94,,,
E08000009,Home delivery,2024-06-01/P1M,91,,,
E08000009,Home delivery,2024-07-01/P1M,120,,,
E08000009,Home delivery,2024-08-01/P1M,87,,,
E08000009,Home delivery,2024-09-01/P1M,94,,,
E08000009,Home delivery,2024-10-01/P1M,102,,,
E08000009,Home delivery,2024-11-01/P1M,111,,,
E08000009,Home delivery,2024-12-01/P1M,115,,,
E08000009,Home delivery,2025-01-01/P1M,96,,,
E08000009,Home delivery,2025-02-01/P1M,83,,,
E08000009,Home delivery,2025-03-01/P1M,99,,,
E08000036,Library,2024-04-01/P1M,65520,,,
E08000036,Library,2024-05-01/P1M,63591,,,
E08000036,Library,2024-06-01/P1M,59657,,,
E08000036,Library,2024-07-01/P1M,67396,,,
E08000036,Library,2024-08-01/P1M,70677,,,
E08000036,Library,2024-09-01/P1M,61678,,,
E08000036,Library,2024-10-01/P1M,72367,,,
E08000036,Library,2024-11-01/P1M,74211,,,
E08000036,Library,2024-12-01/P1M,50157,,,
E08000036,Library,2025-01-01/P1M,69025,,,
E08000036,Library,2025-02-01/P1M,70547,,,
E08000036,Library,2025-03-01/P1M,71129,,,
E08000036,Shared building,2024-04-01/P1Y,0,,,
E08000036,Mobile library,2024-04-01/P1M,94,,,
E08000036,Mobile library,2024-05-01/P1M,79,,,
E08000036,Mobile library,2024-06-01/P1M,56,,,
E08000036,Mobile library,2024-07-01/P1M,74,,,
E08000036,Mobile library,2024-08-01/P1M,65,,,
E08000036,Mobile library,2024-09-01/P1M,19,,,
E08000036,Mobile library,2024-10-01/P1M,44,,,
E08000036,Mobile library,2024-11-01/P1M,41,,,
E08000036,Mobile library,2024-12-01/P1M,10,,,
E08000036,Mobile library,2025-01-01/P1M,52,,,
E08000036,Mobile library,2025-02-01/P1M,63,,,
E08000036,Mobile library,2025-03-01/P1M,50,,,
E08000036,Home delivery,2024-04-01/P1M,157,,,
E08000036,Home delivery,2024-05-01/P1M,173,,,
E08000036,Home delivery,2024-06-01/P1M,128,,,
E08000036,Home delivery,2024-07-01/P1M,159,,,
E08000036,Home delivery,2024-08-01/P1M,186,,,
E08000036,Home delivery,2024-09-01/P1M,193,,,
E08000036,Home delivery,2024-10-01/P1M,186,,,
E08000036,Home delivery,2024-11-01/P1M,150,,,
E08000036,Home delivery,2024-12-01/P1M,198,,,
E08000036,Home delivery,2025-01-01/P1M,132,,,
E08000036,Home delivery,2025-02-01/P1M,129,,,
E08000036,Home delivery,2025-03-01/P1M,131,,,
E08000030,Library,2024-04-01/P1M,31003,,,
E08000030,Library,2024-05-01/P1M,29269,,,
E08000030,Library,2024-06-01/P1M,25034,,,
E08000030,Library,2024-07-01/P1M,27626,,,
E08000030,Library,2024-08-01/P1M,28623,,,
E08000030,Library,2024-09-01/P1M,26920,,,
E08000030,Library,2024-10-01/P1M,32813,,,
E08000030,Library,2024-11-01/P1M,33855,,,
E08000030,Library,2024-12-01/P1M,25498,,,
E08000030,Library,2025-01-01/P1M,40035,,,
E08000030,Library,2025-02-01/P1M,31098,,,
E08000030,Library,2025-03-01/P1M,26117,,,
E08000030,Shared building,2024-04-01/P1M,19907,,,
E08000030,Shared building,2024-05-01/P1M,21271,,,
E08000030,Shared building,2024-06-01/P1M,18558,,,
E08000030,Shared building,2024-07-01/P1M,21797,,,
E08000030,Shared building,2024-08-01/P1M,20853,,,
E08000030,Shared building,2024-09-01/P1M,18847,,,
E08000030,Shared building,2024-10-01/P1M,10194,,,
E08000030,Shared building,2024-11-01/P1M,19958,,,
E08000030,Shared building,2024-12-01/P1M,16302,,,
E08000030,Shared building,2025-01-01/P1M,23230,,,
E08000030,Shared building,2025-02-01/P1M,23144,,,
E08000030,Shared building,2025-03-01/P1M,22911,,,
E08000030,Mobile library,2024-04-01/P1M,3163,,,
E08000030,Mobile library,2024-05-01/P1M,2714,,,
E08000030,Mobile library,2024-06-01/P1M,2892,,,
E08000030,Mobile library,2024-07-01/P1M,2516,,,
E08000030,Mobile library,2024-08-01/P1M,1567,,,
E08000030,Mobile library,2024-09-01/P1M,2453,,,
E08000030,Mobile library,2024-10-01/P1M,2955,,,
E08000030,Mobile library,2024-11-01/P1M,2715,,,
E08000030,Mobile library,2024-12-01/P1M,2032,,,
E08000030,Mobile library,2025-01-01/P1M,2961,,,
E08000030,Mobile library,2025-02-01/P1M,2440,,,
E08000030,Mobile library,2025-03-01/P1M,2498,,,
E08000030,Home delivery,2024-04-01/P1M,3764,,,
E08000030,Home delivery,2024-05-01/P1M,3953,,,
E08000030,Home delivery,2024-06-01/P1M,3350,,,
E08000030,Home delivery,2024-07-01/P1M,3706,,,
E08000030,Home delivery,2024-08-01/P1M,3754,,,
E08000030,Home delivery,2024-09-01/P1M,3786,,,
E08000030,Home delivery,2024-10-01/P1M,3855,,,
E08000030,Home delivery,2024-11-01/P1M,3947,,,
E08000030,Home delivery,2024-12-01/P1M,2897,,,
E08000030,Home delivery,2025-01-01/P1M,732,,,
E08000030,Home delivery,2025-02-01/P1M,636,,,
E08000030,Home delivery,2025-03-01/P1M,648,,,
E09000031,Library,2024-04-01/P1M,7222,,,
E09000031,Library,2024-05-01/P1M,9526,,,
E09000031,Library,2024-06-01/P1M,5635,,,
E09000031,Library,2024-07-01/P1M,7354,,,
E09000031,Library,2024-08-01/P1M,8075,,,
E09000031,Library,2024-09-01/P1M,6193,,,
E09000031,Library,2024-10-01/P1M,8220,,,
E09000031,Library,2024-11-01/P1M,7075,,,
E09000031,Library,2024-12-01/P1M,4760,,,
E09000031,Library,2025-01-01/P1M,5979,,,
E09000031,Library,2025-02-01/P1M,6264,,,
E09000031,Library,2025-03-01/P1M,7201,,,
E09000031,Shared building,2024-04-01/P1M,91079,,,
E09000031,Shared building,2024-05-01/P1M,101245,,,
E09000031,Shared building,2024-06-01/P1M,86990,,,
E09000031,Shared building,2024-07-01/P1M,94677,,,
E09000031,Shared building,2024-08-01/P1M,83717,,,
E09000031,Shared building,2024-09-01/P1M,85471,,,
E09000031,Shared building,2024-10-01/P1M,94993,,,
E09000031,Shared building,2024-11-01/P1M,91186,,,
E09000031,Shared building,2024-12-01/P1M,73857,,,
E09000031,Shared building,2025-01-01/P1M,84311,,,
E09000031,Shared building,2025-02-01/P1M,83385,,,
E09000031,Shared building,2025-03-01/P1M,89195,,,
E09000031,Mobile library,2024-04-01/P1Y,0,,,
E09000031,Home delivery,2024-04-01/P1M,50,,,
E09000031,Home delivery,2024-05-01/P1M,57,,,
E09000031,Home delivery,2024-06-01/P1M,50,,,
E09000031,Home delivery,2024-07-01/P1M,53,,,
E09000031,Home delivery,2024-08-01/P1M,53,,,
E09000031,Home delivery,2024-09-01/P1M,55,,,
E09000031,Home delivery,2024-10-01/P1M,52,,,
E09000031,Home delivery,2024-11-01/P1M,51,,,
E09000031,Home delivery,2024-12-01/P1M,49,,,
E09000031,Home delivery,2025-01-01/P1M,44,,,
E09000031,Home delivery,2025-02-01/P1M,51,,,
E09000031,Home delivery,2025-03-01/P1M,59,,,
E09000032,Library,2024-04-01/P1M,109431,,,
E09000032,Library,2024-05-01/P1M,115779,,,
E09000032,Library,2024-06-01/P1M,99830,,,
E09000032,Library,2024-07-01/P1M,106543,,,
E09000032,Library,2024-08-01/P1M,92449,,,
E09000032,Library,2024-09-01/P1M,103868,,,
E09000032,Library,2024-10-01/P1M,115089,,,
E09000032,Library,2024-11-01/P1M,111775,,,
E09000032,Library,2024-12-01/P1M,93466,,,
E09000032,Library,2025-01-01/P1M,115310,,,
E09000032,Library,2025-02-01/P1M,111405,,,
E09000032,Library,2025-03-01/P1M,117155,,,
E09000032,Shared building,2024-04-01/P1Y,0,,,
E09000032,Mobile library,2024-04-01/P1Y,0,,,
E09000032,Home delivery,2024-04-01/P1M,52,,,
E09000032,Home delivery,2024-05-01/P1M,130,,,
E09000032,Home delivery,2024-06-01/P1M,120,,,
E09000032,Home delivery,2024-07-01/P1M,178,,,
E09000032,Home delivery,2024-08-01/P1M,95,,,
E09000032,Home delivery,2024-09-01/P1M,121,,,
E09000032,Home delivery,2024-10-01/P1M,115,,,
E09000032,Home delivery,2024-11-01/P1M,112,,,
E09000032,Home delivery,2024-12-01/P1M,84,,,
E09000032,Home delivery,2025-01-01/P1M,110,,,
E09000032,Home delivery,2025-02-01/P1M,119,,,
E09000032,Home delivery,2025-03-01/P1M,128,,,
E06000007,Library,2024-04-01/P3M,72164,,,
E06000007,Library,2024-07-01/P3M,78006,,,
E06000007,Library,2024-10-01/P3M,66141,,,
E06000007,Library,2025-01-01/P3M,81811,,,
E06000007,Shared building,2024-04-01/P3M,53030,,,
E06000007,Shared building,2024-07-01/P3M,51778,,,
E06000007,Shared building,2024-10-01/P3M,51874,,,
E06000007,Shared building,2025-01-01/P3M,43854,,,
E06000007,Mobile library,2024-04-01/P1Y,0,,,
E06000007,Home delivery,2024-04-01/P1Y,0,,,
E10000031,Library,2024-04-01/P1M,99125,,,
E10000031,Library,2024-05-01/P1M,96369,,,
E10000031,Library,2024-06-01/P1M,90115,,,
E10000031,Library,2024-07-01/P1M,100375,,,
E10000031,Library,2024-08-01/P1M,103078,,,
E10000031,Library,2024-09-01/P1M,93074,,,
E10000031,Library,2024-10-01/P1M,103354,,,
E10000031,Library,2024-11-01/P1M,96826,,,
E10000031,Library,2024-12-01/P1M,79946,,,
E10000031,Library,2025-01-01/P1M,105920,,,
E10000031,Library,2025-02-01/P1M,99301,,,
E10000031,Library,2025-03-01/P1M,100844,,,
E10000031,Shared building,2024-04-01/P1M,5019,,,
E10000031,Shared building,2024-05-01/P1M,4599,,,
E10000031,Shared building,2024-06-01/P1M,4189,,,
E10000031,Shared building,2024-07-01/P1M,4607,,,
E10000031,Shared building,2024-08-01/P1M,3793,,,
E10000031,Shared building,2024-09-01/P1M,4953,,,
E10000031,Shared building,2024-10-01/P1M,5071,,,
E10000031,Shared building,2024-11-01/P1M,5268,,,
E10000031,Shared building,2024-12-01/P1M,3969,,,
E10000031,Shared building,2025-01-01/P1M,5243,,,
E10000031,Shared building,2025-02-01/P1M,4491,,,
E10000031,Shared building,2025-03-01/P1M,4223,,,
E10000031,Mobile library,2024-04-01/P1M,1247,,,
E10000031,Mobile library,2024-05-01/P1M,1285,,,
E10000031,Mobile library,2024-06-01/P1M,1460,,,
E10000031,Mobile library,2024-07-01/P1M,1066,,,
E10000031,Mobile library,2024-08-01/P1M,1095,,,
E10000031,Mobile library,2024-09-01/P1M,1162,,,
E10000031,Mobile library,2024-10-01/P1M,1177,,,
E10000031,Mobile library,2024-11-01/P1M,1152,,,
E10000031,Mobile library,2024-12-01/P1M,822,,,
E10000031,Mobile library,2025-01-01/P1M,949,,,
E10000031,Mobile library,2025-02-01/P1M,913,,,
E10000031,Mobile library,2025-03-01/P1M,939,,,
E10000031,Home delivery,2024-04-01/P1M,316,,,
E10000031,Home delivery,2024-05-01/P1M,315,,,
E10000031,Home delivery,2024-06-01/P1M,316,,,
E10000031,Home delivery,2024-07-01/P1M,315,,,
E10000031,Home delivery,2024-08-01/P1M,322,,,
E10000031,Home delivery,2024-09-01/P1M,319,,,
E10000031,Home delivery,2024-10-01/P1M,321,,,
E10000031,Home delivery,2024-11-01/P1M,319,,,
E10000031,Home delivery,2024-12-01/P1M,317,,,
E10000031,Home delivery,2025-01-01/P1M,317,,,
E10000031,Home delivery,2025-02-01/P1M,321,,,
E10000031,Home delivery,2025-03-01/P1M,319,,,
E06000037,Library,2024-04-01/P1M,26680,,,
E06000037,Library,2024-05-01/P1M,25551,,,
E06000037,Library,2024-06-01/P1M,23083,,,
E06000037,Library,2024-07-01/P1M,28757,,,
E06000037,Library,2024-08-01/P1M,30982,,,
E06000037,Library,2024-09-01/P1M,27000,,,
E06000037,Library,2024-10-01/P1M,26646,,,
E06000037,Library,2024-11-01/P1M,26862,,,
E06000037,Library,2024-12-01/P1M,20572,,,
E06000037,Library,2025-01-01/P1M,26607,,,
E06000037,Library,2025-02-01/P1M,26139,,,
E06000037,Library,2025-03-01/P1M,27783,,,
E06000037,Shared building,2024-04-01/P1M,639,,,
E06000037,Shared building,2024-05-01/P1M,530,,,
E06000037,Shared building,2024-06-01/P1M,565,,,
E06000037,Shared building,2024-07-01/P1M,636,,,
E06000037,Shared building,2024-08-01/P1M,242,,,
E06000037,Shared building,2024-09-01/P1M,368,,,
E06000037,Shared building,2024-10-01/P1M,356,,,
E06000037,Shared building,2024-11-01/P1M,409,,,
E06000037,Shared building,2024-12-01/P1M,298,,,
E06000037,Shared building,2025-01-01/P1M,274,,,
E06000037,Shared building,2025-02-01/P1M,240,,,
E06000037,Shared building,2025-03-01/P1M,288,,,
E06000037,Mobile library,2024-04-01/P1M,1650,,,
E06000037,Mobile library,2024-05-01/P1M,1371,,,
E06000037,Mobile library,2024-06-01/P1M,1368,,,
E06000037,Mobile library,2024-07-01/P1M,1953,,,
E06000037,Mobile library,2024-08-01/P1M,964,,,
E06000037,Mobile library,2024-09-01/P1M,1260,,,
E06000037,Mobile library,2024-10-01/P1M,905,,,
E06000037,Mobile library,2024-11-01/P1M,1265,,,
E06000037,Mobile library,2024-12-01/P1M,979,,,
E06000037,Mobile library,2025-01-01/P1M,1093,,,
E06000037,Mobile library,2025-02-01/P1M,659,,,
E06000037,Mobile library,2025-03-01/P1M,573,,,
E06000037,Home delivery,2024-04-01/P1M,431,,,
E06000037,Home delivery,2024-05-01/P1M,371,,,
E06000037,Home delivery,2024-06-01/P1M,383,,,
E06000037,Home delivery,2024-07-01/P1M,773,,,
E06000037,Home delivery,2024-08-01/P1M,52,,,
E06000037,Home delivery,2024-09-01/P1M,187,,,
E06000037,Home delivery,2024-10-01/P1M,487,,,
E06000037,Home delivery,2024-11-01/P1M,356,,,
E06000037,Home delivery,2024-12-01/P1M,404,,,
E06000037,Home delivery,2025-01-01/P1M,426,,,
E06000037,Home delivery,2025-02-01/P1M,434,,,
E06000037,Home delivery,2025-03-01/P1M,488,,,
E06000062,Library,2024-04-01/P1M,66479,,,
E06000062,Library,2024-05-01/P1M,64373,,,
E06000062,Library,2024-06-01/P1M,54102,,,
E06000062,Library,2024-07-01/P1M,61820,,,
E06000062,Library,2024-08-01/P1M,54474,,,
E06000062,Library,2024-09-01/P1M,58420,,,
E06000062,Library,2024-10-01/P1M,61292,,,
E06000062,Library,2024-11-01/P1M,41841,,,
E06000062,Library,2024-12-01/P1M,36040,,,
E06000062,Library,2025-01-01/P1M,41230,,,
E06000062,Library,2025-02-01/P1M,40225,,,
E06000062,Library,2025-03-01/P1M,43792,,,
E06000062,Shared building,2024-04-01/P1M,49129,,,
E06000062,Shared building,2024-05-01/P1M,46819,,,
E06000062,Shared building,2024-06-01/P1M,41436,,,
E06000062,Shared building,2024-07-01/P1M,47968,,,
E06000062,Shared building,2024-08-01/P1M,51892,,,
E06000062,Shared building,2024-09-01/P1M,46919,,,
E06000062,Shared building,2024-10-01/P1M,42386,,,
E06000062,Shared building,2024-11-01/P1M,49698,,,
E06000062,Shared building,2024-12-01/P1M,39589,,,
E06000062,Shared building,2025-01-01/P1M,45344,,,
E06000062,Shared building,2025-02-01/P1M,44755,,,
E06000062,Shared building,2025-03-01/P1M,46471,,,
E06000062,Mobile library,2024-04-01/P1Y,0,,,
E06000062,Home delivery,2024-04-01/P1M,100,,,
E06000062,Home delivery,2024-05-01/P1M,100,,,
E06000062,Home delivery,2024-06-01/P1M,100,,,
E06000062,Home delivery,2024-07-01/P1M,100,,,
E06000062,Home delivery,2024-08-01/P1M,100,,,
E06000062,Home delivery,2024-09-01/P1M,100,,,
E06000062,Home delivery,2024-10-01/P1M,100,,,
E06000062,Home delivery,2024-11-01/P1M,100,,,
E06000062,Home delivery,2024-12-01/P1M,100,,,
E06000062,Home delivery,2025-01-01/P1M,100,,,
E06000062,Home delivery,2025-02-01/P1M,100,,,
E06000062,Home delivery,2025-03-01/P1M,100,,,
E10000032,Library,2024-04-01/P1M,177001,,,
E10000032,Library,2024-05-01/P1M,173605,,,
E10000032,Library,2024-06-01/P1M,160213,,,
E10000032,Library,2024-07-01/P1M,193585,,,
E10000032,Library,2024-08-01/P1M,198927,,,
E10000032,Library,2024-09-01/P1M,171648,,,
E10000032,Library,2024-10-01/P1M,186811,,,
E10000032,Library,2024-11-01/P1M,173066,,,
E10000032,Library,2024-12-01/P1M,142517,,,
E10000032,Library,2025-01-01/P1M,170075,,,
E10000032,Library,2025-02-01/P1M,162623,,,
E10000032,Library,2025-03-01/P1M,175916,,,
E10000032,Shared building,2024-04-01/P1M,12392,,,
E10000032,Shared building,2024-05-01/P1M,12069,,,
E10000032,Shared building,2024-06-01/P1M,11564,,,
E10000032,Shared building,2024-07-01/P1M,13595,,,
E10000032,Shared building,2024-08-01/P1M,12794,,,
E10000032,Shared building,2024-09-01/P1M,11763,,,
E10000032,Shared building,2024-10-01/P1M,12833,,,
E10000032,Shared building,2024-11-01/P1M,12328,,,
E10000032,Shared building,2024-12-01/P1M,9133,,,
E10000032,Shared building,2025-01-01/P1M,11913,,,
E10000032,Shared building,2025-02-01/P1M,11779,,,
E10000032,Shared building,2025-03-01/P1M,12650,,,
E10000032,Mobile library,2024-04-01/P1Y,0,,,
E10000032,Home delivery,2024-04-01/P1Y,0,,,
E06000064,Library,2024-04-01/P1M,36591,,,
E06000064,Library,2024-05-01/P1M,33809,,,
E06000064,Library,2024-06-01/P1M,34638,,,
E06000064,Library,2024-07-01/P1M,34949,,,
E06000064,Library,2024-08-01/P1M,35662,,,
E06000064,Library,2024-09-01/P1M,34983,,,
E06000064,Library,2024-10-01/P1M,37453,,,
E06000064,Library,2024-11-01/P1M,36385,,,
E06000064,Library,2024-12-01/P1M,27937,,,
E06000064,Library,2025-01-01/P1M,33032,,,
E06000064,Library,2025-02-01/P1M,29717,,,
E06000064,Library,2025-03-01/P1M,35391,,,
E06000064,Shared building,2024-04-01/P1Y,0,,,
E06000064,Mobile library,2024-04-01/P1Y,0,,,
E06000064,Home delivery,2024-04-01/P1M,69,,,
E06000064,Home delivery,2024-05-01/P1M,69,,,
E06000064,Home delivery,2024-06-01/P1M,68,,,
E06000064,Home delivery,2024-07-01/P1M,79,,,
E06000064,Home delivery,2024-08-01/P1M,68,,,
E06000064,Home delivery,2024-09-01/P1M,66,,,
E06000064,Home delivery,2024-10-01/P1M,66,,,
E06000064,Home delivery,2024-11-01/P1M,67,,,
E06000064,Home delivery,2024-12-01/P1M,67,,,
E06000064,Home delivery,2025-01-01/P1M,68,,,
E06000064,Home delivery,2025-02-01/P1M,67,,,
E06000064,Home delivery,2025-03-01/P1M,66,,,
E08000010,Library,2024-04-01/P1M,19092,,,
E08000010,Library,2024-05-01/P1M,19473,,,
E08000010,Library,2024-06-01/P1M,18126,,,
E08000010,Library,2024-07-01/P1M,18425,,,
E08000010,Library,2024-08-01/P1M,18761,,,
E08000010,Library,2024-09-01/P1M,16372,,,
E08000010,Library,2024-10-01/P1M,17917,,,
E08000010,Library,2024-11-01/P1M,18580,,,
E08000010,Library,2024-12-01/P1M,12131,,,
E08000010,Library,2025-01-01/P1M,14882,,,
E08000010,Library,2025-02-01/P1M,16212,,,
E08000010,Library,2025-03-01/P1M,15292,,,
E08000010,Shared building,2024-04-01/P1M,19839,,,
E08000010,Shared building,2024-05-01/P1M,20285,,,
E08000010,Shared building,2024-06-01/P1M,18685,,,
E08000010,Shared building,2024-07-01/P1M,17784,,,
E08000010,Shared building,2024-08-01/P1M,15769,,,
E08000010,Shared building,2024-09-01/P1M,15769,,,
E08000010,Shared building,2024-10-01/P1M,18010,,,
E08000010,Shared building,2024-11-01/P1M,20361,,,
E08000010,Shared building,2024-12-01/P1M,21520,,,
E08000010,Shared building,2025-01-01/P1M,13604,,,
E08000010,Shared building,2025-02-01/P1M,20539,,,
E08000010,Shared building,2025-03-01/P1M,16010,,,
E08000010,Mobile library,2024-04-01/P1Y,0,,,
E08000010,Home delivery,2024-04-01/P1Y,0,,,
E06000054,Library,2024-04-01/P1M,43978,,,
E06000054,Library,2024-05-01/P1M,40302,,,
E06000054,Library,2024-06-01/P1M,38442,,,
E06000054,Library,2024-07-01/P1M,41273,,,
E06000054,Library,2024-08-01/P1M,49159,,,
E06000054,Library,2024-09-01/P1M,41509,,,
E06000054,Library,2024-10-01/P1M,45984,,,
E06000054,Library,2024-11-01/P1M,42901,,,
E06000054,Library,2024-12-01/P1M,32978,,,
E06000054,Library,2025-01-01/P1M,43240,,,
E06000054,Library,2025-02-01/P1M,42257,,,
E06000054,Library,2025-03-01/P1M,44127,,,
E06000054,Shared building,2024-04-01/P1M,74104,,,
E06000054,Shared building,2024-05-01/P1M,69026,,,
E06000054,Shared building,2024-06-01/P1M,60733,,,
E06000054,Shared building,2024-07-01/P1M,76263,,,
E06000054,Shared building,2024-08-01/P1M,80836,,,
E06000054,Shared building,2024-09-01/P1M,69430,,,
E06000054,Shared building,2024-10-01/P1M,76462,,,
E06000054,Shared building,2024-11-01/P1M,73851,,,
E06000054,Shared building,2024-12-01/P1M,58702,,,
E06000054,Shared building,2025-01-01/P1M,72988,,,
E06000054,Shared building,2025-02-01/P1M,72722,,,
E06000054,Shared building,2025-03-01/P1M,75131,,,
E06000054,Mobile library,2024-04-01/P1M,1657,,,
E06000054,Mobile library,2024-05-01/P1M,1959,,,
E06000054,Mobile library,2024-06-01/P1M,1598,,,
E06000054,Mobile library,2024-07-01/P1M,1609,,,
E06000054,Mobile library,2024-08-01/P1M,1113,,,
E06000054,Mobile library,2024-09-01/P1M,1632,,,
E06000054,Mobile library,2024-10-01/P1M,1656,,,
E06000054,Mobile library,2024-11-01/P1M,1982,,,
E06000054,Mobile library,2024-12-01/P1M,1061,,,
E06000054,Mobile library,2025-01-01/P1M,1757,,,
E06000054,Mobile library,2025-02-01/P1M,1626,,,
E06000054,Mobile library,2025-03-01/P1M,1950,,,
E06000054,Home delivery,2024-04-01/P1M,143,,,
E06000054,Home delivery,2024-05-01/P1M,144,,,
E06000054,Home delivery,2024-06-01/P1M,145,,,
E06000054,Home delivery,2024-07-01/P1M,144,,,
E06000054,Home delivery,2024-08-01/P1M,147,,,
E06000054,Home delivery,2024-09-01/P1M,146,,,
E06000054,Home delivery,2024-10-01/P1M,153,,,
E06000054,Home delivery,2024-11-01/P1M,152,,,
E06000054,Home delivery,2024-12-01/P1M,152,,,
E06000054,Home delivery,2025-01-01/P1M,155,,,
E06000054,Home delivery,2025-02-01/P1M,150,,,
E06000054,Home delivery,2025-03-01/P1M,156,,,
E06000040,Library,2024-04-01/P1M,42098,,,
E06000040,Library,2024-05-01/P1M,40902,,,
E06000040,Library,2024-06-01/P1M,32961,,,
E06000040,Library,2024-07-01/P1M,40135,,,
E06000040,Library,2024-08-01/P1M,40296,,,
E06000040,Library,2024-09-01/P1M,39754,,,
E06000040,Library,2024-10-01/P1M,41386,,,
E06000040,Library,2024-11-01/P1M,39283,,,
E06000040,Library,2024-12-01/P1M,31721,,,
E06000040,Library,2025-01-01/P1M,39437,,,
E06000040,Library,2025-02-01/P1M,38881,,,
E06000040,Library,2025-03-01/P1M,42115,,,
E06000040,Shared building,2024-04-01/P1Y,0,,,
E06000040,Mobile library,2024-04-01/P1Y,0,,,
E06000040,Home delivery,2024-04-01/P1M,230,,,
E06000040,Home delivery,2024-05-01/P1M,230,,,
E06000040,Home delivery,2024-06-01/P1M,188,,,
E06000040,Home delivery,2024-07-01/P1M,197,,,
E06000040,Home delivery,2024-08-01/P1M,225,,,
E06000040,Home delivery,2024-09-01/P1M,196,,,
E06000040,Home delivery,2024-10-01/P1M,209,,,
E06000040,Home delivery,2024-11-01/P1M,208,,,
E06000040,Home delivery,2024-12-01/P1M,143,,,
E06000040,Home delivery,2025-01-01/P1M,200,,,
E06000040,Home delivery,2025-02-01/P1M,180,,,
E06000040,Home delivery,2025-03-01/P1M,191,,,
E08000015,Library,2024-04-01/P1M,28015,,,
E08000015,Library,2024-05-01/P1M,26702,,,
E08000015,Library,2024-06-01/P1M,35509,,,
E08000015,Library,2024-07-01/P1M,28129,,,
E08000015,Library,2024-08-01/P1M,27241,,,
E08000015,Library,2024-09-01/P1M,25140,,,
E08000015,Library,2024-10-01/P1M,27658,,,
E08000015,Library,2024-11-01/P1M,28471,,,
E08000015,Library,2024-12-01/P1M,19476,,,
E08000015,Library,2025-01-01/P1M,21723,,,
E08000015,Library,2025-02-01/P1M,23399,,,
E08000015,Library,2025-03-01/P1M,25794,,,
E08000015,Shared building,2024-04-01/P1M,11885,,,
E08000015,Shared building,2024-05-01/P1M,13374,,,
E08000015,Shared building,2024-06-01/P1M,13982,,,
E08000015,Shared building,2024-07-01/P1M,14245,,,
E08000015,Shared building,2024-08-01/P1M,14690,,,
E08000015,Shared building,2024-09-01/P1M,13045,,,
E08000015,Shared building,2024-10-01/P1M,13883,,,
E08000015,Shared building,2024-11-01/P1M,13178,,,
E08000015,Shared building,2024-12-01/P1M,8948,,,
E08000015,Shared building,2025-01-01/P1M,11311,,,
E08000015,Shared building,2025-02-01/P1M,10997,,,
E08000015,Shared building,2025-03-01/P1M,11538,,,
E08000015,Mobile library,2024-04-01/P1Y,0,,,
E08000015,Home delivery,2024-04-01/P1M,341,,,
E08000015,Home delivery,2024-05-01/P1M,306,,,
E08000015,Home delivery,2024-06-01/P1M,328,,,
E08000015,Home delivery,2024-07-01/P1M,314,,,
E08000015,Home delivery,2024-08-01/P1M,234,,,
E08000015,Home delivery,2024-09-01/P1M,346,,,
E08000015,Home delivery,2024-10-01/P1M,287,,,
E08000015,Home delivery,2024-11-01/P1M,365,,,
E08000015,Home delivery,2024-12-01/P1M,223,,,
E08000015,Home delivery,2025-01-01/P1M,346,,,
E08000015,Home delivery,2025-02-01/P1M,320,,,
E08000015,Home delivery,2025-03-01/P1M,358,,,
E08000031,Library,2024-04-01/P1M,33196,,,
E08000031,Library,2024-05-01/P1M,33196,,,
E08000031,Library,2024-06-01/P1M,33196,,,
E08000031,Library,2024-07-01/P1M,33196,,,
E08000031,Library,2024-08-01/P1M,33196,,,
E08000031,Library,2024-09-01/P1M,33196,,,
E08000031,Library,2024-10-01/P1M,33196,,,
E08000031,Library,2024-11-01/P1M,33196,,,
E08000031,Library,2024-12-01/P1M,33196,,,
E08000031,Library,2025-01-01/P1M,33196,,,
E08000031,Library,2025-02-01/P1M,33196,,,
E08000031,Library,2025-03-01/P1M,33194,,,
E08000031,Shared building,2024-04-01/P1Y,0,,,
E08000031,Mobile library,2024-04-01/P1Y,0,,,
E08000031,Home delivery,2024-04-01/P1M,1154,,,
E08000031,Home delivery,2024-05-01/P1M,1154,,,
E08000031,Home delivery,2024-06-01/P1M,1154,,,
E08000031,Home delivery,2024-07-01/P1M,1154,,,
E08000031,Home delivery,2024-08-01/P1M,1154,,,
E08000031,Home delivery,2024-09-01/P1M,1154,,,
E08000031,Home delivery,2024-10-01/P1M,1154,,,
E08000031,Home delivery,2024-11-01/P1M,1154,,,
E08000031,Home delivery,2024-12-01/P1M,1154,,,
E08000031,Home delivery,2025-01-01/P1M,1154,,,
E08000031,Home delivery,2025-02-01/P1M,1154,,,
E08000031,Home delivery,2025-03-01/P1M,1153,,,
E10000034,Library,2024-04-01/P1Y,0,,,
E10000034,Shared building,2024-04-01/P1M,153926,,,
E10000034,Shared building,2024-05-01/P1M,147860,,,
E10000034,Shared building,2024-06-01/P1M,139904,,,
E10000034,Shared building,2024-07-01/P1M,154132,,,
E10000034,Shared building,2024-08-01/P1M,154771,,,
E10000034,Shared building,2024-09-01/P1M,151328,,,
E10000034,Shared building,2024-10-01/P1M,165289,,,
E10000034,Shared building,2024-11-01/P1M,152605,,,
E10000034,Shared building,2024-12-01/P1M,122898,,,
E10000034,Shared building,2025-01-01/P1M,152561,,,
E10000034,Shared building,2025-02-01/P1M,144787,,,
E10000034,Shared building,2025-03-01/P1M,155615,,,
E10000034,Mobile library,2024-04-01/P1Y,5508,,,
E10000034,Home delivery,2024-04-01/P1Y,2012,,,
E06000014,Library,2024-04-01/P1M,74614,,,
E06000014,Library,2024-05-01/P1M,76222,,,
E06000014,Library,2024-06-01/P1M,72186,,,
E06000014,Library,2024-07-01/P1M,77402,,,
E06000014,Library,2024-08-01/P1M,74992,,,
E06000014,Library,2024-09-01/P1M,72369,,,
E06000014,Library,2024-10-01/P1M,84126,,,
E06000014,Library,2024-11-01/P1M,74538,,,
E06000014,Library,2024-12-01/P1M,58103,,,
E06000014,Library,2025-01-01/P1M,77364,,,
E06000014,Library,2025-02-01/P1M,74744,,,
E06000014,Library,2025-03-01/P1M,78555,,,
E06000014,Shared building,2024-04-01/P1Y,0,,,
E06000014,Mobile library,2024-04-01/P1Y,0,,,
E06000014,Home delivery,2024-04-01/P1Y,0,,,
E09000003,Library,2025-04-01/P1M,17537,,,
E09000003,Library,2025-05-01/P1M,19072,,,
E09000003,Library,2025-06-01/P1M,13944,,,
E09000003,Library,2025-07-01/P1M,15406,,,
E09000003,Library,2025-08-01/P1M,14519,,,
E09000003,Library,2025-09-01/P1M,12833,,,
E09000003,Library,2025-10-01/P1M,15033,,,
E09000003,Library,2025-11-01/P1M,15537,,,
E09000003,Library,2025-12-01/P1M,11531,,,
E09000003,Library,2026-01-01/P1M,17281,,,
E09000003,Library,2026-02-01/P1M,16550,,,
E09000003,Library,2026-03-01/P1M,17559,,,
E09000003,Shared building,2025-04-01/P1M,70357,,,
E09000003,Shared building,2025-05-01/P1M,77693,,,
E09000003,Shared building,2025-06-01/P1M,63863,,,
E09000003,Shared building,2025-07-01/P1M,57328,,,
E09000003,Shared building,2025-08-01/P1M,52742,,,
E09000003,Shared building,2025-09-01/P1M,65092,,,
E09000003,Shared building,2025-10-01/P1M,68458,,,
E09000003,Shared building,2025-11-01/P1M,63124,,,
E09000003,Shared building,2025-12-01/P1M,45231,,,
E09000003,Shared building,2026-01-01/P1M,54540,,,
E09000003,Shared building,2026-02-01/P1M,62688,,,
E09000003,Shared building,2026-03-01/P1M,67565,,,
E09000003,Mobile library,2025-04-01/P1M,777,,,
E09000003,Mobile library,2025-05-01/P1M,659,,,
E09000003,Mobile library,2025-06-01/P1M,662,,,
E09000003,Mobile library,2025-07-01/P1M,503,,,
E09000003,Mobile library,2025-08-01/P1M,0,,,
E09000003,Mobile library,2025-09-01/P1M,0,,,
E09000003,Mobile library,2025-10-01/P1M,0,,,
E09000003,Mobile library,2025-11-01/P1M,0,,,
E09000003,Mobile library,2025-12-01/P1M,0,,,
E09000003,Mobile library,2026-01-01/P1M,0,,,
E09000003,Mobile library,2026-02-01/P1M,0,,,
E09000003,Mobile library,2026-03-01/P1M,0,,,
E09000003,Home delivery,2025-04-01/P1M,410,,,
E09000003,Home delivery,2025-05-01/P1M,425,,,
E09000003,Home delivery,2025-06-01/P1M,369,,,
E09000003,Home delivery,2025-07-01/P1M,416,,,
E09000003,Home delivery,2025-08-01/P1M,388,,,
E09000003,Home delivery,2025-09-01/P1M,157,,,
E09000003,Home delivery,2025-10-01/P1M,172,,,
E09000003,Home delivery,2025-11-01/P1M,151,,,
E09000003,Home delivery,2025-12-01/P1M,136,,,
E09000003,Home delivery,2026-01-01/P1M,168,,,
E09000003,Home delivery,2026-02-01/P1M,154,,,
E09000003,Home delivery,2026-03-01/P1M,155,,,
E08000016,Library,2025-04-01/P1M,25637,,,
E08000016,Library,2025-05-01/P1M,25897,,,
E08000016,Library,2025-06-01/P1M,25234,,,
E08000016,Library,2025-07-01/P1M,27699,,,
E08000016,Library,2025-08-01/P1M,27970,,,
E08000016,Library,2025-09-01/P1M,29928,,,
E08000016,Library,2025-10-01/P1M,31344,,,
E08000016,Library,2025-11-01/P1M,28903,,,
E08000016,Library,2025-12-01/P1M,24430,,,
E08000016,Library,2026-01-01/P1M,28676,,,
E08000016,Library,2026-02-01/P1M,28253,,,
E08000016,Library,2026-03-01/P1M,30968,,,
E08000016,Shared building,2025-04-01/P1M,22730,,,
E08000016,Shared building,2025-05-01/P1M,22862,,,
E08000016,Shared building,2025-06-01/P1M,24453,,,
E08000016,Shared building,2025-07-01/P1M,26461,,,
E08000016,Shared building,2025-08-01/P1M,22395,,,
E08000016,Shared building,2025-09-01/P1M,24020,,,
E08000016,Shared building,2025-10-01/P1M,25177,,,
E08000016,Shared building,2025-11-01/P1M,22532,,,
E08000016,Shared building,2025-12-01/P1M,20897,,,
E08000016,Shared building,2026-01-01/P1M,24932,,,
E08000016,Shared building,2026-02-01/P1M,24970,,,
E08000016,Shared building,2026-03-01/P1M,27740,,,
E08000016,Mobile library,2025-04-01/P1Y,0,,,
E08000016,Home delivery,2025-04-01/P1M,178,,,
E08000016,Home delivery,2025-05-01/P1M,173,,,
E08000016,Home delivery,2025-06-01/P1M,191,,,
E08000016,Home delivery,2025-07-01/P1M,161,,,
E08000016,Home delivery,2025-08-01/P1M,157,,,
E08000016,Home delivery,2025-09-01/P1M,176,,,
E08000016,Home delivery,2025-10-01/P1M,166,,,
E08000016,Home delivery,2025-11-01/P1M,155,,,
E08000016,Home delivery,2025-12-01/P1M,123,,,
E08000016,Home delivery,2026-01-01/P1M,150,,,
E08000016,Home delivery,2026-02-01/P1M,156,,,
E08000016,Home delivery,2026-03-01/P1M,169,,,
E09000004,Library,2025-04-01/P3M,150431,,,
E09000004,Library,2025-07-01/P3M,144685,,,
E09000004,Library,2025-10-01/P3M,142885,,,
E09000004,Library,2026-01-01/P3M,152555,,,
E09000004,Shared building,2025-04-01/P1Y,0,,,
E09000004,Mobile library,2025-04-01/P1Y,0,,,
E09000004,Home delivery,2025-04-01/P1Y,0,,,
E06000008,Library,2025-04-01/P3M,51238,,,
E06000008,Library,2025-07-01/P3M,50709,,,
E06000008,Library,2025-10-01/P3M,52450,,,
E06000008,Library,2026-01-01/P3M,51731,,,
E06000008,Shared building,2025-04-01/P3M,1775,,,
E06000008,Shared building,2025-07-01/P3M,1725,,,
E06000008,Shared building,2025-10-01/P3M,1638,,,
E06000008,Shared building,2026-01-01/P3M,1712,,,
E06000008,Mobile library,2025-04-01/P1Y,0,,,
E06000008,Home delivery,2025-04-01/P1M,245,,,
E06000008,Home delivery,2025-05-01/P1M,248,,,
E06000008,Home delivery,2025-06-01/P1M,248,,,
E06000008,Home delivery,2025-07-01/P1M,241,,,
E06000008,Home delivery,2025-08-01/P1M,247,,,
E06000008,Home delivery,2025-09-01/P1M,328,,,
E06000008,Home delivery,2025-10-01/P1M,298,,,
E06000008,Home delivery,2025-11-01/P1M,248,,,
E06000008,Home delivery,2025-12-01/P1M,198,,,
E06000008,Home delivery,2026-01-01/P1M,135,,,
E06000008,Home delivery,2026-02-01/P1M,170,,,
E06000008,Home delivery,2026-03-01/P1M,225,,,
E06000009,Library,2025-04-01/P1M,12307,,,
E06000009,Library,2025-05-01/P1M,13531,,,
E06000009,Library,2025-06-01/P1M,12863,,,
E06000009,Library,2025-07-01/P1M,13846,,,
E06000009,Library,2025-08-01/P1M,13819,,,
E06000009,Library,2025-09-01/P1M,13482,,,
E06000009,Library,2025-10-01/P1M,14132,,,
E06000009,Library,2025-11-01/P1M,12719,,,
E06000009,Library,2025-12-01/P1M,10420,,,
E06000009,Library,2026-01-01/P1M,13767,,,
E06000009,Library,2026-02-01/P1M,13606,,,
E06000009,Library,2026-03-01/P1M,13901,,,
E06000009,Shared building,2025-04-01/P1M,15831,,,
E06000009,Shared building,2025-05-01/P1M,16458,,,
E06000009,Shared building,2025-06-01/P1M,16256,,,
E06000009,Shared building,2025-07-01/P1M,17679,,,
E06000009,Shared building,2025-08-01/P1M,14176,,,
E06000009,Shared building,2025-09-01/P1M,17194,,,
E06000009,Shared building,2025-10-01/P1M,18446,,,
E06000009,Shared building,2025-11-01/P1M,18841,,,
E06000009,Shared building,2025-12-01/P1M,15459,,,
E06000009,Shared building,2026-01-01/P1M,19424,,,
E06000009,Shared building,2026-02-01/P1M,18182,,,
E06000009,Shared building,2026-03-01/P1M,20113,,,
E06000009,Mobile library,2025-04-01/P1Y,0,,,
E06000009,Home delivery,2025-04-01/P1M,20,,,
E06000009,Home delivery,2025-05-01/P1M,20,,,
E06000009,Home delivery,2025-06-01/P1M,20,,,
E06000009,Home delivery,2025-07-01/P1M,38,,,
E06000009,Home delivery,2025-08-01/P1M,43,,,
E06000009,Home delivery,2025-09-01/P1M,38,,,
E06000009,Home delivery,2025-10-01/P1M,45,,,
E06000009,Home delivery,2025-11-01/P1M,40,,,
E06000009,Home delivery,2025-12-01/P1M,29,,,
E06000009,Home delivery,2026-01-01/P1M,30,,,
E06000009,Home delivery,2026-02-01/P1M,42,,,
E06000009,Home delivery,2026-03-01/P1M,49,,,
E08000001,Library,2025-04-01/P1M,63038,,,
E08000001,Library,2025-05-01/P1M,67821,,,
E08000001,Library,2025-06-01/P1M,63748,,,
E08000001,Library,2025-07-01/P1M,73177,,,
E08000001,Library,2025-08-01/P1M,71482,,,
E08000001,Library,2025-09-01/P1M,65557,,,
E08000001,Library,2025-10-01/P1M,71780,,,
E08000001,Library,2025-11-01/P1M,80103,,,
E08000001,Library,2025-12-01/P1M,59659,,,
E08000001,Library,2026-01-01/P1M,66164,,,
E08000001,Library,2026-02-01/P1M,67235,,,
E08000001,Library,2026-03-01/P1M,69258,,,
E08000001,Shared building,2025-04-01/P1Y,0,,,
E08000001,Mobile library,2025-04-01/P1Y,0,,,
E08000001,Home delivery,2025-04-01/P1M,180,,,
E08000001,Home delivery,2025-05-01/P1M,180,,,
E08000001,Home delivery,2025-06-01/P1M,180,,,
E08000001,Home delivery,2025-07-01/P1M,180,,,
E08000001,Home delivery,2025-08-01/P1M,180,,,
E08000001,Home delivery,2025-09-01/P1M,180,,,
E08000001,Home delivery,2025-10-01/P1M,180,,,
E08000001,Home delivery,2025-11-01/P1M,180,,,
E08000001,Home delivery,2025-12-01/P1M,180,,,
E08000001,Home delivery,2026-01-01/P1M,180,,,
E08000001,Home delivery,2026-02-01/P1M,180,,,
E08000001,Home delivery,2026-03-01/P1M,180,,,
E06000058,Library,2025-04-01/P1M,65088,,,
E06000058,Library,2025-05-01/P1M,67515,,,
E06000058,Library,2025-06-01/P1M,63832,,,
E06000058,Library,2025-07-01/P1M,74346,,,
E06000058,Library,2025-08-01/P1M,72041,,,
E06000058,Library,2025-09-01/P1M,72338,,,
E06000058,Library,2025-10-01/P1M,71723,,,
E06000058,Library,2025-11-01/P1M,62579,,,
E06000058,Library,2025-12-01/P1M,54917,,,
E06000058,Library,2026-01-01/P1M,63013,,,
E06000058,Library,2026-02-01/P1M,59912,,,
E06000058,Library,2026-03-01/P1M,68263,,,
E06000058,Shared building,2025-04-01/P1M,24836,,,
E06000058,Shared building,2025-05-01/P1M,20512,,,
E06000058,Shared building,2025-06-01/P1M,21072,,,
E06000058,Shared building,2025-07-01/P1M,21864,,,
E06000058,Shared building,2025-08-01/P1M,21132,,,
E06000058,Shared building,2025-09-01/P1M,22427,,,
E06000058,Shared building,2025-10-01/P1M,22288,,,
E06000058,Shared building,2025-11-01/P1M,21335,,,
E06000058,Shared building,2025-12-01/P1M,18571,,,
E06000058,Shared building,2026-01-01/P1M,20824,,,
E06000058,Shared building,2026-02-01/P1M,21592,,,
E06000058,Shared building,2026-03-01/P1M,21679,,,
E06000058,Mobile library,2025-04-01/P1Y,0,,,
E06000058,Home delivery,2025-04-01/P1M,397,,,
E06000058,Home delivery,2025-05-01/P1M,402,,,
E06000058,Home delivery,2025-06-01/P1M,395,,,
E06000058,Home delivery,2025-07-01/P1M,393,,,
E06000058,Home delivery,2025-08-01/P1M,378,,,
E06000058,Home delivery,2025-09-01/P1M,385,,,
E06000058,Home delivery,2025-10-01/P1M,365,,,
E06000058,Home delivery,2025-11-01/P1M,379,,,
E06000058,Home delivery,2025-12-01/P1M,381,,,
E06000058,Home delivery,2026-01-01/P1M,365,,,
E06000058,Home delivery,2026-02-01/P1M,357,,,
E06000058,Home delivery,2026-03-01/P1M,347,,,
E08000032,Library,2025-04-01/P1M,31977,,,
E08000032,Library,2025-05-01/P1M,35236,,,
E08000032,Library,2025-06-01/P1M,33878,,,
E08000032,Library,2025-07-01/P1M,40250,,,
E08000032,Library,2025-08-01/P1M,35690,,,
E08000032,Library,2025-09-01/P1M,38845,,,
E08000032,Library,2025-10-01/P1M,38454,,,
E08000032,Library,2025-11-01/P1M,35050,,,
E08000032,Library,2025-12-01/P1M,29546,,,
E08000032,Library,2026-01-01/P1M,34108,,,
E08000032,Library,2026-02-01/P1M,33823,,,
E08000032,Library,2026-03-01/P1M,35579,,,
E08000032,Shared building,2025-04-01/P1M,23013,,,
E08000032,Shared building,2025-05-01/P1M,22852,,,
E08000032,Shared building,2025-06-01/P1M,24679,,,
E08000032,Shared building,2025-07-01/P1M,27369,,,
E08000032,Shared building,2025-08-01/P1M,27171,,,
E08000032,Shared building,2025-09-01/P1M,27987,,,
E08000032,Shared building,2025-10-01/P1M,30507,,,
E08000032,Shared building,2025-11-01/P1M,26807,,,
E08000032,Shared building,2025-12-01/P1M,25265,,,
E08000032,Shared building,2026-01-01/P1M,27147,,,
E08000032,Shared building,2026-02-01/P1M,26746,,,
E08000032,Shared building,2026-03-01/P1M,27258,,,
E08000032,Mobile library,2025-04-01/P1Y,0,,,
E08000032,Home delivery,2025-04-01/P1M,117,,,
E08000032,Home delivery,2025-05-01/P1M,100,,,
E08000032,Home delivery,2025-06-01/P1M,112,,,
E08000032,Home delivery,2025-07-01/P1M,100,,,
E08000032,Home delivery,2025-08-01/P1M,91,,,
E08000032,Home delivery,2025-09-01/P1M,105,,,
E08000032,Home delivery,2025-10-01/P1M,100,,,
E08000032,Home delivery,2025-11-01/P1M,93,,,
E08000032,Home delivery,2025-12-01/P1M,93,,,
E08000032,Home delivery,2026-01-01/P1M,96,,,
E08000032,Home delivery,2026-02-01/P1M,85,,,
E08000032,Home delivery,2026-03-01/P1M,96,,,
E09000005,Library,2025-04-01/P1M,25229,,,
E09000005,Library,2025-05-01/P1M,27256,,,
E09000005,Library,2025-06-01/P1M,23094,,,
E09000005,Library,2025-07-01/P1M,21971,,,
E09000005,Library,2025-08-01/P1M,20513,,,
E09000005,Library,2025-09-01/P1M,19441,,,
E09000005,Library,2025-10-01/P1M,23920,,,
E09000005,Library,2025-11-01/P1M,20945,,,
E09000005,Library,2025-12-01/P1M,16992,,,
E09000005,Library,2026-01-01/P1M,19809,,,
E09000005,Library,2026-02-01/P1M,30808,,,
E09000005,Library,2026-03-01/P1M,30560,,,
E09000005,Shared building,2025-04-01/P1M,86165,,,
E09000005,Shared building,2025-05-01/P1M,88386,,,
E09000005,Shared building,2025-06-01/P1M,63655,,,
E09000005,Shared building,2025-07-01/P1M,88072,,,
E09000005,Shared building,2025-08-01/P1M,66378,,,
E09000005,Shared building,2025-09-01/P1M,75741,,,
E09000005,Shared building,2025-10-01/P1M,87214,,,
E09000005,Shared building,2025-11-01/P1M,74736,,,
E09000005,Shared building,2025-12-01/P1M,70361,,,
E09000005,Shared building,2026-01-01/P1M,64095,,,
E09000005,Shared building,2026-02-01/P1M,78445,,,
E09000005,Shared building,2026-03-01/P1M,89734,,,
E09000005,Mobile library,2025-04-01/P1Y,0,,,
E09000005,Home delivery,2025-04-01/P1M,93,,,
E09000005,Home delivery,2025-05-01/P1M,93,,,
E09000005,Home delivery,2025-06-01/P1M,93,,,
E09000005,Home delivery,2025-07-01/P1M,93,,,
E09000005,Home delivery,2025-08-01/P1M,93,,,
E09000005,Home delivery,2025-09-01/P1M,93,,,
E09000005,Home delivery,2025-10-01/P1M,93,,,
E09000005,Home delivery,2025-11-01/P1M,93,,,
E09000005,Home delivery,2025-12-01/P1M,93,,,
E09000005,Home delivery,2026-01-01/P1M,93,,,
E09000005,Home delivery,2026-02-01/P1M,93,,,
E09000005,Home delivery,2026-03-01/P1M,93,,,
E06000043,Library,2025-04-01/P1M,89476,,,
E06000043,Library,2025-05-01/P1M,90313,,,
E06000043,Library,2025-06-01/P1M,79245,,,
E06000043,Library,2025-07-01/P1M,80615,,,
E06000043,Library,2025-08-01/P1M,75986,,,
E06000043,Library,2025-09-01/P1M,78797,,,
E06000043,Library,2025-10-01/P1M,90743,,,
E06000043,Library,2025-11-01/P1M,91920,,,
E06000043,Library,2025-12-01/P1M,68855,,,
E06000043,Library,2026-01-01/P1M,96599,,,
E06000043,Library,2026-02-01/P1M,91943,,,
E06000043,Library,2026-03-01/P1M,97068,,,
E06000043,Shared building,2025-04-01/P1M,11481,,,
E06000043,Shared building,2025-05-01/P1M,12451,,,
E06000043,Shared building,2025-06-01/P1M,12560,,,
E06000043,Shared building,2025-07-01/P1M,13486,,,
E06000043,Shared building,2025-08-01/P1M,13030,,,
E06000043,Shared building,2025-09-01/P1M,12993,,,
E06000043,Shared building,2025-10-01/P1M,13103,,,
E06000043,Shared building,2025-11-01/P1M,12901,,,
E06000043,Shared building,2025-12-01/P1M,9064,,,
E06000043,Shared building,2026-01-01/P1M,13407,,,
E06000043,Shared building,2026-02-01/P1M,12870,,,
E06000043,Shared building,2026-03-01/P1M,13298,,,
E06000043,Mobile library,2025-04-01/P1Y,0,,,
E06000043,Home delivery,2025-04-01/P1M,58,,,
E06000043,Home delivery,2025-05-01/P1M,49,,,
E06000043,Home delivery,2025-06-01/P1M,46,,,
E06000043,Home delivery,2025-07-01/P1M,55,,,
E06000043,Home delivery,2025-08-01/P1M,55,,,
E06000043,Home delivery,2025-09-01/P1M,54,,,
E06000043,Home delivery,2025-10-01/P1M,65,,,
E06000043,Home delivery,2025-11-01/P1M,56,,,
E06000043,Home delivery,2025-12-01/P1M,61,,,
E06000043,Home delivery,2026-01-01/P1M,55,,,
E06000043,Home delivery,2026-02-01/P1M,60,,,
E06000043,Home delivery,2026-03-01/P1M,55,,,
E06000023,Library,2025-04-01/P1M,79038,,,
E06000023,Library,2025-05-01/P1M,83562,,,
E06000023,Library,2025-06-01/P1M,73490,,,
E06000023,Library,2025-07-01/P1M,80831,,,
E06000023,Library,2025-08-01/P1M,81067,,,
E06000023,Library,2025-09-01/P1M,87080,,,
E06000023,Library,2025-10-01/P1M,93616,,,
E06000023,Library,2025-11-01/P1M,86197,,,
E06000023,Library,2025-12-01/P1M,72827,,,
E06000023,Library,2026-01-01/P1M,92959,,,
E06000023,Library,2026-02-01/P1M,80694,,,
E06000023,Library,2026-03-01/P1M,88343,,,
E06000023,Shared building,2025-04-01/P1M,5457,,,
E06000023,Shared building,2025-05-01/P1M,5891,,,
E06000023,Shared building,2025-06-01/P1M,5361,,,
E06000023,Shared building,2025-07-01/P1M,6206,,,
E06000023,Shared building,2025-08-01/P1M,5884,,,
E06000023,Shared building,2025-09-01/P1M,5896,,,
E06000023,Shared building,2025-10-01/P1M,6293,,,
E06000023,Shared building,2025-11-01/P1M,5442,,,
E06000023,Shared building,2025-12-01/P1M,4709,,,
E06000023,Shared building,2026-01-01/P1M,5890,,,
E06000023,Shared building,2026-02-01/P1M,5748,,,
E06000023,Shared building,2026-03-01/P1M,2771,,,
E06000023,Mobile library,2025-04-01/P1Y,0,,,
E06000023,Home delivery,2025-04-01/P1M,65,,,
E06000023,Home delivery,2025-05-01/P1M,65,,,
E06000023,Home delivery,2025-06-01/P1M,85,,,
E06000023,Home delivery,2025-07-01/P1M,80,,,
E06000023,Home delivery,2025-08-01/P1M,52,,,
E06000023,Home delivery,2025-09-01/P1M,0,,,
E06000023,Home delivery,2025-10-01/P1M,120,,,
E06000023,Home delivery,2025-11-01/P1M,109,,,
E06000023,Home delivery,2025-12-01/P1M,84,,,
E06000023,Home delivery,2026-01-01/P1M,136,,,
E06000023,Home delivery,2026-02-01/P1M,96,,,
E06000023,Home delivery,2026-03-01/P1M,92,,,
E06000060,Library,2025-04-01/P1M,84813,,,
E06000060,Library,2025-05-01/P1M,88285,,,
E06000060,Library,2025-06-01/P1M,69524,,,
E06000060,Library,2025-07-01/P1M,83977,,,
E06000060,Library,2025-08-01/P1M,80759,,,
E06000060,Library,2025-09-01/P1M,81039,,,
E06000060,Library,2025-10-01/P1M,86325,,,
E06000060,Library,2025-11-01/P1M,74383,,,
E06000060,Library,2025-12-01/P1M,66528,,,
E06000060,Library,2026-01-01/P1M,81520,,,
E06000060,Library,2026-02-01/P1M,81587,,,
E06000060,Library,2026-03-01/P1M,87168,,,
E06000060,Shared building,2025-04-01/P1Y,0,,,
E06000060,Mobile library,2025-04-01/P1Y,0,,,
E06000060,Home delivery,2025-04-01/P1Y,0,,,
E08000033,Library,2025-04-01/P1Y,441254,,,
E08000033,Shared building,2025-04-01/P1Y,75724,,,
E08000033,Mobile library,2025-04-01/P1Y,0,,,
E08000033,Home delivery,2025-04-01/P1Y,3250,,,
E09000007,Library,2025-04-01/P1M,71006,,,
E09000007,Library,2025-05-01/P1M,74947,,,
E09000007,Library,2025-06-01/P1M,75433,,,
E09000007,Library,2025-07-01/P1M,71651,,,
E09000007,Library,2025-08-01/P1M,68418,,,
E09000007,Library,2025-09-01/P1M,77641,,,
E09000007,Library,2025-10-01/P1M,79167,,,
E09000007,Library,2025-11-01/P1M,72811,,,
E09000007,Library,2025-12-01/P1M,72128,,,
E09000007,Library,2026-01-01/P1M,82625,,,
E09000007,Library,2026-02-01/P1M,87245,,,
E09000007,Library,2026-03-01/P1M,86151,,,
E09000007,Shared building,2025-04-01/P1Y,0,,,
E09000007,Mobile library,2025-04-01/P1Y,0,,,
E09000007,Home delivery,2025-04-01/P1M,281,,,
E09000007,Home delivery,2025-05-01/P1M,185,,,
E09000007,Home delivery,2025-06-01/P1M,296,,,
E09000007,Home delivery,2025-07-01/P1M,258,,,
E09000007,Home delivery,2025-08-01/P1M,277,,,
E09000007,Home delivery,2025-09-01/P1M,312,,,
E09000007,Home delivery,2025-10-01/P1M,210,,,
E09000007,Home delivery,2025-11-01/P1M,228,,,
E09000007,Home delivery,2025-12-01/P1M,196,,,
E09000007,Home delivery,2026-01-01/P1M,173,,,
E09000007,Home delivery,2026-02-01/P1M,337,,,
E09000007,Home delivery,2026-03-01/P1M,223,,,
E10000003,Library,2025-04-01/P1M,129070,,,
E10000003,Library,2025-05-01/P1M,131308,,,
E10000003,Library,2025-06-01/P1M,119647,,,
E10000003,Library,2025-07-01/P1M,140461,,,
E10000003,Library,2025-08-01/P1M,132928,,,
E10000003,Library,2025-09-01/P1M,130613,,,
E10000003,Library,2025-10-01/P1M,143320,,,
E10000003,Library,2025-11-01/P1M,128528,,,
E10000003,Library,2025-12-01/P1M,111301,,,
E10000003,Library,2026-01-01/P1M,137036,,,
E10000003,Library,2026-02-01/P1M,135657,,,
E10000003,Library,2026-03-01/P1M,150877,,,
E10000003,Shared building,2025-04-01/P1Y,0,,,
E10000003,Mobile library,2025-04-01/P1M,1631,,,
E10000003,Mobile library,2025-05-01/P1M,1681,,,
E10000003,Mobile library,2025-06-01/P1M,2045,,,
E10000003,Mobile library,2025-07-01/P1M,1622,,,
E10000003,Mobile library,2025-08-01/P1M,1415,,,
E10000003,Mobile library,2025-09-01/P1M,1769,,,
E10000003,Mobile library,2025-10-01/P1M,1734,,,
E10000003,Mobile library,2025-11-01/P1M,2249,,,
E10000003,Mobile library,2025-12-01/P1M,1344,,,
E10000003,Mobile library,2026-01-01/P1M,1605,,,
E10000003,Mobile library,2026-02-01/P1M,1433,,,
E10000003,Mobile library,2026-03-01/P1M,2055,,,
E10000003,Home delivery,2025-04-01/P1M,172,,,
E10000003,Home delivery,2025-05-01/P1M,172,,,
E10000003,Home delivery,2025-06-01/P1M,172,,,
E10000003,Home delivery,2025-07-01/P1M,172,,,
E10000003,Home delivery,2025-08-01/P1M,172,,,
E10000003,Home delivery,2025-09-01/P1M,172,,,
E10000003,Home delivery,2025-10-01/P1M,172,,,
E10000003,Home delivery,2025-11-01/P1M,172,,,
E10000003,Home delivery,2025-12-01/P1M,172,,,
E10000003,Home delivery,2026-01-01/P1M,172,,,
E10000003,Home delivery,2026-02-01/P1M,172,,,
E10000003,Home delivery,2026-03-01/P1M,172,,,
E06000056,Library,2025-04-01/P1M,80389,,,
E06000056,Library,2025-05-01/P1M,51988,,,
E06000056,Library,2025-06-01/P1M,46245,,,
E06000056,Library,2025-07-01/P1M,65440,,,
E06000056,Library,2025-08-01/P1M,68536,,,
E06000056,Library,2025-09-01/P1M,56273,,,
E06000056,Library,2025-10-01/P1M,61219,,,
E06000056,Library,2025-11-01/P1M,53059,,,
E06000056,Library,2025-12-01/P1M,47189,,,
E06000056,Library,2026-01-01/P1M,56449,,,
E06000056,Library,2026-02-01/P1M,56659,,,
E06000056,Library,2026-03-01/P1M,58040,,,
E06000056,Shared building,2025-04-01/P1M,14828,,,
E06000056,Shared building,2025-05-01/P1M,14398,,,
E06000056,Shared building,2025-06-01/P1M,13516,,,
E06000056,Shared building,2025-07-01/P1M,15976,,,
E06000056,Shared building,2025-08-01/P1M,14860,,,
E06000056,Shared building,2025-09-01/P1M,14748,,,
E06000056,Shared building,2025-10-01/P1M,15942,,,
E06000056,Shared building,2025-11-01/P1M,14839,,,
E06000056,Shared building,2025-12-01/P1M,13218,,,
E06000056,Shared building,2026-01-01/P1M,17179,,,
E06000056,Shared building,2026-02-01/P1M,15941,,,
E06000056,Shared building,2026-03-01/P1M,16894,,,
E06000056,Mobile library,2025-04-01/P1Y,0,,,
E06000056,Home delivery,2025-04-01/P1Y,0,,,
E06000049,Library,2025-04-01/P1M,85149,,,
E06000049,Library,2025-05-01/P1M,83555,,,
E06000049,Library,2025-06-01/P1M,81680,,,
E06000049,Library,2025-07-01/P1M,101952,,,
E06000049,Library,2025-08-01/P1M,97513,,,
E06000049,Library,2025-09-01/P1M,91437,,,
E06000049,Library,2025-10-01/P1M,95481,,,
E06000049,Library,2025-11-01/P1M,86641,,,
E06000049,Library,2025-12-01/P1M,72687,,,
E06000049,Library,2026-01-01/P1M,80338,,,
E06000049,Library,2026-02-01/P1M,84269,,,
E06000049,Library,2026-03-01/P1M,90827,,,
E06000049,Shared building,2025-04-01/P1Y,0,,,
E06000049,Mobile library,2025-04-01/P1M,395,,,
E06000049,Mobile library,2025-05-01/P1M,411,,,
E06000049,Mobile library,2025-06-01/P1M,367,,,
E06000049,Mobile library,2025-07-01/P1M,366,,,
E06000049,Mobile library,2025-08-01/P1M,346,,,
E06000049,Mobile library,2025-09-01/P1M,251,,,
E06000049,Mobile library,2025-10-01/P1M,296,,,
E06000049,Mobile library,2025-11-01/P1M,391,,,
E06000049,Mobile library,2025-12-01/P1M,281,,,
E06000049,Mobile library,2026-01-01/P1M,393,,,
E06000049,Mobile library,2026-02-01/P1M,170,,,
E06000049,Mobile library,2026-03-01/P1M,386,,,
E06000049,Home delivery,2025-04-01/P1M,167,,,
E06000049,Home delivery,2025-05-01/P1M,165,,,
E06000049,Home delivery,2025-06-01/P1M,153,,,
E06000049,Home delivery,2025-07-01/P1M,162,,,
E06000049,Home delivery,2025-08-01/P1M,170,,,
E06000049,Home delivery,2025-09-01/P1M,168,,,
E06000049,Home delivery,2025-10-01/P1M,158,,,
E06000049,Home delivery,2025-11-01/P1M,162,,,
E06000049,Home delivery,2025-12-01/P1M,159,,,
E06000049,Home delivery,2026-01-01/P1M,161,,,
E06000049,Home delivery,2026-02-01/P1M,160,,,
E06000049,Home delivery,2026-03-01/P1M,160,,,
E06000050,Library,2025-04-01/P1M,61325,,,
E06000050,Library,2025-05-01/P1M,61325,,,
E06000050,Library,2025-06-01/P1M,61325,,,
E06000050,Library,2025-07-01/P1M,78171,,,
E06000050,Library,2025-08-01/P1M,78171,,,
E06000050,Library,2025-09-01/P1M,78171,,,
E06000050,Library,2025-10-01/P1M,58646,,,
E06000050,Library,2025-11-01/P1M,58646,,,
E06000050,Library,2025-12-01/P1M,58646,,,
E06000050,Library,2026-01-01/P1M,71842,,,
E06000050,Library,2026-02-01/P1M,71842,,,
E06000050,Library,2026-03-01/P1M,71842,,,
E06000050,Shared building,2025-04-01/P1M,73333,,,
E06000050,Shared building,2025-05-01/P1M,73333,,,
E06000050,Shared building,2025-06-01/P1M,73333,,,
E06000050,Shared building,2025-07-01/P1M,73333,,,
E06000050,Shared building,2025-08-01/P1M,73333,,,
E06000050,Shared building,2025-09-01/P1M,73333,,,
E06000050,Shared building,2025-10-01/P1M,73333,,,
E06000050,Shared building,2025-11-01/P1M,73333,,,
E06000050,Shared building,2025-12-01/P1M,73333,,,
E06000050,Shared building,2026-01-01/P1M,73333,,,
E06000050,Shared building,2026-02-01/P1M,73333,,,
E06000050,Shared building,2026-03-01/P1M,73333,,,
E06000050,Mobile library,2025-04-01/P1M,479,,,
E06000050,Mobile library,2025-05-01/P1M,479,,,
E06000050,Mobile library,2025-06-01/P1M,479,,,
E06000050,Mobile library,2025-07-01/P1M,413,,,
E06000050,Mobile library,2025-08-01/P1M,413,,,
E06000050,Mobile library,2025-09-01/P1M,413,,,
E06000050,Mobile library,2025-10-01/P1M,0,,,
E06000050,Mobile library,2025-11-01/P1M,0,,,
E06000050,Mobile library,2025-12-01/P1M,0,,,
E06000050,Mobile library,2026-01-01/P1M,283,,,
E06000050,Mobile library,2026-02-01/P1M,283,,,
E06000050,Mobile library,2026-03-01/P1M,283,,,
E06000050,Home delivery,2025-04-01/P1M,71,,,
E06000050,Home delivery,2025-05-01/P1M,80,,,
E06000050,Home delivery,2025-06-01/P1M,79,,,
E06000050,Home delivery,2025-07-01/P1M,78,,,
E06000050,Home delivery,2025-08-01/P1M,80,,,
E06000050,Home delivery,2025-09-01/P1M,76,,,
E06000050,Home delivery,2025-10-01/P1M,74,,,
E06000050,Home delivery,2025-11-01/P1M,78,,,
E06000050,Home delivery,2025-12-01/P1M,78,,,
E06000050,Home delivery,2026-01-01/P1M,76,,,
E06000050,Home delivery,2026-02-01/P1M,72,,,
E06000050,Home delivery,2026-03-01/P1M,79,,,
E09000001,Library,2025-04-01/P1M,32452,,,
E09000001,Library,2025-05-01/P1M,33761,,,
E09000001,Library,2025-06-01/P1M,31684,,,
E09000001,Library,2025-07-01/P1M,35056,,,
E09000001,Library,2025-08-01/P1M,33691,,,
E09000001,Library,2025-09-01/P1M,35156,,,
E09000001,Library,2025-10-01/P1M,40370,,,
E09000001,Library,2025-11-01/P1M,34540,,,
E09000001,Library,2025-12-01/P1M,33767,,,
E09000001,Library,2026-01-01/P1M,39180,,,
E09000001,Library,2026-02-01/P1M,34325,,,
E09000001,Library,2026-03-01/P1M,34859,,,
E09000001,Shared building,2025-04-01/P1Y,0,,,
E09000001,Mobile library,2025-04-01/P1Y,0,,,
E09000001,Home delivery,2025-04-01/P1M,5,,,
E09000001,Home delivery,2025-05-01/P1M,5,,,
E09000001,Home delivery,2025-06-01/P1M,5,,,
E09000001,Home delivery,2025-07-01/P1M,9,,,
E09000001,Home delivery,2025-08-01/P1M,5,,,
E09000001,Home delivery,2025-09-01/P1M,4,,,
E09000001,Home delivery,2025-10-01/P1M,2,,,
E09000001,Home delivery,2025-11-01/P1M,6,,,
E09000001,Home delivery,2025-12-01/P1M,5,,,
E09000001,Home delivery,2026-01-01/P1M,7,,,
E09000001,Home delivery,2026-02-01/P1M,4,,,
E09000001,Home delivery,2026-03-01/P1M,7,,,
E06000052,Library,2025-04-01/P1Y,0,,,
E06000052,Shared building,2025-04-01/P1Y,0,,,
E06000052,Mobile library,2025-04-01/P1M,3107,,,
E06000052,Mobile library,2025-05-01/P1M,3023,,,
E06000052,Mobile library,2025-06-01/P1M,2888,,,
E06000052,Mobile library,2025-07-01/P1M,3705,,,
E06000052,Mobile library,2025-08-01/P1M,2967,,,
E06000052,Mobile library,2025-09-01/P1M,3138,,,
E06000052,Mobile library,2025-10-01/P1M,3400,,,
E06000052,Mobile library,2025-11-01/P1M,3007,,,
E06000052,Mobile library,2025-12-01/P1M,2114,,,
E06000052,Mobile library,2026-01-01/P1M,2955,,,
E06000052,Mobile library,2026-02-01/P1M,2619,,,
E06000052,Mobile library,2026-03-01/P1M,2989,,,
E06000052,Home delivery,2025-04-01/P1M,76,,,
E06000052,Home delivery,2025-05-01/P1M,60,,,
E06000052,Home delivery,2025-06-01/P1M,39,,,
E06000052,Home delivery,2025-07-01/P1M,76,,,
E06000052,Home delivery,2025-08-01/P1M,40,,,
E06000052,Home delivery,2025-09-01/P1M,42,,,
E06000052,Home delivery,2025-10-01/P1M,35,,,
E06000052,Home delivery,2025-11-01/P1M,56,,,
E06000052,Home delivery,2025-12-01/P1M,42,,,
E06000052,Home delivery,2026-01-01/P1M,51,,,
E06000052,Home delivery,2026-02-01/P1M,47,,,
E06000052,Home delivery,2026-03-01/P1M,24,,,
E08000026,Library,2025-04-01/P1M,22057,,,
E08000026,Library,2025-05-01/P1M,22746,,,
E08000026,Library,2025-06-01/P1M,22048,,,
E08000026,Library,2025-07-01/P1M,25670,,,
E08000026,Library,2025-08-01/P1M,23276,,,
E08000026,Library,2025-09-01/P1M,25595,,,
E08000026,Library,2025-10-01/P1M,24459,,,
E08000026,Library,2025-11-01/P1M,22473,,,
E08000026,Library,2025-12-01/P1M,16652,,,
E08000026,Library,2026-01-01/P1M,21113,,,
E08000026,Library,2026-02-01/P1M,21609,,,
E08000026,Library,2026-03-01/P1M,22787,,,
E08000026,Shared building,2025-04-01/P1M,45339,,,
E08000026,Shared building,2025-05-01/P1M,49344,,,
E08000026,Shared building,2025-06-01/P1M,45503,,,
E08000026,Shared building,2025-07-01/P1M,44356,,,
E08000026,Shared building,2025-08-01/P1M,43290,,,
E08000026,Shared building,2025-09-01/P1M,51754,,,
E08000026,Shared building,2025-10-01/P1M,52972,,,
E08000026,Shared building,2025-11-01/P1M,46555,,,
E08000026,Shared building,2025-12-01/P1M,38843,,,
E08000026,Shared building,2026-01-01/P1M,50842,,,
E08000026,Shared building,2026-02-01/P1M,48337,,,
E08000026,Shared building,2026-03-01/P1M,52924,,,
E08000026,Mobile library,2025-04-01/P1Y,0,,,
E08000026,Home delivery,2025-04-01/P1M,67,,,
E08000026,Home delivery,2025-05-01/P1M,67,,,
E08000026,Home delivery,2025-06-01/P1M,67,,,
E08000026,Home delivery,2025-07-01/P1M,67,,,
E08000026,Home delivery,2025-08-01/P1M,67,,,
E08000026,Home delivery,2025-09-01/P1M,67,,,
E08000026,Home delivery,2025-10-01/P1M,67,,,
E08000026,Home delivery,2025-11-01/P1M,67,,,
E08000026,Home delivery,2025-12-01/P1M,67,,,
E08000026,Home delivery,2026-01-01/P1M,67,,,
E08000026,Home delivery,2026-02-01/P1M,67,,,
E08000026,Home delivery,2026-03-01/P1M,67,,,
E09000008,Library,2025-04-01/P1M,30266,,,
E09000008,Library,2025-05-01/P1M,32930,,,
E09000008,Library,2025-06-01/P1M,30199,,,
E09000008,Library,2025-07-01/P1M,33418,,,
E09000008,Library,2025-08-01/P1M,32902,,,
E09000008,Library,2025-09-01/P1M,32269,,,
E09000008,Library,2025-10-01/P1M,33507,,,
E09000008,Library,2025-11-01/P1M,31091,,,
E09000008,Library,2025-12-01/P1M,26857,,,
E09000008,Library,2026-01-01/P1M,33628,,,
E09000008,Library,2026-02-01/P1M,31735,,,
E09000008,Library,2026-03-01/P1M,33987,,,
E09000008,Shared building,2025-04-01/P1M,27938,,,
E09000008,Shared building,2025-05-01/P1M,31342,,,
E09000008,Shared building,2025-06-01/P1M,27250,,,
E09000008,Shared building,2025-07-01/P1M,25230,,,
E09000008,Shared building,2025-08-01/P1M,24342,,,
E09000008,Shared building,2025-09-01/P1M,22925,,,
E09000008,Shared building,2025-10-01/P1M,28748,,,
E09000008,Shared building,2025-11-01/P1M,27749,,,
E09000008,Shared building,2025-12-01/P1M,20741,,,
E09000008,Shared building,2026-01-01/P1M,25594,,,
E09000008,Shared building,2026-02-01/P1M,25960,,,
E09000008,Shared building,2026-03-01/P1M,26176,,,
E09000008,Mobile library,2025-04-01/P1Y,0,,,
E09000008,Home delivery,2025-04-01/P1M,83,,,
E09000008,Home delivery,2025-05-01/P1M,63,,,
E09000008,Home delivery,2025-06-01/P1M,58,,,
E09000008,Home delivery,2025-07-01/P1M,89,,,
E09000008,Home delivery,2025-08-01/P1M,68,,,
E09000008,Home delivery,2025-09-01/P1M,75,,,
E09000008,Home delivery,2025-10-01/P1M,88,,,
E09000008,Home delivery,2025-11-01/P1M,76,,,
E09000008,Home delivery,2025-12-01/P1M,41,,,
E09000008,Home delivery,2026-01-01/P1M,79,,,
E09000008,Home delivery,2026-02-01/P1M,75,,,
E09000008,Home delivery,2026-03-01/P1M,79,,,
E06000063,Library,2025-04-01/P1M,28278,,,
E06000063,Library,2025-05-01/P1M,28398,,,
E06000063,Library,2025-06-01/P1M,25934,,,
E06000063,Library,2025-07-01/P1M,33160,,,
E06000063,Library,2025-08-01/P1M,24371,,,
E06000063,Library,2025-09-01/P1M,29680,,,
E06000063,Library,2025-10-01/P1M,31858,,,
E06000063,Library,2025-11-01/P1M,23467,,,
E06000063,Library,2025-12-01/P1M,20251,,,
E06000063,Library,2026-01-01/P1M,25828,,,
E06000063,Library,2026-02-01/P1M,30581,,,
E06000063,Library,2026-03-01/P1M,28117,,,
E06000063,Shared building,2025-04-01/P1Y,0,,,
E06000063,Mobile library,2025-04-01/P1Y,0,,,
E06000063,Home delivery,2025-04-01/P1Y,0,,,
E06000005,Library,2025-04-01/P1M,16887,,,
E06000005,Library,2025-05-01/P1M,14149,,,
E06000005,Library,2025-06-01/P1M,11664,,,
E06000005,Library,2025-07-01/P1M,13044,,,
E06000005,Library,2025-08-01/P1M,13221,,,
E06000005,Library,2025-09-01/P1M,14363,,,
E06000005,Library,2025-10-01/P1M,18630,,,
E06000005,Library,2025-11-01/P1M,19602,,,
E06000005,Library,2025-12-01/P1M,18970,,,
E06000005,Library,2026-01-01/P1M,23373,,,
E06000005,Library,2026-02-01/P1M,22019,,,
E06000005,Library,2026-03-01/P1M,21362,,,
E06000005,Shared building,2025-04-01/P1Y,0,,,
E06000005,Mobile library,2025-04-01/P1Y,0,,,
E06000005,Home delivery,2025-04-01/P1M,140,,,
E06000005,Home delivery,2025-05-01/P1M,140,,,
E06000005,Home delivery,2025-06-01/P1M,120,,,
E06000005,Home delivery,2025-07-01/P1M,160,,,
E06000005,Home delivery,2025-08-01/P1M,130,,,
E06000005,Home delivery,2025-09-01/P1M,130,,,
E06000005,Home delivery,2025-10-01/P1M,150,,,
E06000005,Home delivery,2025-11-01/P1M,120,,,
E06000005,Home delivery,2025-12-01/P1M,120,,,
E06000005,Home delivery,2026-01-01/P1M,120,,,
E06000005,Home delivery,2026-02-01/P1M,120,,,
E06000005,Home delivery,2026-03-01/P1M,130,,,
E06000015,Library,2025-04-01/P1M,23462,,,
E06000015,Library,2025-05-01/P1M,25826,,,
E06000015,Library,2025-06-01/P1M,24789,,,
E06000015,Library,2025-07-01/P1M,28282,,,
E06000015,Library,2025-08-01/P1M,28616,,,
E06000015,Library,2025-09-01/P1M,28091,,,
E06000015,Library,2025-10-01/P1M,29546,,,
E06000015,Library,2025-11-01/P1M,26595,,,
E06000015,Library,2025-12-01/P1M,24481,,,
E06000015,Library,2026-01-01/P1M,26465,,,
E06000015,Library,2026-02-01/P1M,29347,,,
E06000015,Library,2026-03-01/P1M,30775,,,
E06000015,Shared building,2025-04-01/P1Y,0,,,
E06000015,Mobile library,2025-04-01/P1Y,0,,,
E06000015,Home delivery,2025-04-01/P1Y,0,,,
E10000007,Library,2025-04-01/P1M,63718,,,
E10000007,Library,2025-05-01/P1M,68744,,,
E10000007,Library,2025-06-01/P1M,63648,,,
E10000007,Library,2025-07-01/P1M,75119,,,
E10000007,Library,2025-08-01/P1M,74615,,,
E10000007,Library,2025-09-01/P1M,71165,,,
E10000007,Library,2025-10-01/P1M,77908,,,
E10000007,Library,2025-11-01/P1M,68965,,,
E10000007,Library,2025-12-01/P1M,62472,,,
E10000007,Library,2026-01-01/P1M,72290,,,
E10000007,Library,2026-02-01/P1M,70565,,,
E10000007,Library,2026-03-01/P1M,73328,,,
E10000007,Shared building,2025-04-01/P1M,29962,,,
E10000007,Shared building,2025-05-01/P1M,31999,,,
E10000007,Shared building,2025-06-01/P1M,30095,,,
E10000007,Shared building,2025-07-01/P1M,34410,,,
E10000007,Shared building,2025-08-01/P1M,34746,,,
E10000007,Shared building,2025-09-01/P1M,33928,,,
E10000007,Shared building,2025-10-01/P1M,36596,,,
E10000007,Shared building,2025-11-01/P1M,31795,,,
E10000007,Shared building,2025-12-01/P1M,30015,,,
E10000007,Shared building,2026-01-01/P1M,33342,,,
E10000007,Shared building,2026-02-01/P1M,33589,,,
E10000007,Shared building,2026-03-01/P1M,36211,,,
E10000007,Mobile library,2025-04-01/P1Y,0,,,
E10000007,Home delivery,2025-04-01/P1Y,0,,,
E10000008,Library,2025-04-01/P1M,135874,,,
E10000008,Library,2025-05-01/P1M,140502,,,
E10000008,Library,2025-06-01/P1M,128248,,,
E10000008,Library,2025-07-01/P1M,145700,,,
E10000008,Library,2025-08-01/P1M,148966,,,
E10000008,Library,2025-09-01/P1M,145646,,,
E10000008,Library,2025-10-01/P1M,157210,,,
E10000008,Library,2025-11-01/P1M,143349,,,
E10000008,Library,2025-12-01/P1M,117482,,,
E10000008,Library,2026-01-01/P1M,142299,,,
E10000008,Library,2026-02-01/P1M,143751,,,
E10000008,Library,2026-03-01/P1M,151866,,,
E10000008,Shared building,2025-04-01/P1M,35660,,,
E10000008,Shared building,2025-05-01/P1M,35993,,,
E10000008,Shared building,2025-06-01/P1M,37987,,,
E10000008,Shared building,2025-07-01/P1M,48792,,,
E10000008,Shared building,2025-08-01/P1M,42051,,,
E10000008,Shared building,2025-09-01/P1M,48743,,,
E10000008,Shared building,2025-10-01/P1M,47944,,,
E10000008,Shared building,2025-11-01/P1M,44075,,,
E10000008,Shared building,2025-12-01/P1M,37196,,,
E10000008,Shared building,2026-01-01/P1M,46026,,,
E10000008,Shared building,2026-02-01/P1M,44928,,,
E10000008,Shared building,2026-03-01/P1M,48268,,,
E10000008,Mobile library,2025-04-01/P1Y,0,,,
E10000008,Home delivery,2025-04-01/P1Y,0,,,
E08000017,Library,2025-04-01/P1M,15052,,,
E08000017,Library,2025-05-01/P1M,18742,,,
E08000017,Library,2025-06-01/P1M,20064,,,
E08000017,Library,2025-07-01/P1M,18320,,,
E08000017,Library,2025-08-01/P1M,19875,,,
E08000017,Library,2025-09-01/P1M,19244,,,
E08000017,Library,2025-10-01/P1M,20206,,,
E08000017,Library,2025-11-01/P1M,19335,,,
E08000017,Library,2025-12-01/P1M,15050,,,
E08000017,Library,2026-01-01/P1M,18128,,,
E08000017,Library,2026-02-01/P1M,16592,,,
E08000017,Library,2026-03-01/P1M,18370,,,
E08000017,Shared building,2025-04-01/P1M,22476,,,
E08000017,Shared building,2025-05-01/P1M,27002,,,
E08000017,Shared building,2025-06-01/P1M,28916,,,
E08000017,Shared building,2025-07-01/P1M,23278,,,
E08000017,Shared building,2025-08-01/P1M,22754,,,
E08000017,Shared building,2025-09-01/P1M,22624,,,
E08000017,Shared building,2025-10-01/P1M,24061,,,
E08000017,Shared building,2025-11-01/P1M,24990,,,
E08000017,Shared building,2025-12-01/P1M,20123,,,
E08000017,Shared building,2026-01-01/P1M,20959,,,
E08000017,Shared building,2026-02-01/P1M,22633,,,
E08000017,Shared building,2026-03-01/P1M,24515,,,
E08000017,Mobile library,2025-04-01/P1Y,0,,,
E08000017,Home delivery,2025-04-01/P1M,169,,,
E08000017,Home delivery,2025-05-01/P1M,174,,,
E08000017,Home delivery,2025-06-01/P1M,147,,,
E08000017,Home delivery,2025-07-01/P1M,140,,,
E08000017,Home delivery,2025-08-01/P1M,144,,,
E08000017,Home delivery,2025-09-01/P1M,161,,,
E08000017,Home delivery,2025-10-01/P1M,34,,,
E08000017,Home delivery,2025-11-01/P1M,148,,,
E08000017,Home delivery,2025-12-01/P1M,150,,,
E08000017,Home delivery,2026-01-01/P1M,178,,,
E08000017,Home delivery,2026-02-01/P1M,156,,,
E08000017,Home delivery,2026-03-01/P1M,165,,,
E06000059,Library,2025-04-01/P1M,66825,,,
E06000059,Library,2025-05-01/P1M,74148,,,
E06000059,Library,2025-06-01/P1M,70728,,,
E06000059,Library,2025-07-01/P1M,82176,,,
E06000059,Library,2025-08-01/P1M,78567,,,
E06000059,Library,2025-09-01/P1M,72396,,,
E06000059,Library,2025-10-01/P1M,76709,,,
E06000059,Library,2025-11-01/P1M,74196,,,
E06000059,Library,2025-12-01/P1M,65815,,,
E06000059,Library,2026-01-01/P1M,76117,,,
E06000059,Library,2026-02-01/P1M,75732,,,
E06000059,Library,2026-03-01/P1M,74850,,,
E06000059,Shared building,2025-04-01/P1Y,0,,,
E06000059,Mobile library,2025-04-01/P1Y,0,,,
E06000059,Home delivery,2025-04-01/P1M,529,,,
E06000059,Home delivery,2025-05-01/P1M,529,,,
E06000059,Home delivery,2025-06-01/P1M,529,,,
E06000059,Home delivery,2025-07-01/P1M,529,,,
E06000059,Home delivery,2025-08-01/P1M,529,,,
E06000059,Home delivery,2025-09-01/P1M,529,,,
E06000059,Home delivery,2025-10-01/P1M,529,,,
E06000059,Home delivery,2025-11-01/P1M,529,,,
E06000059,Home delivery,2025-12-01/P1M,529,,,
E06000059,Home delivery,2026-01-01/P1M,529,,,
E06000059,Home delivery,2026-02-01/P1M,529,,,
E06000059,Home delivery,2026-03-01/P1M,529,,,
E08000027,Library,2025-04-01/P1M,60606,,,
E08000027,Library,2025-05-01/P1M,59148,,,
E08000027,Library,2025-06-01/P1M,57433,,,
E08000027,Library,2025-07-01/P1M,65483,,,
E08000027,Library,2025-08-01/P1M,59701,,,
E08000027,Library,2025-09-01/P1M,62973,,,
E08000027,Library,2025-10-01/P1M,68696,,,
E08000027,Library,2025-11-01/P1M,62157,,,
E08000027,Library,2025-12-01/P1M,45251,,,
E08000027,Library,2026-01-01/P1M,60564,,,
E08000027,Library,2026-02-01/P1M,61620,,,
E08000027,Library,2026-03-01/P1M,63319,,,
E08000027,Shared building,2025-04-01/P1Y,0,,,
E08000027,Mobile library,2025-04-01/P1Y,0,,,
E08000027,Home delivery,2025-04-01/P1Y,0,,,
E10000011,Library,2025-04-01/P1M,63334,,,
E10000011,Library,2025-05-01/P1M,66018,,,
E10000011,Library,2025-06-01/P1M,61028,,,
E10000011,Library,2025-07-01/P1M,77429,,,
E10000011,Library,2025-08-01/P1M,78574,,,
E10000011,Library,2025-09-01/P1M,69808,,,
E10000011,Library,2025-10-01/P1M,70470,,,
E10000011,Library,2025-11-01/P1M,62111,,,
E10000011,Library,2025-12-01/P1M,52777,,,
E10000011,Library,2026-01-01/P1M,65247,,,
E10000011,Library,2026-02-01/P1M,62628,,,
E10000011,Library,2026-03-01/P1M,66815,,,
E10000011,Shared building,2025-04-01/P1M,3597,,,
E10000011,Shared building,2025-05-01/P1M,3604,,,
E10000011,Shared building,2025-06-01/P1M,3197,,,
E10000011,Shared building,2025-07-01/P1M,4348,,,
E10000011,Shared building,2025-08-01/P1M,4494,,,
E10000011,Shared building,2025-09-01/P1M,3473,,,
E10000011,Shared building,2025-10-01/P1M,4265,,,
E10000011,Shared building,2025-11-01/P1M,3849,,,
E10000011,Shared building,2025-12-01/P1M,3446,,,
E10000011,Shared building,2026-01-01/P1M,4212,,,
E10000011,Shared building,2026-02-01/P1M,4113,,,
E10000011,Shared building,2026-03-01/P1M,4096,,,
E10000011,Mobile library,2025-04-01/P1Y,0,,,
E10000011,Home delivery,2025-04-01/P1M,75,,,
E10000011,Home delivery,2025-05-01/P1M,57,,,
E10000011,Home delivery,2025-06-01/P1M,65,,,
E10000011,Home delivery,2025-07-01/P1M,63,,,
E10000011,Home delivery,2025-08-01/P1M,65,,,
E10000011,Home delivery,2025-09-01/P1M,70,,,
E10000011,Home delivery,2025-10-01/P1M,58,,,
E10000011,Home delivery,2025-11-01/P1M,62,,,
E10000011,Home delivery,2025-12-01/P1M,51,,,
E10000011,Home delivery,2026-01-01/P1M,45,,,
E10000011,Home delivery,2026-02-01/P1M,52,,,
E10000011,Home delivery,2026-03-01/P1M,49,,,
E08000037,Library,2025-04-01/P1M,5609,,,
E08000037,Library,2025-05-01/P1M,22395,,,
E08000037,Library,2025-06-01/P1M,21405,,,
E08000037,Library,2025-07-01/P1M,25426,,,
E08000037,Library,2025-08-01/P1M,23542,,,
E08000037,Library,2025-09-01/P1M,28709,,,
E08000037,Library,2025-10-01/P1M,29721,,,
E08000037,Library,2025-11-01/P1M,26551,,,
E08000037,Library,2025-12-01/P1M,21625,,,
E08000037,Library,2026-01-01/P1M,26113,,,
E08000037,Library,2026-02-01/P1M,28330,,,
E08000037,Library,2026-03-01/P1M,29011,,,
E08000037,Shared building,2025-04-01/P1M,4304,,,
E08000037,Shared building,2025-05-01/P1M,3812,,,
E08000037,Shared building,2025-06-01/P1M,3771,,,
E08000037,Shared building,2025-07-01/P1M,3655,,,
E08000037,Shared building,2025-08-01/P1M,3367,,,
E08000037,Shared building,2025-09-01/P1M,4409,,,
E08000037,Shared building,2025-10-01/P1M,4877,,,
E08000037,Shared building,2025-11-01/P1M,3861,,,
E08000037,Shared building,2025-12-01/P1M,3876,,,
E08000037,Shared building,2026-01-01/P1M,4135,,,
E08000037,Shared building,2026-02-01/P1M,4009,,,
E08000037,Shared building,2026-03-01/P1M,5263,,,
E08000037,Mobile library,2025-04-01/P1Y,0,,,
E08000037,Home delivery,2025-04-01/P1M,201,,,
E08000037,Home delivery,2025-05-01/P1M,199,,,
E08000037,Home delivery,2025-06-01/P1M,219,,,
E08000037,Home delivery,2025-07-01/P1M,225,,,
E08000037,Home delivery,2025-08-01/P1M,193,,,
E08000037,Home delivery,2025-09-01/P1M,187,,,
E08000037,Home delivery,2025-10-01/P1M,229,,,
E08000037,Home delivery,2025-11-01/P1M,188,,,
E08000037,Home delivery,2025-12-01/P1M,228,,,
E08000037,Home delivery,2026-01-01/P1M,191,,,
E08000037,Home delivery,2026-02-01/P1M,189,,,
E08000037,Home delivery,2026-03-01/P1M,191,,,
E10000013,Library,2025-04-01/P1M,53015,,,
E10000013,Library,2025-05-01/P1M,55312,,,
E10000013,Library,2025-06-01/P1M,54615,,,
E10000013,Library,2025-07-01/P1M,65752,,,
E10000013,Library,2025-08-01/P1M,60737,,,
E10000013,Library,2025-09-01/P1M,57371,,,
E10000013,Library,2025-10-01/P1M,58460,,,
E10000013,Library,2025-11-01/P1M,49630,,,
E10000013,Library,2025-12-01/P1M,41661,,,
E10000013,Library,2026-01-01/P1M,48743,,,
E10000013,Library,2026-02-01/P1M,45262,,,
E10000013,Library,2026-03-01/P1M,47248,,,
E10000013,Shared building,2025-04-01/P1M,63720,,,
E10000013,Shared building,2025-05-01/P1M,73959,,,
E10000013,Shared building,2025-06-01/P1M,67787,,,
E10000013,Shared building,2025-07-01/P1M,83091,,,
E10000013,Shared building,2025-08-01/P1M,80709,,,
E10000013,Shared building,2025-09-01/P1M,65249,,,
E10000013,Shared building,2025-10-01/P1M,76476,,,
E10000013,Shared building,2025-11-01/P1M,65863,,,
E10000013,Shared building,2025-12-01/P1M,60394,,,
E10000013,Shared building,2026-01-01/P1M,76067,,,
E10000013,Shared building,2026-02-01/P1M,75172,,,
E10000013,Shared building,2026-03-01/P1M,79108,,,
E10000013,Mobile library,2025-04-01/P1Y,0,,,
E10000013,Home delivery,2025-04-01/P1M,34,,,
E10000013,Home delivery,2025-05-01/P1M,37,,,
E10000013,Home delivery,2025-06-01/P1M,9,,,
E10000013,Home delivery,2025-07-01/P1M,40,,,
E10000013,Home delivery,2025-08-01/P1M,24,,,
E10000013,Home delivery,2025-09-01/P1M,39,,,
E10000013,Home delivery,2025-10-01/P1M,33,,,
E10000013,Home delivery,2025-11-01/P1M,41,,,
E10000013,Home delivery,2025-12-01/P1M,35,,,
E10000013,Home delivery,2026-01-01/P1M,37,,,
E10000013,Home delivery,2026-02-01/P1M,24,,,
E10000013,Home delivery,2026-03-01/P1M,31,,,
E09000011,Library,2025-04-01/P1M,14725,,,
E09000011,Library,2025-05-01/P1M,15806,,,
E09000011,Library,2025-06-01/P1M,14592,,,
E09000011,Library,2025-07-01/P1M,16062,,,
E09000011,Library,2025-08-01/P1M,13999,,,
E09000011,Library,2025-09-01/P1M,16495,,,
E09000011,Library,2025-10-01/P1M,17156,,,
E09000011,Library,2025-11-01/P1M,15379,,,
E09000011,Library,2025-12-01/P1M,12143,,,
E09000011,Library,2026-01-01/P1M,14924,,,
E09000011,Library,2026-02-01/P1M,13828,,,
E09000011,Library,2026-03-01/P1M,16421,,,
E09000011,Shared building,2025-04-01/P1M,152922,,,
E09000011,Shared building,2025-05-01/P1M,159455,,,
E09000011,Shared building,2025-06-01/P1M,150347,,,
E09000011,Shared building,2025-07-01/P1M,161770,,,
E09000011,Shared building,2025-08-01/P1M,148330,,,
E09000011,Shared building,2025-09-01/P1M,155621,,,
E09000011,Shared building,2025-10-01/P1M,169351,,,
E09000011,Shared building,2025-11-01/P1M,157000,,,
E09000011,Shared building,2025-12-01/P1M,130691,,,
E09000011,Shared building,2026-01-01/P1M,159998,,,
E09000011,Shared building,2026-02-01/P1M,154266,,,
E09000011,Shared building,2026-03-01/P1M,161357,,,
E09000011,Mobile library,2025-04-01/P1Y,0,,,
E09000011,Home delivery,2025-04-01/P1Y,0,,,
E06000006,Library,2025-04-01/P3M,66623,,,
E06000006,Library,2025-07-01/P3M,51950,,,
E06000006,Library,2025-10-01/P3M,52464,,,
E06000006,Library,2026-01-01/P3M,58154,,,
E06000006,Shared building,2025-04-01/P1Y,0,,,
E06000006,Mobile library,2025-04-01/P1Y,0,,,
E06000006,Home delivery,2025-04-01/P1M,711,,,
E06000006,Home delivery,2025-05-01/P1M,727,,,
E06000006,Home delivery,2025-06-01/P1M,655,,,
E06000006,Home delivery,2025-07-01/P1M,707,,,
E06000006,Home delivery,2025-08-01/P1M,689,,,
E06000006,Home delivery,2025-09-01/P1M,671,,,
E06000006,Home delivery,2025-10-01/P1M,695,,,
E06000006,Home delivery,2025-11-01/P1M,674,,,
E06000006,Home delivery,2025-12-01/P1M,648,,,
E06000006,Home delivery,2026-01-01/P1M,623,,,
E06000006,Home delivery,2026-02-01/P1M,623,,,
E06000006,Home delivery,2026-03-01/P1M,641,,,
E09000013,Library,2025-04-01/P1M,69064,,,
E09000013,Library,2025-05-01/P1M,72208,,,
E09000013,Library,2025-06-01/P1M,64047,,,
E09000013,Library,2025-07-01/P1M,67051,,,
E09000013,Library,2025-08-01/P1M,58969,,,
E09000013,Library,2025-09-01/P1M,69212,,,
E09000013,Library,2025-10-01/P1M,72053,,,
E09000013,Library,2025-11-01/P1M,69975,,,
E09000013,Library,2025-12-01/P1M,53721,,,
E09000013,Library,2026-01-01/P1M,74140,,,
E09000013,Library,2026-02-01/P1M,66403,,,
E09000013,Library,2026-03-01/P1M,72138,,,
E09000013,Shared building,2025-04-01/P1Y,0,,,
E09000013,Mobile library,2025-04-01/P1Y,0,,,
E09000013,Home delivery,2025-04-01/P1M,90,,,
E09000013,Home delivery,2025-05-01/P1M,87,,,
E09000013,Home delivery,2025-06-01/P1M,85,,,
E09000013,Home delivery,2025-07-01/P1M,100,,,
E09000013,Home delivery,2025-08-01/P1M,83,,,
E09000013,Home delivery,2025-09-01/P1M,98,,,
E09000013,Home delivery,2025-10-01/P1M,88,,,
E09000013,Home delivery,2025-11-01/P1M,82,,,
E09000013,Home delivery,2025-12-01/P1M,80,,,
E09000013,Home delivery,2026-01-01/P1M,78,,,
E09000013,Home delivery,2026-02-01/P1M,90,,,
E09000013,Home delivery,2026-03-01/P1M,101,,,
E06000001,Library,2025-04-01/P1M,23447,,,
E06000001,Library,2025-05-01/P1M,24545,,,
E06000001,Library,2025-06-01/P1M,22624,,,
E06000001,Library,2025-07-01/P1M,25151,,,
E06000001,Library,2025-08-01/P1M,21196,,,
E06000001,Library,2025-09-01/P1M,20049,,,
E06000001,Library,2025-10-01/P1M,29376,,,
E06000001,Library,2025-11-01/P1M,20526,,,
E06000001,Library,2025-12-01/P1M,20899,,,
E06000001,Library,2026-01-01/P1M,27375,,,
E06000001,Library,2026-02-01/P1M,17613,,,
E06000001,Library,2026-03-01/P1M,18772,,,
E06000001,Shared building,2025-04-01/P1Y,0,,,
E06000001,Mobile library,2025-04-01/P1Y,0,,,
E06000001,Home delivery,2025-04-01/P1M,316,,,
E06000001,Home delivery,2025-05-01/P1M,310,,,
E06000001,Home delivery,2025-06-01/P1M,310,,,
E06000001,Home delivery,2025-07-01/P1M,313,,,
E06000001,Home delivery,2025-08-01/P1M,312,,,
E06000001,Home delivery,2025-09-01/P1M,314,,,
E06000001,Home delivery,2025-10-01/P1M,315,,,
E06000001,Home delivery,2025-11-01/P1M,307,,,
E06000001,Home delivery,2025-12-01/P1M,301,,,
E06000001,Home delivery,2026-01-01/P1M,301,,,
E06000001,Home delivery,2026-02-01/P1M,297,,,
E06000001,Home delivery,2026-03-01/P1M,297,,,
E06000019,Library,2025-04-01/P1M,19063,,,
E06000019,Library,2025-05-01/P1M,19023,,,
E06000019,Library,2025-06-01/P1M,18424,,,
E06000019,Library,2025-07-01/P1M,20748,,,
E06000019,Library,2025-08-01/P1M,20490,,,
E06000019,Library,2025-09-01/P1M,22786,,,
E06000019,Library,2025-10-01/P1M,22121,,,
E06000019,Library,2025-11-01/P1M,19435,,,
E06000019,Library,2025-12-01/P1M,17919,,,
E06000019,Library,2026-01-01/P1M,19735,,,
E06000019,Library,2026-02-01/P1M,19967,,,
E06000019,Library,2026-03-01/P1M,21391,,,
E06000019,Shared building,2025-04-01/P1M,7197,,,
E06000019,Shared building,2025-05-01/P1M,6794,,,
E06000019,Shared building,2025-06-01/P1M,6452,,,
E06000019,Shared building,2025-07-01/P1M,7682,,,
E06000019,Shared building,2025-08-01/P1M,6954,,,
E06000019,Shared building,2025-09-01/P1M,8196,,,
E06000019,Shared building,2025-10-01/P1M,7306,,,
E06000019,Shared building,2025-11-01/P1M,5699,,,
E06000019,Shared building,2025-12-01/P1M,6337,,,
E06000019,Shared building,2026-01-01/P1M,6734,,,
E06000019,Shared building,2026-02-01/P1M,7042,,,
E06000019,Shared building,2026-03-01/P1M,6913,,,
E06000019,Mobile library,2025-04-01/P1Y,0,,,
E06000019,Home delivery,2025-04-01/P1M,62,,,
E06000019,Home delivery,2025-05-01/P1M,57,,,
E06000019,Home delivery,2025-06-01/P1M,58,,,
E06000019,Home delivery,2025-07-01/P1M,72,,,
E06000019,Home delivery,2025-08-01/P1M,48,,,
E06000019,Home delivery,2025-09-01/P1M,63,,,
E06000019,Home delivery,2025-10-01/P1M,66,,,
E06000019,Home delivery,2025-11-01/P1M,55,,,
E06000019,Home delivery,2025-12-01/P1M,68,,,
E06000019,Home delivery,2026-01-01/P1M,63,,,
E06000019,Home delivery,2026-02-01/P1M,58,,,
E06000019,Home delivery,2026-03-01/P1M,120,,,
E10000015,Library,2025-04-01/P1M,224370,,,
E10000015,Library,2025-05-01/P1M,232747,,,
E10000015,Library,2025-06-01/P1M,214200,,,
E10000015,Library,2025-07-01/P1M,255945,,,
E10000015,Library,2025-08-01/P1M,255182,,,
E10000015,Library,2025-09-01/P1M,238656,,,
E10000015,Library,2025-10-01/P1M,243460,,,
E10000015,Library,2025-11-01/P1M,230984,,,
E10000015,Library,2025-12-01/P1M,205781,,,
E10000015,Library,2026-01-01/P1M,237996,,,
E10000015,Library,2026-02-01/P1M,230481,,,
E10000015,Library,2026-03-01/P1M,244159,,,
E10000015,Shared building,2025-04-01/P1Y,0,,,
E10000015,Mobile library,2025-04-01/P1Y,0,,,
E10000015,Home delivery,2025-04-01/P1M,319,,,
E10000015,Home delivery,2025-05-01/P1M,317,,,
E10000015,Home delivery,2025-06-01/P1M,309,,,
E10000015,Home delivery,2025-07-01/P1M,288,,,
E10000015,Home delivery,2025-08-01/P1M,307,,,
E10000015,Home delivery,2025-09-01/P1M,296,,,
E10000015,Home delivery,2025-10-01/P1M,289,,,
E10000015,Home delivery,2025-11-01/P1M,295,,,
E10000015,Home delivery,2025-12-01/P1M,301,,,
E10000015,Home delivery,2026-01-01/P1M,299,,,
E10000015,Home delivery,2026-02-01/P1M,299,,,
E10000015,Home delivery,2026-03-01/P1M,309,,,
E09000017,Library,2025-04-01/P1M,61493,,,
E09000017,Library,2025-05-01/P1M,68118,,,
E09000017,Library,2025-06-01/P1M,65234,,,
E09000017,Library,2025-07-01/P1M,74470,,,
E09000017,Library,2025-08-01/P1M,68216,,,
E09000017,Library,2025-09-01/P1M,74395,,,
E09000017,Library,2025-10-01/P1M,72415,,,
E09000017,Library,2025-11-01/P1M,66006,,,
E09000017,Library,2025-12-01/P1M,60870,,,
E09000017,Library,2026-01-01/P1M,72040,,,
E09000017,Library,2026-02-01/P1M,71459,,,
E09000017,Library,2026-03-01/P1M,74872,,,
E09000017,Shared building,2025-04-01/P1M,18940,,,
E09000017,Shared building,2025-05-01/P1M,21247,,,
E09000017,Shared building,2025-06-01/P1M,20352,,,
E09000017,Shared building,2025-07-01/P1M,19384,,,
E09000017,Shared building,2025-08-01/P1M,18842,,,
E09000017,Shared building,2025-09-01/P1M,19575,,,
E09000017,Shared building,2025-10-01/P1M,20549,,,
E09000017,Shared building,2025-11-01/P1M,18967,,,
E09000017,Shared building,2025-12-01/P1M,16399,,,
E09000017,Shared building,2026-01-01/P1M,18545,,,
E09000017,Shared building,2026-02-01/P1M,18479,,,
E09000017,Shared building,2026-03-01/P1M,19869,,,
E09000017,Mobile library,2025-04-01/P1M,412,,,
E09000017,Mobile library,2025-05-01/P1M,764,,,
E09000017,Mobile library,2025-06-01/P1M,1072,,,
E09000017,Mobile library,2025-07-01/P1M,860,,,
E09000017,Mobile library,2025-08-01/P1M,221,,,
E09000017,Mobile library,2025-09-01/P1M,961,,,
E09000017,Mobile library,2025-10-01/P1M,882,,,
E09000017,Mobile library,2025-11-01/P1M,1009,,,
E09000017,Mobile library,2025-12-01/P1M,744,,,
E09000017,Mobile library,2026-01-01/P1M,918,,,
E09000017,Mobile library,2026-02-01/P1M,755,,,
E09000017,Mobile library,2026-03-01/P1M,1047,,,
E09000017,Home delivery,2025-04-01/P1M,0,,,
E09000017,Home delivery,2025-05-01/P1M,102,,,
E09000017,Home delivery,2025-06-01/P1M,114,,,
E09000017,Home delivery,2025-07-01/P1M,104,,,
E09000017,Home delivery,2025-08-01/P1M,99,,,
E09000017,Home delivery,2025-09-01/P1M,97,,,
E09000017,Home delivery,2025-10-01/P1M,112,,,
E09000017,Home delivery,2025-11-01/P1M,115,,,
E09000017,Home delivery,2025-12-01/P1M,101,,,
E09000017,Home delivery,2026-01-01/P1M,102,,,
E09000017,Home delivery,2026-02-01/P1M,11,,,
E09000017,Home delivery,2026-03-01/P1M,80,,,
E06000046,Library,2025-04-01/P1M,16080,,,
E06000046,Library,2025-05-01/P1M,17843,,,
E06000046,Library,2025-06-01/P1M,16447,,,
E06000046,Library,2025-07-01/P1M,17643,,,
E06000046,Library,2025-08-01/P1M,19652,,,
E06000046,Library,2025-09-01/P1M,18799,,,
E06000046,Library,2025-10-01/P1M,19327,,,
E06000046,Library,2025-11-01/P1M,17710,,,
E06000046,Library,2025-12-01/P1M,13590,,,
E06000046,Library,2026-01-01/P1M,16692,,,
E06000046,Library,2026-02-01/P1M,17936,,,
E06000046,Library,2026-03-01/P1M,18628,,,
E06000046,Shared building,2025-04-01/P1M,16930,,,
E06000046,Shared building,2025-05-01/P1M,17540,,,
E06000046,Shared building,2025-06-01/P1M,18831,,,
E06000046,Shared building,2025-07-01/P1M,18478,,,
E06000046,Shared building,2025-08-01/P1M,18874,,,
E06000046,Shared building,2025-09-01/P1M,18712,,,
E06000046,Shared building,2025-10-01/P1M,17344,,,
E06000046,Shared building,2025-11-01/P1M,17544,,,
E06000046,Shared building,2025-12-01/P1M,15904,,,
E06000046,Shared building,2026-01-01/P1M,18526,,,
E06000046,Shared building,2026-02-01/P1M,17369,,,
E06000046,Shared building,2026-03-01/P1M,18654,,,
E06000046,Mobile library,2025-04-01/P1Y,0,,,
E06000046,Home delivery,2025-04-01/P1M,84,,,
E06000046,Home delivery,2025-05-01/P1M,72,,,
E06000046,Home delivery,2025-06-01/P1M,112,,,
E06000046,Home delivery,2025-07-01/P1M,87,,,
E06000046,Home delivery,2025-08-01/P1M,63,,,
E06000046,Home delivery,2025-09-01/P1M,108,,,
E06000046,Home delivery,2025-10-01/P1M,83,,,
E06000046,Home delivery,2025-11-01/P1M,63,,,
E06000046,Home delivery,2025-12-01/P1M,65,,,
E06000046,Home delivery,2026-01-01/P1M,84,,,
E06000046,Home delivery,2026-02-01/P1M,79,,,
E06000046,Home delivery,2026-03-01/P1M,72,,,
E09000019,Library,2025-04-01/P1M,76588,,,
E09000019,Library,2025-05-01/P1M,77841,,,
E09000019,Library,2025-06-01/P1M,74763,,,
E09000019,Library,2025-07-01/P1M,74763,,,
E09000019,Library,2025-08-01/P1M,65343,,,
E09000019,Library,2025-09-01/P1M,75301,,,
E09000019,Library,2025-10-01/P1M,78093,,,
E09000019,Library,2025-11-01/P1M,72447,,,
E09000019,Library,2025-12-01/P1M,63260,,,
E09000019,Library,2026-01-01/P1M,77216,,,
E09000019,Library,2026-02-01/P1M,72471,,,
E09000019,Library,2026-03-01/P1M,79648,,,
E09000019,Shared building,2025-04-01/P1Y,0,,,
E09000019,Mobile library,2025-04-01/P1Y,0,,,
E09000019,Home delivery,2025-04-01/P1M,191,,,
E09000019,Home delivery,2025-05-01/P1M,182,,,
E09000019,Home delivery,2025-06-01/P1M,200,,,
E09000019,Home delivery,2025-07-01/P1M,191,,,
E09000019,Home delivery,2025-08-01/P1M,190,,,
E09000019,Home delivery,2025-09-01/P1M,202,,,
E09000019,Home delivery,2025-10-01/P1M,216,,,
E09000019,Home delivery,2025-11-01/P1M,184,,,
E09000019,Home delivery,2025-12-01/P1M,163,,,
E09000019,Home delivery,2026-01-01/P1M,221,,,
E09000019,Home delivery,2026-02-01/P1M,198,,,
E09000019,Home delivery,2026-03-01/P1M,217,,,
E09000020,Library,2025-04-01/P1M,58642,,,
E09000020,Library,2025-05-01/P1M,60763,,,
E09000020,Library,2025-06-01/P1M,55078,,,
E09000020,Library,2025-07-01/P1M,48834,,,
E09000020,Library,2025-08-01/P1M,40174,,,
E09000020,Library,2025-09-01/P1M,54567,,,
E09000020,Library,2025-10-01/P1M,53150,,,
E09000020,Library,2025-11-01/P1M,44108,,,
E09000020,Library,2025-12-01/P1M,23022,,,
E09000020,Library,2026-01-01/P1M,43177,,,
E09000020,Library,2026-02-01/P1M,48466,,,
E09000020,Library,2026-03-01/P1M,55003,,,
E09000020,Shared building,2025-04-01/P1Y,0,,,
E09000020,Mobile library,2025-04-01/P1Y,0,,,
E09000020,Home delivery,2025-04-01/P1M,121,,,
E09000020,Home delivery,2025-05-01/P1M,158,,,
E09000020,Home delivery,2025-06-01/P1M,130,,,
E09000020,Home delivery,2025-07-01/P1M,135,,,
E09000020,Home delivery,2025-08-01/P1M,157,,,
E09000020,Home delivery,2025-09-01/P1M,138,,,
E09000020,Home delivery,2025-10-01/P1M,171,,,
E09000020,Home delivery,2025-11-01/P1M,144,,,
E09000020,Home delivery,2025-12-01/P1M,132,,,
E09000020,Home delivery,2026-01-01/P1M,133,,,
E09000020,Home delivery,2026-02-01/P1M,268,,,
E09000020,Home delivery,2026-03-01/P1M,120,,,
E10000016,Library,2025-04-01/P1M,139829,,,
E10000016,Library,2025-05-01/P1M,147933,,,
E10000016,Library,2025-06-01/P1M,134664,,,
E10000016,Library,2025-07-01/P1M,168344,,,
E10000016,Library,2025-08-01/P1M,162439,,,
E10000016,Library,2025-09-01/P1M,151603,,,
E10000016,Library,2025-10-01/P1M,144741,,,
E10000016,Library,2025-11-01/P1M,129050,,,
E10000016,Library,2025-12-01/P1M,110458,,,
E10000016,Library,2026-01-01/P1M,133247,,,
E10000016,Library,2026-02-01/P1M,127555,,,
E10000016,Library,2026-03-01/P1M,140706,,,
E10000016,Shared building,2025-04-01/P1M,122686,,,
E10000016,Shared building,2025-05-01/P1M,119209,,,
E10000016,Shared building,2025-06-01/P1M,115712,,,
E10000016,Shared building,2025-07-01/P1M,137026,,,
E10000016,Shared building,2025-08-01/P1M,132521,,,
E10000016,Shared building,2025-09-01/P1M,125167,,,
E10000016,Shared building,2025-10-01/P1M,129069,,,
E10000016,Shared building,2025-11-01/P1M,121048,,,
E10000016,Shared building,2025-12-01/P1M,112474,,,
E10000016,Shared building,2026-01-01/P1M,118484,,,
E10000016,Shared building,2026-02-01/P1M,118361,,,
E10000016,Shared building,2026-03-01/P1M,127588,,,
E10000016,Mobile library,2025-04-01/P1M,2238,,,
E10000016,Mobile library,2025-05-01/P1M,2843,,,
E10000016,Mobile library,2025-06-01/P1M,2198,,,
E10000016,Mobile library,2025-07-01/P1M,2664,,,
E10000016,Mobile library,2025-08-01/P1M,2322,,,
E10000016,Mobile library,2025-09-01/P1M,2352,,,
E10000016,Mobile library,2025-10-01/P1M,2959,,,
E10000016,Mobile library,2025-11-01/P1M,2880,,,
E10000016,Mobile library,2025-12-01/P1M,1903,,,
E10000016,Mobile library,2026-01-01/P1M,2286,,,
E10000016,Mobile library,2026-02-01/P1M,2053,,,
E10000016,Mobile library,2026-03-01/P1M,2707,,,
E10000016,Home delivery,2025-04-01/P1Y,0,,,
E06000010,Library,2025-04-01/P1M,37983,,,
E06000010,Library,2025-05-01/P1M,52205,,,
E06000010,Library,2025-06-01/P1M,54499,,,
E06000010,Library,2025-07-01/P1M,43951,,,
E06000010,Library,2025-08-01/P1M,39818,,,
E06000010,Library,2025-09-01/P1M,39883,,,
E06000010,Library,2025-10-01/P1M,42441,,,
E06000010,Library,2025-11-01/P1M,37627,,,
E06000010,Library,2025-12-01/P1M,32261,,,
E06000010,Library,2026-01-01/P1M,37129,,,
E06000010,Library,2026-02-01/P1M,38478,,,
E06000010,Library,2026-03-01/P1M,43289,,,
E06000010,Shared building,2025-04-01/P1M,11203,,,
E06000010,Shared building,2025-05-01/P1M,14139,,,
E06000010,Shared building,2025-06-01/P1M,14518,,,
E06000010,Shared building,2025-07-01/P1M,12950,,,
E06000010,Shared building,2025-08-01/P1M,13366,,,
E06000010,Shared building,2025-09-01/P1M,14569,,,
E06000010,Shared building,2025-10-01/P1M,13122,,,
E06000010,Shared building,2025-11-01/P1M,13086,,,
E06000010,Shared building,2025-12-01/P1M,8611,,,
E06000010,Shared building,2026-01-01/P1M,11571,,,
E06000010,Shared building,2026-02-01/P1M,11505,,,
E06000010,Shared building,2026-03-01/P1M,13940,,,
E06000010,Mobile library,2025-04-01/P1Y,0,,,
E06000010,Home delivery,2025-04-01/P1M,118,,,
E06000010,Home delivery,2025-05-01/P1M,105,,,
E06000010,Home delivery,2025-06-01/P1M,115,,,
E06000010,Home delivery,2025-07-01/P1M,130,,,
E06000010,Home delivery,2025-08-01/P1M,127,,,
E06000010,Home delivery,2025-09-01/P1M,113,,,
E06000010,Home delivery,2025-10-01/P1M,108,,,
E06000010,Home delivery,2025-11-01/P1M,92,,,
E06000010,Home delivery,2025-12-01/P1M,90,,,
E06000010,Home delivery,2026-01-01/P1M,111,,,
E06000010,Home delivery,2026-02-01/P1M,103,,,
E06000010,Home delivery,2026-03-01/P1M,106,,,
E08000034,Library,2025-04-01/P1M,36343,,,
E08000034,Library,2025-05-01/P1M,40190,,,
E08000034,Library,2025-06-01/P1M,39395,,,
E08000034,Library,2025-07-01/P1M,46076,,,
E08000034,Library,2025-08-01/P1M,39707,,,
E08000034,Library,2025-09-01/P1M,42457,,,
E08000034,Library,2025-10-01/P1M,44268,,,
E08000034,Library,2025-11-01/P1M,40757,,,
E08000034,Library,2025-12-01/P1M,35795,,,
E08000034,Library,2026-01-01/P1M,41834,,,
E08000034,Library,2026-02-01/P1M,41375,,,
E08000034,Library,2026-03-01/P1M,43420,,,
E08000034,Shared building,2025-04-01/P1M,35420,,,
E08000034,Shared building,2025-05-01/P1M,32818,,,
E08000034,Shared building,2025-06-01/P1M,29783,,,
E08000034,Shared building,2025-07-01/P1M,34341,,,
E08000034,Shared building,2025-08-01/P1M,31701,,,
E08000034,Shared building,2025-09-01/P1M,32403,,,
E08000034,Shared building,2025-10-01/P1M,34164,,,
E08000034,Shared building,2025-11-01/P1M,31763,,,
E08000034,Shared building,2025-12-01/P1M,27651,,,
E08000034,Shared building,2026-01-01/P1M,32971,,,
E08000034,Shared building,2026-02-01/P1M,29561,,,
E08000034,Shared building,2026-03-01/P1M,31284,,,
E08000034,Mobile library,2025-04-01/P1Y,0,,,
E08000034,Home delivery,2025-04-01/P1M,823,,,
E08000034,Home delivery,2025-05-01/P1M,816,,,
E08000034,Home delivery,2025-06-01/P1M,809,,,
E08000034,Home delivery,2025-07-01/P1M,813,,,
E08000034,Home delivery,2025-08-01/P1M,804,,,
E08000034,Home delivery,2025-09-01/P1M,818,,,
E08000034,Home delivery,2025-10-01/P1M,832,,,
E08000034,Home delivery,2025-11-01/P1M,834,,,
E08000034,Home delivery,2025-12-01/P1M,833,,,
E08000034,Home delivery,2026-01-01/P1M,820,,,
E08000034,Home delivery,2026-02-01/P1M,823,,,
E08000034,Home delivery,2026-03-01/P1M,812,,,
E08000035,Library,2025-04-01/P1Y,0,,,
E08000035,Shared building,2025-04-01/P1Y,0,,,
E08000035,Mobile library,2025-04-01/P1Y,0,,,
E08000035,Home delivery,2025-04-01/P1Y,0,,,
E10000019,Library,2025-04-01/P1M,83841,,,
E10000019,Library,2025-05-01/P1M,88000,,,
E10000019,Library,2025-06-01/P1M,79120,,,
E10000019,Library,2025-07-01/P1M,93113,,,
E10000019,Library,2025-08-01/P1M,92329,,,
E10000019,Library,2025-09-01/P1M,87953,,,
E10000019,Library,2025-10-01/P1M,95836,,,
E10000019,Library,2025-11-01/P1M,83134,,,
E10000019,Library,2025-12-01/P1M,77933,,,
E10000019,Library,2026-01-01/P1M,87021,,,
E10000019,Library,2026-02-01/P1M,87876,,,
E10000019,Library,2026-03-01/P1M,92707,,,
E10000019,Shared building,2025-04-01/P1Y,0,,,
E10000019,Mobile library,2025-04-01/P1M,6342,,,
E10000019,Mobile library,2025-05-01/P1M,4918,,,
E10000019,Mobile library,2025-06-01/P1M,5168,,,
E10000019,Mobile library,2025-07-01/P1M,6371,,,
E10000019,Mobile library,2025-08-01/P1M,4870,,,
E10000019,Mobile library,2025-09-01/P1M,5816,,,
E10000019,Mobile library,2025-10-01/P1M,6164,,,
E10000019,Mobile library,2025-11-01/P1M,5533,,,
E10000019,Mobile library,2025-12-01/P1M,4667,,,
E10000019,Mobile library,2026-01-01/P1M,5236,,,
E10000019,Mobile library,2026-02-01/P1M,5926,,,
E10000019,Mobile library,2026-03-01/P1M,5593,,,
E10000019,Home delivery,2025-04-01/P1M,541,,,
E10000019,Home delivery,2025-05-01/P1M,514,,,
E10000019,Home delivery,2025-06-01/P1M,563,,,
E10000019,Home delivery,2025-07-01/P1M,615,,,
E10000019,Home delivery,2025-08-01/P1M,533,,,
E10000019,Home delivery,2025-09-01/P1M,640,,,
E10000019,Home delivery,2025-10-01/P1M,566,,,
E10000019,Home delivery,2025-11-01/P1M,545,,,
E10000019,Home delivery,2025-12-01/P1M,604,,,
E10000019,Home delivery,2026-01-01/P1M,551,,,
E10000019,Home delivery,2026-02-01/P1M,560,,,
E10000019,Home delivery,2026-03-01/P1M,540,,,
E08000012,Library,2025-04-01/P1M,34685,,,
E08000012,Library,2025-05-01/P1M,83563,,,
E08000012,Library,2025-06-01/P1M,91852,,,
E08000012,Library,2025-07-01/P1M,103789,,,
E08000012,Library,2025-08-01/P1M,98079,,,
E08000012,Library,2025-09-01/P1M,89286,,,
E08000012,Library,2025-10-01/P1M,103355,,,
E08000012,Library,2025-11-01/P1M,83622,,,
E08000012,Library,2025-12-01/P1M,72738,,,
E08000012,Library,2026-01-01/P1M,88812,,,
E08000012,Library,2026-02-01/P1M,75907,,,
E08000012,Library,2026-03-01/P1M,92443,,,
E08000012,Shared building,2025-04-01/P1Y,0,,,
E08000012,Mobile library,2025-04-01/P1Y,0,,,
E08000012,Home delivery,2025-04-01/P1Y,0,,,
E09000024,Library,2025-04-01/P1M,71986,,,
E09000024,Library,2025-05-01/P1M,76837,,,
E09000024,Library,2025-06-01/P1M,71457,,,
E09000024,Library,2025-07-01/P1M,73612,,,
E09000024,Library,2025-08-01/P1M,66834,,,
E09000024,Library,2025-09-01/P1M,80340,,,
E09000024,Library,2025-10-01/P1M,88795,,,
E09000024,Library,2025-11-01/P1M,78119,,,
E09000024,Library,2025-12-01/P1M,64246,,,
E09000024,Library,2026-01-01/P1M,72333,,,
E09000024,Library,2026-02-01/P1M,68927,,,
E09000024,Library,2026-03-01/P1M,70197,,,
E09000024,Shared building,2025-04-01/P1Y,0,,,
E09000024,Mobile library,2025-04-01/P1Y,0,,,
E09000024,Home delivery,2025-04-01/P1M,129,,,
E09000024,Home delivery,2025-05-01/P1M,118,,,
E09000024,Home delivery,2025-06-01/P1M,119,,,
E09000024,Home delivery,2025-07-01/P1M,120,,,
E09000024,Home delivery,2025-08-01/P1M,118,,,
E09000024,Home delivery,2025-09-01/P1M,119,,,
E09000024,Home delivery,2025-10-01/P1M,126,,,
E09000024,Home delivery,2025-11-01/P1M,128,,,
E09000024,Home delivery,2025-12-01/P1M,118,,,
E09000024,Home delivery,2026-01-01/P1M,118,,,
E09000024,Home delivery,2026-02-01/P1M,145,,,
E09000024,Home delivery,2026-03-01/P1M,118,,,
E06000002,Library,2025-04-01/P1M,21464,,,
E06000002,Library,2025-05-01/P1M,22617,,,
E06000002,Library,2025-06-01/P1M,23174,,,
E06000002,Library,2025-07-01/P1M,24021,,,
E06000002,Library,2025-08-01/P1M,20107,,,
E06000002,Library,2025-09-01/P1M,24462,,,
E06000002,Library,2025-10-01/P1M,33271,,,
E06000002,Library,2025-11-01/P1M,27583,,,
E06000002,Library,2025-12-01/P1M,23103,,,
E06000002,Library,2026-01-01/P1M,22594,,,
E06000002,Library,2026-02-01/P1M,23844,,,
E06000002,Library,2026-03-01/P1M,23998,,,
E06000002,Shared building,2025-04-01/P1Y,0,,,
E06000002,Mobile library,2025-04-01/P1Y,0,,,
E06000002,Home delivery,2025-04-01/P1Y,0,,,
E06000042,Library,2025-04-01/P1M,42717,,,
E06000042,Library,2025-05-01/P1M,44722,,,
E06000042,Library,2025-06-01/P1M,36586,,,
E06000042,Library,2025-07-01/P1M,41377,,,
E06000042,Library,2025-08-01/P1M,42326,,,
E06000042,Library,2025-09-01/P1M,38506,,,
E06000042,Library,2025-10-01/P1M,43765,,,
E06000042,Library,2025-11-01/P1M,37644,,,
E06000042,Library,2025-12-01/P1M,31195,,,
E06000042,Library,2026-01-01/P1M,41178,,,
E06000042,Library,2026-02-01/P1M,39825,,,
E06000042,Library,2026-03-01/P1M,40820,,,
E06000042,Shared building,2025-04-01/P1Y,0,,,
E06000042,Mobile library,2025-04-01/P1Y,0,,,
E06000042,Home delivery,2025-04-01/P1M,68,,,
E06000042,Home delivery,2025-05-01/P1M,65,,,
E06000042,Home delivery,2025-06-01/P1M,68,,,
E06000042,Home delivery,2025-07-01/P1M,68,,,
E06000042,Home delivery,2025-08-01/P1M,64,,,
E06000042,Home delivery,2025-09-01/P1M,68,,,
E06000042,Home delivery,2025-10-01/P1M,62,,,
E06000042,Home delivery,2025-11-01/P1M,67,,,
E06000042,Home delivery,2025-12-01/P1M,62,,,
E06000042,Home delivery,2026-01-01/P1M,67,,,
E06000042,Home delivery,2026-02-01/P1M,60,,,
E06000042,Home delivery,2026-03-01/P1M,67,,,
E08000021,Library,2025-04-01/P1M,47046,,,
E08000021,Library,2025-05-01/P1M,47846,,,
E08000021,Library,2025-06-01/P1M,46418,,,
E08000021,Library,2025-07-01/P1M,50290,,,
E08000021,Library,2025-08-01/P1M,46786,,,
E08000021,Library,2025-09-01/P1M,49313,,,
E08000021,Library,2025-10-01/P1M,54474,,,
E08000021,Library,2025-11-01/P1M,51048,,,
E08000021,Library,2025-12-01/P1M,44696,,,
E08000021,Library,2026-01-01/P1M,45422,,,
E08000021,Library,2026-02-01/P1M,47392,,,
E08000021,Library,2026-03-01/P1M,52190,,,
E08000021,Shared building,2025-04-01/P1Y,0,,,
E08000021,Mobile library,2025-04-01/P1Y,0,,,
E08000021,Home delivery,2025-04-01/P1M,75,,,
E08000021,Home delivery,2025-05-01/P1M,75,,,
E08000021,Home delivery,2025-06-01/P1M,76,,,
E08000021,Home delivery,2025-07-01/P1M,76,,,
E08000021,Home delivery,2025-08-01/P1M,75,,,
E08000021,Home delivery,2025-09-01/P1M,75,,,
E08000021,Home delivery,2025-10-01/P1M,77,,,
E08000021,Home delivery,2025-11-01/P1M,77,,,
E08000021,Home delivery,2025-12-01/P1M,76,,,
E08000021,Home delivery,2026-01-01/P1M,75,,,
E08000021,Home delivery,2026-02-01/P1M,76,,,
E08000021,Home delivery,2026-03-01/P1M,75,,,
E09000025,Library,2025-04-01/P1M,105925,,,
E09000025,Library,2025-05-01/P1M,111741,,,
E09000025,Library,2025-06-01/P1M,103821,,,
E09000025,Library,2025-07-01/P1M,111270,,,
E09000025,Library,2025-08-01/P1M,100082,,,
E09000025,Library,2025-09-01/P1M,109177,,,
E09000025,Library,2025-10-01/P1M,118508,,,
E09000025,Library,2025-11-01/P1M,112074,,,
E09000025,Library,2025-12-01/P1M,96173,,,
E09000025,Library,2026-01-01/P1M,114907,,,
E09000025,Library,2026-02-01/P1M,116373,,,
E09000025,Library,2026-03-01/P1M,120562,,,
E09000025,Shared building,2025-04-01/P1Y,0,,,
E09000025,Mobile library,2025-04-01/P1Y,0,,,
E09000025,Home delivery,2025-04-01/P1Y,0,,,
E06000012,Library,2025-04-01/P1M,9246,,,
E06000012,Library,2025-05-01/P1M,8669,,,
E06000012,Library,2025-06-01/P1M,7851,,,
E06000012,Library,2025-07-01/P1M,8785,,,
E06000012,Library,2025-08-01/P1M,8368,,,
E06000012,Library,2025-09-01/P1M,8354,,,
E06000012,Library,2025-10-01/P1M,9065,,,
E06000012,Library,2025-11-01/P1M,11126,,,
E06000012,Library,2025-12-01/P1M,8390,,,
E06000012,Library,2026-01-01/P1M,11085,,,
E06000012,Library,2026-02-01/P1M,10796,,,
E06000012,Library,2026-03-01/P1M,11548,,,
E06000012,Shared building,2025-04-01/P1Y,0,,,
E06000012,Mobile library,2025-04-01/P1Y,0,,,
E06000012,Home delivery,2025-04-01/P1M,1828,,,
E06000012,Home delivery,2025-05-01/P1M,1268,,,
E06000012,Home delivery,2025-06-01/P1M,1429,,,
E06000012,Home delivery,2025-07-01/P1M,1745,,,
E06000012,Home delivery,2025-08-01/P1M,1701,,,
E06000012,Home delivery,2025-09-01/P1M,1790,,,
E06000012,Home delivery,2025-10-01/P1M,1147,,,
E06000012,Home delivery,2025-11-01/P1M,1375,,,
E06000012,Home delivery,2025-12-01/P1M,855,,,
E06000012,Home delivery,2026-01-01/P1M,971,,,
E06000012,Home delivery,2026-02-01/P1M,1184,,,
E06000012,Home delivery,2026-03-01/P1M,1140,,,
E06000013,Library,2025-04-01/P1M,1866,,,
E06000013,Library,2025-05-01/P1M,1762,,,
E06000013,Library,2025-06-01/P1M,1791,,,
E06000013,Library,2025-07-01/P1M,1993,,,
E06000013,Library,2025-08-01/P1M,1793,,,
E06000013,Library,2025-09-01/P1M,2047,,,
E06000013,Library,2025-10-01/P1M,2204,,,
E06000013,Library,2025-11-01/P1M,1881,,,
E06000013,Library,2025-12-01/P1M,1878,,,
E06000013,Library,2026-01-01/P1M,1973,,,
E06000013,Library,2026-02-01/P1M,1831,,,
E06000013,Library,2026-03-01/P1M,1525,,,
E06000013,Shared building,2025-04-01/P1M,33986,,,
E06000013,Shared building,2025-05-01/P1M,39550,,,
E06000013,Shared building,2025-06-01/P1M,39559,,,
E06000013,Shared building,2025-07-01/P1M,45657,,,
E06000013,Shared building,2025-08-01/P1M,40751,,,
E06000013,Shared building,2025-09-01/P1M,38044,,,
E06000013,Shared building,2025-10-01/P1M,49083,,,
E06000013,Shared building,2025-11-01/P1M,42192,,,
E06000013,Shared building,2025-12-01/P1M,36185,,,
E06000013,Shared building,2026-01-01/P1M,42255,,,
E06000013,Shared building,2026-02-01/P1M,42817,,,
E06000013,Shared building,2026-03-01/P1M,46616,,,
E06000013,Mobile library,2025-04-01/P1M,621,,,
E06000013,Mobile library,2025-05-01/P1M,667,,,
E06000013,Mobile library,2025-06-01/P1M,601,,,
E06000013,Mobile library,2025-07-01/P1M,717,,,
E06000013,Mobile library,2025-08-01/P1M,183,,,
E06000013,Mobile library,2025-09-01/P1M,1025,,,
E06000013,Mobile library,2025-10-01/P1M,613,,,
E06000013,Mobile library,2025-11-01/P1M,875,,,
E06000013,Mobile library,2025-12-01/P1M,546,,,
E06000013,Mobile library,2026-01-01/P1M,799,,,
E06000013,Mobile library,2026-02-01/P1M,625,,,
E06000013,Mobile library,2026-03-01/P1M,109,,,
E06000013,Home delivery,2025-04-01/P1M,29,,,
E06000013,Home delivery,2025-05-01/P1M,35,,,
E06000013,Home delivery,2025-06-01/P1M,34,,,
E06000013,Home delivery,2025-07-01/P1M,18,,,
E06000013,Home delivery,2025-08-01/P1M,18,,,
E06000013,Home delivery,2025-09-01/P1M,16,,,
E06000013,Home delivery,2025-10-01/P1M,19,,,
E06000013,Home delivery,2025-11-01/P1M,12,,,
E06000013,Home delivery,2025-12-01/P1M,19,,,
E06000013,Home delivery,2026-01-01/P1M,18,,,
E06000013,Home delivery,2026-02-01/P1M,14,,,
E06000013,Home delivery,2026-03-01/P1M,22,,,
E06000061,Library,2025-04-01/P1M,29817,,,
E06000061,Library,2025-05-01/P1M,28931,,,
E06000061,Library,2025-06-01/P1M,30003,,,
E06000061,Library,2025-07-01/P1M,28393,,,
E06000061,Library,2025-08-01/P1M,44446,,,
E06000061,Library,2025-09-01/P1M,28717,,,
E06000061,Library,2025-10-01/P1M,24862,,,
E06000061,Library,2025-11-01/P1M,23362,,,
E06000061,Library,2025-12-01/P1M,17938,,,
E06000061,Library,2026-01-01/P1M,24111,,,
E06000061,Library,2026-02-01/P1M,23874,,,
E06000061,Library,2026-03-01/P1M,25214,,,
E06000061,Shared building,2025-04-01/P1M,25038,,,
E06000061,Shared building,2025-05-01/P1M,26444,,,
E06000061,Shared building,2025-06-01/P1M,25999,,,
E06000061,Shared building,2025-07-01/P1M,32345,,,
E06000061,Shared building,2025-08-01/P1M,30059,,,
E06000061,Shared building,2025-09-01/P1M,29865,,,
E06000061,Shared building,2025-10-01/P1M,30850,,,
E06000061,Shared building,2025-11-01/P1M,27442,,,
E06000061,Shared building,2025-12-01/P1M,24759,,,
E06000061,Shared building,2026-01-01/P1M,28026,,,
E06000061,Shared building,2026-02-01/P1M,26891,,,
E06000061,Shared building,2026-03-01/P1M,29746,,,
E06000061,Mobile library,2025-04-01/P1Y,0,,,
E06000061,Home delivery,2025-04-01/P1M,15,,,
E06000061,Home delivery,2025-05-01/P1M,15,,,
E06000061,Home delivery,2025-06-01/P1M,14,,,
E06000061,Home delivery,2025-07-01/P1M,14,,,
E06000061,Home delivery,2025-08-01/P1M,13,,,
E06000061,Home delivery,2025-09-01/P1M,15,,,
E06000061,Home delivery,2025-10-01/P1M,12,,,
E06000061,Home delivery,2025-11-01/P1M,12,,,
E06000061,Home delivery,2025-12-01/P1M,12,,,
E06000061,Home delivery,2026-01-01/P1M,10,,,
E06000061,Home delivery,2026-02-01/P1M,11,,,
E06000061,Home delivery,2026-03-01/P1M,12,,,
E06000024,Library,2025-04-01/P1M,16930,,,
E06000024,Library,2025-05-01/P1M,17271,,,
E06000024,Library,2025-06-01/P1M,16462,,,
E06000024,Library,2025-07-01/P1M,21738,,,
E06000024,Library,2025-08-01/P1M,24613,,,
E06000024,Library,2025-09-01/P1M,20157,,,
E06000024,Library,2025-10-01/P1M,19412,,,
E06000024,Library,2025-11-01/P1M,17942,,,
E06000024,Library,2025-12-01/P1M,15115,,,
E06000024,Library,2026-01-01/P1M,18975,,,
E06000024,Library,2026-02-01/P1M,18151,,,
E06000024,Library,2026-03-01/P1M,18310,,,
E06000024,Shared building,2025-04-01/P1M,14767,,,
E06000024,Shared building,2025-05-01/P1M,18756,,,
E06000024,Shared building,2025-06-01/P1M,17151,,,
E06000024,Shared building,2025-07-01/P1M,21236,,,
E06000024,Shared building,2025-08-01/P1M,17801,,,
E06000024,Shared building,2025-09-01/P1M,20112,,,
E06000024,Shared building,2025-10-01/P1M,20121,,,
E06000024,Shared building,2025-11-01/P1M,17640,,,
E06000024,Shared building,2025-12-01/P1M,13194,,,
E06000024,Shared building,2026-01-01/P1M,11943,,,
E06000024,Shared building,2026-02-01/P1M,16031,,,
E06000024,Shared building,2026-03-01/P1M,20044,,,
E06000024,Mobile library,2025-04-01/P1M,283,,,
E06000024,Mobile library,2025-05-01/P1M,275,,,
E06000024,Mobile library,2025-06-01/P1M,320,,,
E06000024,Mobile library,2025-07-01/P1M,391,,,
E06000024,Mobile library,2025-08-01/P1M,318,,,
E06000024,Mobile library,2025-09-01/P1M,337,,,
E06000024,Mobile library,2025-10-01/P1M,311,,,
E06000024,Mobile library,2025-11-01/P1M,269,,,
E06000024,Mobile library,2025-12-01/P1M,11,,,
E06000024,Mobile library,2026-01-01/P1M,553,,,
E06000024,Mobile library,2026-02-01/P1M,463,,,
E06000024,Mobile library,2026-03-01/P1M,652,,,
E06000024,Home delivery,2025-04-01/P1M,128,,,
E06000024,Home delivery,2025-05-01/P1M,127,,,
E06000024,Home delivery,2025-06-01/P1M,137,,,
E06000024,Home delivery,2025-07-01/P1M,130,,,
E06000024,Home delivery,2025-08-01/P1M,109,,,
E06000024,Home delivery,2025-09-01/P1M,137,,,
E06000024,Home delivery,2025-10-01/P1M,143,,,
E06000024,Home delivery,2025-11-01/P1M,139,,,
E06000024,Home delivery,2025-12-01/P1M,120,,,
E06000024,Home delivery,2026-01-01/P1M,130,,,
E06000024,Home delivery,2026-02-01/P1M,129,,,
E06000024,Home delivery,2026-03-01/P1M,37,,,
E08000022,Library,2025-04-01/P1M,7872,,,
E08000022,Library,2025-05-01/P1M,8784,,,
E08000022,Library,2025-06-01/P1M,7934,,,
E08000022,Library,2025-07-01/P1M,10385,,,
E08000022,Library,2025-08-01/P1M,9086,,,
E08000022,Library,2025-09-01/P1M,8693,,,
E08000022,Library,2025-10-01/P1M,9250,,,
E08000022,Library,2025-11-01/P1M,7874,,,
E08000022,Library,2025-12-01/P1M,6452,,,
E08000022,Library,2026-01-01/P1M,8203,,,
E08000022,Library,2026-02-01/P1M,8089,,,
E08000022,Library,2026-03-01/P1M,9274,,,
E08000022,Shared building,2025-04-01/P1M,82913,,,
E08000022,Shared building,2025-05-01/P1M,90267,,,
E08000022,Shared building,2025-06-01/P1M,90084,,,
E08000022,Shared building,2025-07-01/P1M,10106,,,
E08000022,Shared building,2025-08-01/P1M,84033,,,
E08000022,Shared building,2025-09-01/P1M,94411,,,
E08000022,Shared building,2025-10-01/P1M,91962,,,
E08000022,Shared building,2025-11-01/P1M,87165,,,
E08000022,Shared building,2025-12-01/P1M,81821,,,
E08000022,Shared building,2026-01-01/P1M,86040,,,
E08000022,Shared building,2026-02-01/P1M,85499,,,
E08000022,Shared building,2026-03-01/P1M,102560,,,
E08000022,Mobile library,2025-04-01/P1M,391,,,
E08000022,Mobile library,2025-05-01/P1M,400,,,
E08000022,Mobile library,2025-06-01/P1M,353,,,
E08000022,Mobile library,2025-07-01/P1M,205,,,
E08000022,Mobile library,2025-08-01/P1M,0,,,
E08000022,Mobile library,2025-09-01/P1M,0,,,
E08000022,Mobile library,2025-10-01/P1M,0,,,
E08000022,Mobile library,2025-11-01/P1M,0,,,
E08000022,Mobile library,2025-12-01/P1M,0,,,
E08000022,Mobile library,2026-01-01/P1M,0,,,
E08000022,Mobile library,2026-02-01/P1M,0,,,
E08000022,Mobile library,2026-03-01/P1M,0,,,
E08000022,Home delivery,2025-04-01/P1M,179,,,
E08000022,Home delivery,2025-05-01/P1M,173,,,
E08000022,Home delivery,2025-06-01/P1M,178,,,
E08000022,Home delivery,2025-07-01/P1M,213,,,
E08000022,Home delivery,2025-08-01/P1M,192,,,
E08000022,Home delivery,2025-09-01/P1M,212,,,
E08000022,Home delivery,2025-10-01/P1M,221,,,
E08000022,Home delivery,2025-11-01/P1M,219,,,
E08000022,Home delivery,2025-12-01/P1M,261,,,
E08000022,Home delivery,2026-01-01/P1M,214,,,
E08000022,Home delivery,2026-02-01/P1M,210,,,
E08000022,Home delivery,2026-03-01/P1M,207,,,
E06000065,Library,2025-04-01/P1M,124576,,,
E06000065,Library,2025-05-01/P1M,133929,,,
E06000065,Library,2025-06-01/P1M,127798,,,
E06000065,Library,2025-07-01/P1M,156865,,,
E06000065,Library,2025-08-01/P1M,161207,,,
E06000065,Library,2025-09-01/P1M,140701,,,
E06000065,Library,2025-10-01/P1M,143798,,,
E06000065,Library,2025-11-01/P1M,130245,,,
E06000065,Library,2025-12-01/P1M,102874,,,
E06000065,Library,2026-01-01/P1M,132105,,,
E06000065,Library,2026-02-01/P1M,130250,,,
E06000065,Library,2026-03-01/P1M,137770,,,
E06000065,Shared building,2025-04-01/P1M,24179,,,
E06000065,Shared building,2025-05-01/P1M,26054,,,
E06000065,Shared building,2025-06-01/P1M,23058,,,
E06000065,Shared building,2025-07-01/P1M,20615,,,
E06000065,Shared building,2025-08-01/P1M,28265,,,
E06000065,Shared building,2025-09-01/P1M,22263,,,
E06000065,Shared building,2025-10-01/P1M,24816,,,
E06000065,Shared building,2025-11-01/P1M,24799,,,
E06000065,Shared building,2025-12-01/P1M,23853,,,
E06000065,Shared building,2026-01-01/P1M,21765,,,
E06000065,Shared building,2026-02-01/P1M,22366,,,
E06000065,Shared building,2026-03-01/P1M,25148,,,
E06000065,Mobile library,2025-04-01/P1M,89,,,
E06000065,Mobile library,2025-05-01/P1M,549,,,
E06000065,Mobile library,2025-06-01/P1M,473,,,
E06000065,Mobile library,2025-07-01/P1M,376,,,
E06000065,Mobile library,2025-08-01/P1M,333,,,
E06000065,Mobile library,2025-09-01/P1M,505,,,
E06000065,Mobile library,2025-10-01/P1M,706,,,
E06000065,Mobile library,2025-11-01/P1M,456,,,
E06000065,Mobile library,2025-12-01/P1M,436,,,
E06000065,Mobile library,2026-01-01/P1M,738,,,
E06000065,Mobile library,2026-02-01/P1M,603,,,
E06000065,Mobile library,2026-03-01/P1M,829,,,
E06000065,Home delivery,2025-04-01/P1M,824,,,
E06000065,Home delivery,2025-05-01/P1M,828,,,
E06000065,Home delivery,2025-06-01/P1M,8374,,,
E06000065,Home delivery,2025-07-01/P1M,844,,,
E06000065,Home delivery,2025-08-01/P1M,862,,,
E06000065,Home delivery,2025-09-01/P1M,859,,,
E06000065,Home delivery,2025-10-01/P1M,873,,,
E06000065,Home delivery,2025-11-01/P1M,866,,,
E06000065,Home delivery,2025-12-01/P1M,881,,,
E06000065,Home delivery,2026-01-01/P1M,876,,,
E06000065,Home delivery,2026-02-01/P1M,849,,,
E06000065,Home delivery,2026-03-01/P1M,854,,,
E06000057,Library,2025-04-01/P1Y,0,,,
E06000057,Shared building,2025-04-01/P1Y,0,,,
E06000057,Mobile library,2025-04-01/P1Y,0,,,
E06000057,Home delivery,2025-04-01/P1Y,0,,,
E06000018,Library,2025-04-01/P1M,45616,,,
E06000018,Library,2025-05-01/P1M,42419,,,
E06000018,Library,2025-06-01/P1M,35444,,,
E06000018,Library,2025-07-01/P1M,41131,,,
E06000018,Library,2025-08-01/P1M,36890,,,
E06000018,Library,2025-09-01/P1M,38196,,,
E06000018,Library,2025-10-01/P1M,41508,,,
E06000018,Library,2025-11-01/P1M,38204,,,
E06000018,Library,2025-12-01/P1M,32015,,,
E06000018,Library,2026-01-01/P1M,38258,,,
E06000018,Library,2026-02-01/P1M,40979,,,
E06000018,Library,2026-03-01/P1M,41952,,,
E06000018,Shared building,2025-04-01/P1M,14092,,,
E06000018,Shared building,2025-05-01/P1M,13509,,,
E06000018,Shared building,2025-06-01/P1M,11029,,,
E06000018,Shared building,2025-07-01/P1M,12069,,,
E06000018,Shared building,2025-08-01/P1M,11509,,,
E06000018,Shared building,2025-09-01/P1M,11239,,,
E06000018,Shared building,2025-10-01/P1M,11643,,,
E06000018,Shared building,2025-11-01/P1M,11618,,,
E06000018,Shared building,2025-12-01/P1M,10425,,,
E06000018,Shared building,2026-01-01/P1M,12223,,,
E06000018,Shared building,2026-02-01/P1M,13653,,,
E06000018,Shared building,2026-03-01/P1M,11976,,,
E06000018,Mobile library,2025-04-01/P1Y,0,,,
E06000018,Home delivery,2025-04-01/P1Y,0,,,
E10000024,Library,2025-04-01/P1M,150788,,,
E10000024,Library,2025-05-01/P1M,158871,,,
E10000024,Library,2025-06-01/P1M,145439,,,
E10000024,Library,2025-07-01/P1M,165846,,,
E10000024,Library,2025-08-01/P1M,158599,,,
E10000024,Library,2025-09-01/P1M,158536,,,
E10000024,Library,2025-10-01/P1M,160124,,,
E10000024,Library,2025-11-01/P1M,160945,,,
E10000024,Library,2025-12-01/P1M,119515,,,
E10000024,Library,2026-01-01/P1M,157252,,,
E10000024,Library,2026-02-01/P1M,153732,,,
E10000024,Library,2026-03-01/P1M,164578,,,
E10000024,Shared building,2025-04-01/P1Y,0,,,
E10000024,Mobile library,2025-04-01/P1M,2506,,,
E10000024,Mobile library,2025-05-01/P1M,2406,,,
E10000024,Mobile library,2025-06-01/P1M,2250,,,
E10000024,Mobile library,2025-07-01/P1M,2456,,,
E10000024,Mobile library,2025-08-01/P1M,2157,,,
E10000024,Mobile library,2025-09-01/P1M,1934,,,
E10000024,Mobile library,2025-10-01/P1M,2127,,,
E10000024,Mobile library,2025-11-01/P1M,1816,,,
E10000024,Mobile library,2025-12-01/P1M,2533,,,
E10000024,Mobile library,2026-01-01/P1M,2121,,,
E10000024,Mobile library,2026-02-01/P1M,1596,,,
E10000024,Mobile library,2026-03-01/P1M,1476,,,
E10000024,Home delivery,2025-04-01/P1Y,0,,,
E08000004,Library,2025-04-01/P1M,14182,,,
E08000004,Library,2025-05-01/P1M,13081,,,
E08000004,Library,2025-06-01/P1M,12490,,,
E08000004,Library,2025-07-01/P1M,16097,,,
E08000004,Library,2025-08-01/P1M,16331,,,
E08000004,Library,2025-09-01/P1M,14597,,,
E08000004,Library,2025-10-01/P1M,16350,,,
E08000004,Library,2025-11-01/P1M,14659,,,
E08000004,Library,2025-12-01/P1M,11835,,,
E08000004,Library,2026-01-01/P1M,14487,,,
E08000004,Library,2026-02-01/P1M,13355,,,
E08000004,Library,2026-03-01/P1M,14973,,,
E08000004,Shared building,2025-04-01/P1M,54977,,,
E08000004,Shared building,2025-05-01/P1M,57180,,,
E08000004,Shared building,2025-06-01/P1M,53505,,,
E08000004,Shared building,2025-07-01/P1M,58984,,,
E08000004,Shared building,2025-08-01/P1M,47675,,,
E08000004,Shared building,2025-09-01/P1M,56025,,,
E08000004,Shared building,2025-10-01/P1M,60277,,,
E08000004,Shared building,2025-11-01/P1M,59413,,,
E08000004,Shared building,2025-12-01/P1M,47923,,,
E08000004,Shared building,2026-01-01/P1M,65386,,,
E08000004,Shared building,2026-02-01/P1M,58994,,,
E08000004,Shared building,2026-03-01/P1M,62100,,,
E08000004,Mobile library,2025-04-01/P1Y,0,,,
E08000004,Home delivery,2025-04-01/P1M,3,,,
E08000004,Home delivery,2025-05-01/P1M,3,,,
E08000004,Home delivery,2025-06-01/P1M,3,,,
E08000004,Home delivery,2025-07-01/P1M,4,,,
E08000004,Home delivery,2025-08-01/P1M,3,,,
E08000004,Home delivery,2025-09-01/P1M,4,,,
E08000004,Home delivery,2025-10-01/P1M,2,,,
E08000004,Home delivery,2025-11-01/P1M,4,,,
E08000004,Home delivery,2025-12-01/P1M,4,,,
E08000004,Home delivery,2026-01-01/P1M,4,,,
E08000004,Home delivery,2026-02-01/P1M,5,,,
E08000004,Home delivery,2026-03-01/P1M,5,,,
E10000025,Library,2025-04-01/P1M,164157,,,
E10000025,Library,2025-05-01/P1M,169035,,,
E10000025,Library,2025-06-01/P1M,157336,,,
E10000025,Library,2025-07-01/P1M,189868,,,
E10000025,Library,2025-08-01/P1M,170105,,,
E10000025,Library,2025-09-01/P1M,167681,,,
E10000025,Library,2025-10-01/P1M,180669,,,
E10000025,Library,2025-11-01/P1M,164368,,,
E10000025,Library,2025-12-01/P1M,149231,,,
E10000025,Library,2026-01-01/P1M,181460,,,
E10000025,Library,2026-02-01/P1M,178268,,,
E10000025,Library,2026-03-01/P1M,184143,,,
E10000025,Shared building,2025-04-01/P1Y,0,,,
E10000025,Mobile library,2025-04-01/P1Y,0,,,
E10000025,Home delivery,2025-04-01/P1M,1242,,,
E10000025,Home delivery,2025-05-01/P1M,1242,,,
E10000025,Home delivery,2025-06-01/P1M,1242,,,
E10000025,Home delivery,2025-07-01/P1M,1242,,,
E10000025,Home delivery,2025-08-01/P1M,1242,,,
E10000025,Home delivery,2025-09-01/P1M,1242,,,
E10000025,Home delivery,2025-10-01/P1M,1242,,,
E10000025,Home delivery,2025-11-01/P1M,1242,,,
E10000025,Home delivery,2025-12-01/P1M,1242,,,
E10000025,Home delivery,2026-01-01/P1M,1242,,,
E10000025,Home delivery,2026-02-01/P1M,1242,,,
E10000025,Home delivery,2026-03-01/P1M,1242,,,
E06000031,Library,2025-04-01/P1M,13658,,,
E06000031,Library,2025-05-01/P1M,14179,,,
E06000031,Library,2025-06-01/P1M,13458,,,
E06000031,Library,2025-07-01/P1M,13962,,,
E06000031,Library,2025-08-01/P1M,13557,,,
E06000031,Library,2025-09-01/P1M,13654,,,
E06000031,Library,2025-10-01/P1M,14118,,,
E06000031,Library,2025-11-01/P1M,12912,,,
E06000031,Library,2025-12-01/P1M,9385,,,
E06000031,Library,2026-01-01/P1M,13097,,,
E06000031,Library,2026-02-01/P1M,13166,,,
E06000031,Library,2026-03-01/P1M,13662,,,
E06000031,Shared building,2025-04-01/P1Y,0,,,
E06000031,Mobile library,2025-04-01/P1M,234,,,
E06000031,Mobile library,2025-05-01/P1M,265,,,
E06000031,Mobile library,2025-06-01/P1M,252,,,
E06000031,Mobile library,2025-07-01/P1M,295,,,
E06000031,Mobile library,2025-08-01/P1M,183,,,
E06000031,Mobile library,2025-09-01/P1M,269,,,
E06000031,Mobile library,2025-10-01/P1M,296,,,
E06000031,Mobile library,2025-11-01/P1M,237,,,
E06000031,Mobile library,2025-12-01/P1M,76,,,
E06000031,Mobile library,2026-01-01/P1M,236,,,
E06000031,Mobile library,2026-02-01/P1M,190,,,
E06000031,Mobile library,2026-03-01/P1M,272,,,
E06000031,Home delivery,2025-04-01/P1Y,0,,,
E06000044,Library,2025-04-01/P1M,42213,,,
E06000044,Library,2025-05-01/P1M,46245,,,
E06000044,Library,2025-06-01/P1M,45397,,,
E06000044,Library,2025-07-01/P1M,55649,,,
E06000044,Library,2025-08-01/P1M,51065,,,
E06000044,Library,2025-09-01/P1M,49237,,,
E06000044,Library,2025-10-01/P1M,49379,,,
E06000044,Library,2025-11-01/P1M,46687,,,
E06000044,Library,2025-12-01/P1M,43385,,,
E06000044,Library,2026-01-01/P1M,46458,,,
E06000044,Library,2026-02-01/P1M,52586,,,
E06000044,Library,2026-03-01/P1M,57509,,,
E06000044,Shared building,2025-04-01/P1Y,0,,,
E06000044,Mobile library,2025-04-01/P1M,507,,,
E06000044,Mobile library,2025-05-01/P1M,249,,,
E06000044,Mobile library,2025-06-01/P1M,1066,,,
E06000044,Mobile library,2025-07-01/P1M,1800,,,
E06000044,Mobile library,2025-08-01/P1M,1272,,,
E06000044,Mobile library,2025-09-01/P1M,1341,,,
E06000044,Mobile library,2025-10-01/P1M,464,,,
E06000044,Mobile library,2025-11-01/P1M,496,,,
E06000044,Mobile library,2025-12-01/P1M,247,,,
E06000044,Mobile library,2026-01-01/P1M,404,,,
E06000044,Mobile library,2026-02-01/P1M,506,,,
E06000044,Mobile library,2026-03-01/P1M,491,,,
E06000044,Home delivery,2025-04-01/P1M,98,,,
E06000044,Home delivery,2025-05-01/P1M,98,,,
E06000044,Home delivery,2025-06-01/P1M,98,,,
E06000044,Home delivery,2025-07-01/P1M,59,,,
E06000044,Home delivery,2025-08-01/P1M,59,,,
E06000044,Home delivery,2025-09-01/P1M,59,,,
E06000044,Home delivery,2025-10-01/P1M,54,,,
E06000044,Home delivery,2025-11-01/P1M,54,,,
E06000044,Home delivery,2025-12-01/P1M,54,,,
E06000044,Home delivery,2026-01-01/P1M,56,,,
E06000044,Home delivery,2026-02-01/P1M,56,,,
E06000044,Home delivery,2026-03-01/P1M,56,,,
E06000038,Library,2025-04-01/P1M,21648,,,
E06000038,Library,2025-05-01/P1M,24057,,,
E06000038,Library,2025-06-01/P1M,22697,,,
E06000038,Library,2025-07-01/P1M,26142,,,
E06000038,Library,2025-08-01/P1M,25415,,,
E06000038,Library,2025-09-01/P1M,25598,,,
E06000038,Library,2025-10-01/P1M,19073,,,
E06000038,Library,2025-11-01/P1M,21895,,,
E06000038,Library,2025-12-01/P1M,19083,,,
E06000038,Library,2026-01-01/P1M,21813,,,
E06000038,Library,2026-02-01/P1M,19982,,,
E06000038,Library,2026-03-01/P1M,22972,,,
E06000038,Shared building,2025-04-01/P1M,2473,,,
E06000038,Shared building,2025-05-01/P1M,2636,,,
E06000038,Shared building,2025-06-01/P1M,2237,,,
E06000038,Shared building,2025-07-01/P1M,3329,,,
E06000038,Shared building,2025-08-01/P1M,3424,,,
E06000038,Shared building,2025-09-01/P1M,3519,,,
E06000038,Shared building,2025-10-01/P1M,3628,,,
E06000038,Shared building,2025-11-01/P1M,2995,,,
E06000038,Shared building,2025-12-01/P1M,2636,,,
E06000038,Shared building,2026-01-01/P1M,2809,,,
E06000038,Shared building,2026-02-01/P1M,2378,,,
E06000038,Shared building,2026-03-01/P1M,3302,,,
E06000038,Mobile library,2025-04-01/P1Y,0,,,
E06000038,Home delivery,2025-04-01/P1M,133,,,
E06000038,Home delivery,2025-05-01/P1M,138,,,
E06000038,Home delivery,2025-06-01/P1M,138,,,
E06000038,Home delivery,2025-07-01/P1M,156,,,
E06000038,Home delivery,2025-08-01/P1M,133,,,
E06000038,Home delivery,2025-09-01/P1M,144,,,
E06000038,Home delivery,2025-10-01/P1M,140,,,
E06000038,Home delivery,2025-11-01/P1M,148,,,
E06000038,Home delivery,2025-12-01/P1M,156,,,
E06000038,Home delivery,2026-01-01/P1M,161,,,
E06000038,Home delivery,2026-02-01/P1M,137,,,
E06000038,Home delivery,2026-03-01/P1M,129,,,
E09000027,Library,2025-04-01/P1M,83186,,,
E09000027,Library,2025-05-01/P1M,85662,,,
E09000027,Library,2025-06-01/P1M,77442,,,
E09000027,Library,2025-07-01/P1M,82249,,,
E09000027,Library,2025-08-01/P1M,77270,,,
E09000027,Library,2025-09-01/P1M,83206,,,
E09000027,Library,2025-10-01/P1M,86010,,,
E09000027,Library,2025-11-01/P1M,81861,,,
E09000027,Library,2025-12-01/P1M,70385,,,
E09000027,Library,2026-01-01/P1M,85896,,,
E09000027,Library,2026-02-01/P1M,79057,,,
E09000027,Library,2026-03-01/P1M,84503,,,
E09000027,Shared building,2025-04-01/P1Y,0,,,
E09000027,Mobile library,2025-04-01/P1Y,0,,,
E09000027,Home delivery,2025-04-01/P1M,71,,,
E09000027,Home delivery,2025-05-01/P1M,71,,,
E09000027,Home delivery,2025-06-01/P1M,71,,,
E09000027,Home delivery,2025-07-01/P1M,71,,,
E09000027,Home delivery,2025-08-01/P1M,71,,,
E09000027,Home delivery,2025-09-01/P1M,71,,,
E09000027,Home delivery,2025-10-01/P1M,71,,,
E09000027,Home delivery,2025-11-01/P1M,71,,,
E09000027,Home delivery,2025-12-01/P1M,71,,,
E09000027,Home delivery,2026-01-01/P1M,71,,,
E09000027,Home delivery,2026-02-01/P1M,71,,,
E09000027,Home delivery,2026-03-01/P1M,71,,,
E08000018,Library,2025-04-01/P1M,12311,,,
E08000018,Library,2025-05-01/P1M,10325,,,
E08000018,Library,2025-06-01/P1M,9763,,,
E08000018,Library,2025-07-01/P1M,10153,,,
E08000018,Library,2025-08-01/P1M,9574,,,
E08000018,Library,2025-09-01/P1M,9964,,,
E08000018,Library,2025-10-01/P1M,7370,,,
E08000018,Library,2025-11-01/P1M,9374,,,
E08000018,Library,2025-12-01/P1M,6006,,,
E08000018,Library,2026-01-01/P1M,8817,,,
E08000018,Library,2026-02-01/P1M,8758,,,
E08000018,Library,2026-03-01/P1M,2234,,,
E08000018,Shared building,2025-04-01/P1M,16188,,,
E08000018,Shared building,2025-05-01/P1M,17229,,,
E08000018,Shared building,2025-06-01/P1M,17600,,,
E08000018,Shared building,2025-07-01/P1M,20221,,,
E08000018,Shared building,2025-08-01/P1M,10901,,,
E08000018,Shared building,2025-09-01/P1M,17805,,,
E08000018,Shared building,2025-10-01/P1M,12737,,,
E08000018,Shared building,2025-11-01/P1M,21709,,,
E08000018,Shared building,2025-12-01/P1M,15380,,,
E08000018,Shared building,2026-01-01/P1M,20881,,,
E08000018,Shared building,2026-02-01/P1M,22333,,,
E08000018,Shared building,2026-03-01/P1M,5880,,,
E08000018,Mobile library,2025-04-01/P1Y,0,,,
E08000018,Home delivery,2025-04-01/P1M,297,,,
E08000018,Home delivery,2025-05-01/P1M,301,,,
E08000018,Home delivery,2025-06-01/P1M,222,,,
E08000018,Home delivery,2025-07-01/P1M,297,,,
E08000018,Home delivery,2025-08-01/P1M,301,,,
E08000018,Home delivery,2025-09-01/P1M,365,,,
E08000018,Home delivery,2025-10-01/P1M,301,,,
E08000018,Home delivery,2025-11-01/P1M,290,,,
E08000018,Home delivery,2025-12-01/P1M,222,,,
E08000018,Home delivery,2026-01-01/P1M,290,,,
E08000018,Home delivery,2026-02-01/P1M,297,,,
E08000018,Home delivery,2026-03-01/P1M,369,,,
E08000028,Library,2025-04-01/P1M,31723,,,
E08000028,Library,2025-05-01/P1M,32282,,,
E08000028,Library,2025-06-01/P1M,32224,,,
E08000028,Library,2025-07-01/P1M,39464,,,
E08000028,Library,2025-08-01/P1M,33871,,,
E08000028,Library,2025-09-01/P1M,33984,,,
E08000028,Library,2025-10-01/P1M,38467,,,
E08000028,Library,2025-11-01/P1M,34465,,,
E08000028,Library,2025-12-01/P1M,29950,,,
E08000028,Library,2026-01-01/P1M,33338,,,
E08000028,Library,2026-02-01/P1M,37578,,,
E08000028,Library,2026-03-01/P1M,44193,,,
E08000028,Shared building,2025-04-01/P1M,22366,,,
E08000028,Shared building,2025-05-01/P1M,23343,,,
E08000028,Shared building,2025-06-01/P1M,24872,,,
E08000028,Shared building,2025-07-01/P1M,27342,,,
E08000028,Shared building,2025-08-01/P1M,25269,,,
E08000028,Shared building,2025-09-01/P1M,24455,,,
E08000028,Shared building,2025-10-01/P1M,25341,,,
E08000028,Shared building,2025-11-01/P1M,24279,,,
E08000028,Shared building,2025-12-01/P1M,20896,,,
E08000028,Shared building,2026-01-01/P1M,24209,,,
E08000028,Shared building,2026-02-01/P1M,26505,,,
E08000028,Shared building,2026-03-01/P1M,28489,,,
E08000028,Mobile library,2025-04-01/P1M,2671,,,
E08000028,Mobile library,2025-05-01/P1M,3733,,,
E08000028,Mobile library,2025-06-01/P1M,3504,,,
E08000028,Mobile library,2025-07-01/P1M,3908,,,
E08000028,Mobile library,2025-08-01/P1M,2823,,,
E08000028,Mobile library,2025-09-01/P1M,3172,,,
E08000028,Mobile library,2025-10-01/P1M,2990,,,
E08000028,Mobile library,2025-11-01/P1M,2393,,,
E08000028,Mobile library,2025-12-01/P1M,2271,,,
E08000028,Mobile library,2026-01-01/P1M,2692,,,
E08000028,Mobile library,2026-02-01/P1M,1799,,,
E08000028,Mobile library,2026-03-01/P1M,3784,,,
E08000028,Home delivery,2025-04-01/P1M,3277,,,
E08000028,Home delivery,2025-05-01/P1M,2836,,,
E08000028,Home delivery,2025-06-01/P1M,3844,,,
E08000028,Home delivery,2025-07-01/P1M,5326,,,
E08000028,Home delivery,2025-08-01/P1M,3632,,,
E08000028,Home delivery,2025-09-01/P1M,3938,,,
E08000028,Home delivery,2025-10-01/P1M,3845,,,
E08000028,Home delivery,2025-11-01/P1M,3026,,,
E08000028,Home delivery,2025-12-01/P1M,2718,,,
E08000028,Home delivery,2026-01-01/P1M,3363,,,
E08000028,Home delivery,2026-02-01/P1M,2584,,,
E08000028,Home delivery,2026-03-01/P1M,2718,,,
E08000014,Library,2025-04-01/P1M,17203,,,
E08000014,Library,2025-05-01/P1M,16614,,,
E08000014,Library,2025-06-01/P1M,16810,,,
E08000014,Library,2025-07-01/P1M,20468,,,
E08000014,Library,2025-08-01/P1M,20288,,,
E08000014,Library,2025-09-01/P1M,19386,,,
E08000014,Library,2025-10-01/P1M,19210,,,
E08000014,Library,2025-11-01/P1M,16695,,,
E08000014,Library,2025-12-01/P1M,12368,,,
E08000014,Library,2026-01-01/P1M,19019,,,
E08000014,Library,2026-02-01/P1M,18299,,,
E08000014,Library,2026-03-01/P1M,17037,,,
E08000014,Shared building,2025-04-01/P1M,27069,,,
E08000014,Shared building,2025-05-01/P1M,26510,,,
E08000014,Shared building,2025-06-01/P1M,28544,,,
E08000014,Shared building,2025-07-01/P1M,38421,,,
E08000014,Shared building,2025-08-01/P1M,33662,,,
E08000014,Shared building,2025-09-01/P1M,29682,,,
E08000014,Shared building,2025-10-01/P1M,31389,,,
E08000014,Shared building,2025-11-01/P1M,26109,,,
E08000014,Shared building,2025-12-01/P1M,20171,,,
E08000014,Shared building,2026-01-01/P1M,26793,,,
E08000014,Shared building,2026-02-01/P1M,27939,,,
E08000014,Shared building,2026-03-01/P1M,29004,,,
E08000014,Mobile library,2025-04-01/P1Y,0,,,
E08000014,Home delivery,2025-04-01/P1Y,0,,,
E08000019,Library,2025-04-01/P1M,26912,,,
E08000019,Library,2025-05-01/P1M,27366,,,
E08000019,Library,2025-06-01/P1M,26832,,,
E08000019,Library,2025-07-01/P1M,28172,,,
E08000019,Library,2025-08-01/P1M,27555,,,
E08000019,Library,2025-09-01/P1M,31747,,,
E08000019,Library,2025-10-01/P1M,32069,,,
E08000019,Library,2025-11-01/P1M,30416,,,
E08000019,Library,2025-12-01/P1M,26940,,,
E08000019,Library,2026-01-01/P1M,29678,,,
E08000019,Library,2026-02-01/P1M,28108,,,
E08000019,Library,2026-03-01/P1M,32920,,,
E08000019,Shared building,2025-04-01/P1M,54509,,,
E08000019,Shared building,2025-05-01/P1M,54930,,,
E08000019,Shared building,2025-06-01/P1M,48847,,,
E08000019,Shared building,2025-07-01/P1M,55679,,,
E08000019,Shared building,2025-08-01/P1M,25998,,,
E08000019,Shared building,2025-09-01/P1M,46462,,,
E08000019,Shared building,2025-10-01/P1M,52815,,,
E08000019,Shared building,2025-11-01/P1M,44386,,,
E08000019,Shared building,2025-12-01/P1M,35105,,,
E08000019,Shared building,2026-01-01/P1M,52684,,,
E08000019,Shared building,2026-02-01/P1M,51457,,,
E08000019,Shared building,2026-03-01/P1M,53141,,,
E08000019,Mobile library,2025-04-01/P1Y,0,,,
E08000019,Home delivery,2025-04-01/P1M,1832,,,
E08000019,Home delivery,2025-05-01/P1M,1495,,,
E08000019,Home delivery,2025-06-01/P1M,2016,,,
E08000019,Home delivery,2025-07-01/P1M,1900,,,
E08000019,Home delivery,2025-08-01/P1M,1867,,,
E08000019,Home delivery,2025-09-01/P1M,1688,,,
E08000019,Home delivery,2025-10-01/P1M,1925,,,
E08000019,Home delivery,2025-11-01/P1M,2062,,,
E08000019,Home delivery,2025-12-01/P1M,1581,,,
E08000019,Home delivery,2026-01-01/P1M,1652,,,
E08000019,Home delivery,2026-02-01/P1M,1754,,,
E08000019,Home delivery,2026-03-01/P1M,1826,,,
E06000051,Library,2025-04-01/P1M,22204,,,
E06000051,Library,2025-05-01/P1M,24970,,,
E06000051,Library,2025-06-01/P1M,22124,,,
E06000051,Library,2025-07-01/P1M,26460,,,
E06000051,Library,2025-08-01/P1M,25929,,,
E06000051,Library,2025-09-01/P1M,23880,,,
E06000051,Library,2025-10-01/P1M,23707,,,
E06000051,Library,2025-11-01/P1M,22670,,,
E06000051,Library,2025-12-01/P1M,17714,,,
E06000051,Library,2026-01-01/P1M,24618,,,
E06000051,Library,2026-02-01/P1M,23419,,,
E06000051,Library,2026-03-01/P1M,26490,,,
E06000051,Shared building,2025-04-01/P1M,32290,,,
E06000051,Shared building,2025-05-01/P1M,32122,,,
E06000051,Shared building,2025-06-01/P1M,34140,,,
E06000051,Shared building,2025-07-01/P1M,36659,,,
E06000051,Shared building,2025-08-01/P1M,36659,,,
E06000051,Shared building,2025-09-01/P1M,31262,,,
E06000051,Shared building,2025-10-01/P1M,32651,,,
E06000051,Shared building,2025-11-01/P1M,26284,,,
E06000051,Shared building,2025-12-01/P1M,22328,,,
E06000051,Shared building,2026-01-01/P1M,26538,,,
E06000051,Shared building,2026-02-01/P1M,30521,,,
E06000051,Shared building,2026-03-01/P1M,31593,,,
E06000051,Mobile library,2025-04-01/P1M,0,,,
E06000051,Mobile library,2025-05-01/P1M,0,,,
E06000051,Mobile library,2025-06-01/P1M,0,,,
E06000051,Mobile library,2025-07-01/P1M,0,,,
E06000051,Mobile library,2025-08-01/P1M,0,,,
E06000051,Mobile library,2025-09-01/P1M,0,,,
E06000051,Mobile library,2025-10-01/P1M,1370,,,
E06000051,Mobile library,2025-11-01/P1M,1260,,,
E06000051,Mobile library,2025-12-01/P1M,868,,,
E06000051,Mobile library,2026-01-01/P1M,1262,,,
E06000051,Mobile library,2026-02-01/P1M,1196,,,
E06000051,Mobile library,2026-03-01/P1M,1258,,,
E06000051,Home delivery,2025-04-01/P1M,131,,,
E06000051,Home delivery,2025-05-01/P1M,131,,,
E06000051,Home delivery,2025-06-01/P1M,131,,,
E06000051,Home delivery,2025-07-01/P1M,131,,,
E06000051,Home delivery,2025-08-01/P1M,131,,,
E06000051,Home delivery,2025-09-01/P1M,131,,,
E06000051,Home delivery,2025-10-01/P1M,131,,,
E06000051,Home delivery,2025-11-01/P1M,131,,,
E06000051,Home delivery,2025-12-01/P1M,131,,,
E06000051,Home delivery,2026-01-01/P1M,131,,,
E06000051,Home delivery,2026-02-01/P1M,131,,,
E06000051,Home delivery,2026-03-01/P1M,131,,,
E06000039,Library,2025-04-01/P1M,5775,,,
E06000039,Library,2025-05-01/P1M,5586,,,
E06000039,Library,2025-06-01/P1M,5722,,,
E06000039,Library,2025-07-01/P1M,7009,,,
E06000039,Library,2025-08-01/P1M,5967,,,
E06000039,Library,2025-09-01/P1M,6714,,,
E06000039,Library,2025-10-01/P1M,6448,,,
E06000039,Library,2025-11-01/P1M,5680,,,
E06000039,Library,2025-12-01/P1M,5632,,,
E06000039,Library,2026-01-01/P1M,5558,,,
E06000039,Library,2026-02-01/P1M,5410,,,
E06000039,Library,2026-03-01/P1M,6343,,,
E06000039,Shared building,2025-04-01/P1M,23813,,,
E06000039,Shared building,2025-05-01/P1M,25378,,,
E06000039,Shared building,2025-06-01/P1M,22472,,,
E06000039,Shared building,2025-07-01/P1M,25091,,,
E06000039,Shared building,2025-08-01/P1M,21599,,,
E06000039,Shared building,2025-09-01/P1M,23416,,,
E06000039,Shared building,2025-10-01/P1M,24746,,,
E06000039,Shared building,2025-11-01/P1M,20683,,,
E06000039,Shared building,2025-12-01/P1M,20321,,,
E06000039,Shared building,2026-01-01/P1M,22088,,,
E06000039,Shared building,2026-02-01/P1M,21463,,,
E06000039,Shared building,2026-03-01/P1M,25452,,,
E06000039,Mobile library,2025-04-01/P1Y,0,,,
E06000039,Home delivery,2025-04-01/P1Y,0,,,
E06000066,Library,2025-04-01/P1M,79385,,,
E06000066,Library,2025-05-01/P1M,85186,,,
E06000066,Library,2025-06-01/P1M,78312,,,
E06000066,Library,2025-07-01/P1M,96327,,,
E06000066,Library,2025-08-01/P1M,96790,,,
E06000066,Library,2025-09-01/P1M,89752,,,
E06000066,Library,2025-10-01/P1M,91798,,,
E06000066,Library,2025-11-01/P1M,77354,,,
E06000066,Library,2025-12-01/P1M,68787,,,
E06000066,Library,2026-01-01/P1M,78633,,,
E06000066,Library,2026-02-01/P1M,78151,,,
E06000066,Library,2026-03-01/P1M,80807,,,
E06000066,Shared building,2025-04-01/P1Y,0,,,
E06000066,Mobile library,2025-04-01/P1M,2176,,,
E06000066,Mobile library,2025-05-01/P1M,2171,,,
E06000066,Mobile library,2025-06-01/P1M,2116,,,
E06000066,Mobile library,2025-07-01/P1M,1812,,,
E06000066,Mobile library,2025-08-01/P1M,1884,,,
E06000066,Mobile library,2025-09-01/P1M,2032,,,
E06000066,Mobile library,2025-10-01/P1M,1285,,,
E06000066,Mobile library,2025-11-01/P1M,1499,,,
E06000066,Mobile library,2025-12-01/P1M,277,,,
E06000066,Mobile library,2026-01-01/P1M,1710,,,
E06000066,Mobile library,2026-02-01/P1M,1774,,,
E06000066,Mobile library,2026-03-01/P1M,1240,,,
E06000066,Home delivery,2025-04-01/P1M,320,,,
E06000066,Home delivery,2025-05-01/P1M,320,,,
E06000066,Home delivery,2025-06-01/P1M,320,,,
E06000066,Home delivery,2025-07-01/P1M,320,,,
E06000066,Home delivery,2025-08-01/P1M,320,,,
E06000066,Home delivery,2025-09-01/P1M,320,,,
E06000066,Home delivery,2025-10-01/P1M,320,,,
E06000066,Home delivery,2025-11-01/P1M,320,,,
E06000066,Home delivery,2025-12-01/P1M,320,,,
E06000066,Home delivery,2026-01-01/P1M,320,,,
E06000066,Home delivery,2026-02-01/P1M,320,,,
E06000066,Home delivery,2026-03-01/P1M,320,,,
E06000025,Library,2025-04-01/P1M,44369,,,
E06000025,Library,2025-05-01/P1M,45609,,,
E06000025,Library,2025-06-01/P1M,47225,,,
E06000025,Library,2025-07-01/P1M,52979,,,
E06000025,Library,2025-08-01/P1M,51599,,,
E06000025,Library,2025-09-01/P1M,47200,,,
E06000025,Library,2025-10-01/P1M,50679,,,
E06000025,Library,2025-11-01/P1M,45325,,,
E06000025,Library,2025-12-01/P1M,39809,,,
E06000025,Library,2026-01-01/P1M,46233,,,
E06000025,Library,2026-02-01/P1M,53729,,,
E06000025,Library,2026-03-01/P1M,49658,,,
E06000025,Shared building,2025-04-01/P1Y,0,,,
E06000025,Mobile library,2025-04-01/P1Y,0,,,
E06000025,Home delivery,2025-04-01/P1Y,1032,,,
E08000023,Library,2025-04-01/P1M,21588,,,
E08000023,Library,2025-05-01/P1M,22621,,,
E08000023,Library,2025-06-01/P1M,19873,,,
E08000023,Library,2025-07-01/P1M,23853,,,
E08000023,Library,2025-08-01/P1M,26291,,,
E08000023,Library,2025-09-01/P1M,21360,,,
E08000023,Library,2025-10-01/P1M,24424,,,
E08000023,Library,2025-11-01/P1M,21775,,,
E08000023,Library,2025-12-01/P1M,19232,,,
E08000023,Library,2026-01-01/P1M,18821,,,
E08000023,Library,2026-02-01/P1M,19909,,,
E08000023,Library,2026-03-01/P1M,17958,,,
E08000023,Shared building,2025-04-01/P1M,3287,,,
E08000023,Shared building,2025-05-01/P1M,3287,,,
E08000023,Shared building,2025-06-01/P1M,3287,,,
E08000023,Shared building,2025-07-01/P1M,3287,,,
E08000023,Shared building,2025-08-01/P1M,3287,,,
E08000023,Shared building,2025-09-01/P1M,3287,,,
E08000023,Shared building,2025-10-01/P1M,3287,,,
E08000023,Shared building,2025-11-01/P1M,3287,,,
E08000023,Shared building,2025-12-01/P1M,3287,,,
E08000023,Shared building,2026-01-01/P1M,3287,,,
E08000023,Shared building,2026-02-01/P1M,3287,,,
E08000023,Shared building,2026-03-01/P1M,3287,,,
E08000023,Mobile library,2025-04-01/P1Y,0,,,
E08000023,Home delivery,2025-04-01/P1M,944,,,
E08000023,Home delivery,2025-05-01/P1M,1162,,,
E08000023,Home delivery,2025-06-01/P1M,1013,,,
E08000023,Home delivery,2025-07-01/P1M,1447,,,
E08000023,Home delivery,2025-08-01/P1M,1413,,,
E08000023,Home delivery,2025-09-01/P1M,1393,,,
E08000023,Home delivery,2025-10-01/P1M,1379,,,
E08000023,Home delivery,2025-11-01/P1M,1502,,,
E08000023,Home delivery,2025-12-01/P1M,924,,,
E08000023,Home delivery,2026-01-01/P1M,1179,,,
E08000023,Home delivery,2026-02-01/P1M,1109,,,
E08000023,Home delivery,2026-03-01/P1M,1280,,,
E06000033,Library,2025-04-01/P1M,41908,,,
E06000033,Library,2025-05-01/P1M,43034,,,
E06000033,Library,2025-06-01/P1M,37544,,,
E06000033,Library,2025-07-01/P1M,48288,,,
E06000033,Library,2025-08-01/P1M,49685,,,
E06000033,Library,2025-09-01/P1M,44791,,,
E06000033,Library,2025-10-01/P1M,51620,,,
E06000033,Library,2025-11-01/P1M,43261,,,
E06000033,Library,2025-12-01/P1M,33307,,,
E06000033,Library,2026-01-01/P1M,25645,,,
E06000033,Library,2026-02-01/P1M,27966,,,
E06000033,Library,2026-03-01/P1M,12608,,,
E06000033,Shared building,2025-04-01/P1Y,0,,,
E06000033,Mobile library,2025-04-01/P1Y,0,,,
E06000033,Home delivery,2025-04-01/P1M,5848,,,
E06000033,Home delivery,2025-05-01/P1M,3619,,,
E06000033,Home delivery,2025-06-01/P1M,4017,,,
E06000033,Home delivery,2025-07-01/P1M,5181,,,
E06000033,Home delivery,2025-08-01/P1M,3299,,,
E06000033,Home delivery,2025-09-01/P1M,4577,,,
E06000033,Home delivery,2025-10-01/P1M,4104,,,
E06000033,Home delivery,2025-11-01/P1M,3786,,,
E06000033,Home delivery,2025-12-01/P1M,3423,,,
E06000033,Home delivery,2026-01-01/P1M,3893,,,
E06000033,Home delivery,2026-02-01/P1M,3980,,,
E06000033,Home delivery,2026-03-01/P1M,4010,,,
E09000028,Library,2025-04-01/P1M,111278,,,
E09000028,Library,2025-05-01/P1M,119063,,,
E09000028,Library,2025-06-01/P1M,110472,,,
E09000028,Library,2025-07-01/P1M,106695,,,
E09000028,Library,2025-08-01/P1M,97272,,,
E09000028,Library,2025-09-01/P1M,109000,,,
E09000028,Library,2025-10-01/P1M,122401,,,
E09000028,Library,2025-11-01/P1M,107587,,,
E09000028,Library,2025-12-01/P1M,87535,,,
E09000028,Library,2026-01-01/P1M,105309,,,
E09000028,Library,2026-02-01/P1M,101041,,,
E09000028,Library,2026-03-01/P1M,112526,,,
E09000028,Shared building,2025-04-01/P1M,23764,,,
E09000028,Shared building,2025-05-01/P1M,27288,,,
E09000028,Shared building,2025-06-01/P1M,26489,,,
E09000028,Shared building,2025-07-01/P1M,26121,,,
E09000028,Shared building,2025-08-01/P1M,24268,,,
E09000028,Shared building,2025-09-01/P1M,27130,,,
E09000028,Shared building,2025-10-01/P1M,30659,,,
E09000028,Shared building,2025-11-01/P1M,27631,,,
E09000028,Shared building,2025-12-01/P1M,24247,,,
E09000028,Shared building,2026-01-01/P1M,28830,,,
E09000028,Shared building,2026-02-01/P1M,28837,,,
E09000028,Shared building,2026-03-01/P1M,32119,,,
E09000028,Mobile library,2025-04-01/P1Y,0,,,
E09000028,Home delivery,2025-04-01/P1M,148,,,
E09000028,Home delivery,2025-05-01/P1M,147,,,
E09000028,Home delivery,2025-06-01/P1M,150,,,
E09000028,Home delivery,2025-07-01/P1M,164,,,
E09000028,Home delivery,2025-08-01/P1M,147,,,
E09000028,Home delivery,2025-09-01/P1M,159,,,
E09000028,Home delivery,2025-10-01/P1M,165,,,
E09000028,Home delivery,2025-11-01/P1M,141,,,
E09000028,Home delivery,2025-12-01/P1M,153,,,
E09000028,Home delivery,2026-01-01/P1M,151,,,
E09000028,Home delivery,2026-02-01/P1M,141,,,
E09000028,Home delivery,2026-03-01/P1M,159,,,
E08000013,Library,2025-04-01/P1M,7972,,,
E08000013,Library,2025-05-01/P1M,8733,,,
E08000013,Library,2025-06-01/P1M,8524,,,
E08000013,Library,2025-07-01/P1M,11016,,,
E08000013,Library,2025-08-01/P1M,9836,,,
E08000013,Library,2025-09-01/P1M,10242,,,
E08000013,Library,2025-10-01/P1M,9372,,,
E08000013,Library,2025-11-01/P1M,8439,,,
E08000013,Library,2025-12-01/P1M,7138,,,
E08000013,Library,2026-01-01/P1M,7080,,,
E08000013,Library,2026-02-01/P1M,7599,,,
E08000013,Library,2026-03-01/P1M,9297,,,
E08000013,Shared building,2025-04-01/P1M,9257,,,
E08000013,Shared building,2025-05-01/P1M,8420,,,
E08000013,Shared building,2025-06-01/P1M,8468,,,
E08000013,Shared building,2025-07-01/P1M,10888,,,
E08000013,Shared building,2025-08-01/P1M,10294,,,
E08000013,Shared building,2025-09-01/P1M,10234,,,
E08000013,Shared building,2025-10-01/P1M,9669,,,
E08000013,Shared building,2025-11-01/P1M,9432,,,
E08000013,Shared building,2025-12-01/P1M,7836,,,
E08000013,Shared building,2026-01-01/P1M,10958,,,
E08000013,Shared building,2026-02-01/P1M,11190,,,
E08000013,Shared building,2026-03-01/P1M,11458,,,
E08000013,Mobile library,2025-04-01/P1Y,0,,,
E08000013,Home delivery,2025-04-01/P1M,622,,,
E08000013,Home delivery,2025-05-01/P1M,998,,,
E08000013,Home delivery,2025-06-01/P1M,929,,,
E08000013,Home delivery,2025-07-01/P1M,868,,,
E08000013,Home delivery,2025-08-01/P1M,1119,,,
E08000013,Home delivery,2025-09-01/P1M,764,,,
E08000013,Home delivery,2025-10-01/P1M,1142,,,
E08000013,Home delivery,2025-11-01/P1M,562,,,
E08000013,Home delivery,2025-12-01/P1M,698,,,
E08000013,Home delivery,2026-01-01/P1M,763,,,
E08000013,Home delivery,2026-02-01/P1M,824,,,
E08000013,Home delivery,2026-03-01/P1M,918,,,
E10000028,Library,2025-04-01/P1M,58532,,,
E10000028,Library,2025-05-01/P1M,60760,,,
E10000028,Library,2025-06-01/P1M,55234,,,
E10000028,Library,2025-07-01/P1M,65507,,,
E10000028,Library,2025-08-01/P1M,63666,,,
E10000028,Library,2025-09-01/P1M,56675,,,
E10000028,Library,2025-10-01/P1M,62783,,,
E10000028,Library,2025-11-01/P1M,58552,,,
E10000028,Library,2025-12-01/P1M,51806,,,
E10000028,Library,2026-01-01/P1M,54098,,,
E10000028,Library,2026-02-01/P1M,56705,,,
E10000028,Library,2026-03-01/P1M,63679,,,
E10000028,Shared building,2025-04-01/P1M,100734,,,
E10000028,Shared building,2025-05-01/P1M,95632,,,
E10000028,Shared building,2025-06-01/P1M,89606,,,
E10000028,Shared building,2025-07-01/P1M,103909,,,
E10000028,Shared building,2025-08-01/P1M,106741,,,
E10000028,Shared building,2025-09-01/P1M,95557,,,
E10000028,Shared building,2025-10-01/P1M,112081,,,
E10000028,Shared building,2025-11-01/P1M,95884,,,
E10000028,Shared building,2025-12-01/P1M,91053,,,
E10000028,Shared building,2026-01-01/P1M,94141,,,
E10000028,Shared building,2026-02-01/P1M,100015,,,
E10000028,Shared building,2026-03-01/P1M,107974,,,
E10000028,Mobile library,2025-04-01/P1M,1508,,,
E10000028,Mobile library,2025-05-01/P1M,1617,,,
E10000028,Mobile library,2025-06-01/P1M,1404,,,
E10000028,Mobile library,2025-07-01/P1M,1335,,,
E10000028,Mobile library,2025-08-01/P1M,853,,,
E10000028,Mobile library,2025-09-01/P1M,1858,,,
E10000028,Mobile library,2025-10-01/P1M,1970,,,
E10000028,Mobile library,2025-11-01/P1M,1715,,,
E10000028,Mobile library,2025-12-01/P1M,1308,,,
E10000028,Mobile library,2026-01-01/P1M,1669,,,
E10000028,Mobile library,2026-02-01/P1M,1529,,,
E10000028,Mobile library,2026-03-01/P1M,1469,,,
E10000028,Home delivery,2025-04-01/P1M,80,,,
E10000028,Home delivery,2025-05-01/P1M,81,,,
E10000028,Home delivery,2025-06-01/P1M,81,,,
E10000028,Home delivery,2025-07-01/P1M,82,,,
E10000028,Home delivery,2025-08-01/P1M,83,,,
E10000028,Home delivery,2025-09-01/P1M,79,,,
E10000028,Home delivery,2025-10-01/P1M,78,,,
E10000028,Home delivery,2025-11-01/P1M,75,,,
E10000028,Home delivery,2025-12-01/P1M,77,,,
E10000028,Home delivery,2026-01-01/P1M,77,,,
E10000028,Home delivery,2026-02-01/P1M,77,,,
E10000028,Home delivery,2026-03-01/P1M,75,,,
E06000004,Library,2025-04-01/P1M,2699,,,
E06000004,Library,2025-05-01/P1M,2520,,,
E06000004,Library,2025-06-01/P1M,2464,,,
E06000004,Library,2025-07-01/P1M,2942,,,
E06000004,Library,2025-08-01/P1M,2592,,,
E06000004,Library,2025-09-01/P1M,2684,,,
E06000004,Library,2025-10-01/P1M,2622,,,
E06000004,Library,2025-11-01/P1M,2119,,,
E06000004,Library,2025-12-01/P1M,2167,,,
E06000004,Library,2026-01-01/P1M,2403,,,
E06000004,Library,2026-02-01/P1M,2238,,,
E06000004,Library,2026-03-01/P1M,2638,,,
E06000004,Shared building,2025-04-01/P1M,28991,,,
E06000004,Shared building,2025-05-01/P1M,30806,,,
E06000004,Shared building,2025-06-01/P1M,28616,,,
E06000004,Shared building,2025-07-01/P1M,34530,,,
E06000004,Shared building,2025-08-01/P1M,31075,,,
E06000004,Shared building,2025-09-01/P1M,32771,,,
E06000004,Shared building,2025-10-01/P1M,33978,,,
E06000004,Shared building,2025-11-01/P1M,28757,,,
E06000004,Shared building,2025-12-01/P1M,25317,,,
E06000004,Shared building,2026-01-01/P1M,30163,,,
E06000004,Shared building,2026-02-01/P1M,31198,,,
E06000004,Shared building,2026-03-01/P1M,39050,,,
E06000004,Mobile library,2025-04-01/P1M,824,,,
E06000004,Mobile library,2025-05-01/P1M,919,,,
E06000004,Mobile library,2025-06-01/P1M,1394,,,
E06000004,Mobile library,2025-07-01/P1M,576,,,
E06000004,Mobile library,2025-08-01/P1M,472,,,
E06000004,Mobile library,2025-09-01/P1M,1190,,,
E06000004,Mobile library,2025-10-01/P1M,1151,,,
E06000004,Mobile library,2025-11-01/P1M,1598,,,
E06000004,Mobile library,2025-12-01/P1M,418,,,
E06000004,Mobile library,2026-01-01/P1M,1287,,,
E06000004,Mobile library,2026-02-01/P1M,806,,,
E06000004,Mobile library,2026-03-01/P1M,1207,,,
E06000004,Home delivery,2025-04-01/P1M,339,,,
E06000004,Home delivery,2025-05-01/P1M,311,,,
E06000004,Home delivery,2025-06-01/P1M,332,,,
E06000004,Home delivery,2025-07-01/P1M,370,,,
E06000004,Home delivery,2025-08-01/P1M,282,,,
E06000004,Home delivery,2025-09-01/P1M,290,,,
E06000004,Home delivery,2025-10-01/P1M,340,,,
E06000004,Home delivery,2025-11-01/P1M,274,,,
E06000004,Home delivery,2025-12-01/P1M,170,,,
E06000004,Home delivery,2026-01-01/P1M,256,,,
E06000004,Home delivery,2026-02-01/P1M,276,,,
E06000004,Home delivery,2026-03-01/P1M,290,,,
E06000021,Library,2025-04-01/P1M,15202,,,
E06000021,Library,2025-05-01/P1M,14582,,,
E06000021,Library,2025-06-01/P1M,14454,,,
E06000021,Library,2025-07-01/P1M,17861,,,
E06000021,Library,2025-08-01/P1M,17414,,,
E06000021,Library,2025-09-01/P1M,15148,,,
E06000021,Library,2025-10-01/P1M,19323,,,
E06000021,Library,2025-11-01/P1M,13883,,,
E06000021,Library,2025-12-01/P1M,11192,,,
E06000021,Library,2026-01-01/P1M,14417,,,
E06000021,Library,2026-02-01/P1M,15757,,,
E06000021,Library,2026-03-01/P1M,16747,,,
E06000021,Shared building,2025-04-01/P1M,5936,,,
E06000021,Shared building,2025-05-01/P1M,6047,,,
E06000021,Shared building,2025-06-01/P1M,4860,,,
E06000021,Shared building,2025-07-01/P1M,6014,,,
E06000021,Shared building,2025-08-01/P1M,6348,,,
E06000021,Shared building,2025-09-01/P1M,6888,,,
E06000021,Shared building,2025-10-01/P1M,7096,,,
E06000021,Shared building,2025-11-01/P1M,6036,,,
E06000021,Shared building,2025-12-01/P1M,4328,,,
E06000021,Shared building,2026-01-01/P1M,5889,,,
E06000021,Shared building,2026-02-01/P1M,5918,,,
E06000021,Shared building,2026-03-01/P1M,6748,,,
E06000021,Mobile library,2025-04-01/P1Y,0,,,
E06000021,Home delivery,2025-04-01/P1M,94,,,
E06000021,Home delivery,2025-05-01/P1M,116,,,
E06000021,Home delivery,2025-06-01/P1M,95,,,
E06000021,Home delivery,2025-07-01/P1M,109,,,
E06000021,Home delivery,2025-08-01/P1M,71,,,
E06000021,Home delivery,2025-09-01/P1M,88,,,
E06000021,Home delivery,2025-10-01/P1M,115,,,
E06000021,Home delivery,2025-11-01/P1M,92,,,
E06000021,Home delivery,2025-12-01/P1M,68,,,
E06000021,Home delivery,2026-01-01/P1M,90,,,
E06000021,Home delivery,2026-02-01/P1M,88,,,
E06000021,Home delivery,2026-03-01/P1M,97,,,
E10000030,Library,2025-04-01/P1M,132371,,,
E10000030,Library,2025-05-01/P1M,136301,,,
E10000030,Library,2025-06-01/P1M,114457,,,
E10000030,Library,2025-07-01/P1M,135512,,,
E10000030,Library,2025-08-01/P1M,133209,,,
E10000030,Library,2025-09-01/P1M,127232,,,
E10000030,Library,2025-10-01/P1M,121400,,,
E10000030,Library,2025-11-01/P1M,107911,,,
E10000030,Library,2025-12-01/P1M,96757,,,
E10000030,Library,2026-01-01/P1M,117621,,,
E10000030,Library,2026-02-01/P1M,117727,,,
E10000030,Library,2026-03-01/P1M,127164,,,
E10000030,Shared building,2025-04-01/P1M,85787,,,
E10000030,Shared building,2025-05-01/P1M,100396,,,
E10000030,Shared building,2025-06-01/P1M,91348,,,
E10000030,Shared building,2025-07-01/P1M,108760,,,
E10000030,Shared building,2025-08-01/P1M,112930,,,
E10000030,Shared building,2025-09-01/P1M,103614,,,
E10000030,Shared building,2025-10-01/P1M,123840,,,
E10000030,Shared building,2025-11-01/P1M,118593,,,
E10000030,Shared building,2025-12-01/P1M,101453,,,
E10000030,Shared building,2026-01-01/P1M,120323,,,
E10000030,Shared building,2026-02-01/P1M,119361,,,
E10000030,Shared building,2026-03-01/P1M,122091,,,
E10000030,Mobile library,2025-04-01/P1Y,0,,,
E10000030,Home delivery,2025-04-01/P1M,161,,,
E10000030,Home delivery,2025-05-01/P1M,163,,,
E10000030,Home delivery,2025-06-01/P1M,154,,,
E10000030,Home delivery,2025-07-01/P1M,152,,,
E10000030,Home delivery,2025-08-01/P1M,155,,,
E10000030,Home delivery,2025-09-01/P1M,151,,,
E10000030,Home delivery,2025-10-01/P1M,151,,,
E10000030,Home delivery,2025-11-01/P1M,151,,,
E10000030,Home delivery,2025-12-01/P1M,148,,,
E10000030,Home delivery,2026-01-01/P1M,147,,,
E10000030,Home delivery,2026-02-01/P1M,150,,,
E10000030,Home delivery,2026-03-01/P1M,148,,,
E09000029,Library,2025-04-01/P1M,81704,,,
E09000029,Library,2025-05-01/P1M,89036,,,
E09000029,Library,2025-06-01/P1M,75141,,,
E09000029,Library,2025-07-01/P1M,70140,,,
E09000029,Library,2025-08-01/P1M,61234,,,
E09000029,Library,2025-09-01/P1M,71534,,,
E09000029,Library,2025-10-01/P1M,78541,,,
E09000029,Library,2025-11-01/P1M,73376,,,
E09000029,Library,2025-12-01/P1M,63613,,,
E09000029,Library,2026-01-01/P1M,80422,,,
E09000029,Library,2026-02-01/P1M,77352,,,
E09000029,Library,2026-03-01/P1M,80398,,,
E09000029,Shared building,2025-04-01/P1Y,0,,,
E09000029,Mobile library,2025-04-01/P1Y,0,,,
E09000029,Home delivery,2025-04-01/P1M,28,,,
E09000029,Home delivery,2025-05-01/P1M,28,,,
E09000029,Home delivery,2025-06-01/P1M,28,,,
E09000029,Home delivery,2025-07-01/P1M,28,,,
E09000029,Home delivery,2025-08-01/P1M,28,,,
E09000029,Home delivery,2025-09-01/P1M,28,,,
E09000029,Home delivery,2025-10-01/P1M,28,,,
E09000029,Home delivery,2025-11-01/P1M,28,,,
E09000029,Home delivery,2025-12-01/P1M,28,,,
E09000029,Home delivery,2026-01-01/P1M,28,,,
E09000029,Home delivery,2026-02-01/P1M,28,,,
E09000029,Home delivery,2026-03-01/P1M,28,,,
E08000008,Library,2025-04-01/P1M,4278,,,
E08000008,Library,2025-05-01/P1M,4373,,,
E08000008,Library,2025-06-01/P1M,4223,,,
E08000008,Library,2025-07-01/P1M,5013,,,
E08000008,Library,2025-08-01/P1M,5159,,,
E08000008,Library,2025-09-01/P1M,4769,,,
E08000008,Library,2025-10-01/P1M,5325,,,
E08000008,Library,2025-11-01/P1M,4483,,,
E08000008,Library,2025-12-01/P1M,3297,,,
E08000008,Library,2026-01-01/P1M,4284,,,
E08000008,Library,2026-02-01/P1M,4257,,,
E08000008,Library,2026-03-01/P1M,4911,,,
E08000008,Shared building,2025-04-01/P1M,24559,,,
E08000008,Shared building,2025-05-01/P1M,26137,,,
E08000008,Shared building,2025-06-01/P1M,24647,,,
E08000008,Shared building,2025-07-01/P1M,27916,,,
E08000008,Shared building,2025-08-01/P1M,28034,,,
E08000008,Shared building,2025-09-01/P1M,27213,,,
E08000008,Shared building,2025-10-01/P1M,28029,,,
E08000008,Shared building,2025-11-01/P1M,25178,,,
E08000008,Shared building,2025-12-01/P1M,18909,,,
E08000008,Shared building,2026-01-01/P1M,21567,,,
E08000008,Shared building,2026-02-01/P1M,23499,,,
E08000008,Shared building,2026-03-01/P1M,22913,,,
E08000008,Mobile library,2025-04-01/P1Y,0,,,
E08000008,Home delivery,2025-04-01/P1M,1291,,,
E08000008,Home delivery,2025-05-01/P1M,1380,,,
E08000008,Home delivery,2025-06-01/P1M,1578,,,
E08000008,Home delivery,2025-07-01/P1M,1578,,,
E08000008,Home delivery,2025-08-01/P1M,1214,,,
E08000008,Home delivery,2025-09-01/P1M,1250,,,
E08000008,Home delivery,2025-10-01/P1M,1267,,,
E08000008,Home delivery,2025-11-01/P1M,1270,,,
E08000008,Home delivery,2025-12-01/P1M,765,,,
E08000008,Home delivery,2026-01-01/P1M,1368,,,
E08000008,Home delivery,2026-02-01/P1M,997,,,
E08000008,Home delivery,2026-03-01/P1M,994,,,
E06000020,Library,2025-04-01/P1Y,0,,,
E06000020,Shared building,2025-04-01/P1Y,0,,,
E06000020,Mobile library,2025-04-01/P1Y,0,,,
E06000020,Home delivery,2025-04-01/P1M,34,,,
E06000020,Home delivery,2025-05-01/P1M,68,,,
E06000020,Home delivery,2025-06-01/P1M,34,,,
E06000020,Home delivery,2025-07-01/P1M,68,,,
E06000020,Home delivery,2025-08-01/P1M,34,,,
E06000020,Home delivery,2025-09-01/P1M,34,,,
E06000020,Home delivery,2025-10-01/P1M,34,,,
E06000020,Home delivery,2025-11-01/P1M,34,,,
E06000020,Home delivery,2025-12-01/P1M,34,,,
E06000020,Home delivery,2026-01-01/P1M,68,,,
E06000020,Home delivery,2026-02-01/P1M,34,,,
E06000020,Home delivery,2026-03-01/P1M,34,,,
E06000034,Library,2025-04-01/P1Y,309963,,,
E06000034,Shared building,2025-04-01/P1Y,299270,,,
E06000034,Mobile library,2025-04-01/P1Y,0,,,
E06000034,Home delivery,2025-04-01/P1Y,876,,,
E06000027,Library,2025-04-01/P1M,135874,,,
E06000027,Library,2025-05-01/P1M,140502,,,
E06000027,Library,2025-06-01/P1M,128248,,,
E06000027,Library,2025-07-01/P1M,145700,,,
E06000027,Library,2025-08-01/P1M,148966,,,
E06000027,Library,2025-09-01/P1M,145646,,,
E06000027,Library,2025-10-01/P1M,157210,,,
E06000027,Library,2025-11-01/P1M,143349,,,
E06000027,Library,2025-12-01/P1M,117482,,,
E06000027,Library,2026-01-01/P1M,142299,,,
E06000027,Library,2026-02-01/P1M,143751,,,
E06000027,Library,2026-03-01/P1M,151866,,,
E06000027,Shared building,2025-04-01/P1M,35660,,,
E06000027,Shared building,2025-05-01/P1M,35993,,,
E06000027,Shared building,2025-06-01/P1M,37987,,,
E06000027,Shared building,2025-07-01/P1M,48792,,,
E06000027,Shared building,2025-08-01/P1M,42051,,,
E06000027,Shared building,2025-09-01/P1M,48743,,,
E06000027,Shared building,2025-10-01/P1M,47944,,,
E06000027,Shared building,2025-11-01/P1M,44075,,,
E06000027,Shared building,2025-12-01/P1M,37196,,,
E06000027,Shared building,2026-01-01/P1M,46026,,,
E06000027,Shared building,2026-02-01/P1M,44928,,,
E06000027,Shared building,2026-03-01/P1M,48268,,,
E06000027,Mobile library,2025-04-01/P1Y,0,,,
E06000027,Home delivery,2025-04-01/P1Y,0,,,
E08000036,Library,2025-04-01/P1M,66257,,,
E08000036,Library,2025-05-01/P1M,65474,,,
E08000036,Library,2025-06-01/P1M,62556,,,
E08000036,Library,2025-07-01/P1M,72461,,,
E08000036,Library,2025-08-01/P1M,70387,,,
E08000036,Library,2025-09-01/P1M,68116,,,
E08000036,Library,2025-10-01/P1M,71358,,,
E08000036,Library,2025-11-01/P1M,67092,,,
E08000036,Library,2025-12-01/P1M,53697,,,
E08000036,Library,2026-01-01/P1M,63832,,,
E08000036,Library,2026-02-01/P1M,68665,,,
E08000036,Library,2026-03-01/P1M,71956,,,
E08000036,Shared building,2025-04-01/P1Y,0,,,
E08000036,Mobile library,2025-04-01/P1Y,0,,,
E08000036,Home delivery,2025-04-01/P1M,147,,,
E08000036,Home delivery,2025-05-01/P1M,133,,,
E08000036,Home delivery,2025-06-01/P1M,139,,,
E08000036,Home delivery,2025-07-01/P1M,166,,,
E08000036,Home delivery,2025-08-01/P1M,142,,,
E08000036,Home delivery,2025-09-01/P1M,126,,,
E08000036,Home delivery,2025-10-01/P1M,154,,,
E08000036,Home delivery,2025-11-01/P1M,122,,,
E08000036,Home delivery,2025-12-01/P1M,152,,,
E08000036,Home delivery,2026-01-01/P1M,140,,,
E08000036,Home delivery,2026-02-01/P1M,126,,,
E08000036,Home delivery,2026-03-01/P1M,126,,,
E09000031,Library,2025-04-01/P1M,90681,,,
E09000031,Library,2025-05-01/P1M,98405,,,
E09000031,Library,2025-06-01/P1M,90806,,,
E09000031,Library,2025-07-01/P1M,96953,,,
E09000031,Library,2025-08-01/P1M,87665,,,
E09000031,Library,2025-09-01/P1M,100333,,,
E09000031,Library,2025-10-01/P1M,101676,,,
E09000031,Library,2025-11-01/P1M,94919,,,
E09000031,Library,2025-12-01/P1M,85323,,,
E09000031,Library,2026-01-01/P1M,91427,,,
E09000031,Library,2026-02-01/P1M,89381,,,
E09000031,Library,2026-03-01/P1M,103922,,,
E09000031,Shared building,2025-04-01/P1Y,0,,,
E09000031,Mobile library,2025-04-01/P1Y,0,,,
E09000031,Home delivery,2025-04-01/P1M,61,,,
E09000031,Home delivery,2025-05-01/P1M,59,,,
E09000031,Home delivery,2025-06-01/P1M,45,,,
E09000031,Home delivery,2025-07-01/P1M,19,,,
E09000031,Home delivery,2025-08-01/P1M,53,,,
E09000031,Home delivery,2025-09-01/P1M,50,,,
E09000031,Home delivery,2025-10-01/P1M,50,,,
E09000031,Home delivery,2025-11-01/P1M,50,,,
E09000031,Home delivery,2025-12-01/P1M,50,,,
E09000031,Home delivery,2026-01-01/P1M,44,,,
E09000031,Home delivery,2026-02-01/P1M,47,,,
E09000031,Home delivery,2026-03-01/P1M,46,,,
E09000032,Library,2025-04-01/P1M,105626,,,
E09000032,Library,2025-05-01/P1M,113288,,,
E09000032,Library,2025-06-01/P1M,105820,,,
E09000032,Library,2025-07-01/P1M,107349,,,
E09000032,Library,2025-08-01/P1M,96101,,,
E09000032,Library,2025-09-01/P1M,116929,,,
E09000032,Library,2025-10-01/P1M,121149,,,
E09000032,Library,2025-11-01/P1M,112337,,,
E09000032,Library,2025-12-01/P1M,95086,,,
E09000032,Library,2026-01-01/P1M,120313,,,
E09000032,Library,2026-02-01/P1M,111719,,,
E09000032,Library,2026-03-01/P1M,117613,,,
E09000032,Shared building,2025-04-01/P1Y,0,,,
E09000032,Mobile library,2025-04-01/P1Y,0,,,
E09000032,Home delivery,2025-04-01/P1M,100,,,
E09000032,Home delivery,2025-05-01/P1M,104,,,
E09000032,Home delivery,2025-06-01/P1M,122,,,
E09000032,Home delivery,2025-07-01/P1M,146,,,
E09000032,Home delivery,2025-08-01/P1M,87,,,
E09000032,Home delivery,2025-09-01/P1M,130,,,
E09000032,Home delivery,2025-10-01/P1M,107,,,
E09000032,Home delivery,2025-11-01/P1M,115,,,
E09000032,Home delivery,2025-12-01/P1M,81,,,
E09000032,Home delivery,2026-01-01/P1M,117,,,
E09000032,Home delivery,2026-02-01/P1M,112,,,
E09000032,Home delivery,2026-03-01/P1M,105,,,
E06000007,Library,2025-04-01/P3M,35675,,,
E06000007,Library,2025-07-01/P3M,43760,,,
E06000007,Library,2025-10-01/P3M,37524,,,
E06000007,Library,2026-01-01/P3M,40237,,,
E06000007,Shared building,2025-04-01/P3M,81800,,,
E06000007,Shared building,2025-07-01/P3M,82147,,,
E06000007,Shared building,2025-10-01/P3M,72425,,,
E06000007,Shared building,2026-01-01/P3M,78580,,,
E06000007,Mobile library,2025-04-01/P1Y,0,,,
E06000007,Home delivery,2025-04-01/P1Y,0,,,
E10000031,Library,2025-04-01/P1M,40113,,,
E10000031,Library,2025-05-01/P1M,41109,,,
E10000031,Library,2025-06-01/P1M,36286,,,
E10000031,Library,2025-07-01/P1M,43946,,,
E10000031,Library,2025-08-01/P1M,43474,,,
E10000031,Library,2025-09-01/P1M,41455,,,
E10000031,Library,2025-10-01/P1M,41930,,,
E10000031,Library,2025-11-01/P1M,36787,,,
E10000031,Library,2025-12-01/P1M,31994,,,
E10000031,Library,2026-01-01/P1M,40077,,,
E10000031,Library,2026-02-01/P1M,40938,,,
E10000031,Library,2026-03-01/P1M,43650,,,
E10000031,Shared building,2025-04-01/P1M,57647,,,
E10000031,Shared building,2025-05-01/P1M,57416,,,
E10000031,Shared building,2025-06-01/P1M,57541,,,
E10000031,Shared building,2025-07-01/P1M,62751,,,
E10000031,Shared building,2025-08-01/P1M,58689,,,
E10000031,Shared building,2025-09-01/P1M,59561,,,
E10000031,Shared building,2025-10-01/P1M,63375,,,
E10000031,Shared building,2025-11-01/P1M,56688,,,
E10000031,Shared building,2025-12-01/P1M,49505,,,
E10000031,Shared building,2026-01-01/P1M,57383,,,
E10000031,Shared building,2026-02-01/P1M,59861,,,
E10000031,Shared building,2026-03-01/P1M,63885,,,
E10000031,Mobile library,2025-04-01/P1M,829,,,
E10000031,Mobile library,2025-05-01/P1M,6559,,,
E10000031,Mobile library,2025-06-01/P1M,5251,,,
E10000031,Mobile library,2025-07-01/P1M,6449,,,
E10000031,Mobile library,2025-08-01/P1M,5760,,,
E10000031,Mobile library,2025-09-01/P1M,5980,,,
E10000031,Mobile library,2025-10-01/P1M,5907,,,
E10000031,Mobile library,2025-11-01/P1M,5593,,,
E10000031,Mobile library,2025-12-01/P1M,4338,,,
E10000031,Mobile library,2026-01-01/P1M,5369,,,
E10000031,Mobile library,2026-02-01/P1M,5397,,,
E10000031,Mobile library,2026-03-01/P1M,5820,,,
E10000031,Home delivery,2025-04-01/P1M,600,,,
E10000031,Home delivery,2025-05-01/P1M,344,,,
E10000031,Home delivery,2025-06-01/P1M,280,,,
E10000031,Home delivery,2025-07-01/P1M,444,,,
E10000031,Home delivery,2025-08-01/P1M,406,,,
E10000031,Home delivery,2025-09-01/P1M,329,,,
E10000031,Home delivery,2025-10-01/P1M,436,,,
E10000031,Home delivery,2025-11-01/P1M,334,,,
E10000031,Home delivery,2025-12-01/P1M,358,,,
E10000031,Home delivery,2026-01-01/P1M,188,,,
E10000031,Home delivery,2026-02-01/P1M,337,,,
E10000031,Home delivery,2026-03-01/P1M,433,,,
E06000037,Library,2025-04-01/P1M,25698,,,
E06000037,Library,2025-05-01/P1M,26734,,,
E06000037,Library,2025-06-01/P1M,24059,,,
E06000037,Library,2025-07-01/P1M,30663,,,
E06000037,Library,2025-08-01/P1M,31499,,,
E06000037,Library,2025-09-01/P1M,29635,,,
E06000037,Library,2025-10-01/P1M,28949,,,
E06000037,Library,2025-11-01/P1M,25872,,,
E06000037,Library,2025-12-01/P1M,21177,,,
E06000037,Library,2026-01-01/P1M,25381,,,
E06000037,Library,2026-02-01/P1M,26009,,,
E06000037,Library,2026-03-01/P1M,28091,,,
E06000037,Shared building,2025-04-01/P1Y,0,,,
E06000037,Mobile library,2025-04-01/P1Y,0,,,
E06000037,Home delivery,2025-04-01/P1M,790,,,
E06000037,Home delivery,2025-05-01/P1M,756,,,
E06000037,Home delivery,2025-06-01/P1M,881,,,
E06000037,Home delivery,2025-07-01/P1M,774,,,
E06000037,Home delivery,2025-08-01/P1M,744,,,
E06000037,Home delivery,2025-09-01/P1M,864,,,
E06000037,Home delivery,2025-10-01/P1M,825,,,
E06000037,Home delivery,2025-11-01/P1M,897,,,
E06000037,Home delivery,2025-12-01/P1M,740,,,
E06000037,Home delivery,2026-01-01/P1M,890,,,
E06000037,Home delivery,2026-02-01/P1M,864,,,
E06000037,Home delivery,2026-03-01/P1M,823,,,
E06000062,Library,2025-04-01/P1M,37351,,,
E06000062,Library,2025-05-01/P1M,39096,,,
E06000062,Library,2025-06-01/P1M,36204,,,
E06000062,Library,2025-07-01/P1M,42355,,,
E06000062,Library,2025-08-01/P1M,41842,,,
E06000062,Library,2025-09-01/P1M,39258,,,
E06000062,Library,2025-10-01/P1M,42112,,,
E06000062,Library,2025-11-01/P1M,36410,,,
E06000062,Library,2025-12-01/P1M,30022,,,
E06000062,Library,2026-01-01/P1M,37344,,,
E06000062,Library,2026-02-01/P1M,40010,,,
E06000062,Library,2026-03-01/P1M,37555,,,
E06000062,Shared building,2025-04-01/P1M,46430,,,
E06000062,Shared building,2025-05-01/P1M,50577,,,
E06000062,Shared building,2025-06-01/P1M,47730,,,
E06000062,Shared building,2025-07-01/P1M,57054,,,
E06000062,Shared building,2025-08-01/P1M,55018,,,
E06000062,Shared building,2025-09-01/P1M,50442,,,
E06000062,Shared building,2025-10-01/P1M,55057,,,
E06000062,Shared building,2025-11-01/P1M,49299,,,
E06000062,Shared building,2025-12-01/P1M,43731,,,
E06000062,Shared building,2026-01-01/P1M,48611,,,
E06000062,Shared building,2026-02-01/P1M,48696,,,
E06000062,Shared building,2026-03-01/P1M,51418,,,
E06000062,Mobile library,2025-04-01/P1Y,0,,,
E06000062,Home delivery,2025-04-01/P1M,10,,,
E06000062,Home delivery,2025-05-01/P1M,12,,,
E06000062,Home delivery,2025-06-01/P1M,11,,,
E06000062,Home delivery,2025-07-01/P1M,11,,,
E06000062,Home delivery,2025-08-01/P1M,11,,,
E06000062,Home delivery,2025-09-01/P1M,10,,,
E06000062,Home delivery,2025-10-01/P1M,9,,,
E06000062,Home delivery,2025-11-01/P1M,9,,,
E06000062,Home delivery,2025-12-01/P1M,8,,,
E06000062,Home delivery,2026-01-01/P1M,8,,,
E06000062,Home delivery,2026-02-01/P1M,10,,,
E06000062,Home delivery,2026-03-01/P1M,10,,,
E10000032,Library,2025-04-01/P1M,164887,,,
E10000032,Library,2025-05-01/P1M,162695,,,
E10000032,Library,2025-06-01/P1M,150257,,,
E10000032,Library,2025-07-01/P1M,185989,,,
E10000032,Library,2025-08-01/P1M,193042,,,
E10000032,Library,2025-09-01/P1M,179620,,,
E10000032,Library,2025-10-01/P1M,180867,,,
E10000032,Library,2025-11-01/P1M,161538,,,
E10000032,Library,2025-12-01/P1M,143714,,,
E10000032,Library,2026-01-01/P1M,148088,,,
E10000032,Library,2026-02-01/P1M,154799,,,
E10000032,Library,2026-03-01/P1M,165005,,,
E10000032,Shared building,2025-04-01/P1M,10088,,,
E10000032,Shared building,2025-05-01/P1M,11700,,,
E10000032,Shared building,2025-06-01/P1M,11586,,,
E10000032,Shared building,2025-07-01/P1M,13537,,,
E10000032,Shared building,2025-08-01/P1M,12106,,,
E10000032,Shared building,2025-09-01/P1M,11901,,,
E10000032,Shared building,2025-10-01/P1M,13427,,,
E10000032,Shared building,2025-11-01/P1M,12040,,,
E10000032,Shared building,2025-12-01/P1M,8990,,,
E10000032,Shared building,2026-01-01/P1M,11187,,,
E10000032,Shared building,2026-02-01/P1M,12066,,,
E10000032,Shared building,2026-03-01/P1M,12351,,,
E10000032,Mobile library,2025-04-01/P1Y,0,,,
E10000032,Home delivery,2025-04-01/P1Y,0,,,
E09000033,Library,2025-04-01/P1M,125639,,,
E09000033,Library,2025-05-01/P1M,127529,,,
E09000033,Library,2025-06-01/P1M,128474,,,
E09000033,Library,2025-07-01/P1M,134431,,,
E09000033,Library,2025-08-01/P1M,125851,,,
E09000033,Library,2025-09-01/P1M,131478,,,
E09000033,Library,2025-10-01/P1M,144115,,,
E09000033,Library,2025-11-01/P1M,127689,,,
E09000033,Library,2025-12-01/P1M,110199,,,
E09000033,Library,2026-01-01/P1M,124566,,,
E09000033,Library,2026-02-01/P1M,107756,,,
E09000033,Library,2026-03-01/P1M,127109,,,
E09000033,Shared building,2025-04-01/P1M,6967,,,
E09000033,Shared building,2025-05-01/P1M,7127,,,
E09000033,Shared building,2025-06-01/P1M,6758,,,
E09000033,Shared building,2025-07-01/P1M,7409,,,
E09000033,Shared building,2025-08-01/P1M,7639,,,
E09000033,Shared building,2025-09-01/P1M,8540,,,
E09000033,Shared building,2025-10-01/P1M,11113,,,
E09000033,Shared building,2025-11-01/P1M,10088,,,
E09000033,Shared building,2025-12-01/P1M,8548,,,
E09000033,Shared building,2026-01-01/P1M,9962,,,
E09000033,Shared building,2026-02-01/P1M,10868,,,
E09000033,Shared building,2026-03-01/P1M,10594,,,
E09000033,Mobile library,2025-04-01/P1Y,0,,,
E09000033,Home delivery,2025-04-01/P1M,158,,,
E09000033,Home delivery,2025-05-01/P1M,219,,,
E09000033,Home delivery,2025-06-01/P1M,208,,,
E09000033,Home delivery,2025-07-01/P1M,172,,,
E09000033,Home delivery,2025-08-01/P1M,185,,,
E09000033,Home delivery,2025-09-01/P1M,186,,,
E09000033,Home delivery,2025-10-01/P1M,174,,,
E09000033,Home delivery,2025-11-01/P1M,180,,,
E09000033,Home delivery,2025-12-01/P1M,158,,,
E09000033,Home delivery,2026-01-01/P1M,161,,,
E09000033,Home delivery,2026-02-01/P1M,145,,,
E09000033,Home delivery,2026-03-01/P1M,195,,,
E06000064,Library,2025-04-01/P1M,36887,,,
E06000064,Library,2025-05-01/P1M,30609,,,
E06000064,Library,2025-06-01/P1M,27698,,,
E06000064,Library,2025-07-01/P1M,32536,,,
E06000064,Library,2025-08-01/P1M,31037,,,
E06000064,Library,2025-09-01/P1M,32753,,,
E06000064,Library,2025-10-01/P1M,31377,,,
E06000064,Library,2025-11-01/P1M,30378,,,
E06000064,Library,2025-12-01/P1M,26906,,,
E06000064,Library,2026-01-01/P1M,31941,,,
E06000064,Library,2026-02-01/P1M,30030,,,
E06000064,Library,2026-03-01/P1M,33670,,,
E06000064,Shared building,2025-04-01/P1Y,0,,,
E06000064,Mobile library,2025-04-01/P1Y,0,,,
E06000064,Home delivery,2025-04-01/P1M,74,,,
E06000064,Home delivery,2025-05-01/P1M,75,,,
E06000064,Home delivery,2025-06-01/P1M,76,,,
E06000064,Home delivery,2025-07-01/P1M,76,,,
E06000064,Home delivery,2025-08-01/P1M,73,,,
E06000064,Home delivery,2025-09-01/P1M,87,,,
E06000064,Home delivery,2025-10-01/P1M,77,,,
E06000064,Home delivery,2025-11-01/P1M,75,,,
E06000064,Home delivery,2025-12-01/P1M,73,,,
E06000064,Home delivery,2026-01-01/P1M,74,,,
E06000064,Home delivery,2026-02-01/P1M,72,,,
E06000064,Home delivery,2026-03-01/P1M,79,,,
E08000010,Library,2025-04-01/P1M,22716,,,
E08000010,Library,2025-05-01/P1M,33171,,,
E08000010,Library,2025-06-01/P1M,24816,,,
E08000010,Library,2025-07-01/P1M,41391,,,
E08000010,Library,2025-08-01/P1M,40680,,,
E08000010,Library,2025-09-01/P1M,42126,,,
E08000010,Library,2025-10-01/P1M,44990,,,
E08000010,Library,2025-11-01/P1M,42791,,,
E08000010,Library,2025-12-01/P1M,38587,,,
E08000010,Library,2026-01-01/P1M,40001,,,
E08000010,Library,2026-02-01/P1M,42577,,,
E08000010,Library,2026-03-01/P1M,44698,,,
E08000010,Shared building,2025-04-01/P1Y,0,,,
E08000010,Mobile library,2025-04-01/P1Y,0,,,
E08000010,Home delivery,2025-04-01/P1Y,0,,,
E06000054,Library,2025-04-01/P1M,41806,,,
E06000054,Library,2025-05-01/P1M,41124,,,
E06000054,Library,2025-06-01/P1M,38083,,,
E06000054,Library,2025-07-01/P1M,46014,,,
E06000054,Library,2025-08-01/P1M,47508,,,
E06000054,Library,2025-09-01/P1M,44169,,,
E06000054,Library,2025-10-01/P1M,46229,,,
E06000054,Library,2025-11-01/P1M,40366,,,
E06000054,Library,2025-12-01/P1M,34513,,,
E06000054,Library,2026-01-01/P1M,43642,,,
E06000054,Library,2026-02-01/P1M,41490,,,
E06000054,Library,2026-03-01/P1M,43403,,,
E06000054,Shared building,2025-04-01/P1M,71909,,,
E06000054,Shared building,2025-05-01/P1M,75005,,,
E06000054,Shared building,2025-06-01/P1M,69693,,,
E06000054,Shared building,2025-07-01/P1M,81917,,,
E06000054,Shared building,2025-08-01/P1M,82962,,,
E06000054,Shared building,2025-09-01/P1M,79066,,,
E06000054,Shared building,2025-10-01/P1M,85330,,,
E06000054,Shared building,2025-11-01/P1M,74649,,,
E06000054,Shared building,2025-12-01/P1M,67395,,,
E06000054,Shared building,2026-01-01/P1M,82009,,,
E06000054,Shared building,2026-02-01/P1M,82429,,,
E06000054,Shared building,2026-03-01/P1M,86312,,,
E06000054,Mobile library,2025-04-01/P1M,1481,,,
E06000054,Mobile library,2025-05-01/P1M,1830,,,
E06000054,Mobile library,2025-06-01/P1M,1540,,,
E06000054,Mobile library,2025-07-01/P1M,1743,,,
E06000054,Mobile library,2025-08-01/P1M,1248,,,
E06000054,Mobile library,2025-09-01/P1M,1965,,,
E06000054,Mobile library,2025-10-01/P1M,2044,,,
E06000054,Mobile library,2025-11-01/P1M,2005,,,
E06000054,Mobile library,2025-12-01/P1M,1249,,,
E06000054,Mobile library,2026-01-01/P1M,1978,,,
E06000054,Mobile library,2026-02-01/P1M,1614,,,
E06000054,Mobile library,2026-03-01/P1M,1796,,,
E06000054,Home delivery,2025-04-01/P1M,153,,,
E06000054,Home delivery,2025-05-01/P1M,152,,,
E06000054,Home delivery,2025-06-01/P1M,155,,,
E06000054,Home delivery,2025-07-01/P1M,156,,,
E06000054,Home delivery,2025-08-01/P1M,157,,,
E06000054,Home delivery,2025-09-01/P1M,155,,,
E06000054,Home delivery,2025-10-01/P1M,154,,,
E06000054,Home delivery,2025-11-01/P1M,153,,,
E06000054,Home delivery,2025-12-01/P1M,148,,,
E06000054,Home delivery,2026-01-01/P1M,117,,,
E06000054,Home delivery,2026-02-01/P1M,120,,,
E06000054,Home delivery,2026-03-01/P1M,126,,,
E06000040,Library,2025-04-01/P1M,39164,,,
E06000040,Library,2025-05-01/P1M,41377,,,
E06000040,Library,2025-06-01/P1M,36463,,,
E06000040,Library,2025-07-01/P1M,42198,,,
E06000040,Library,2025-08-01/P1M,39380,,,
E06000040,Library,2025-09-01/P1M,41705,,,
E06000040,Library,2025-10-01/P1M,40318,,,
E06000040,Library,2025-11-01/P1M,38833,,,
E06000040,Library,2025-12-01/P1M,31733,,,
E06000040,Library,2026-01-01/P1M,39533,,,
E06000040,Library,2026-02-01/P1M,37339,,,
E06000040,Library,2026-03-01/P1M,44462,,,
E06000040,Shared building,2025-04-01/P1Y,0,,,
E06000040,Mobile library,2025-04-01/P1Y,0,,,
E06000040,Home delivery,2025-04-01/P1M,825,,,
E06000040,Home delivery,2025-05-01/P1M,676,,,
E06000040,Home delivery,2025-06-01/P1M,643,,,
E06000040,Home delivery,2025-07-01/P1M,746,,,
E06000040,Home delivery,2025-08-01/P1M,410,,,
E06000040,Home delivery,2025-09-01/P1M,771,,,
E06000040,Home delivery,2025-10-01/P1M,573,,,
E06000040,Home delivery,2025-11-01/P1M,715,,,
E06000040,Home delivery,2025-12-01/P1M,519,,,
E06000040,Home delivery,2026-01-01/P1M,906,,,
E06000040,Home delivery,2026-02-01/P1M,611,,,
E06000040,Home delivery,2026-03-01/P1M,800,,,
E08000015,Library,2025-04-01/P1Y,0,,,
E08000015,Shared building,2025-04-01/P1Y,0,,,
E08000015,Mobile library,2025-04-01/P1Y,0,,,
E08000015,Home delivery,2025-04-01/P1M,244,,,
E08000015,Home delivery,2025-05-01/P1M,352,,,
E08000015,Home delivery,2025-06-01/P1M,307,,,
E08000015,Home delivery,2025-07-01/P1M,423,,,
E08000015,Home delivery,2025-08-01/P1M,289,,,
E08000015,Home delivery,2025-09-01/P1M,326,,,
E08000015,Home delivery,2025-10-01/P1M,388,,,
E08000015,Home delivery,2025-11-01/P1M,331,,,
E08000015,Home delivery,2025-12-01/P1M,224,,,
E08000015,Home delivery,2026-01-01/P1M,358,,,
E08000015,Home delivery,2026-02-01/P1M,357,,,
E08000015,Home delivery,2026-03-01/P1M,333,,,
E10000034,Library,2025-04-01/P1M,4503,,,
E10000034,Library,2025-05-01/P1M,4270,,,
E10000034,Library,2025-06-01/P1M,4257,,,
E10000034,Library,2025-07-01/P1M,4322,,,
E10000034,Library,2025-08-01/P1M,5653,,,
E10000034,Library,2025-09-01/P1M,5026,,,
E10000034,Library,2025-10-01/P1M,5070,,,
E10000034,Library,2025-11-01/P1M,4456,,,
E10000034,Library,2025-12-01/P1M,4599,,,
E10000034,Library,2026-01-01/P1M,4712,,,
E10000034,Library,2026-02-01/P1M,4950,,,
E10000034,Library,2026-03-01/P1M,5517,,,
E10000034,Shared building,2025-04-01/P1M,145024,,,
E10000034,Shared building,2025-05-01/P1M,145900,,,
E10000034,Shared building,2025-06-01/P1M,133145,,,
E10000034,Shared building,2025-07-01/P1M,148936,,,
E10000034,Shared building,2025-08-01/P1M,142388,,,
E10000034,Shared building,2025-09-01/P1M,147676,,,
E10000034,Shared building,2025-10-01/P1M,159655,,,
E10000034,Shared building,2025-11-01/P1M,142717,,,
E10000034,Shared building,2025-12-01/P1M,126047,,,
E10000034,Shared building,2026-01-01/P1M,145746,,,
E10000034,Shared building,2026-02-01/P1M,143539,,,
E10000034,Shared building,2026-03-01/P1M,149662,,,
E10000034,Mobile library,2025-04-01/P1M,413,,,
E10000034,Mobile library,2025-05-01/P1M,421,,,
E10000034,Mobile library,2025-06-01/P1M,430,,,
E10000034,Mobile library,2025-07-01/P1M,460,,,
E10000034,Mobile library,2025-08-01/P1M,360,,,
E10000034,Mobile library,2025-09-01/P1M,455,,,
E10000034,Mobile library,2025-10-01/P1M,456,,,
E10000034,Mobile library,2025-11-01/P1M,456,,,
E10000034,Mobile library,2025-12-01/P1M,450,,,
E10000034,Mobile library,2026-01-01/P1M,459,,,
E10000034,Mobile library,2026-02-01/P1M,453,,,
E10000034,Mobile library,2026-03-01/P1M,458,,,
E10000034,Home delivery,2025-04-01/P1Y,1939,,,
E06000014,Library,2025-04-01/P1M,73012,,,
E06000014,Library,2025-05-01/P1M,77532,,,
E06000014,Library,2025-06-01/P1M,76448,,,
E06000014,Library,2025-07-01/P1M,83155,,,
E06000014,Library,2025-08-01/P1M,77154,,,
E06000014,Library,2025-09-01/P1M,78706,,,
E06000014,Library,2025-10-01/P1M,76676,,,
E06000014,Library,2025-11-01/P1M,71164,,,
E06000014,Library,2025-12-01/P1M,58958,,,
E06000014,Library,2026-01-01/P1M,79625,,,
E06000014,Library,2026-02-01/P1M,76916,,,
E06000014,Library,2026-03-01/P1M,86508,,,
E06000014,Shared building,2025-04-01/P1Y,0,,,
E06000014,Mobile library,2025-04-01/P1Y,0,,,
E06000014,Home delivery,2025-04-01/P1Y,0,,,
E09000006,Library,2025-04-01/P1M,78311,,,
E09000006,Library,2025-05-01/P1M,81405,,,
E09000006,Library,2025-06-01/P1M,71978,,,
E09000006,Library,2025-07-01/P1M,88133,,,
E09000006,Library,2025-08-01/P1M,87543,,,
E09000006,Library,2025-09-01/P1M,93824,,,
E09000006,Library,2025-10-01/P1M,93980,,,
E09000006,Library,2025-11-01/P1M,85729,,,
E09000006,Library,2025-12-01/P1M,76700,,,
E09000006,Library,2026-01-01/P1M,96222,,,
E09000006,Library,2026-02-01/P1M,93805,,,
E09000006,Library,2026-03-01/P1M,101211,,,
E09000006,Shared building,2025-04-01/P1M,16594,,,
E09000006,Shared building,2025-05-01/P1M,18786,,,
E09000006,Shared building,2025-06-01/P1M,18255,,,
E09000006,Shared building,2025-07-01/P1M,18548,,,
E09000006,Shared building,2025-08-01/P1M,15145,,,
E09000006,Shared building,2025-09-01/P1M,18083,,,
E09000006,Shared building,2025-10-01/P1M,17817,,,
E09000006,Shared building,2025-11-01/P1M,18033,,,
E09000006,Shared building,2025-12-01/P1M,14087,,,
E09000006,Shared building,2026-01-01/P1M,18120,,,
E09000006,Shared building,2026-02-01/P1M,17899,,,
E09000006,Shared building,2026-03-01/P1M,18823,,,
E09000006,Mobile library,2025-04-01/P1Y,0,,,
E09000006,Home delivery,2025-04-01/P1M,185,,,
E09000006,Home delivery,2025-05-01/P1M,184,,,
E09000006,Home delivery,2025-06-01/P1M,176,,,
E09000006,Home delivery,2025-07-01/P1M,169,,,
E09000006,Home delivery,2025-08-01/P1M,162,,,
E09000006,Home delivery,2025-09-01/P1M,154,,,
E09000006,Home delivery,2025-10-01/P1M,173,,,
E09000006,Home delivery,2025-11-01/P1M,178,,,
E09000006,Home delivery,2025-12-01/P1M,192,,,
E09000006,Home delivery,2026-01-01/P1M,198,,,
E09000006,Home delivery,2026-02-01/P1M,187,,,
E09000006,Home delivery,2026-03-01/P1M,185,,,
E06000022,Library,2025-04-01/P1M,21407,,,
E06000022,Library,2025-05-01/P1M,21727,,,
E06000022,Library,2025-06-01/P1M,17319,,,
E06000022,Library,2025-07-01/P1M,18877,,,
E06000022,Library,2025-08-01/P1M,19744,,,
E06000022,Library,2025-09-01/P1M,19899,,,
E06000022,Library,2025-10-01/P1M,21582,,,
E06000022,Library,2025-11-01/P1M,18525,,,
E06000022,Library,2025-12-01/P1M,18474,,,
E06000022,Library,2026-01-01/P1M,21488,,,
E06000022,Library,2026-02-01/P1M,21571,,,
E06000022,Library,2026-03-01/P1M,20924,,,
E06000022,Shared building,2025-04-01/P1M,17768,,,
E06000022,Shared building,2025-05-01/P1M,17268,,,
E06000022,Shared building,2025-06-01/P1M,17367,,,
E06000022,Shared building,2025-07-01/P1M,21099,,,
E06000022,Shared building,2025-08-01/P1M,19650,,,
E06000022,Shared building,2025-09-01/P1M,19151,,,
E06000022,Shared building,2025-10-01/P1M,20308,,,
E06000022,Shared building,2025-11-01/P1M,21848,,,
E06000022,Shared building,2025-12-01/P1M,16558,,,
E06000022,Shared building,2026-01-01/P1M,19017,,,
E06000022,Shared building,2026-02-01/P1M,19320,,,
E06000022,Shared building,2026-03-01/P1M,19054,,,
E06000022,Mobile library,2025-04-01/P1M,769,,,
E06000022,Mobile library,2025-05-01/P1M,776,,,
E06000022,Mobile library,2025-06-01/P1M,937,,,
E06000022,Mobile library,2025-07-01/P1M,563,,,
E06000022,Mobile library,2025-08-01/P1M,273,,,
E06000022,Mobile library,2025-09-01/P1M,700,,,
E06000022,Mobile library,2025-10-01/P1M,734,,,
E06000022,Mobile library,2025-11-01/P1M,549,,,
E06000022,Mobile library,2025-12-01/P1M,398,,,
E06000022,Mobile library,2026-01-01/P1M,893,,,
E06000022,Mobile library,2026-02-01/P1M,671,,,
E06000022,Mobile library,2026-03-01/P1M,807,,,
E06000022,Home delivery,2025-04-01/P1Y,0,,,
